solid OpenSCAD_Model
  facet normal 0 0 -1
    outer loop
      vertex 168.3 133.593 0
      vertex 169.967 133.024 0
      vertex 168.3 131.823 0
    endloop
  endfacet
  facet normal 0 0 -1
    outer loop
      vertex 169.967 133.024 0
      vertex 168.3 133.593 0
      vertex 168.991 133.831 0
    endloop
  endfacet
  facet normal 0 0 -1
    outer loop
      vertex 171.27 9.53123 0
      vertex 172.003 8.65761 0
      vertex 171.27 8.74277 0
    endloop
  endfacet
  facet normal 0 0 -1
    outer loop
      vertex 169.602 7.81349 0
      vertex 171.27 8.74277 0
      vertex 171.435 7.81349 0
    endloop
  endfacet
  facet normal -0 0 -1
    outer loop
      vertex 171.27 8.74277 0
      vertex 169.602 7.81349 0
      vertex 169.602 8.74277 0
    endloop
  endfacet
  facet normal 0 0 -1
    outer loop
      vertex 188.053 111.248 0
      vertex 188.805 130.531 0
      vertex 188.172 111.198 0
    endloop
  endfacet
  facet normal 0 0 -1
    outer loop
      vertex 187.916 111.289 0
      vertex 188.805 130.531 0
      vertex 188.053 111.248 0
    endloop
  endfacet
  facet normal 0 0 -1
    outer loop
      vertex 187.764 111.321 0
      vertex 188.805 130.531 0
      vertex 187.916 111.289 0
    endloop
  endfacet
  facet normal 0 0 -1
    outer loop
      vertex 187.594 111.344 0
      vertex 188.805 130.531 0
      vertex 187.764 111.321 0
    endloop
  endfacet
  facet normal 0 0 -1
    outer loop
      vertex 187.408 111.357 0
      vertex 188.805 130.531 0
      vertex 187.594 111.344 0
    endloop
  endfacet
  facet normal -0 0 -1
    outer loop
      vertex 188.805 130.531 0
      vertex 187.408 111.357 0
      vertex 186.384 130.531 0
    endloop
  endfacet
  facet normal 0 0 -1
    outer loop
      vertex 186.384 130.531 0
      vertex 187.408 111.357 0
      vertex 187.206 111.362 0
    endloop
  endfacet
  facet normal 0 0 -1
    outer loop
      vertex 188.805 130.531 0
      vertex 186.384 130.531 0
      vertex 188.259 135.594 0
    endloop
  endfacet
  facet normal 0 0 -1
    outer loop
      vertex 185.834 111.362 0
      vertex 186.384 130.531 0
      vertex 187.206 111.362 0
    endloop
  endfacet
  facet normal -0 0 -1
    outer loop
      vertex 186.384 130.531 0
      vertex 185.834 111.362 0
      vertex 184.828 130.531 0
    endloop
  endfacet
  facet normal 0 0 -1
    outer loop
      vertex 188.721 109.102 0
      vertex 188.604 110.352 0
      vertex 188.606 110.425 0
    endloop
  endfacet
  facet normal 0 0 -1
    outer loop
      vertex 188.669 109.259 0
      vertex 188.596 110.283 0
      vertex 188.604 110.352 0
    endloop
  endfacet
  facet normal 0 0 -1
    outer loop
      vertex 188.544 110.095 0
      vertex 188.632 109.332 0
      vertex 188.59 109.399 0
    endloop
  endfacet
  facet normal 0 0 -1
    outer loop
      vertex 188.669 109.259 0
      vertex 188.584 110.217 0
      vertex 188.596 110.283 0
    endloop
  endfacet
  facet normal 0 0 -1
    outer loop
      vertex 188.669 109.259 0
      vertex 188.567 110.154 0
      vertex 188.584 110.217 0
    endloop
  endfacet
  facet normal 0 0 -1
    outer loop
      vertex 188.632 109.332 0
      vertex 188.544 110.095 0
      vertex 188.567 110.154 0
    endloop
  endfacet
  facet normal 0 0 -1
    outer loop
      vertex 188.517 110.038 0
      vertex 188.59 109.399 0
      vertex 188.541 109.462 0
    endloop
  endfacet
  facet normal 0 0 -1
    outer loop
      vertex 188.59 109.399 0
      vertex 188.517 110.038 0
      vertex 188.544 110.095 0
    endloop
  endfacet
  facet normal 0 0 -1
    outer loop
      vertex 188.485 109.985 0
      vertex 188.541 109.462 0
      vertex 188.486 109.519 0
    endloop
  endfacet
  facet normal 0 0 -1
    outer loop
      vertex 188.541 109.462 0
      vertex 188.485 109.985 0
      vertex 188.517 110.038 0
    endloop
  endfacet
  facet normal 0 0 -1
    outer loop
      vertex 188.486 109.519 0
      vertex 188.448 109.935 0
      vertex 188.485 109.985 0
    endloop
  endfacet
  facet normal 0 0 -1
    outer loop
      vertex 188.427 109.57 0
      vertex 188.448 109.935 0
      vertex 188.486 109.519 0
    endloop
  endfacet
  facet normal 0 0 -1
    outer loop
      vertex 188.427 109.57 0
      vertex 188.407 109.888 0
      vertex 188.448 109.935 0
    endloop
  endfacet
  facet normal 0 0 -1
    outer loop
      vertex 188.361 109.846 0
      vertex 188.427 109.57 0
      vertex 188.362 109.615 0
    endloop
  endfacet
  facet normal 0 0 -1
    outer loop
      vertex 188.427 109.57 0
      vertex 188.361 109.846 0
      vertex 188.407 109.888 0
    endloop
  endfacet
  facet normal 0 0 -1
    outer loop
      vertex 188.362 109.615 0
      vertex 188.311 109.808 0
      vertex 188.361 109.846 0
    endloop
  endfacet
  facet normal 0 0 -1
    outer loop
      vertex 188.291 109.655 0
      vertex 188.311 109.808 0
      vertex 188.362 109.615 0
    endloop
  endfacet
  facet normal 0 0 -1
    outer loop
      vertex 188.291 109.655 0
      vertex 188.256 109.773 0
      vertex 188.311 109.808 0
    endloop
  endfacet
  facet normal 0 0 -1
    outer loop
      vertex 188.215 109.688 0
      vertex 188.256 109.773 0
      vertex 188.291 109.655 0
    endloop
  endfacet
  facet normal 0 0 -1
    outer loop
      vertex 188.215 109.688 0
      vertex 188.197 109.742 0
      vertex 188.256 109.773 0
    endloop
  endfacet
  facet normal 0 -0 -1
    outer loop
      vertex 188.197 109.742 0
      vertex 188.215 109.688 0
      vertex 188.134 109.715 0
    endloop
  endfacet
  facet normal 0 0 -1
    outer loop
      vertex 185.834 107.818 0
      vertex 188.9 106.043 0
      vertex 188.9 99.489 0
    endloop
  endfacet
  facet normal 0 0 -1
    outer loop
      vertex 188.9 106.043 0
      vertex 188.748 108.928 0
      vertex 188.805 130.531 0
    endloop
  endfacet
  facet normal 0 0 -1
    outer loop
      vertex 188.748 108.928 0
      vertex 188.9 106.043 0
      vertex 188.751 108.834 0
    endloop
  endfacet
  facet normal 0 0 -1
    outer loop
      vertex 188.9 106.043 0
      vertex 188.744 108.693 0
      vertex 188.751 108.834 0
    endloop
  endfacet
  facet normal 0 0 -1
    outer loop
      vertex 188.9 106.043 0
      vertex 188.723 108.563 0
      vertex 188.744 108.693 0
    endloop
  endfacet
  facet normal 0 0 -1
    outer loop
      vertex 188.9 106.043 0
      vertex 188.687 108.443 0
      vertex 188.723 108.563 0
    endloop
  endfacet
  facet normal 0 0 -1
    outer loop
      vertex 188.9 106.043 0
      vertex 188.638 108.334 0
      vertex 188.687 108.443 0
    endloop
  endfacet
  facet normal 0 0 -1
    outer loop
      vertex 188.9 106.043 0
      vertex 188.574 108.235 0
      vertex 188.638 108.334 0
    endloop
  endfacet
  facet normal 0 0 -1
    outer loop
      vertex 188.9 106.043 0
      vertex 188.496 108.147 0
      vertex 188.574 108.235 0
    endloop
  endfacet
  facet normal 0 0 -1
    outer loop
      vertex 188.9 106.043 0
      vertex 188.404 108.07 0
      vertex 188.496 108.147 0
    endloop
  endfacet
  facet normal 0 0 -1
    outer loop
      vertex 188.9 106.043 0
      vertex 188.298 108.003 0
      vertex 188.404 108.07 0
    endloop
  endfacet
  facet normal 0 0 -1
    outer loop
      vertex 188.9 106.043 0
      vertex 188.177 107.947 0
      vertex 188.298 108.003 0
    endloop
  endfacet
  facet normal 0 0 -1
    outer loop
      vertex 188.9 106.043 0
      vertex 188.041 107.9 0
      vertex 188.177 107.947 0
    endloop
  endfacet
  facet normal 0 0 -1
    outer loop
      vertex 188.9 106.043 0
      vertex 187.891 107.864 0
      vertex 188.041 107.9 0
    endloop
  endfacet
  facet normal 0 0 -1
    outer loop
      vertex 188.9 106.043 0
      vertex 187.725 107.839 0
      vertex 187.891 107.864 0
    endloop
  endfacet
  facet normal 0 0 -1
    outer loop
      vertex 188.9 106.043 0
      vertex 187.545 107.823 0
      vertex 187.725 107.839 0
    endloop
  endfacet
  facet normal 0 0 -1
    outer loop
      vertex 188.9 106.043 0
      vertex 187.351 107.818 0
      vertex 187.545 107.823 0
    endloop
  endfacet
  facet normal 0 0 -1
    outer loop
      vertex 188.9 106.043 0
      vertex 185.834 107.818 0
      vertex 187.351 107.818 0
    endloop
  endfacet
  facet normal 0 0 -1
    outer loop
      vertex 168.3 99.489 0
      vertex 185.834 111.362 0
      vertex 185.834 107.818 0
    endloop
  endfacet
  facet normal 0 0 -1
    outer loop
      vertex 185.834 111.362 0
      vertex 182.339 130.531 0
      vertex 184.828 130.531 0
    endloop
  endfacet
  facet normal 0 0 -1
    outer loop
      vertex 184.828 130.531 0
      vertex 182.339 130.531 0
      vertex 182.953 135.594 0
    endloop
  endfacet
  facet normal 0 0 -1
    outer loop
      vertex 185.834 111.362 0
      vertex 181.033 130.531 0
      vertex 182.339 130.531 0
    endloop
  endfacet
  facet normal 0 0 -1
    outer loop
      vertex 181.033 130.531 0
      vertex 180.168 133.068 0
      vertex 181.033 135.594 0
    endloop
  endfacet
  facet normal 0 0 -1
    outer loop
      vertex 185.834 111.362 0
      vertex 177.897 130.585 0
      vertex 181.033 130.531 0
    endloop
  endfacet
  facet normal 0 0 -1
    outer loop
      vertex 181.033 130.531 0
      vertex 180.164 132.906 0
      vertex 180.168 133.068 0
    endloop
  endfacet
  facet normal 0 0 -1
    outer loop
      vertex 181.033 130.531 0
      vertex 180.154 132.75 0
      vertex 180.164 132.906 0
    endloop
  endfacet
  facet normal 0 0 -1
    outer loop
      vertex 181.033 130.531 0
      vertex 180.136 132.599 0
      vertex 180.154 132.75 0
    endloop
  endfacet
  facet normal 0 0 -1
    outer loop
      vertex 181.033 130.531 0
      vertex 180.111 132.453 0
      vertex 180.136 132.599 0
    endloop
  endfacet
  facet normal 0 0 -1
    outer loop
      vertex 181.033 130.531 0
      vertex 180.08 132.312 0
      vertex 180.111 132.453 0
    endloop
  endfacet
  facet normal 0 0 -1
    outer loop
      vertex 181.033 130.531 0
      vertex 180.041 132.176 0
      vertex 180.08 132.312 0
    endloop
  endfacet
  facet normal 0 0 -1
    outer loop
      vertex 181.033 130.531 0
      vertex 179.995 132.045 0
      vertex 180.041 132.176 0
    endloop
  endfacet
  facet normal 0 0 -1
    outer loop
      vertex 181.033 130.531 0
      vertex 179.942 131.919 0
      vertex 179.995 132.045 0
    endloop
  endfacet
  facet normal 0 0 -1
    outer loop
      vertex 181.033 130.531 0
      vertex 179.881 131.797 0
      vertex 179.942 131.919 0
    endloop
  endfacet
  facet normal 0 0 -1
    outer loop
      vertex 181.033 130.531 0
      vertex 179.813 131.68 0
      vertex 179.881 131.797 0
    endloop
  endfacet
  facet normal 0 0 -1
    outer loop
      vertex 181.033 130.531 0
      vertex 179.737 131.567 0
      vertex 179.813 131.68 0
    endloop
  endfacet
  facet normal 0 0 -1
    outer loop
      vertex 181.033 130.531 0
      vertex 179.654 131.458 0
      vertex 179.737 131.567 0
    endloop
  endfacet
  facet normal 0 0 -1
    outer loop
      vertex 181.033 130.531 0
      vertex 179.564 131.354 0
      vertex 179.654 131.458 0
    endloop
  endfacet
  facet normal 0 0 -1
    outer loop
      vertex 181.033 130.531 0
      vertex 179.466 131.254 0
      vertex 179.564 131.354 0
    endloop
  endfacet
  facet normal 0 0 -1
    outer loop
      vertex 181.033 130.531 0
      vertex 179.346 131.146 0
      vertex 179.466 131.254 0
    endloop
  endfacet
  facet normal 0 0 -1
    outer loop
      vertex 181.033 130.531 0
      vertex 179.22 131.047 0
      vertex 179.346 131.146 0
    endloop
  endfacet
  facet normal 0 0 -1
    outer loop
      vertex 181.033 130.531 0
      vertex 179.087 130.958 0
      vertex 179.22 131.047 0
    endloop
  endfacet
  facet normal 0 0 -1
    outer loop
      vertex 181.033 130.531 0
      vertex 178.948 130.879 0
      vertex 179.087 130.958 0
    endloop
  endfacet
  facet normal 0 0 -1
    outer loop
      vertex 181.033 130.531 0
      vertex 178.802 130.808 0
      vertex 178.948 130.879 0
    endloop
  endfacet
  facet normal 0 0 -1
    outer loop
      vertex 181.033 130.531 0
      vertex 178.649 130.747 0
      vertex 178.802 130.808 0
    endloop
  endfacet
  facet normal 0 0 -1
    outer loop
      vertex 181.033 130.531 0
      vertex 178.489 130.696 0
      vertex 178.649 130.747 0
    endloop
  endfacet
  facet normal 0 0 -1
    outer loop
      vertex 181.033 130.531 0
      vertex 178.315 130.652 0
      vertex 178.489 130.696 0
    endloop
  endfacet
  facet normal 0 0 -1
    outer loop
      vertex 181.033 130.531 0
      vertex 178.117 130.615 0
      vertex 178.315 130.652 0
    endloop
  endfacet
  facet normal 0 0 -1
    outer loop
      vertex 181.033 130.531 0
      vertex 177.897 130.585 0
      vertex 178.117 130.615 0
    endloop
  endfacet
  facet normal 0 0 -1
    outer loop
      vertex 185.834 111.362 0
      vertex 177.652 130.561 0
      vertex 177.897 130.585 0
    endloop
  endfacet
  facet normal 0 0 -1
    outer loop
      vertex 185.834 111.362 0
      vertex 177.385 130.545 0
      vertex 177.652 130.561 0
    endloop
  endfacet
  facet normal 0 0 -1
    outer loop
      vertex 168.3 99.489 0
      vertex 185.834 107.818 0
      vertex 188.9 99.489 0
    endloop
  endfacet
  facet normal 0 -0 -1
    outer loop
      vertex 168.991 130.739 0
      vertex 185.834 111.362 0
      vertex 168.3 99.489 0
    endloop
  endfacet
  facet normal 0 0 -1
    outer loop
      vertex 185.834 111.362 0
      vertex 177.094 130.535 0
      vertex 177.385 130.545 0
    endloop
  endfacet
  facet normal 0 0 -1
    outer loop
      vertex 185.834 111.362 0
      vertex 176.781 130.531 0
      vertex 177.094 130.535 0
    endloop
  endfacet
  facet normal 0 0 -1
    outer loop
      vertex 172.097 133.024 0
      vertex 175.404 130.531 0
      vertex 172.097 132.038 0
    endloop
  endfacet
  facet normal 0 0 -1
    outer loop
      vertex 185.834 111.362 0
      vertex 175.404 130.531 0
      vertex 176.781 130.531 0
    endloop
  endfacet
  facet normal 0 0 -1
    outer loop
      vertex 185.834 111.362 0
      vertex 168.991 130.739 0
      vertex 175.404 130.531 0
    endloop
  endfacet
  facet normal 0 0 -1
    outer loop
      vertex 168.991 131.587 0
      vertex 169.967 132.038 0
      vertex 168.991 130.739 0
    endloop
  endfacet
  facet normal -0 0 -1
    outer loop
      vertex 172.097 132.038 0
      vertex 168.991 130.739 0
      vertex 169.967 132.038 0
    endloop
  endfacet
  facet normal 0 0 -1
    outer loop
      vertex 175.404 130.531 0
      vertex 168.991 130.739 0
      vertex 172.097 132.038 0
    endloop
  endfacet
  facet normal -0 0 -1
    outer loop
      vertex 168.991 130.739 0
      vertex 168.3 99.489 0
      vertex 168.3 130.989 0
    endloop
  endfacet
  facet normal -0 0 -1
    outer loop
      vertex 189.49 7.80325 0
      vertex 188.557 7.02501 0
      vertex 188.557 9.98708 0
    endloop
  endfacet
  facet normal -0 0 -1
    outer loop
      vertex 181.547 8.43045 0
      vertex 180.858 7.02501 0
      vertex 180.858 8.43045 0
    endloop
  endfacet
  facet normal -0 0 -1
    outer loop
      vertex 175.364 7.76228 0
      vertex 174.786 7.02501 0
      vertex 174.786 7.76228 0
    endloop
  endfacet
  facet normal 0 0 -1
    outer loop
      vertex 172.003 8.65761 0
      vertex 171.27 9.53123 0
      vertex 171.376 10.2864 0
    endloop
  endfacet
  facet normal 0 0 -1
    outer loop
      vertex 169.602 10.2864 0
      vertex 171.27 9.53123 0
      vertex 169.602 9.53123 0
    endloop
  endfacet
  facet normal 0 0 -1
    outer loop
      vertex 171.27 9.53123 0
      vertex 169.602 10.2864 0
      vertex 171.376 10.2864 0
    endloop
  endfacet
  facet normal 0 0 -1
    outer loop
      vertex 188.805 130.531 0
      vertex 190.378 111.362 0
      vertex 189.554 111.192 0
    endloop
  endfacet
  facet normal 0 0 -1
    outer loop
      vertex 188.805 130.531 0
      vertex 189.554 111.192 0
      vertex 188.9 106.043 0
    endloop
  endfacet
  facet normal 0 0 -1
    outer loop
      vertex 190.378 111.362 0
      vertex 188.805 130.531 0
      vertex 190.11 130.531 0
    endloop
  endfacet
  facet normal 0 0 -1
    outer loop
      vertex 189.554 110.569 0
      vertex 190.383 108.45 0
      vertex 189.576 108.45 0
    endloop
  endfacet
  facet normal 0 0 -1
    outer loop
      vertex 190.383 108.45 0
      vertex 189.554 110.569 0
      vertex 190.383 110.739 0
    endloop
  endfacet
  facet normal 0 0 -1
    outer loop
      vertex 192.1 106.043 0
      vertex 189.576 107.818 0
      vertex 192.054 107.818 0
    endloop
  endfacet
  facet normal 0 0 -1
    outer loop
      vertex 188.9 106.043 0
      vertex 189.576 108.45 0
      vertex 189.576 107.818 0
    endloop
  endfacet
  facet normal -0 0 -1
    outer loop
      vertex 189.554 110.569 0
      vertex 188.9 106.043 0
      vertex 189.554 111.192 0
    endloop
  endfacet
  facet normal -0 0 -1
    outer loop
      vertex 189.576 108.45 0
      vertex 188.9 106.043 0
      vertex 189.554 110.569 0
    endloop
  endfacet
  facet normal 0 0 -1
    outer loop
      vertex 188.9 106.043 0
      vertex 189.576 107.818 0
      vertex 192.1 106.043 0
    endloop
  endfacet
  facet normal 0 0 -1
    outer loop
      vertex 195.185 109.742 0
      vertex 195.198 110.614 0
      vertex 195.26 109.639 0
    endloop
  endfacet
  facet normal 0 0 -1
    outer loop
      vertex 195.097 109.837 0
      vertex 195.198 110.614 0
      vertex 195.185 109.742 0
    endloop
  endfacet
  facet normal 0 0 -1
    outer loop
      vertex 194.997 109.921 0
      vertex 195.198 110.614 0
      vertex 195.097 109.837 0
    endloop
  endfacet
  facet normal 0 0 -1
    outer loop
      vertex 194.889 109.992 0
      vertex 195.198 110.614 0
      vertex 194.997 109.921 0
    endloop
  endfacet
  facet normal -0 0 -1
    outer loop
      vertex 195.198 110.614 0
      vertex 194.889 109.992 0
      vertex 195.134 110.643 0
    endloop
  endfacet
  facet normal 0 0 -1
    outer loop
      vertex 194.772 110.051 0
      vertex 195.134 110.643 0
      vertex 194.889 109.992 0
    endloop
  endfacet
  facet normal -0 0 -1
    outer loop
      vertex 195.134 110.643 0
      vertex 194.772 110.051 0
      vertex 195.071 110.67 0
    endloop
  endfacet
  facet normal -0 0 -1
    outer loop
      vertex 195.071 110.67 0
      vertex 194.772 110.051 0
      vertex 195.009 110.695 0
    endloop
  endfacet
  facet normal -0 0 -1
    outer loop
      vertex 195.009 110.695 0
      vertex 194.772 110.051 0
      vertex 194.948 110.717 0
    endloop
  endfacet
  facet normal 0 0 -1
    outer loop
      vertex 194.647 110.096 0
      vertex 194.948 110.717 0
      vertex 194.772 110.051 0
    endloop
  endfacet
  facet normal -0 0 -1
    outer loop
      vertex 194.948 110.717 0
      vertex 194.647 110.096 0
      vertex 194.889 110.737 0
    endloop
  endfacet
  facet normal -0 0 -1
    outer loop
      vertex 194.889 110.737 0
      vertex 194.647 110.096 0
      vertex 194.83 110.755 0
    endloop
  endfacet
  facet normal -0 0 -1
    outer loop
      vertex 194.83 110.755 0
      vertex 194.647 110.096 0
      vertex 194.773 110.771 0
    endloop
  endfacet
  facet normal -0 0 -1
    outer loop
      vertex 194.773 110.771 0
      vertex 194.647 110.096 0
      vertex 194.716 110.785 0
    endloop
  endfacet
  facet normal 0 0 -1
    outer loop
      vertex 194.513 110.129 0
      vertex 194.716 110.785 0
      vertex 194.647 110.096 0
    endloop
  endfacet
  facet normal -0 0 -1
    outer loop
      vertex 194.716 110.785 0
      vertex 194.513 110.129 0
      vertex 194.66 110.796 0
    endloop
  endfacet
  facet normal -0 0 -1
    outer loop
      vertex 194.66 110.796 0
      vertex 194.513 110.129 0
      vertex 194.604 110.805 0
    endloop
  endfacet
  facet normal -0 0 -1
    outer loop
      vertex 194.604 110.805 0
      vertex 194.513 110.129 0
      vertex 194.548 110.813 0
    endloop
  endfacet
  facet normal 0 0 -1
    outer loop
      vertex 194.513 110.129 0
      vertex 194.493 110.818 0
      vertex 194.548 110.813 0
    endloop
  endfacet
  facet normal 0 0 -1
    outer loop
      vertex 194.371 110.148 0
      vertex 194.493 110.818 0
      vertex 194.513 110.129 0
    endloop
  endfacet
  facet normal -0 0 -1
    outer loop
      vertex 194.493 110.818 0
      vertex 194.371 110.148 0
      vertex 194.438 110.821 0
    endloop
  endfacet
  facet normal -0 0 -1
    outer loop
      vertex 194.438 110.821 0
      vertex 194.371 110.148 0
      vertex 194.384 110.822 0
    endloop
  endfacet
  facet normal 0 0 -1
    outer loop
      vertex 194.371 110.148 0
      vertex 194.271 110.817 0
      vertex 194.384 110.822 0
    endloop
  endfacet
  facet normal 0 0 -1
    outer loop
      vertex 194.22 110.154 0
      vertex 194.271 110.817 0
      vertex 194.371 110.148 0
    endloop
  endfacet
  facet normal 0 0 -1
    outer loop
      vertex 194.22 110.154 0
      vertex 194.165 110.803 0
      vertex 194.271 110.817 0
    endloop
  endfacet
  facet normal 0 0 -1
    outer loop
      vertex 194.067 110.78 0
      vertex 194.22 110.154 0
      vertex 194.159 110.153 0
    endloop
  endfacet
  facet normal 0 0 -1
    outer loop
      vertex 193.976 110.748 0
      vertex 194.159 110.153 0
      vertex 194.099 110.15 0
    endloop
  endfacet
  facet normal 0 0 -1
    outer loop
      vertex 194.22 110.154 0
      vertex 194.067 110.78 0
      vertex 194.165 110.803 0
    endloop
  endfacet
  facet normal 0 0 -1
    outer loop
      vertex 193.892 110.706 0
      vertex 194.099 110.15 0
      vertex 194.041 110.144 0
    endloop
  endfacet
  facet normal 0 0 -1
    outer loop
      vertex 193.816 110.655 0
      vertex 194.041 110.144 0
      vertex 193.984 110.135 0
    endloop
  endfacet
  facet normal 0 0 -1
    outer loop
      vertex 194.159 110.153 0
      vertex 193.976 110.748 0
      vertex 194.067 110.78 0
    endloop
  endfacet
  facet normal 0 0 -1
    outer loop
      vertex 193.686 110.526 0
      vertex 193.984 110.135 0
      vertex 193.928 110.125 0
    endloop
  endfacet
  facet normal 0 0 -1
    outer loop
      vertex 194.099 110.15 0
      vertex 193.892 110.706 0
      vertex 193.976 110.748 0
    endloop
  endfacet
  facet normal 0 0 -1
    outer loop
      vertex 193.633 110.448 0
      vertex 193.928 110.125 0
      vertex 193.874 110.112 0
    endloop
  endfacet
  facet normal 0 0 -1
    outer loop
      vertex 193.587 110.36 0
      vertex 193.874 110.112 0
      vertex 193.821 110.096 0
    endloop
  endfacet
  facet normal 0 0 -1
    outer loop
      vertex 194.041 110.144 0
      vertex 193.816 110.655 0
      vertex 193.892 110.706 0
    endloop
  endfacet
  facet normal 0 0 -1
    outer loop
      vertex 193.587 110.36 0
      vertex 193.821 110.096 0
      vertex 193.769 110.078 0
    endloop
  endfacet
  facet normal 0 0 -1
    outer loop
      vertex 193.984 110.135 0
      vertex 193.747 110.595 0
      vertex 193.816 110.655 0
    endloop
  endfacet
  facet normal 0 0 -1
    outer loop
      vertex 193.549 110.264 0
      vertex 193.769 110.078 0
      vertex 193.719 110.058 0
    endloop
  endfacet
  facet normal 0 0 -1
    outer loop
      vertex 193.984 110.135 0
      vertex 193.686 110.526 0
      vertex 193.747 110.595 0
    endloop
  endfacet
  facet normal 0 0 -1
    outer loop
      vertex 193.519 110.159 0
      vertex 193.719 110.058 0
      vertex 193.669 110.036 0
    endloop
  endfacet
  facet normal 0 0 -1
    outer loop
      vertex 193.928 110.125 0
      vertex 193.633 110.448 0
      vertex 193.686 110.526 0
    endloop
  endfacet
  facet normal 0 0 -1
    outer loop
      vertex 193.519 110.159 0
      vertex 193.669 110.036 0
      vertex 193.621 110.011 0
    endloop
  endfacet
  facet normal 0 0 -1
    outer loop
      vertex 193.874 110.112 0
      vertex 193.587 110.36 0
      vertex 193.633 110.448 0
    endloop
  endfacet
  facet normal 0 0 -1
    outer loop
      vertex 193.496 110.045 0
      vertex 193.621 110.011 0
      vertex 193.573 109.983 0
    endloop
  endfacet
  facet normal 0 0 -1
    outer loop
      vertex 193.769 110.078 0
      vertex 193.549 110.264 0
      vertex 193.587 110.36 0
    endloop
  endfacet
  facet normal 0 0 -1
    outer loop
      vertex 193.496 110.045 0
      vertex 193.573 109.983 0
      vertex 193.527 109.954 0
    endloop
  endfacet
  facet normal 0 0 -1
    outer loop
      vertex 193.719 110.058 0
      vertex 193.519 110.159 0
      vertex 193.549 110.264 0
    endloop
  endfacet
  facet normal 0 0 -1
    outer loop
      vertex 193.621 110.011 0
      vertex 193.496 110.045 0
      vertex 193.519 110.159 0
    endloop
  endfacet
  facet normal 0 -0 -1
    outer loop
      vertex 193.496 110.045 0
      vertex 193.527 109.954 0
      vertex 193.482 109.922 0
    endloop
  endfacet
  facet normal 0 0 -1
    outer loop
      vertex 200.348 133.664 0
      vertex 201.59 135.594 0
      vertex 200.348 132.678 0
    endloop
  endfacet
  facet normal 0 0 -1
    outer loop
      vertex 198.263 131.517 0
      vertex 200.348 132.678 0
      vertex 200.555 131.517 0
    endloop
  endfacet
  facet normal -0 0 -1
    outer loop
      vertex 200.348 132.678 0
      vertex 198.263 131.517 0
      vertex 198.263 132.678 0
    endloop
  endfacet
  facet normal 0 0 -1
    outer loop
      vertex 205.854 7.77553 0
      vertex 205.887 8.57381 0
      vertex 205.887 7.78745 0
    endloop
  endfacet
  facet normal 0 0 -1
    outer loop
      vertex 205.821 7.76454 0
      vertex 205.887 8.57381 0
      vertex 205.854 7.77553 0
    endloop
  endfacet
  facet normal 0 0 -1
    outer loop
      vertex 205.786 7.7545 0
      vertex 205.887 8.57381 0
      vertex 205.821 7.76454 0
    endloop
  endfacet
  facet normal 0 0 -1
    outer loop
      vertex 205.75 7.74541 0
      vertex 205.887 8.57381 0
      vertex 205.786 7.7545 0
    endloop
  endfacet
  facet normal 0 0 -1
    outer loop
      vertex 205.713 7.73724 0
      vertex 205.887 8.57381 0
      vertex 205.75 7.74541 0
    endloop
  endfacet
  facet normal 0 0 -1
    outer loop
      vertex 205.675 7.73001 0
      vertex 205.887 8.57381 0
      vertex 205.713 7.73724 0
    endloop
  endfacet
  facet normal 0 0 -1
    outer loop
      vertex 205.636 7.72372 0
      vertex 205.887 8.57381 0
      vertex 205.675 7.73001 0
    endloop
  endfacet
  facet normal 0 0 -1
    outer loop
      vertex 205.249 8.57381 0
      vertex 205.636 7.72372 0
      vertex 205.596 7.71834 0
    endloop
  endfacet
  facet normal 0 0 -1
    outer loop
      vertex 205.249 8.57381 0
      vertex 205.596 7.71834 0
      vertex 205.554 7.71378 0
    endloop
  endfacet
  facet normal 0 0 -1
    outer loop
      vertex 205.249 8.57381 0
      vertex 205.554 7.71378 0
      vertex 205.512 7.71004 0
    endloop
  endfacet
  facet normal 0 0 -1
    outer loop
      vertex 205.249 8.57381 0
      vertex 205.512 7.71004 0
      vertex 205.469 7.70714 0
    endloop
  endfacet
  facet normal 0 0 -1
    outer loop
      vertex 205.249 8.57381 0
      vertex 205.469 7.70714 0
      vertex 205.425 7.70506 0
    endloop
  endfacet
  facet normal 0 0 -1
    outer loop
      vertex 205.249 8.57381 0
      vertex 205.425 7.70506 0
      vertex 205.38 7.70383 0
    endloop
  endfacet
  facet normal 0 0 -1
    outer loop
      vertex 205.249 8.57381 0
      vertex 205.38 7.70383 0
      vertex 205.333 7.70341 0
    endloop
  endfacet
  facet normal 0 0 -1
    outer loop
      vertex 205.636 7.72372 0
      vertex 205.249 8.57381 0
      vertex 205.887 8.57381 0
    endloop
  endfacet
  facet normal 0 0 -1
    outer loop
      vertex 204.09 8.86836 0
      vertex 205.249 9.27267 0
      vertex 205.249 8.57381 0
    endloop
  endfacet
  facet normal 0 0 -1
    outer loop
      vertex 205.168 7.71054 0
      vertex 205.249 8.57381 0
      vertex 205.333 7.70341 0
    endloop
  endfacet
  facet normal 0 0 -1
    outer loop
      vertex 205.013 7.73196 0
      vertex 205.249 8.57381 0
      vertex 205.168 7.71054 0
    endloop
  endfacet
  facet normal 0 0 -1
    outer loop
      vertex 205.249 9.27267 0
      vertex 204.083 9.04604 0
      vertex 204.09 9.22514 0
    endloop
  endfacet
  facet normal 0 0 -1
    outer loop
      vertex 204.87 7.76767 0
      vertex 205.249 8.57381 0
      vertex 205.013 7.73196 0
    endloop
  endfacet
  facet normal -0 0 -1
    outer loop
      vertex 205.249 9.27267 0
      vertex 204.09 9.22514 0
      vertex 204.111 9.39201 0
    endloop
  endfacet
  facet normal 0 0 -1
    outer loop
      vertex 204.738 7.81766 0
      vertex 205.249 8.57381 0
      vertex 204.87 7.76767 0
    endloop
  endfacet
  facet normal 0 0 -1
    outer loop
      vertex 205.249 9.27267 0
      vertex 204.111 9.39201 0
      vertex 204.145 9.54665 0
    endloop
  endfacet
  facet normal 0 0 -1
    outer loop
      vertex 204.617 7.88191 0
      vertex 205.249 8.57381 0
      vertex 204.738 7.81766 0
    endloop
  endfacet
  facet normal 0 0 -1
    outer loop
      vertex 205.249 9.27267 0
      vertex 205.049 10.3629 0
      vertex 205.21 10.3843 0
    endloop
  endfacet
  facet normal 0 0 -1
    outer loop
      vertex 204.507 7.96046 0
      vertex 205.249 8.57381 0
      vertex 204.617 7.88191 0
    endloop
  endfacet
  facet normal 0 0 -1
    outer loop
      vertex 205.249 9.27267 0
      vertex 204.145 9.54665 0
      vertex 204.193 9.68904 0
    endloop
  endfacet
  facet normal 0 0 -1
    outer loop
      vertex 204.408 8.05328 0
      vertex 205.249 8.57381 0
      vertex 204.507 7.96046 0
    endloop
  endfacet
  facet normal 0 0 -1
    outer loop
      vertex 205.249 9.27267 0
      vertex 204.9 10.3274 0
      vertex 205.049 10.3629 0
    endloop
  endfacet
  facet normal 0 0 -1
    outer loop
      vertex 204.322 8.15924 0
      vertex 205.249 8.57381 0
      vertex 204.408 8.05328 0
    endloop
  endfacet
  facet normal 0 0 -1
    outer loop
      vertex 205.249 9.27267 0
      vertex 204.763 10.2776 0
      vertex 204.9 10.3274 0
    endloop
  endfacet
  facet normal 0 0 -1
    outer loop
      vertex 204.249 8.27716 0
      vertex 205.249 8.57381 0
      vertex 204.322 8.15924 0
    endloop
  endfacet
  facet normal 0 0 -1
    outer loop
      vertex 205.249 9.27267 0
      vertex 204.637 10.2136 0
      vertex 204.763 10.2776 0
    endloop
  endfacet
  facet normal 0 0 -1
    outer loop
      vertex 204.189 8.40703 0
      vertex 205.249 8.57381 0
      vertex 204.249 8.27716 0
    endloop
  endfacet
  facet normal 0 0 -1
    outer loop
      vertex 205.249 9.27267 0
      vertex 204.523 10.1353 0
      vertex 204.637 10.2136 0
    endloop
  endfacet
  facet normal 0 0 -1
    outer loop
      vertex 205.249 8.57381 0
      vertex 204.189 8.40703 0
      vertex 204.143 8.54884 0
    endloop
  endfacet
  facet normal 0 0 -1
    outer loop
      vertex 205.249 9.27267 0
      vertex 204.421 10.0428 0
      vertex 204.523 10.1353 0
    endloop
  endfacet
  facet normal -0 0 -1
    outer loop
      vertex 205.249 8.57381 0
      vertex 204.143 8.54884 0
      vertex 204.11 8.70262 0
    endloop
  endfacet
  facet normal 0 0 -1
    outer loop
      vertex 205.249 9.27267 0
      vertex 204.255 9.81921 0
      vertex 204.331 9.93713 0
    endloop
  endfacet
  facet normal 0 0 -1
    outer loop
      vertex 205.249 8.57381 0
      vertex 204.11 8.70262 0
      vertex 204.09 8.86836 0
    endloop
  endfacet
  facet normal 0 0 -1
    outer loop
      vertex 205.249 9.27267 0
      vertex 204.193 9.68904 0
      vertex 204.255 9.81921 0
    endloop
  endfacet
  facet normal 0 0 -1
    outer loop
      vertex 205.249 9.27267 0
      vertex 204.09 8.86836 0
      vertex 204.083 9.04604 0
    endloop
  endfacet
  facet normal 0 0 -1
    outer loop
      vertex 205.249 9.27267 0
      vertex 204.331 9.93713 0
      vertex 204.421 10.0428 0
    endloop
  endfacet
  facet normal 0 0 -1
    outer loop
      vertex 206.161 130.531 0
      vertex 205.512 134.058 0
      vertex 205.517 134.197 0
    endloop
  endfacet
  facet normal 0 0 -1
    outer loop
      vertex 206.161 130.531 0
      vertex 205.497 133.925 0
      vertex 205.512 134.058 0
    endloop
  endfacet
  facet normal 0 0 -1
    outer loop
      vertex 206.161 130.531 0
      vertex 205.472 133.8 0
      vertex 205.497 133.925 0
    endloop
  endfacet
  facet normal 0 0 -1
    outer loop
      vertex 205.452 131.97 0
      vertex 205.472 133.8 0
      vertex 206.161 130.531 0
    endloop
  endfacet
  facet normal 0 0 -1
    outer loop
      vertex 205.452 131.97 0
      vertex 205.437 133.683 0
      vertex 205.472 133.8 0
    endloop
  endfacet
  facet normal 0 0 -1
    outer loop
      vertex 205.452 131.97 0
      vertex 205.393 133.572 0
      vertex 205.437 133.683 0
    endloop
  endfacet
  facet normal 0 0 -1
    outer loop
      vertex 205.39 132.09 0
      vertex 205.393 133.572 0
      vertex 205.452 131.97 0
    endloop
  endfacet
  facet normal 0 0 -1
    outer loop
      vertex 205.39 132.09 0
      vertex 205.339 133.469 0
      vertex 205.393 133.572 0
    endloop
  endfacet
  facet normal 0 0 -1
    outer loop
      vertex 205.329 132.202 0
      vertex 205.339 133.469 0
      vertex 205.39 132.09 0
    endloop
  endfacet
  facet normal 0 0 -1
    outer loop
      vertex 205.267 132.304 0
      vertex 205.339 133.469 0
      vertex 205.329 132.202 0
    endloop
  endfacet
  facet normal 0 0 -1
    outer loop
      vertex 205.339 133.469 0
      vertex 205.267 132.304 0
      vertex 205.274 133.374 0
    endloop
  endfacet
  facet normal 0 0 -1
    outer loop
      vertex 205.206 132.397 0
      vertex 205.274 133.374 0
      vertex 205.267 132.304 0
    endloop
  endfacet
  facet normal 0 0 -1
    outer loop
      vertex 205.206 132.397 0
      vertex 205.2 133.285 0
      vertex 205.274 133.374 0
    endloop
  endfacet
  facet normal 0 0 -1
    outer loop
      vertex 205.145 132.482 0
      vertex 205.2 133.285 0
      vertex 205.206 132.397 0
    endloop
  endfacet
  facet normal 0 0 -1
    outer loop
      vertex 205.145 132.482 0
      vertex 205.116 133.204 0
      vertex 205.2 133.285 0
    endloop
  endfacet
  facet normal 0 0 -1
    outer loop
      vertex 205.084 132.557 0
      vertex 205.116 133.204 0
      vertex 205.145 132.482 0
    endloop
  endfacet
  facet normal 0 0 -1
    outer loop
      vertex 205.023 132.623 0
      vertex 205.116 133.204 0
      vertex 205.084 132.557 0
    endloop
  endfacet
  facet normal 0 0 -1
    outer loop
      vertex 205.023 132.623 0
      vertex 205.021 133.129 0
      vertex 205.116 133.204 0
    endloop
  endfacet
  facet normal 0 0 -1
    outer loop
      vertex 204.962 132.681 0
      vertex 205.021 133.129 0
      vertex 205.023 132.623 0
    endloop
  endfacet
  facet normal 0 0 -1
    outer loop
      vertex 204.962 132.681 0
      vertex 204.917 133.061 0
      vertex 205.021 133.129 0
    endloop
  endfacet
  facet normal 0 0 -1
    outer loop
      vertex 204.898 132.733 0
      vertex 204.917 133.061 0
      vertex 204.962 132.681 0
    endloop
  endfacet
  facet normal 0 0 -1
    outer loop
      vertex 204.831 132.779 0
      vertex 204.917 133.061 0
      vertex 204.898 132.733 0
    endloop
  endfacet
  facet normal 0 0 -1
    outer loop
      vertex 204.831 132.779 0
      vertex 204.802 133 0
      vertex 204.917 133.061 0
    endloop
  endfacet
  facet normal 0 0 -1
    outer loop
      vertex 204.763 132.819 0
      vertex 204.802 133 0
      vertex 204.831 132.779 0
    endloop
  endfacet
  facet normal 0 0 -1
    outer loop
      vertex 204.678 132.946 0
      vertex 204.763 132.819 0
      vertex 204.692 132.852 0
    endloop
  endfacet
  facet normal 0 0 -1
    outer loop
      vertex 204.763 132.819 0
      vertex 204.678 132.946 0
      vertex 204.802 133 0
    endloop
  endfacet
  facet normal 0 0 -1
    outer loop
      vertex 204.619 132.879 0
      vertex 204.678 132.946 0
      vertex 204.692 132.852 0
    endloop
  endfacet
  facet normal 0 0 -1
    outer loop
      vertex 204.678 132.946 0
      vertex 204.619 132.879 0
      vertex 204.543 132.899 0
    endloop
  endfacet
  facet normal 0 0 -1
    outer loop
      vertex 222.2 60.683 0
      vertex 220.786 62.9582 0
      vertex 222.2 61.183 0
    endloop
  endfacet
  facet normal 0 0 -1
    outer loop
      vertex 168.3 60.683 0
      vertex 220.786 66.5018 0
      vertex 220.786 62.9582 0
    endloop
  endfacet
  facet normal 0 0 -1
    outer loop
      vertex 220.786 66.5018 0
      vertex 195.4 108.697 0
      vertex 206.161 130.531 0
    endloop
  endfacet
  facet normal 0 -0 -1
    outer loop
      vertex 195.43 109.004 0
      vertex 206.161 130.531 0
      vertex 195.423 108.846 0
    endloop
  endfacet
  facet normal 0 0 -1
    outer loop
      vertex 195.423 109.147 0
      vertex 206.161 130.531 0
      vertex 195.43 109.004 0
    endloop
  endfacet
  facet normal 0 0 -1
    outer loop
      vertex 195.198 111.268 0
      vertex 206.161 130.531 0
      vertex 195.423 109.147 0
    endloop
  endfacet
  facet normal -0 0 -1
    outer loop
      vertex 206.161 130.531 0
      vertex 195.198 111.268 0
      vertex 204.771 130.531 0
    endloop
  endfacet
  facet normal -0 0 -1
    outer loop
      vertex 204.154 131.79 0
      vertex 202.896 130.531 0
      vertex 204.1 131.894 0
    endloop
  endfacet
  facet normal 0 0 -1
    outer loop
      vertex 204.047 131.987 0
      vertex 203.265 132.448 0
      vertex 203.993 132.071 0
    endloop
  endfacet
  facet normal -0 -0 -1
    outer loop
      vertex 203.354 132.445 0
      vertex 203.993 132.071 0
      vertex 203.265 132.448 0
    endloop
  endfacet
  facet normal 0 0 -1
    outer loop
      vertex 203.993 132.071 0
      vertex 203.354 132.445 0
      vertex 203.939 132.145 0
    endloop
  endfacet
  facet normal -0 -0 -1
    outer loop
      vertex 203.437 132.437 0
      vertex 203.939 132.145 0
      vertex 203.354 132.445 0
    endloop
  endfacet
  facet normal 0 0 -1
    outer loop
      vertex 203.939 132.145 0
      vertex 203.437 132.437 0
      vertex 203.885 132.21 0
    endloop
  endfacet
  facet normal 0 0 -1
    outer loop
      vertex 203.885 132.21 0
      vertex 203.515 132.423 0
      vertex 203.83 132.264 0
    endloop
  endfacet
  facet normal 0 0 -1
    outer loop
      vertex 203.775 132.309 0
      vertex 203.515 132.423 0
      vertex 203.718 132.346 0
    endloop
  endfacet
  facet normal 0 0 -1
    outer loop
      vertex 203.656 132.377 0
      vertex 203.515 132.423 0
      vertex 203.588 132.403 0
    endloop
  endfacet
  facet normal 0 0 -1
    outer loop
      vertex 203.718 132.346 0
      vertex 203.515 132.423 0
      vertex 203.656 132.377 0
    endloop
  endfacet
  facet normal 0 0 -1
    outer loop
      vertex 203.83 132.264 0
      vertex 203.515 132.423 0
      vertex 203.775 132.309 0
    endloop
  endfacet
  facet normal -0 -0 -1
    outer loop
      vertex 203.515 132.423 0
      vertex 203.885 132.21 0
      vertex 203.437 132.437 0
    endloop
  endfacet
  facet normal 0 -0 -1
    outer loop
      vertex 203.265 132.448 0
      vertex 204.047 131.987 0
      vertex 202.896 130.531 0
    endloop
  endfacet
  facet normal 0 0 -1
    outer loop
      vertex 200.555 131.517 0
      vertex 201.59 130.531 0
      vertex 200.555 130.531 0
    endloop
  endfacet
  facet normal 0 0 -1
    outer loop
      vertex 204.771 130.531 0
      vertex 202.896 130.531 0
      vertex 204.154 131.79 0
    endloop
  endfacet
  facet normal -0 0 -1
    outer loop
      vertex 204.771 130.531 0
      vertex 195.198 111.268 0
      vertex 202.896 130.531 0
    endloop
  endfacet
  facet normal 0 0 -1
    outer loop
      vertex 196.958 130.531 0
      vertex 196.092 133.068 0
      vertex 196.958 135.594 0
    endloop
  endfacet
  facet normal 0 0 -1
    outer loop
      vertex 196.958 130.531 0
      vertex 196.089 132.906 0
      vertex 196.092 133.068 0
    endloop
  endfacet
  facet normal -0 0 -1
    outer loop
      vertex 201.59 130.531 0
      vertex 195.198 111.268 0
      vertex 200.555 130.531 0
    endloop
  endfacet
  facet normal 0 0 -1
    outer loop
      vertex 196.958 130.531 0
      vertex 196.078 132.75 0
      vertex 196.089 132.906 0
    endloop
  endfacet
  facet normal 0 0 -1
    outer loop
      vertex 196.958 130.531 0
      vertex 196.06 132.599 0
      vertex 196.078 132.75 0
    endloop
  endfacet
  facet normal 0 0 -1
    outer loop
      vertex 196.958 130.531 0
      vertex 196.036 132.453 0
      vertex 196.06 132.599 0
    endloop
  endfacet
  facet normal 0 0 -1
    outer loop
      vertex 195.133 111.289 0
      vertex 196.958 130.531 0
      vertex 195.198 111.268 0
    endloop
  endfacet
  facet normal 0 0 -1
    outer loop
      vertex 196.958 130.531 0
      vertex 196.004 132.312 0
      vertex 196.036 132.453 0
    endloop
  endfacet
  facet normal 0 0 -1
    outer loop
      vertex 196.958 130.531 0
      vertex 195.965 132.176 0
      vertex 196.004 132.312 0
    endloop
  endfacet
  facet normal 0 0 -1
    outer loop
      vertex 196.958 130.531 0
      vertex 195.919 132.045 0
      vertex 195.965 132.176 0
    endloop
  endfacet
  facet normal 0 0 -1
    outer loop
      vertex 196.958 130.531 0
      vertex 195.866 131.919 0
      vertex 195.919 132.045 0
    endloop
  endfacet
  facet normal 0 0 -1
    outer loop
      vertex 196.958 130.531 0
      vertex 195.805 131.797 0
      vertex 195.866 131.919 0
    endloop
  endfacet
  facet normal 0 0 -1
    outer loop
      vertex 196.958 130.531 0
      vertex 195.737 131.68 0
      vertex 195.805 131.797 0
    endloop
  endfacet
  facet normal 0 0 -1
    outer loop
      vertex 196.958 130.531 0
      vertex 195.662 131.567 0
      vertex 195.737 131.68 0
    endloop
  endfacet
  facet normal 0 0 -1
    outer loop
      vertex 196.958 130.531 0
      vertex 195.579 131.458 0
      vertex 195.662 131.567 0
    endloop
  endfacet
  facet normal -0 0 -1
    outer loop
      vertex 202.896 130.531 0
      vertex 195.198 111.268 0
      vertex 201.59 130.531 0
    endloop
  endfacet
  facet normal -0 0 -1
    outer loop
      vertex 204.1 131.894 0
      vertex 202.896 130.531 0
      vertex 204.047 131.987 0
    endloop
  endfacet
  facet normal 0 0 -1
    outer loop
      vertex 206.161 130.531 0
      vertex 195.4 108.697 0
      vertex 195.423 108.846 0
    endloop
  endfacet
  facet normal 0 0 -1
    outer loop
      vertex 220.786 66.5018 0
      vertex 194.4 99.489 0
      vertex 195.4 108.697 0
    endloop
  endfacet
  facet normal 0 0 -1
    outer loop
      vertex 195.4 108.697 0
      vertex 194.4 99.489 0
      vertex 195.362 108.557 0
    endloop
  endfacet
  facet normal 0 0 -1
    outer loop
      vertex 195.362 108.557 0
      vertex 194.4 99.489 0
      vertex 195.309 108.427 0
    endloop
  endfacet
  facet normal 0 0 -1
    outer loop
      vertex 195.309 108.427 0
      vertex 194.4 99.489 0
      vertex 195.24 108.306 0
    endloop
  endfacet
  facet normal 0 0 -1
    outer loop
      vertex 195.24 108.306 0
      vertex 194.4 99.489 0
      vertex 195.156 108.194 0
    endloop
  endfacet
  facet normal 0 0 -1
    outer loop
      vertex 195.156 108.194 0
      vertex 194.4 99.489 0
      vertex 195.058 108.092 0
    endloop
  endfacet
  facet normal 0 0 -1
    outer loop
      vertex 195.058 108.092 0
      vertex 194.4 99.489 0
      vertex 194.946 108.001 0
    endloop
  endfacet
  facet normal 0 0 -1
    outer loop
      vertex 194.946 108.001 0
      vertex 194.4 99.489 0
      vertex 194.824 107.924 0
    endloop
  endfacet
  facet normal 0 0 -1
    outer loop
      vertex 194.824 107.924 0
      vertex 194.4 99.489 0
      vertex 194.692 107.861 0
    endloop
  endfacet
  facet normal 0 0 -1
    outer loop
      vertex 220.786 66.5018 0
      vertex 194.4 91.689 0
      vertex 194.4 99.489 0
    endloop
  endfacet
  facet normal 0 0 -1
    outer loop
      vertex 168.3 60.683 0
      vertex 220.786 62.9582 0
      vertex 222.2 60.683 0
    endloop
  endfacet
  facet normal -0 0 -1
    outer loop
      vertex 220.786 66.5018 0
      vertex 168.3 60.683 0
      vertex 194.4 91.689 0
    endloop
  endfacet
  facet normal -0 0 -1
    outer loop
      vertex 194.4 91.689 0
      vertex 168.3 60.683 0
      vertex 168.3 91.689 0
    endloop
  endfacet
  facet normal 0 0 -1
    outer loop
      vertex 224.34 65.3617 0
      vertex 223.555 65.4924 0
      vertex 223.558 65.5647 0
    endloop
  endfacet
  facet normal 0 0 -1
    outer loop
      vertex 224.268 64.9213 0
      vertex 223.548 65.4232 0
      vertex 223.555 65.4924 0
    endloop
  endfacet
  facet normal 0 0 -1
    outer loop
      vertex 223.492 64.6023 0
      vertex 224.268 64.9213 0
      vertex 223.541 64.5395 0
    endloop
  endfacet
  facet normal 0 0 -1
    outer loop
      vertex 224.268 64.9213 0
      vertex 223.535 65.3572 0
      vertex 223.548 65.4232 0
    endloop
  endfacet
  facet normal 0 0 -1
    outer loop
      vertex 224.268 64.9213 0
      vertex 223.518 65.2943 0
      vertex 223.535 65.3572 0
    endloop
  endfacet
  facet normal 0 0 -1
    outer loop
      vertex 224.268 64.9213 0
      vertex 223.496 65.2346 0
      vertex 223.518 65.2943 0
    endloop
  endfacet
  facet normal 0 0 -1
    outer loop
      vertex 223.437 65.1245 0
      vertex 224.268 64.9213 0
      vertex 223.492 64.6023 0
    endloop
  endfacet
  facet normal 0 0 -1
    outer loop
      vertex 224.268 64.9213 0
      vertex 223.469 65.178 0
      vertex 223.496 65.2346 0
    endloop
  endfacet
  facet normal 0 0 -1
    outer loop
      vertex 223.437 65.1245 0
      vertex 223.492 64.6023 0
      vertex 223.438 64.6593 0
    endloop
  endfacet
  facet normal 0 0 -1
    outer loop
      vertex 224.268 64.9213 0
      vertex 223.437 65.1245 0
      vertex 223.469 65.178 0
    endloop
  endfacet
  facet normal 0 0 -1
    outer loop
      vertex 223.438 64.6593 0
      vertex 223.4 65.0746 0
      vertex 223.437 65.1245 0
    endloop
  endfacet
  facet normal 0 0 -1
    outer loop
      vertex 223.378 64.7103 0
      vertex 223.4 65.0746 0
      vertex 223.438 64.6593 0
    endloop
  endfacet
  facet normal 0 0 -1
    outer loop
      vertex 223.378 64.7103 0
      vertex 223.359 65.0285 0
      vertex 223.4 65.0746 0
    endloop
  endfacet
  facet normal 0 0 -1
    outer loop
      vertex 223.313 64.9862 0
      vertex 223.378 64.7103 0
      vertex 223.313 64.7554 0
    endloop
  endfacet
  facet normal 0 0 -1
    outer loop
      vertex 223.378 64.7103 0
      vertex 223.313 64.9862 0
      vertex 223.359 65.0285 0
    endloop
  endfacet
  facet normal 0 0 -1
    outer loop
      vertex 223.313 64.7554 0
      vertex 223.263 64.9477 0
      vertex 223.313 64.9862 0
    endloop
  endfacet
  facet normal 0 0 -1
    outer loop
      vertex 223.243 64.7946 0
      vertex 223.263 64.9477 0
      vertex 223.313 64.7554 0
    endloop
  endfacet
  facet normal 0 0 -1
    outer loop
      vertex 223.243 64.7946 0
      vertex 223.208 64.9131 0
      vertex 223.263 64.9477 0
    endloop
  endfacet
  facet normal 0 0 -1
    outer loop
      vertex 223.167 64.8279 0
      vertex 223.208 64.9131 0
      vertex 223.243 64.7946 0
    endloop
  endfacet
  facet normal 0 0 -1
    outer loop
      vertex 223.167 64.8279 0
      vertex 223.149 64.8822 0
      vertex 223.208 64.9131 0
    endloop
  endfacet
  facet normal 0 -0 -1
    outer loop
      vertex 223.149 64.8822 0
      vertex 223.167 64.8279 0
      vertex 223.085 64.8553 0
    endloop
  endfacet
  facet normal 0 0 -1
    outer loop
      vertex 226.834 64.8817 0
      vertex 226.846 65.7537 0
      vertex 226.909 64.7788 0
    endloop
  endfacet
  facet normal 0 0 -1
    outer loop
      vertex 226.745 64.9765 0
      vertex 226.846 65.7537 0
      vertex 226.834 64.8817 0
    endloop
  endfacet
  facet normal 0 0 -1
    outer loop
      vertex 226.646 65.0609 0
      vertex 226.846 65.7537 0
      vertex 226.745 64.9765 0
    endloop
  endfacet
  facet normal 0 0 -1
    outer loop
      vertex 226.537 65.1322 0
      vertex 226.846 65.7537 0
      vertex 226.646 65.0609 0
    endloop
  endfacet
  facet normal -0 0 -1
    outer loop
      vertex 226.846 65.7537 0
      vertex 226.537 65.1322 0
      vertex 226.782 65.783 0
    endloop
  endfacet
  facet normal 0 0 -1
    outer loop
      vertex 226.421 65.1906 0
      vertex 226.782 65.783 0
      vertex 226.537 65.1322 0
    endloop
  endfacet
  facet normal -0 0 -1
    outer loop
      vertex 226.782 65.783 0
      vertex 226.421 65.1906 0
      vertex 226.719 65.81 0
    endloop
  endfacet
  facet normal -0 0 -1
    outer loop
      vertex 226.719 65.81 0
      vertex 226.421 65.1906 0
      vertex 226.658 65.8348 0
    endloop
  endfacet
  facet normal -0 0 -1
    outer loop
      vertex 226.658 65.8348 0
      vertex 226.421 65.1906 0
      vertex 226.597 65.8573 0
    endloop
  endfacet
  facet normal 0 0 -1
    outer loop
      vertex 226.296 65.2361 0
      vertex 226.597 65.8573 0
      vertex 226.421 65.1906 0
    endloop
  endfacet
  facet normal -0 0 -1
    outer loop
      vertex 226.597 65.8573 0
      vertex 226.296 65.2361 0
      vertex 226.537 65.8775 0
    endloop
  endfacet
  facet normal -0 0 -1
    outer loop
      vertex 226.537 65.8775 0
      vertex 226.296 65.2361 0
      vertex 226.479 65.8954 0
    endloop
  endfacet
  facet normal -0 0 -1
    outer loop
      vertex 226.479 65.8954 0
      vertex 226.296 65.2361 0
      vertex 226.421 65.9111 0
    endloop
  endfacet
  facet normal -0 0 -1
    outer loop
      vertex 226.421 65.9111 0
      vertex 226.296 65.2361 0
      vertex 226.364 65.9246 0
    endloop
  endfacet
  facet normal 0 0 -1
    outer loop
      vertex 226.162 65.2685 0
      vertex 226.364 65.9246 0
      vertex 226.296 65.2361 0
    endloop
  endfacet
  facet normal -0 0 -1
    outer loop
      vertex 226.364 65.9246 0
      vertex 226.162 65.2685 0
      vertex 226.308 65.936 0
    endloop
  endfacet
  facet normal -0 0 -1
    outer loop
      vertex 226.308 65.936 0
      vertex 226.162 65.2685 0
      vertex 226.252 65.9454 0
    endloop
  endfacet
  facet normal -0 0 -1
    outer loop
      vertex 226.252 65.9454 0
      vertex 226.162 65.2685 0
      vertex 226.196 65.9526 0
    endloop
  endfacet
  facet normal 0 0 -1
    outer loop
      vertex 226.162 65.2685 0
      vertex 226.141 65.9578 0
      vertex 226.196 65.9526 0
    endloop
  endfacet
  facet normal 0 0 -1
    outer loop
      vertex 226.019 65.288 0
      vertex 226.141 65.9578 0
      vertex 226.162 65.2685 0
    endloop
  endfacet
  facet normal -0 0 -1
    outer loop
      vertex 226.141 65.9578 0
      vertex 226.019 65.288 0
      vertex 226.086 65.961 0
    endloop
  endfacet
  facet normal -0 0 -1
    outer loop
      vertex 226.086 65.961 0
      vertex 226.019 65.288 0
      vertex 226.032 65.962 0
    endloop
  endfacet
  facet normal 0 0 -1
    outer loop
      vertex 226.019 65.288 0
      vertex 225.919 65.9574 0
      vertex 226.032 65.962 0
    endloop
  endfacet
  facet normal 0 0 -1
    outer loop
      vertex 225.868 65.2945 0
      vertex 225.919 65.9574 0
      vertex 226.019 65.288 0
    endloop
  endfacet
  facet normal 0 0 -1
    outer loop
      vertex 225.868 65.2945 0
      vertex 225.813 65.9435 0
      vertex 225.919 65.9574 0
    endloop
  endfacet
  facet normal 0 0 -1
    outer loop
      vertex 225.715 65.9203 0
      vertex 225.868 65.2945 0
      vertex 225.807 65.2933 0
    endloop
  endfacet
  facet normal 0 0 -1
    outer loop
      vertex 225.624 65.8879 0
      vertex 225.807 65.2933 0
      vertex 225.748 65.2897 0
    endloop
  endfacet
  facet normal 0 0 -1
    outer loop
      vertex 225.868 65.2945 0
      vertex 225.715 65.9203 0
      vertex 225.813 65.9435 0
    endloop
  endfacet
  facet normal 0 0 -1
    outer loop
      vertex 225.541 65.8462 0
      vertex 225.748 65.2897 0
      vertex 225.689 65.2838 0
    endloop
  endfacet
  facet normal 0 0 -1
    outer loop
      vertex 225.465 65.7953 0
      vertex 225.689 65.2838 0
      vertex 225.632 65.2755 0
    endloop
  endfacet
  facet normal 0 0 -1
    outer loop
      vertex 225.807 65.2933 0
      vertex 225.624 65.8879 0
      vertex 225.715 65.9203 0
    endloop
  endfacet
  facet normal 0 0 -1
    outer loop
      vertex 225.335 65.6658 0
      vertex 225.632 65.2755 0
      vertex 225.577 65.2648 0
    endloop
  endfacet
  facet normal 0 0 -1
    outer loop
      vertex 225.748 65.2897 0
      vertex 225.541 65.8462 0
      vertex 225.624 65.8879 0
    endloop
  endfacet
  facet normal 0 0 -1
    outer loop
      vertex 225.281 65.5876 0
      vertex 225.577 65.2648 0
      vertex 225.522 65.2517 0
    endloop
  endfacet
  facet normal 0 0 -1
    outer loop
      vertex 225.235 65.5003 0
      vertex 225.522 65.2517 0
      vertex 225.469 65.2363 0
    endloop
  endfacet
  facet normal 0 0 -1
    outer loop
      vertex 225.689 65.2838 0
      vertex 225.465 65.7953 0
      vertex 225.541 65.8462 0
    endloop
  endfacet
  facet normal 0 0 -1
    outer loop
      vertex 225.235 65.5003 0
      vertex 225.469 65.2363 0
      vertex 225.418 65.2184 0
    endloop
  endfacet
  facet normal 0 0 -1
    outer loop
      vertex 225.632 65.2755 0
      vertex 225.396 65.7351 0
      vertex 225.465 65.7953 0
    endloop
  endfacet
  facet normal 0 0 -1
    outer loop
      vertex 225.197 65.4041 0
      vertex 225.418 65.2184 0
      vertex 225.367 65.1983 0
    endloop
  endfacet
  facet normal 0 0 -1
    outer loop
      vertex 225.632 65.2755 0
      vertex 225.335 65.6658 0
      vertex 225.396 65.7351 0
    endloop
  endfacet
  facet normal 0 0 -1
    outer loop
      vertex 225.167 65.2989 0
      vertex 225.367 65.1983 0
      vertex 225.318 65.1757 0
    endloop
  endfacet
  facet normal 0 0 -1
    outer loop
      vertex 225.577 65.2648 0
      vertex 225.281 65.5876 0
      vertex 225.335 65.6658 0
    endloop
  endfacet
  facet normal 0 0 -1
    outer loop
      vertex 225.167 65.2989 0
      vertex 225.318 65.1757 0
      vertex 225.269 65.1507 0
    endloop
  endfacet
  facet normal 0 0 -1
    outer loop
      vertex 225.522 65.2517 0
      vertex 225.235 65.5003 0
      vertex 225.281 65.5876 0
    endloop
  endfacet
  facet normal 0 0 -1
    outer loop
      vertex 225.145 65.1848 0
      vertex 225.269 65.1507 0
      vertex 225.222 65.1234 0
    endloop
  endfacet
  facet normal 0 0 -1
    outer loop
      vertex 225.418 65.2184 0
      vertex 225.197 65.4041 0
      vertex 225.235 65.5003 0
    endloop
  endfacet
  facet normal 0 0 -1
    outer loop
      vertex 225.145 65.1848 0
      vertex 225.222 65.1234 0
      vertex 225.175 65.0938 0
    endloop
  endfacet
  facet normal 0 0 -1
    outer loop
      vertex 225.367 65.1983 0
      vertex 225.167 65.2989 0
      vertex 225.197 65.4041 0
    endloop
  endfacet
  facet normal 0 0 -1
    outer loop
      vertex 225.269 65.1507 0
      vertex 225.145 65.1848 0
      vertex 225.167 65.2989 0
    endloop
  endfacet
  facet normal 0 -0 -1
    outer loop
      vertex 225.145 65.1848 0
      vertex 225.175 65.0938 0
      vertex 225.13 65.0617 0
    endloop
  endfacet
  facet normal 0 0 -1
    outer loop
      vertex 227.072 64.2869 0
      vertex 270 0 0
      vertex 227.079 64.1438 0
    endloop
  endfacet
  facet normal 0 0 -1
    outer loop
      vertex 270 0 0
      vertex 227.071 63.9857 0
      vertex 227.079 64.1438 0
    endloop
  endfacet
  facet normal 0 0 -1
    outer loop
      vertex 226.8 60.683 0
      vertex 227.071 63.9857 0
      vertex 270 0 0
    endloop
  endfacet
  facet normal 0 0 -1
    outer loop
      vertex 227.071 63.9857 0
      vertex 226.8 60.683 0
      vertex 227.048 63.8369 0
    endloop
  endfacet
  facet normal 0 0 -1
    outer loop
      vertex 227.048 63.8369 0
      vertex 226.8 60.683 0
      vertex 227.01 63.6973 0
    endloop
  endfacet
  facet normal 0 0 -1
    outer loop
      vertex 227.01 63.6973 0
      vertex 226.8 60.683 0
      vertex 226.957 63.567 0
    endloop
  endfacet
  facet normal 0 0 -1
    outer loop
      vertex 226.957 63.567 0
      vertex 226.8 60.683 0
      vertex 226.889 63.4459 0
    endloop
  endfacet
  facet normal 0 0 -1
    outer loop
      vertex 226.8 60.683 0
      vertex 270 0 0
      vertex 226.8 54.683 0
    endloop
  endfacet
  facet normal 0 0 -1
    outer loop
      vertex 210.436 10.5088 0
      vertex 226.8 54.683 0
      vertex 270 0 0
    endloop
  endfacet
  facet normal 0 0 -1
    outer loop
      vertex 210.38 10.6202 0
      vertex 226.8 54.683 0
      vertex 210.436 10.5088 0
    endloop
  endfacet
  facet normal 0 0 -1
    outer loop
      vertex 210.508 10.1106 0
      vertex 270 0 0
      vertex 210.599 8.28847 0
    endloop
  endfacet
  facet normal 0 0 -1
    outer loop
      vertex 210.599 8.28847 0
      vertex 270 0 0
      vertex 210.603 8.17577 0
    endloop
  endfacet
  facet normal 0 0 -1
    outer loop
      vertex 270 0 0
      vertex 210.594 8.00943 0
      vertex 210.603 8.17577 0
    endloop
  endfacet
  facet normal 0 0 -1
    outer loop
      vertex 270 0 0
      vertex 210.565 7.85489 0
      vertex 210.594 8.00943 0
    endloop
  endfacet
  facet normal 0 0 -1
    outer loop
      vertex 270 0 0
      vertex 210.518 7.71217 0
      vertex 210.565 7.85489 0
    endloop
  endfacet
  facet normal 0 0 -1
    outer loop
      vertex 270 0 0
      vertex 210.452 7.58124 0
      vertex 210.518 7.71217 0
    endloop
  endfacet
  facet normal 0 0 -1
    outer loop
      vertex 270 0 0
      vertex 210.368 7.46211 0
      vertex 210.452 7.58124 0
    endloop
  endfacet
  facet normal 0 0 -1
    outer loop
      vertex 270 0 0
      vertex 210.264 7.3548 0
      vertex 210.368 7.46211 0
    endloop
  endfacet
  facet normal 0 0 -1
    outer loop
      vertex 270 0 0
      vertex 210.142 7.25929 0
      vertex 210.264 7.3548 0
    endloop
  endfacet
  facet normal 0 0 -1
    outer loop
      vertex 270 0 0
      vertex 210.002 7.17607 0
      vertex 210.142 7.25929 0
    endloop
  endfacet
  facet normal 0 0 -1
    outer loop
      vertex 270 0 0
      vertex 209.844 7.10567 0
      vertex 210.002 7.17607 0
    endloop
  endfacet
  facet normal 0 0 -1
    outer loop
      vertex 270 0 0
      vertex 209.669 7.04807 0
      vertex 209.844 7.10567 0
    endloop
  endfacet
  facet normal 0 0 -1
    outer loop
      vertex 270 0 0
      vertex 209.477 7.00325 0
      vertex 209.669 7.04807 0
    endloop
  endfacet
  facet normal 0 0 -1
    outer loop
      vertex 270 0 0
      vertex 209.267 6.97125 0
      vertex 209.477 7.00325 0
    endloop
  endfacet
  facet normal 0 0 -1
    outer loop
      vertex 270 0 0
      vertex 209.041 6.95204 0
      vertex 209.267 6.97125 0
    endloop
  endfacet
  facet normal 0 0 -1
    outer loop
      vertex 168.3 0 0
      vertex 209.041 6.95204 0
      vertex 270 0 0
    endloop
  endfacet
  facet normal 0 0 -1
    outer loop
      vertex 209.041 6.95204 0
      vertex 168.3 0 0
      vertex 208.797 6.94565 0
    endloop
  endfacet
  facet normal -0 0 -1
    outer loop
      vertex 208.797 6.94565 0
      vertex 168.3 0 0
      vertex 208.707 6.94669 0
    endloop
  endfacet
  facet normal 0 -0 -1
    outer loop
      vertex 205.325 6.94759 0
      vertex 208.707 6.94669 0
      vertex 168.3 0 0
    endloop
  endfacet
  facet normal 0 0 -1
    outer loop
      vertex 208.707 6.94669 0
      vertex 205.325 6.94759 0
      vertex 208.618 6.94977 0
    endloop
  endfacet
  facet normal 0 -0 -1
    outer loop
      vertex 205.451 6.9534 0
      vertex 208.618 6.94977 0
      vertex 205.325 6.94759 0
    endloop
  endfacet
  facet normal 0 0 -1
    outer loop
      vertex 207.551 7.14789 0
      vertex 206.877 7.32588 0
      vertex 207.551 7.95428 0
    endloop
  endfacet
  facet normal 0 0 -1
    outer loop
      vertex 206.421 7.13965 0
      vertex 207.551 7.14789 0
      vertex 207.639 7.12003 0
    endloop
  endfacet
  facet normal 0 0 -1
    outer loop
      vertex 206.304 7.10278 0
      vertex 207.639 7.12003 0
      vertex 207.727 7.09424 0
    endloop
  endfacet
  facet normal 0 0 -1
    outer loop
      vertex 207.551 7.14789 0
      vertex 206.765 7.27351 0
      vertex 206.877 7.32588 0
    endloop
  endfacet
  facet normal 0 0 -1
    outer loop
      vertex 206.185 7.06979 0
      vertex 207.727 7.09424 0
      vertex 207.815 7.0705 0
    endloop
  endfacet
  facet normal 0 0 -1
    outer loop
      vertex 206.185 7.06979 0
      vertex 207.815 7.0705 0
      vertex 207.904 7.04883 0
    endloop
  endfacet
  facet normal 0 0 -1
    outer loop
      vertex 206.066 7.0407 0
      vertex 207.904 7.04883 0
      vertex 207.993 7.02922 0
    endloop
  endfacet
  facet normal 0 0 -1
    outer loop
      vertex 207.551 7.14789 0
      vertex 206.651 7.22501 0
      vertex 206.765 7.27351 0
    endloop
  endfacet
  facet normal 0 0 -1
    outer loop
      vertex 205.945 7.01547 0
      vertex 207.993 7.02922 0
      vertex 208.082 7.01169 0
    endloop
  endfacet
  facet normal 0 0 -1
    outer loop
      vertex 205.945 7.01547 0
      vertex 208.082 7.01169 0
      vertex 208.171 6.9962 0
    endloop
  endfacet
  facet normal 0 0 -1
    outer loop
      vertex 207.551 7.14789 0
      vertex 206.537 7.18039 0
      vertex 206.651 7.22501 0
    endloop
  endfacet
  facet normal 0 0 -1
    outer loop
      vertex 205.823 6.99414 0
      vertex 208.171 6.9962 0
      vertex 208.261 6.98279 0
    endloop
  endfacet
  facet normal 0 0 -1
    outer loop
      vertex 205.7 6.97668 0
      vertex 208.261 6.98279 0
      vertex 208.35 6.97145 0
    endloop
  endfacet
  facet normal -0 0 -1
    outer loop
      vertex 207.551 7.14789 0
      vertex 206.421 7.13965 0
      vertex 206.537 7.18039 0
    endloop
  endfacet
  facet normal 0 0 -1
    outer loop
      vertex 208.618 6.94977 0
      vertex 205.451 6.9534 0
      vertex 208.529 6.95494 0
    endloop
  endfacet
  facet normal -0 0 -1
    outer loop
      vertex 207.639 7.12003 0
      vertex 206.304 7.10278 0
      vertex 206.421 7.13965 0
    endloop
  endfacet
  facet normal -0 0 -1
    outer loop
      vertex 207.727 7.09424 0
      vertex 206.185 7.06979 0
      vertex 206.304 7.10278 0
    endloop
  endfacet
  facet normal -0 0 -1
    outer loop
      vertex 207.904 7.04883 0
      vertex 206.066 7.0407 0
      vertex 206.185 7.06979 0
    endloop
  endfacet
  facet normal -0 0 -1
    outer loop
      vertex 207.993 7.02922 0
      vertex 205.945 7.01547 0
      vertex 206.066 7.0407 0
    endloop
  endfacet
  facet normal -0 0 -1
    outer loop
      vertex 208.171 6.9962 0
      vertex 205.823 6.99414 0
      vertex 205.945 7.01547 0
    endloop
  endfacet
  facet normal -0 0 -1
    outer loop
      vertex 208.261 6.98279 0
      vertex 205.7 6.97668 0
      vertex 205.823 6.99414 0
    endloop
  endfacet
  facet normal -0 0 -1
    outer loop
      vertex 208.35 6.97145 0
      vertex 205.576 6.9631 0
      vertex 205.7 6.97668 0
    endloop
  endfacet
  facet normal 0 0 -1
    outer loop
      vertex 208.44 6.96216 0
      vertex 205.576 6.9631 0
      vertex 208.35 6.97145 0
    endloop
  endfacet
  facet normal -0 0 -1
    outer loop
      vertex 208.529 6.95494 0
      vertex 205.451 6.9534 0
      vertex 208.44 6.96216 0
    endloop
  endfacet
  facet normal 0 -0 -1
    outer loop
      vertex 205.576 6.9631 0
      vertex 208.44 6.96216 0
      vertex 205.451 6.9534 0
    endloop
  endfacet
  facet normal 0 0 -1
    outer loop
      vertex 205.325 6.94759 0
      vertex 168.3 0 0
      vertex 205.198 6.94565 0
    endloop
  endfacet
  facet normal 0 0 -1
    outer loop
      vertex 199.422 9.092 0
      vertex 203.016 8.77747 0
      vertex 200.827 7.02501 0
    endloop
  endfacet
  facet normal -0 0 -1
    outer loop
      vertex 203.052 8.52534 0
      vertex 200.827 7.02501 0
      vertex 203.016 8.77747 0
    endloop
  endfacet
  facet normal -0 0 -1
    outer loop
      vertex 203.112 8.28967 0
      vertex 200.827 7.02501 0
      vertex 203.052 8.52534 0
    endloop
  endfacet
  facet normal -0 0 -1
    outer loop
      vertex 203.197 8.07043 0
      vertex 200.827 7.02501 0
      vertex 203.112 8.28967 0
    endloop
  endfacet
  facet normal -0 0 -1
    outer loop
      vertex 203.305 7.86766 0
      vertex 200.827 7.02501 0
      vertex 203.197 8.07043 0
    endloop
  endfacet
  facet normal -0 0 -1
    outer loop
      vertex 203.438 7.68134 0
      vertex 200.827 7.02501 0
      vertex 203.305 7.86766 0
    endloop
  endfacet
  facet normal -0 0 -1
    outer loop
      vertex 203.595 7.51144 0
      vertex 200.827 7.02501 0
      vertex 203.438 7.68134 0
    endloop
  endfacet
  facet normal -0 0 -1
    outer loop
      vertex 203.772 7.36134 0
      vertex 200.827 7.02501 0
      vertex 203.595 7.51144 0
    endloop
  endfacet
  facet normal -0 0 -1
    outer loop
      vertex 203.967 7.23431 0
      vertex 200.827 7.02501 0
      vertex 203.772 7.36134 0
    endloop
  endfacet
  facet normal -0 0 -1
    outer loop
      vertex 204.179 7.1304 0
      vertex 200.827 7.02501 0
      vertex 203.967 7.23431 0
    endloop
  endfacet
  facet normal -0 0 -1
    outer loop
      vertex 204.408 7.04958 0
      vertex 200.827 7.02501 0
      vertex 204.179 7.1304 0
    endloop
  endfacet
  facet normal 0 0 -1
    outer loop
      vertex 204.654 6.99184 0
      vertex 200.827 7.02501 0
      vertex 204.408 7.04958 0
    endloop
  endfacet
  facet normal 0 0 -1
    outer loop
      vertex 204.917 6.9572 0
      vertex 200.827 7.02501 0
      vertex 204.654 6.99184 0
    endloop
  endfacet
  facet normal -0 0 -1
    outer loop
      vertex 205.198 6.94565 0
      vertex 168.3 0 0
      vertex 204.917 6.9572 0
    endloop
  endfacet
  facet normal -0 0 -1
    outer loop
      vertex 204.917 6.9572 0
      vertex 168.3 0 0
      vertex 200.827 7.02501 0
    endloop
  endfacet
  facet normal 0 0 -1
    outer loop
      vertex 199.739 7.02501 0
      vertex 197.854 7.02501 0
      vertex 198.792 8.40845 0
    endloop
  endfacet
  facet normal -0 0 -1
    outer loop
      vertex 200.827 7.02501 0
      vertex 168.3 0 0
      vertex 199.739 7.02501 0
    endloop
  endfacet
  facet normal -0 0 -1
    outer loop
      vertex 199.739 7.02501 0
      vertex 168.3 0 0
      vertex 197.854 7.02501 0
    endloop
  endfacet
  facet normal -0 0 -1
    outer loop
      vertex 197.854 7.02501 0
      vertex 168.3 0 0
      vertex 196.761 7.02501 0
    endloop
  endfacet
  facet normal -0 0 -1
    outer loop
      vertex 196.761 7.02501 0
      vertex 168.3 0 0
      vertex 196.728 7.02501 0
    endloop
  endfacet
  facet normal 0 0 -1
    outer loop
      vertex 195.679 7.02501 0
      vertex 193.791 7.76228 0
      vertex 195.424 7.76228 0
    endloop
  endfacet
  facet normal 0 0 -1
    outer loop
      vertex 195.679 7.02501 0
      vertex 193.533 7.02501 0
      vertex 193.791 7.76228 0
    endloop
  endfacet
  facet normal -0 0 -1
    outer loop
      vertex 196.728 7.02501 0
      vertex 168.3 0 0
      vertex 195.679 7.02501 0
    endloop
  endfacet
  facet normal -0 0 -1
    outer loop
      vertex 195.679 7.02501 0
      vertex 168.3 0 0
      vertex 193.533 7.02501 0
    endloop
  endfacet
  facet normal -0 0 -1
    outer loop
      vertex 193.533 7.02501 0
      vertex 168.3 0 0
      vertex 192.483 7.02501 0
    endloop
  endfacet
  facet normal -0 0 -1
    outer loop
      vertex 192.483 7.02501 0
      vertex 168.3 0 0
      vertex 192.073 7.02501 0
    endloop
  endfacet
  facet normal 0 0 -1
    outer loop
      vertex 191.085 7.02501 0
      vertex 190.152 7.80325 0
      vertex 191.085 9.98708 0
    endloop
  endfacet
  facet normal 0 0 -1
    outer loop
      vertex 191.085 7.02501 0
      vertex 189.49 7.80325 0
      vertex 190.152 7.80325 0
    endloop
  endfacet
  facet normal 0 0 -1
    outer loop
      vertex 191.085 7.02501 0
      vertex 188.557 7.02501 0
      vertex 189.49 7.80325 0
    endloop
  endfacet
  facet normal -0 0 -1
    outer loop
      vertex 192.073 7.02501 0
      vertex 168.3 0 0
      vertex 191.085 7.02501 0
    endloop
  endfacet
  facet normal -0 0 -1
    outer loop
      vertex 191.085 7.02501 0
      vertex 168.3 0 0
      vertex 188.557 7.02501 0
    endloop
  endfacet
  facet normal 0 0 -1
    outer loop
      vertex 183.113 9.41383 0
      vertex 187.567 11.0749 0
      vertex 187.567 7.02501 0
    endloop
  endfacet
  facet normal 0 0 -1
    outer loop
      vertex 187.567 11.0749 0
      vertex 183.139 9.57793 0
      vertex 183.147 9.75403 0
    endloop
  endfacet
  facet normal 0 0 -1
    outer loop
      vertex 187.567 11.0749 0
      vertex 183.113 9.41383 0
      vertex 183.139 9.57793 0
    endloop
  endfacet
  facet normal 0 0 -1
    outer loop
      vertex 187.567 7.02501 0
      vertex 183.071 9.26173 0
      vertex 183.113 9.41383 0
    endloop
  endfacet
  facet normal 0 0 -1
    outer loop
      vertex 187.567 7.02501 0
      vertex 183.012 9.12167 0
      vertex 183.071 9.26173 0
    endloop
  endfacet
  facet normal 0 0 -1
    outer loop
      vertex 187.567 7.02501 0
      vertex 182.936 8.99362 0
      vertex 183.012 9.12167 0
    endloop
  endfacet
  facet normal 0 0 -1
    outer loop
      vertex 187.567 7.02501 0
      vertex 182.843 8.87756 0
      vertex 182.936 8.99362 0
    endloop
  endfacet
  facet normal 0 0 -1
    outer loop
      vertex 187.567 7.02501 0
      vertex 182.733 8.77353 0
      vertex 182.843 8.87756 0
    endloop
  endfacet
  facet normal 0 0 -1
    outer loop
      vertex 187.567 7.02501 0
      vertex 182.608 8.68251 0
      vertex 182.733 8.77353 0
    endloop
  endfacet
  facet normal 0 0 -1
    outer loop
      vertex 187.567 7.02501 0
      vertex 182.468 8.60548 0
      vertex 182.608 8.68251 0
    endloop
  endfacet
  facet normal 0 0 -1
    outer loop
      vertex 180.858 7.02501 0
      vertex 182.468 8.60548 0
      vertex 187.567 7.02501 0
    endloop
  endfacet
  facet normal 0 0 -1
    outer loop
      vertex 182.468 8.60548 0
      vertex 180.858 7.02501 0
      vertex 182.313 8.54248 0
    endloop
  endfacet
  facet normal 0 0 -1
    outer loop
      vertex 182.313 8.54248 0
      vertex 180.858 7.02501 0
      vertex 182.143 8.49347 0
    endloop
  endfacet
  facet normal 0 0 -1
    outer loop
      vertex 182.143 8.49347 0
      vertex 180.858 7.02501 0
      vertex 181.959 8.45845 0
    endloop
  endfacet
  facet normal 0 0 -1
    outer loop
      vertex 181.959 8.45845 0
      vertex 180.858 7.02501 0
      vertex 181.76 8.43745 0
    endloop
  endfacet
  facet normal 0 0 -1
    outer loop
      vertex 181.76 8.43745 0
      vertex 180.858 7.02501 0
      vertex 181.547 8.43045 0
    endloop
  endfacet
  facet normal -0 0 -1
    outer loop
      vertex 188.557 7.02501 0
      vertex 168.3 0 0
      vertex 187.567 7.02501 0
    endloop
  endfacet
  facet normal -0 0 -1
    outer loop
      vertex 187.567 7.02501 0
      vertex 168.3 0 0
      vertex 180.858 7.02501 0
    endloop
  endfacet
  facet normal 0 0 -1
    outer loop
      vertex 179.813 7.02501 0
      vertex 179.128 9.04604 0
      vertex 179.813 11.0749 0
    endloop
  endfacet
  facet normal 0 0 -1
    outer loop
      vertex 179.813 7.02501 0
      vertex 179.119 8.76779 0
      vertex 179.128 9.04604 0
    endloop
  endfacet
  facet normal 0 0 -1
    outer loop
      vertex 179.813 7.02501 0
      vertex 179.093 8.5083 0
      vertex 179.119 8.76779 0
    endloop
  endfacet
  facet normal 0 0 -1
    outer loop
      vertex 179.813 7.02501 0
      vertex 179.048 8.26758 0
      vertex 179.093 8.5083 0
    endloop
  endfacet
  facet normal 0 0 -1
    outer loop
      vertex 179.813 7.02501 0
      vertex 178.986 8.04564 0
      vertex 179.048 8.26758 0
    endloop
  endfacet
  facet normal 0 0 -1
    outer loop
      vertex 179.813 7.02501 0
      vertex 178.907 7.84247 0
      vertex 178.986 8.04564 0
    endloop
  endfacet
  facet normal 0 0 -1
    outer loop
      vertex 179.813 7.02501 0
      vertex 178.809 7.65808 0
      vertex 178.907 7.84247 0
    endloop
  endfacet
  facet normal 0 0 -1
    outer loop
      vertex 179.813 7.02501 0
      vertex 178.694 7.49245 0
      vertex 178.809 7.65808 0
    endloop
  endfacet
  facet normal 0 0 -1
    outer loop
      vertex 179.813 7.02501 0
      vertex 178.563 7.34738 0
      vertex 178.694 7.49245 0
    endloop
  endfacet
  facet normal 0 0 -1
    outer loop
      vertex 179.813 7.02501 0
      vertex 178.416 7.22462 0
      vertex 178.563 7.34738 0
    endloop
  endfacet
  facet normal 0 0 -1
    outer loop
      vertex 179.813 7.02501 0
      vertex 178.255 7.12419 0
      vertex 178.416 7.22462 0
    endloop
  endfacet
  facet normal -0 0 -1
    outer loop
      vertex 180.858 7.02501 0
      vertex 168.3 0 0
      vertex 179.813 7.02501 0
    endloop
  endfacet
  facet normal 0 -0 -1
    outer loop
      vertex 177.683 6.9568 0
      vertex 179.813 7.02501 0
      vertex 168.3 0 0
    endloop
  endfacet
  facet normal 0 0 -1
    outer loop
      vertex 179.813 7.02501 0
      vertex 178.079 7.04608 0
      vertex 178.255 7.12419 0
    endloop
  endfacet
  facet normal -0 0 -1
    outer loop
      vertex 179.813 7.02501 0
      vertex 177.889 6.99028 0
      vertex 178.079 7.04608 0
    endloop
  endfacet
  facet normal 0 0 -1
    outer loop
      vertex 179.813 7.02501 0
      vertex 177.683 6.9568 0
      vertex 177.889 6.99028 0
    endloop
  endfacet
  facet normal 0 0 -1
    outer loop
      vertex 177.683 6.9568 0
      vertex 168.3 0 0
      vertex 177.463 6.94565 0
    endloop
  endfacet
  facet normal 0 0 -1
    outer loop
      vertex 175.83 8.5083 0
      vertex 175.364 8.52005 0
      vertex 175.803 8.76779 0
    endloop
  endfacet
  facet normal 0 0 -1
    outer loop
      vertex 175.874 8.26758 0
      vertex 175.364 8.52005 0
      vertex 175.83 8.5083 0
    endloop
  endfacet
  facet normal 0 0 -1
    outer loop
      vertex 175.364 8.52005 0
      vertex 175.874 8.26758 0
      vertex 175.364 7.76228 0
    endloop
  endfacet
  facet normal -0 0 -1
    outer loop
      vertex 175.936 8.04564 0
      vertex 175.364 7.76228 0
      vertex 175.874 8.26758 0
    endloop
  endfacet
  facet normal -0 0 -1
    outer loop
      vertex 176.016 7.84247 0
      vertex 175.364 7.76228 0
      vertex 175.936 8.04564 0
    endloop
  endfacet
  facet normal 0 0 -1
    outer loop
      vertex 176.113 7.65808 0
      vertex 175.364 7.76228 0
      vertex 176.016 7.84247 0
    endloop
  endfacet
  facet normal 0 0 -1
    outer loop
      vertex 176.228 7.49245 0
      vertex 175.364 7.76228 0
      vertex 176.113 7.65808 0
    endloop
  endfacet
  facet normal 0 0 -1
    outer loop
      vertex 174.786 7.02501 0
      vertex 176.228 7.49245 0
      vertex 176.36 7.34738 0
    endloop
  endfacet
  facet normal 0 0 -1
    outer loop
      vertex 174.786 7.02501 0
      vertex 176.36 7.34738 0
      vertex 176.506 7.22462 0
    endloop
  endfacet
  facet normal 0 0 -1
    outer loop
      vertex 174.786 7.02501 0
      vertex 176.506 7.22462 0
      vertex 176.668 7.12419 0
    endloop
  endfacet
  facet normal -0 0 -1
    outer loop
      vertex 176.228 7.49245 0
      vertex 174.786 7.02501 0
      vertex 175.364 7.76228 0
    endloop
  endfacet
  facet normal -0 0 -1
    outer loop
      vertex 176.844 7.04608 0
      vertex 174.786 7.02501 0
      vertex 176.668 7.12419 0
    endloop
  endfacet
  facet normal 0 0 -1
    outer loop
      vertex 177.035 6.99028 0
      vertex 174.786 7.02501 0
      vertex 176.844 7.04608 0
    endloop
  endfacet
  facet normal 0 0 -1
    outer loop
      vertex 168.3 0 0
      vertex 177.035 6.99028 0
      vertex 177.241 6.9568 0
    endloop
  endfacet
  facet normal -0 0 -1
    outer loop
      vertex 177.463 6.94565 0
      vertex 168.3 0 0
      vertex 177.241 6.9568 0
    endloop
  endfacet
  facet normal -0 0 -1
    outer loop
      vertex 177.035 6.99028 0
      vertex 168.3 0 0
      vertex 174.786 7.02501 0
    endloop
  endfacet
  facet normal 0 0 -1
    outer loop
      vertex 173.799 7.02501 0
      vertex 172.003 7.76228 0
      vertex 173.799 7.76228 0
    endloop
  endfacet
  facet normal 0 0 -1
    outer loop
      vertex 171.435 7.81349 0
      vertex 172.003 7.76228 0
      vertex 171.435 7.02501 0
    endloop
  endfacet
  facet normal 0 0 -1
    outer loop
      vertex 173.799 7.02501 0
      vertex 171.435 7.02501 0
      vertex 172.003 7.76228 0
    endloop
  endfacet
  facet normal -0 0 -1
    outer loop
      vertex 174.786 7.02501 0
      vertex 168.3 0 0
      vertex 173.799 7.02501 0
    endloop
  endfacet
  facet normal -0 0 -1
    outer loop
      vertex 173.799 7.02501 0
      vertex 168.3 0 0
      vertex 171.435 7.02501 0
    endloop
  endfacet
  facet normal -0 0 -1
    outer loop
      vertex 168.557 7.02501 0
      vertex 168.3 0 0
      vertex 168.557 11.0749 0
    endloop
  endfacet
  facet normal -0 0 -1
    outer loop
      vertex 171.435 7.02501 0
      vertex 168.3 0 0
      vertex 168.557 7.02501 0
    endloop
  endfacet
  facet normal 0 0 -1
    outer loop
      vertex 270 0 0
      vertex 227.072 64.2869 0
      vertex 270 141 0
    endloop
  endfacet
  facet normal 0 0 -1
    outer loop
      vertex 226.846 66.4077 0
      vertex 227.072 64.2869 0
      vertex 227.051 64.4219 0
    endloop
  endfacet
  facet normal 0 0 -1
    outer loop
      vertex 226.846 65.7537 0
      vertex 227.051 64.4219 0
      vertex 227.017 64.5489 0
    endloop
  endfacet
  facet normal 0 0 -1
    outer loop
      vertex 226.846 65.7537 0
      vertex 227.017 64.5489 0
      vertex 226.97 64.6679 0
    endloop
  endfacet
  facet normal 0 0 -1
    outer loop
      vertex 226.846 65.7537 0
      vertex 226.97 64.6679 0
      vertex 226.909 64.7788 0
    endloop
  endfacet
  facet normal 0 0 -1
    outer loop
      vertex 227.051 64.4219 0
      vertex 226.846 65.7537 0
      vertex 226.846 66.4077 0
    endloop
  endfacet
  facet normal 0 0 -1
    outer loop
      vertex 227.072 64.2869 0
      vertex 226.846 66.4077 0
      vertex 270 141 0
    endloop
  endfacet
  facet normal 0 0 -1
    outer loop
      vertex 206.161 130.531 0
      vertex 226.846 66.4077 0
      vertex 226.782 66.4287 0
    endloop
  endfacet
  facet normal 0 0 -1
    outer loop
      vertex 206.161 130.531 0
      vertex 226.782 66.4287 0
      vertex 226.717 66.4482 0
    endloop
  endfacet
  facet normal 0 0 -1
    outer loop
      vertex 206.161 130.531 0
      vertex 226.717 66.4482 0
      vertex 226.652 66.466 0
    endloop
  endfacet
  facet normal 0 0 -1
    outer loop
      vertex 206.161 130.531 0
      vertex 226.652 66.466 0
      vertex 226.587 66.4823 0
    endloop
  endfacet
  facet normal 0 0 -1
    outer loop
      vertex 206.161 130.531 0
      vertex 226.587 66.4823 0
      vertex 226.522 66.4971 0
    endloop
  endfacet
  facet normal 0 0 -1
    outer loop
      vertex 206.161 130.531 0
      vertex 226.522 66.4971 0
      vertex 226.456 66.5103 0
    endloop
  endfacet
  facet normal 0 0 -1
    outer loop
      vertex 206.161 130.531 0
      vertex 226.456 66.5103 0
      vertex 226.39 66.522 0
    endloop
  endfacet
  facet normal 0 0 -1
    outer loop
      vertex 206.161 130.531 0
      vertex 226.39 66.522 0
      vertex 226.324 66.5321 0
    endloop
  endfacet
  facet normal 0 0 -1
    outer loop
      vertex 206.161 130.531 0
      vertex 226.324 66.5321 0
      vertex 226.258 66.5406 0
    endloop
  endfacet
  facet normal 0 0 -1
    outer loop
      vertex 206.161 130.531 0
      vertex 226.258 66.5406 0
      vertex 226.19 66.5476 0
    endloop
  endfacet
  facet normal 0 0 -1
    outer loop
      vertex 206.161 130.531 0
      vertex 226.19 66.5476 0
      vertex 226.123 66.5531 0
    endloop
  endfacet
  facet normal 0 0 -1
    outer loop
      vertex 206.161 130.531 0
      vertex 226.123 66.5531 0
      vertex 226.054 66.557 0
    endloop
  endfacet
  facet normal 0 0 -1
    outer loop
      vertex 206.161 130.531 0
      vertex 226.054 66.557 0
      vertex 225.985 66.5593 0
    endloop
  endfacet
  facet normal 0 0 -1
    outer loop
      vertex 206.161 130.531 0
      vertex 225.985 66.5593 0
      vertex 225.916 66.5601 0
    endloop
  endfacet
  facet normal 0 0 -1
    outer loop
      vertex 206.161 130.531 0
      vertex 225.916 66.5601 0
      vertex 225.702 66.5498 0
    endloop
  endfacet
  facet normal 0 0 -1
    outer loop
      vertex 222.546 66.4836 0
      vertex 225.702 66.5498 0
      vertex 225.502 66.5191 0
    endloop
  endfacet
  facet normal 0 0 -1
    outer loop
      vertex 222.868 66.429 0
      vertex 225.502 66.5191 0
      vertex 225.315 66.4679 0
    endloop
  endfacet
  facet normal 0 0 -1
    outer loop
      vertex 223.004 66.388 0
      vertex 225.315 66.4679 0
      vertex 225.141 66.3962 0
    endloop
  endfacet
  facet normal 0 0 -1
    outer loop
      vertex 223.124 66.338 0
      vertex 225.141 66.3962 0
      vertex 224.981 66.304 0
    endloop
  endfacet
  facet normal 0 0 -1
    outer loop
      vertex 223.227 66.2788 0
      vertex 224.981 66.304 0
      vertex 224.835 66.1913 0
    endloop
  endfacet
  facet normal 0 0 -1
    outer loop
      vertex 223.389 66.1295 0
      vertex 224.835 66.1913 0
      vertex 224.702 66.0581 0
    endloop
  endfacet
  facet normal 0 0 -1
    outer loop
      vertex 223.45 66.0384 0
      vertex 224.702 66.0581 0
      vertex 224.584 65.907 0
    endloop
  endfacet
  facet normal 0 0 -1
    outer loop
      vertex 223.673 64.2421 0
      vertex 224.29 64.2204 0
      vertex 223.689 64.1572 0
    endloop
  endfacet
  facet normal 0 0 -1
    outer loop
      vertex 224.29 64.2204 0
      vertex 223.673 64.2421 0
      vertex 224.267 64.4413 0
    endloop
  endfacet
  facet normal 0 0 -1
    outer loop
      vertex 223.65 64.3229 0
      vertex 224.267 64.4413 0
      vertex 223.673 64.2421 0
    endloop
  endfacet
  facet normal 0 0 -1
    outer loop
      vertex 223.62 64.3993 0
      vertex 224.267 64.4413 0
      vertex 223.65 64.3229 0
    endloop
  endfacet
  facet normal -0 0 -1
    outer loop
      vertex 224.267 64.4413 0
      vertex 223.62 64.3993 0
      vertex 224.259 64.6781 0
    endloop
  endfacet
  facet normal 0 0 -1
    outer loop
      vertex 223.584 64.4715 0
      vertex 224.259 64.6781 0
      vertex 223.62 64.3993 0
    endloop
  endfacet
  facet normal 0 0 -1
    outer loop
      vertex 223.541 64.5395 0
      vertex 224.259 64.6781 0
      vertex 223.584 64.4715 0
    endloop
  endfacet
  facet normal -0 0 -1
    outer loop
      vertex 224.259 64.6781 0
      vertex 223.541 64.5395 0
      vertex 224.268 64.9213 0
    endloop
  endfacet
  facet normal 0 0 -1
    outer loop
      vertex 223.555 65.4924 0
      vertex 224.295 65.1492 0
      vertex 224.268 64.9213 0
    endloop
  endfacet
  facet normal 0 0 -1
    outer loop
      vertex 223.555 65.4924 0
      vertex 224.34 65.3617 0
      vertex 224.295 65.1492 0
    endloop
  endfacet
  facet normal 0 0 -1
    outer loop
      vertex 224.34 65.3617 0
      vertex 223.558 65.5647 0
      vertex 224.404 65.5588 0
    endloop
  endfacet
  facet normal 0 0 -1
    outer loop
      vertex 223.551 65.6995 0
      vertex 224.404 65.5588 0
      vertex 223.558 65.5647 0
    endloop
  endfacet
  facet normal 0 0 -1
    outer loop
      vertex 224.404 65.5588 0
      vertex 223.551 65.6995 0
      vertex 224.485 65.7406 0
    endloop
  endfacet
  facet normal 0 0 -1
    outer loop
      vertex 223.531 65.8234 0
      vertex 224.485 65.7406 0
      vertex 223.551 65.6995 0
    endloop
  endfacet
  facet normal 0 0 -1
    outer loop
      vertex 223.497 65.9364 0
      vertex 224.485 65.7406 0
      vertex 223.531 65.8234 0
    endloop
  endfacet
  facet normal 0 0 -1
    outer loop
      vertex 224.485 65.7406 0
      vertex 223.497 65.9364 0
      vertex 224.584 65.907 0
    endloop
  endfacet
  facet normal 0 0 -1
    outer loop
      vertex 223.45 66.0384 0
      vertex 224.584 65.907 0
      vertex 223.497 65.9364 0
    endloop
  endfacet
  facet normal -0 0 -1
    outer loop
      vertex 224.702 66.0581 0
      vertex 223.45 66.0384 0
      vertex 223.389 66.1295 0
    endloop
  endfacet
  facet normal -0 0 -1
    outer loop
      vertex 224.835 66.1913 0
      vertex 223.389 66.1295 0
      vertex 223.314 66.2096 0
    endloop
  endfacet
  facet normal 0 0 -1
    outer loop
      vertex 224.835 66.1913 0
      vertex 223.314 66.2096 0
      vertex 223.227 66.2788 0
    endloop
  endfacet
  facet normal -0 0 -1
    outer loop
      vertex 224.981 66.304 0
      vertex 223.227 66.2788 0
      vertex 223.124 66.338 0
    endloop
  endfacet
  facet normal 0 0 -1
    outer loop
      vertex 225.141 66.3962 0
      vertex 223.124 66.338 0
      vertex 223.004 66.388 0
    endloop
  endfacet
  facet normal 0 0 -1
    outer loop
      vertex 225.315 66.4679 0
      vertex 223.004 66.388 0
      vertex 222.868 66.429 0
    endloop
  endfacet
  facet normal 0 0 -1
    outer loop
      vertex 225.502 66.5191 0
      vertex 222.868 66.429 0
      vertex 222.715 66.4609 0
    endloop
  endfacet
  facet normal 0 0 -1
    outer loop
      vertex 225.502 66.5191 0
      vertex 222.715 66.4609 0
      vertex 222.546 66.4836 0
    endloop
  endfacet
  facet normal 0 0 -1
    outer loop
      vertex 225.702 66.5498 0
      vertex 222.546 66.4836 0
      vertex 222.36 66.4973 0
    endloop
  endfacet
  facet normal -0 0 -1
    outer loop
      vertex 225.702 66.5498 0
      vertex 222.36 66.4973 0
      vertex 206.161 130.531 0
    endloop
  endfacet
  facet normal 0 0 -1
    outer loop
      vertex 206.161 130.531 0
      vertex 222.36 66.4973 0
      vertex 222.157 66.5018 0
    endloop
  endfacet
  facet normal 0 0 -1
    outer loop
      vertex 206.161 130.531 0
      vertex 222.157 66.5018 0
      vertex 220.786 66.5018 0
    endloop
  endfacet
  facet normal 0 0 -1
    outer loop
      vertex 226.846 66.4077 0
      vertex 206.161 130.531 0
      vertex 270 141 0
    endloop
  endfacet
  facet normal 0 0 -1
    outer loop
      vertex 205.507 134.397 0
      vertex 206.161 130.531 0
      vertex 205.517 134.197 0
    endloop
  endfacet
  facet normal 0 0 -1
    outer loop
      vertex 206.161 130.531 0
      vertex 205.507 134.397 0
      vertex 270 141 0
    endloop
  endfacet
  facet normal 0 0 -1
    outer loop
      vertex 205.479 134.58 0
      vertex 270 141 0
      vertex 205.507 134.397 0
    endloop
  endfacet
  facet normal 0 0 -1
    outer loop
      vertex 205.431 134.747 0
      vertex 270 141 0
      vertex 205.479 134.58 0
    endloop
  endfacet
  facet normal 0 0 -1
    outer loop
      vertex 205.364 134.899 0
      vertex 270 141 0
      vertex 205.431 134.747 0
    endloop
  endfacet
  facet normal 0 0 -1
    outer loop
      vertex 205.279 135.035 0
      vertex 270 141 0
      vertex 205.364 134.899 0
    endloop
  endfacet
  facet normal 0 0 -1
    outer loop
      vertex 205.174 135.154 0
      vertex 270 141 0
      vertex 205.279 135.035 0
    endloop
  endfacet
  facet normal 0 0 -1
    outer loop
      vertex 205.05 135.258 0
      vertex 270 141 0
      vertex 205.174 135.154 0
    endloop
  endfacet
  facet normal 0 0 -1
    outer loop
      vertex 204.906 135.347 0
      vertex 270 141 0
      vertex 205.05 135.258 0
    endloop
  endfacet
  facet normal 0 0 -1
    outer loop
      vertex 204.74 135.422 0
      vertex 270 141 0
      vertex 204.906 135.347 0
    endloop
  endfacet
  facet normal 0 0 -1
    outer loop
      vertex 204.553 135.484 0
      vertex 270 141 0
      vertex 204.74 135.422 0
    endloop
  endfacet
  facet normal 0 0 -1
    outer loop
      vertex 204.343 135.532 0
      vertex 270 141 0
      vertex 204.553 135.484 0
    endloop
  endfacet
  facet normal 0 0 -1
    outer loop
      vertex 204.112 135.566 0
      vertex 270 141 0
      vertex 204.343 135.532 0
    endloop
  endfacet
  facet normal 0 0 -1
    outer loop
      vertex 203.859 135.587 0
      vertex 270 141 0
      vertex 204.112 135.566 0
    endloop
  endfacet
  facet normal 0 0 -1
    outer loop
      vertex 168.3 141 0
      vertex 203.859 135.587 0
      vertex 203.584 135.594 0
    endloop
  endfacet
  facet normal 0 0 -1
    outer loop
      vertex 168.3 141 0
      vertex 203.584 135.594 0
      vertex 201.59 135.594 0
    endloop
  endfacet
  facet normal 0 0 -1
    outer loop
      vertex 200.348 132.678 0
      vertex 201.59 130.531 0
      vertex 200.555 131.517 0
    endloop
  endfacet
  facet normal 0 0 -1
    outer loop
      vertex 201.59 130.531 0
      vertex 200.348 132.678 0
      vertex 201.59 135.594 0
    endloop
  endfacet
  facet normal 0 0 -1
    outer loop
      vertex 200.481 135.594 0
      vertex 201.59 135.594 0
      vertex 200.481 134.608 0
    endloop
  endfacet
  facet normal 0 0 -1
    outer loop
      vertex 168.3 141 0
      vertex 201.59 135.594 0
      vertex 200.481 135.594 0
    endloop
  endfacet
  facet normal 0 0 -1
    outer loop
      vertex 168.3 141 0
      vertex 200.481 135.594 0
      vertex 196.958 135.594 0
    endloop
  endfacet
  facet normal 0 0 -1
    outer loop
      vertex 196.089 133.227 0
      vertex 196.958 135.594 0
      vertex 196.092 133.068 0
    endloop
  endfacet
  facet normal 0 0 -1
    outer loop
      vertex 196.078 133.381 0
      vertex 196.958 135.594 0
      vertex 196.089 133.227 0
    endloop
  endfacet
  facet normal 0 0 -1
    outer loop
      vertex 196.06 133.531 0
      vertex 196.958 135.594 0
      vertex 196.078 133.381 0
    endloop
  endfacet
  facet normal 0 0 -1
    outer loop
      vertex 196.036 133.676 0
      vertex 196.958 135.594 0
      vertex 196.06 133.531 0
    endloop
  endfacet
  facet normal 0 0 -1
    outer loop
      vertex 196.004 133.816 0
      vertex 196.958 135.594 0
      vertex 196.036 133.676 0
    endloop
  endfacet
  facet normal 0 0 -1
    outer loop
      vertex 195.965 133.951 0
      vertex 196.958 135.594 0
      vertex 196.004 133.816 0
    endloop
  endfacet
  facet normal 0 0 -1
    outer loop
      vertex 195.919 134.081 0
      vertex 196.958 135.594 0
      vertex 195.965 133.951 0
    endloop
  endfacet
  facet normal 0 0 -1
    outer loop
      vertex 195.866 134.207 0
      vertex 196.958 135.594 0
      vertex 195.919 134.081 0
    endloop
  endfacet
  facet normal 0 0 -1
    outer loop
      vertex 195.805 134.329 0
      vertex 196.958 135.594 0
      vertex 195.866 134.207 0
    endloop
  endfacet
  facet normal 0 0 -1
    outer loop
      vertex 195.737 134.446 0
      vertex 196.958 135.594 0
      vertex 195.805 134.329 0
    endloop
  endfacet
  facet normal 0 0 -1
    outer loop
      vertex 195.662 134.559 0
      vertex 196.958 135.594 0
      vertex 195.737 134.446 0
    endloop
  endfacet
  facet normal 0 0 -1
    outer loop
      vertex 195.579 134.667 0
      vertex 196.958 135.594 0
      vertex 195.662 134.559 0
    endloop
  endfacet
  facet normal 0 0 -1
    outer loop
      vertex 195.488 134.771 0
      vertex 196.958 135.594 0
      vertex 195.579 134.667 0
    endloop
  endfacet
  facet normal 0 0 -1
    outer loop
      vertex 195.39 134.871 0
      vertex 196.958 135.594 0
      vertex 195.488 134.771 0
    endloop
  endfacet
  facet normal 0 0 -1
    outer loop
      vertex 195.272 134.979 0
      vertex 196.958 135.594 0
      vertex 195.39 134.871 0
    endloop
  endfacet
  facet normal 0 0 -1
    outer loop
      vertex 195.147 135.077 0
      vertex 196.958 135.594 0
      vertex 195.272 134.979 0
    endloop
  endfacet
  facet normal 0 0 -1
    outer loop
      vertex 195.015 135.167 0
      vertex 196.958 135.594 0
      vertex 195.147 135.077 0
    endloop
  endfacet
  facet normal 0 0 -1
    outer loop
      vertex 194.877 135.246 0
      vertex 196.958 135.594 0
      vertex 195.015 135.167 0
    endloop
  endfacet
  facet normal 0 0 -1
    outer loop
      vertex 194.732 135.317 0
      vertex 196.958 135.594 0
      vertex 194.877 135.246 0
    endloop
  endfacet
  facet normal 0 0 -1
    outer loop
      vertex 194.58 135.378 0
      vertex 196.958 135.594 0
      vertex 194.732 135.317 0
    endloop
  endfacet
  facet normal 0 0 -1
    outer loop
      vertex 194.422 135.429 0
      vertex 196.958 135.594 0
      vertex 194.58 135.378 0
    endloop
  endfacet
  facet normal 0 0 -1
    outer loop
      vertex 194.249 135.473 0
      vertex 196.958 135.594 0
      vertex 194.422 135.429 0
    endloop
  endfacet
  facet normal 0 0 -1
    outer loop
      vertex 194.052 135.51 0
      vertex 196.958 135.594 0
      vertex 194.249 135.473 0
    endloop
  endfacet
  facet normal 0 0 -1
    outer loop
      vertex 193.83 135.54 0
      vertex 196.958 135.594 0
      vertex 194.052 135.51 0
    endloop
  endfacet
  facet normal 0 0 -1
    outer loop
      vertex 193.585 135.563 0
      vertex 196.958 135.594 0
      vertex 193.83 135.54 0
    endloop
  endfacet
  facet normal 0 0 -1
    outer loop
      vertex 193.316 135.58 0
      vertex 196.958 135.594 0
      vertex 193.585 135.563 0
    endloop
  endfacet
  facet normal -0 0 -1
    outer loop
      vertex 196.958 135.594 0
      vertex 193.316 135.58 0
      vertex 168.3 141 0
    endloop
  endfacet
  facet normal 0 0 -1
    outer loop
      vertex 168.3 141 0
      vertex 193.316 135.58 0
      vertex 193.022 135.59 0
    endloop
  endfacet
  facet normal 0 0 -1
    outer loop
      vertex 168.3 141 0
      vertex 193.022 135.59 0
      vertex 192.705 135.594 0
    endloop
  endfacet
  facet normal 0 0 -1
    outer loop
      vertex 168.3 141 0
      vertex 192.705 135.594 0
      vertex 191.328 135.594 0
    endloop
  endfacet
  facet normal 0 0 -1
    outer loop
      vertex 190.11 130.531 0
      vertex 191.328 130.531 0
      vertex 191.247 111.362 0
    endloop
  endfacet
  facet normal 0 0 -1
    outer loop
      vertex 190.11 130.531 0
      vertex 191.247 111.362 0
      vertex 190.378 111.362 0
    endloop
  endfacet
  facet normal 0 0 -1
    outer loop
      vertex 191.328 130.531 0
      vertex 190.11 130.531 0
      vertex 191.328 135.594 0
    endloop
  endfacet
  facet normal 0 0 -1
    outer loop
      vertex 190.11 135.594 0
      vertex 191.328 135.594 0
      vertex 190.11 130.531 0
    endloop
  endfacet
  facet normal 0 0 -1
    outer loop
      vertex 168.3 141 0
      vertex 191.328 135.594 0
      vertex 190.11 135.594 0
    endloop
  endfacet
  facet normal 0 0 -1
    outer loop
      vertex 168.3 141 0
      vertex 190.11 135.594 0
      vertex 188.805 135.594 0
    endloop
  endfacet
  facet normal 0 0 -1
    outer loop
      vertex 188.599 110.56 0
      vertex 188.805 130.531 0
      vertex 188.748 108.928 0
    endloop
  endfacet
  facet normal 0 0 -1
    outer loop
      vertex 188.599 110.56 0
      vertex 188.748 108.928 0
      vertex 188.738 109.017 0
    endloop
  endfacet
  facet normal 0 0 -1
    outer loop
      vertex 188.606 110.425 0
      vertex 188.738 109.017 0
      vertex 188.721 109.102 0
    endloop
  endfacet
  facet normal 0 0 -1
    outer loop
      vertex 188.604 110.352 0
      vertex 188.721 109.102 0
      vertex 188.698 109.183 0
    endloop
  endfacet
  facet normal 0 0 -1
    outer loop
      vertex 188.604 110.352 0
      vertex 188.698 109.183 0
      vertex 188.669 109.259 0
    endloop
  endfacet
  facet normal 0 0 -1
    outer loop
      vertex 188.567 110.154 0
      vertex 188.669 109.259 0
      vertex 188.632 109.332 0
    endloop
  endfacet
  facet normal 0 0 -1
    outer loop
      vertex 188.738 109.017 0
      vertex 188.606 110.425 0
      vertex 188.599 110.56 0
    endloop
  endfacet
  facet normal 0 0 -1
    outer loop
      vertex 188.579 110.683 0
      vertex 188.805 130.531 0
      vertex 188.599 110.56 0
    endloop
  endfacet
  facet normal 0 0 -1
    outer loop
      vertex 188.545 110.796 0
      vertex 188.805 130.531 0
      vertex 188.579 110.683 0
    endloop
  endfacet
  facet normal 0 0 -1
    outer loop
      vertex 188.498 110.898 0
      vertex 188.805 130.531 0
      vertex 188.545 110.796 0
    endloop
  endfacet
  facet normal 0 0 -1
    outer loop
      vertex 188.437 110.989 0
      vertex 188.805 130.531 0
      vertex 188.498 110.898 0
    endloop
  endfacet
  facet normal 0 0 -1
    outer loop
      vertex 188.363 111.07 0
      vertex 188.805 130.531 0
      vertex 188.437 110.989 0
    endloop
  endfacet
  facet normal 0 0 -1
    outer loop
      vertex 188.275 111.139 0
      vertex 188.805 130.531 0
      vertex 188.363 111.07 0
    endloop
  endfacet
  facet normal 0 0 -1
    outer loop
      vertex 188.172 111.198 0
      vertex 188.805 130.531 0
      vertex 188.275 111.139 0
    endloop
  endfacet
  facet normal 0 0 -1
    outer loop
      vertex 188.805 130.531 0
      vertex 188.259 135.594 0
      vertex 188.805 135.594 0
    endloop
  endfacet
  facet normal 0 0 -1
    outer loop
      vertex 168.3 141 0
      vertex 188.805 135.594 0
      vertex 188.259 135.594 0
    endloop
  endfacet
  facet normal 0 0 -1
    outer loop
      vertex 168.3 141 0
      vertex 188.259 135.594 0
      vertex 186.947 135.594 0
    endloop
  endfacet
  facet normal 0 0 -1
    outer loop
      vertex 184.265 135.594 0
      vertex 186.947 135.594 0
      vertex 185.608 131.857 0
    endloop
  endfacet
  facet normal 0 0 -1
    outer loop
      vertex 168.3 141 0
      vertex 186.947 135.594 0
      vertex 184.265 135.594 0
    endloop
  endfacet
  facet normal 0 0 -1
    outer loop
      vertex 168.3 141 0
      vertex 184.265 135.594 0
      vertex 182.953 135.594 0
    endloop
  endfacet
  facet normal 0 0 -1
    outer loop
      vertex 182.339 135.594 0
      vertex 182.953 135.594 0
      vertex 182.339 130.531 0
    endloop
  endfacet
  facet normal 0 0 -1
    outer loop
      vertex 168.3 141 0
      vertex 182.953 135.594 0
      vertex 182.339 135.594 0
    endloop
  endfacet
  facet normal 0 0 -1
    outer loop
      vertex 168.3 141 0
      vertex 182.339 135.594 0
      vertex 181.033 135.594 0
    endloop
  endfacet
  facet normal 0 0 -1
    outer loop
      vertex 180.164 133.227 0
      vertex 181.033 135.594 0
      vertex 180.168 133.068 0
    endloop
  endfacet
  facet normal 0 0 -1
    outer loop
      vertex 180.154 133.381 0
      vertex 181.033 135.594 0
      vertex 180.164 133.227 0
    endloop
  endfacet
  facet normal 0 0 -1
    outer loop
      vertex 180.136 133.531 0
      vertex 181.033 135.594 0
      vertex 180.154 133.381 0
    endloop
  endfacet
  facet normal 0 0 -1
    outer loop
      vertex 180.111 133.676 0
      vertex 181.033 135.594 0
      vertex 180.136 133.531 0
    endloop
  endfacet
  facet normal 0 0 -1
    outer loop
      vertex 180.08 133.816 0
      vertex 181.033 135.594 0
      vertex 180.111 133.676 0
    endloop
  endfacet
  facet normal 0 0 -1
    outer loop
      vertex 180.041 133.951 0
      vertex 181.033 135.594 0
      vertex 180.08 133.816 0
    endloop
  endfacet
  facet normal 0 0 -1
    outer loop
      vertex 179.995 134.081 0
      vertex 181.033 135.594 0
      vertex 180.041 133.951 0
    endloop
  endfacet
  facet normal 0 0 -1
    outer loop
      vertex 179.942 134.207 0
      vertex 181.033 135.594 0
      vertex 179.995 134.081 0
    endloop
  endfacet
  facet normal 0 0 -1
    outer loop
      vertex 179.881 134.329 0
      vertex 181.033 135.594 0
      vertex 179.942 134.207 0
    endloop
  endfacet
  facet normal 0 0 -1
    outer loop
      vertex 179.813 134.446 0
      vertex 181.033 135.594 0
      vertex 179.881 134.329 0
    endloop
  endfacet
  facet normal 0 0 -1
    outer loop
      vertex 179.737 134.559 0
      vertex 181.033 135.594 0
      vertex 179.813 134.446 0
    endloop
  endfacet
  facet normal 0 0 -1
    outer loop
      vertex 179.654 134.667 0
      vertex 181.033 135.594 0
      vertex 179.737 134.559 0
    endloop
  endfacet
  facet normal 0 0 -1
    outer loop
      vertex 179.564 134.771 0
      vertex 181.033 135.594 0
      vertex 179.654 134.667 0
    endloop
  endfacet
  facet normal 0 0 -1
    outer loop
      vertex 179.466 134.871 0
      vertex 181.033 135.594 0
      vertex 179.564 134.771 0
    endloop
  endfacet
  facet normal 0 0 -1
    outer loop
      vertex 179.347 134.979 0
      vertex 181.033 135.594 0
      vertex 179.466 134.871 0
    endloop
  endfacet
  facet normal 0 0 -1
    outer loop
      vertex 179.222 135.077 0
      vertex 181.033 135.594 0
      vertex 179.347 134.979 0
    endloop
  endfacet
  facet normal 0 0 -1
    outer loop
      vertex 179.09 135.167 0
      vertex 181.033 135.594 0
      vertex 179.222 135.077 0
    endloop
  endfacet
  facet normal 0 0 -1
    outer loop
      vertex 178.952 135.246 0
      vertex 181.033 135.594 0
      vertex 179.09 135.167 0
    endloop
  endfacet
  facet normal 0 0 -1
    outer loop
      vertex 178.807 135.317 0
      vertex 181.033 135.594 0
      vertex 178.952 135.246 0
    endloop
  endfacet
  facet normal 0 0 -1
    outer loop
      vertex 178.656 135.378 0
      vertex 181.033 135.594 0
      vertex 178.807 135.317 0
    endloop
  endfacet
  facet normal 0 0 -1
    outer loop
      vertex 178.498 135.429 0
      vertex 181.033 135.594 0
      vertex 178.656 135.378 0
    endloop
  endfacet
  facet normal 0 0 -1
    outer loop
      vertex 178.325 135.473 0
      vertex 181.033 135.594 0
      vertex 178.498 135.429 0
    endloop
  endfacet
  facet normal 0 0 -1
    outer loop
      vertex 178.127 135.51 0
      vertex 181.033 135.594 0
      vertex 178.325 135.473 0
    endloop
  endfacet
  facet normal 0 0 -1
    outer loop
      vertex 177.906 135.54 0
      vertex 181.033 135.594 0
      vertex 178.127 135.51 0
    endloop
  endfacet
  facet normal -0 0 -1
    outer loop
      vertex 181.033 135.594 0
      vertex 177.906 135.54 0
      vertex 168.3 141 0
    endloop
  endfacet
  facet normal 0 0 -1
    outer loop
      vertex 168.3 141 0
      vertex 177.906 135.54 0
      vertex 177.661 135.563 0
    endloop
  endfacet
  facet normal 0 0 -1
    outer loop
      vertex 168.3 141 0
      vertex 177.661 135.563 0
      vertex 177.391 135.58 0
    endloop
  endfacet
  facet normal 0 0 -1
    outer loop
      vertex 168.3 141 0
      vertex 177.391 135.58 0
      vertex 177.098 135.59 0
    endloop
  endfacet
  facet normal 0 0 -1
    outer loop
      vertex 168.3 141 0
      vertex 177.098 135.59 0
      vertex 176.781 135.594 0
    endloop
  endfacet
  facet normal 0 0 -1
    outer loop
      vertex 168.3 141 0
      vertex 176.781 135.594 0
      vertex 175.404 135.594 0
    endloop
  endfacet
  facet normal 0 0 -1
    outer loop
      vertex 175.404 130.531 0
      vertex 172.097 133.024 0
      vertex 175.404 135.594 0
    endloop
  endfacet
  facet normal 0 0 -1
    outer loop
      vertex 168.991 134.678 0
      vertex 172.097 133.024 0
      vertex 169.967 133.024 0
    endloop
  endfacet
  facet normal -0 0 -1
    outer loop
      vertex 169.967 132.038 0
      vertex 168.991 131.587 0
      vertex 169.967 133.024 0
    endloop
  endfacet
  facet normal 0 0 -1
    outer loop
      vertex 168.3 131.823 0
      vertex 169.967 133.024 0
      vertex 168.991 131.587 0
    endloop
  endfacet
  facet normal 0 0 -1
    outer loop
      vertex 168.991 134.678 0
      vertex 169.967 133.024 0
      vertex 168.991 133.831 0
    endloop
  endfacet
  facet normal 0 0 -1
    outer loop
      vertex 172.097 133.024 0
      vertex 168.991 134.678 0
      vertex 175.404 135.594 0
    endloop
  endfacet
  facet normal 0 0 -1
    outer loop
      vertex 203.859 135.587 0
      vertex 168.3 141 0
      vertex 270 141 0
    endloop
  endfacet
  facet normal 0 0 -1
    outer loop
      vertex 168.991 134.678 0
      vertex 168.3 141 0
      vertex 175.404 135.594 0
    endloop
  endfacet
  facet normal 0 0 -1
    outer loop
      vertex 168.3 141 0
      vertex 168.991 134.678 0
      vertex 168.3 134.429 0
    endloop
  endfacet
  facet normal 0 0 -1
    outer loop
      vertex 226.889 63.4459 0
      vertex 226.8 60.683 0
      vertex 226.805 63.3341 0
    endloop
  endfacet
  facet normal 0 0 -1
    outer loop
      vertex 226.8 60.683 0
      vertex 226.706 63.2316 0
      vertex 226.805 63.3341 0
    endloop
  endfacet
  facet normal 0 0 -1
    outer loop
      vertex 226.8 60.683 0
      vertex 226.594 63.1406 0
      vertex 226.706 63.2316 0
    endloop
  endfacet
  facet normal 0 0 -1
    outer loop
      vertex 226.8 60.683 0
      vertex 226.472 63.0636 0
      vertex 226.594 63.1406 0
    endloop
  endfacet
  facet normal 0 0 -1
    outer loop
      vertex 226.8 60.683 0
      vertex 226.34 63.0007 0
      vertex 226.472 63.0636 0
    endloop
  endfacet
  facet normal 0 0 -1
    outer loop
      vertex 226.8 60.683 0
      vertex 226.197 62.9517 0
      vertex 226.34 63.0007 0
    endloop
  endfacet
  facet normal 0 0 -1
    outer loop
      vertex 225.4 61.183 0
      vertex 226.197 62.9517 0
      vertex 226.8 60.683 0
    endloop
  endfacet
  facet normal 0 0 -1
    outer loop
      vertex 226.197 62.9517 0
      vertex 225.4 61.183 0
      vertex 226.044 62.9167 0
    endloop
  endfacet
  facet normal 0 0 -1
    outer loop
      vertex 226.044 62.9167 0
      vertex 225.4 61.183 0
      vertex 225.881 62.8957 0
    endloop
  endfacet
  facet normal 0 0 -1
    outer loop
      vertex 225.881 62.8957 0
      vertex 225.4 61.183 0
      vertex 225.707 62.8887 0
    endloop
  endfacet
  facet normal 0 0 -1
    outer loop
      vertex 225.4 61.183 0
      vertex 226.8 60.683 0
      vertex 225.4 60.683 0
    endloop
  endfacet
  facet normal -0 0 -1
    outer loop
      vertex 225.707 62.8887 0
      vertex 225.4 61.183 0
      vertex 225.516 62.8982 0
    endloop
  endfacet
  facet normal 0 0 -1
    outer loop
      vertex 225.4 61.183 0
      vertex 225.338 62.9268 0
      vertex 225.516 62.8982 0
    endloop
  endfacet
  facet normal 0 0 -1
    outer loop
      vertex 225.4 61.183 0
      vertex 225.172 62.9744 0
      vertex 225.338 62.9268 0
    endloop
  endfacet
  facet normal 0 0 -1
    outer loop
      vertex 225.4 61.183 0
      vertex 225.019 63.041 0
      vertex 225.172 62.9744 0
    endloop
  endfacet
  facet normal 0 0 -1
    outer loop
      vertex 225.4 61.183 0
      vertex 224.879 63.1266 0
      vertex 225.019 63.041 0
    endloop
  endfacet
  facet normal 0 0 -1
    outer loop
      vertex 223.25 63.1431 0
      vertex 224.879 63.1266 0
      vertex 225.4 61.183 0
    endloop
  endfacet
  facet normal 0 -0 -1
    outer loop
      vertex 223.356 63.2099 0
      vertex 224.879 63.1266 0
      vertex 223.25 63.1431 0
    endloop
  endfacet
  facet normal 0 -0 -1
    outer loop
      vertex 223.448 63.2871 0
      vertex 224.752 63.2313 0
      vertex 223.356 63.2099 0
    endloop
  endfacet
  facet normal 0 0 -1
    outer loop
      vertex 224.752 63.2313 0
      vertex 223.448 63.2871 0
      vertex 224.638 63.3551 0
    endloop
  endfacet
  facet normal 0 0 -1
    outer loop
      vertex 224.638 63.3551 0
      vertex 223.526 63.375 0
      vertex 224.537 63.4963 0
    endloop
  endfacet
  facet normal 0 0 -1
    outer loop
      vertex 223.689 64.1572 0
      vertex 224.29 64.2204 0
      vertex 223.699 64.0679 0
    endloop
  endfacet
  facet normal 0 0 -1
    outer loop
      vertex 224.329 64.0155 0
      vertex 223.699 64.0679 0
      vertex 224.29 64.2204 0
    endloop
  endfacet
  facet normal 0 0 -1
    outer loop
      vertex 223.699 64.0679 0
      vertex 224.329 64.0155 0
      vertex 223.702 63.9744 0
    endloop
  endfacet
  facet normal 0 0 -1
    outer loop
      vertex 223.695 63.8332 0
      vertex 224.329 64.0155 0
      vertex 224.383 63.8265 0
    endloop
  endfacet
  facet normal 0 -0 -1
    outer loop
      vertex 223.639 63.5828 0
      vertex 224.537 63.4963 0
      vertex 223.589 63.4735 0
    endloop
  endfacet
  facet normal 0 0 -1
    outer loop
      vertex 224.329 64.0155 0
      vertex 223.695 63.8332 0
      vertex 223.702 63.9744 0
    endloop
  endfacet
  facet normal -0 0 -1
    outer loop
      vertex 224.383 63.8265 0
      vertex 223.674 63.7027 0
      vertex 223.695 63.8332 0
    endloop
  endfacet
  facet normal 0 0 -1
    outer loop
      vertex 224.452 63.6534 0
      vertex 223.674 63.7027 0
      vertex 224.383 63.8265 0
    endloop
  endfacet
  facet normal 0 -0 -1
    outer loop
      vertex 223.674 63.7027 0
      vertex 224.452 63.6534 0
      vertex 223.639 63.5828 0
    endloop
  endfacet
  facet normal 0 0 -1
    outer loop
      vertex 224.537 63.4963 0
      vertex 223.639 63.5828 0
      vertex 224.452 63.6534 0
    endloop
  endfacet
  facet normal 0 -0 -1
    outer loop
      vertex 223.589 63.4735 0
      vertex 224.537 63.4963 0
      vertex 223.526 63.375 0
    endloop
  endfacet
  facet normal 0 -0 -1
    outer loop
      vertex 223.526 63.375 0
      vertex 224.638 63.3551 0
      vertex 223.448 63.2871 0
    endloop
  endfacet
  facet normal 0 0 -1
    outer loop
      vertex 224.879 63.1266 0
      vertex 223.356 63.2099 0
      vertex 224.752 63.2313 0
    endloop
  endfacet
  facet normal 0 0 -1
    outer loop
      vertex 225.4 61.183 0
      vertex 223.128 63.0866 0
      vertex 223.25 63.1431 0
    endloop
  endfacet
  facet normal 0 0 -1
    outer loop
      vertex 222.2 61.183 0
      vertex 223.128 63.0866 0
      vertex 225.4 61.183 0
    endloop
  endfacet
  facet normal 0 0 -1
    outer loop
      vertex 223.128 63.0866 0
      vertex 222.2 61.183 0
      vertex 222.993 63.0403 0
    endloop
  endfacet
  facet normal 0 0 -1
    outer loop
      vertex 222.993 63.0403 0
      vertex 222.2 61.183 0
      vertex 222.842 63.0044 0
    endloop
  endfacet
  facet normal 0 0 -1
    outer loop
      vertex 222.842 63.0044 0
      vertex 222.2 61.183 0
      vertex 222.677 62.9787 0
    endloop
  endfacet
  facet normal 0 0 -1
    outer loop
      vertex 222.677 62.9787 0
      vertex 222.2 61.183 0
      vertex 222.497 62.9633 0
    endloop
  endfacet
  facet normal 0 0 -1
    outer loop
      vertex 222.497 62.9633 0
      vertex 222.2 61.183 0
      vertex 222.302 62.9582 0
    endloop
  endfacet
  facet normal -0 0 -1
    outer loop
      vertex 222.302 62.9582 0
      vertex 222.2 61.183 0
      vertex 220.786 62.9582 0
    endloop
  endfacet
  facet normal -0 0 -1
    outer loop
      vertex 226.8 54.683 0
      vertex 225.4 54.183 0
      vertex 225.4 54.683 0
    endloop
  endfacet
  facet normal 0 0 -1
    outer loop
      vertex 206.877 9.27267 0
      vertex 206.631 10.0629 0
      vertex 206.728 10.0099 0
    endloop
  endfacet
  facet normal 0 0 -1
    outer loop
      vertex 206.877 9.27267 0
      vertex 206.534 10.1118 0
      vertex 206.631 10.0629 0
    endloop
  endfacet
  facet normal 0 0 -1
    outer loop
      vertex 206.877 9.27267 0
      vertex 206.438 10.1567 0
      vertex 206.534 10.1118 0
    endloop
  endfacet
  facet normal 0 0 -1
    outer loop
      vertex 206.877 9.27267 0
      vertex 206.341 10.1977 0
      vertex 206.438 10.1567 0
    endloop
  endfacet
  facet normal 0 0 -1
    outer loop
      vertex 205.249 9.27267 0
      vertex 206.341 10.1977 0
      vertex 206.877 9.27267 0
    endloop
  endfacet
  facet normal -0 0 -1
    outer loop
      vertex 206.341 10.1977 0
      vertex 205.249 9.27267 0
      vertex 206.245 10.2347 0
    endloop
  endfacet
  facet normal -0 0 -1
    outer loop
      vertex 206.245 10.2347 0
      vertex 205.249 9.27267 0
      vertex 206.149 10.2677 0
    endloop
  endfacet
  facet normal -0 0 -1
    outer loop
      vertex 206.149 10.2677 0
      vertex 205.249 9.27267 0
      vertex 206.054 10.2967 0
    endloop
  endfacet
  facet normal -0 0 -1
    outer loop
      vertex 206.054 10.2967 0
      vertex 205.249 9.27267 0
      vertex 205.958 10.3218 0
    endloop
  endfacet
  facet normal -0 0 -1
    outer loop
      vertex 205.958 10.3218 0
      vertex 205.249 9.27267 0
      vertex 205.862 10.3431 0
    endloop
  endfacet
  facet normal -0 0 -1
    outer loop
      vertex 205.862 10.3431 0
      vertex 205.249 9.27267 0
      vertex 205.766 10.3605 0
    endloop
  endfacet
  facet normal -0 0 -1
    outer loop
      vertex 205.766 10.3605 0
      vertex 205.249 9.27267 0
      vertex 205.67 10.374 0
    endloop
  endfacet
  facet normal -0 0 -1
    outer loop
      vertex 205.67 10.374 0
      vertex 205.249 9.27267 0
      vertex 205.574 10.3837 0
    endloop
  endfacet
  facet normal -0 0 -1
    outer loop
      vertex 205.574 10.3837 0
      vertex 205.249 9.27267 0
      vertex 205.478 10.3895 0
    endloop
  endfacet
  facet normal -0 0 -1
    outer loop
      vertex 205.478 10.3895 0
      vertex 205.249 9.27267 0
      vertex 205.382 10.3914 0
    endloop
  endfacet
  facet normal 0 0 -1
    outer loop
      vertex 205.382 10.3914 0
      vertex 205.249 9.27267 0
      vertex 205.21 10.3843 0
    endloop
  endfacet
  facet normal -0 0 -1
    outer loop
      vertex 203.265 132.448 0
      vertex 202.896 130.531 0
      vertex 202.896 132.448 0
    endloop
  endfacet
  facet normal -0 0 -1
    outer loop
      vertex 203.016 9.3174 0
      vertex 199.422 9.092 0
      vertex 200.773 11.0749 0
    endloop
  endfacet
  facet normal 0 0 -1
    outer loop
      vertex 201.59 135.594 0
      vertex 200.348 133.664 0
      vertex 200.481 134.608 0
    endloop
  endfacet
  facet normal 0 0 -1
    outer loop
      vertex 198.263 134.608 0
      vertex 200.348 133.664 0
      vertex 198.263 133.664 0
    endloop
  endfacet
  facet normal 0 0 -1
    outer loop
      vertex 200.348 133.664 0
      vertex 198.263 134.608 0
      vertex 200.481 134.608 0
    endloop
  endfacet
  facet normal -0 0 -1
    outer loop
      vertex 200.555 130.531 0
      vertex 195.198 111.268 0
      vertex 196.958 130.531 0
    endloop
  endfacet
  facet normal 0 0 -1
    outer loop
      vertex 195.198 111.268 0
      vertex 195.423 109.147 0
      vertex 195.403 109.282 0
    endloop
  endfacet
  facet normal 0 0 -1
    outer loop
      vertex 196.958 130.531 0
      vertex 195.488 131.354 0
      vertex 195.579 131.458 0
    endloop
  endfacet
  facet normal 0 0 -1
    outer loop
      vertex 195.198 110.614 0
      vertex 195.403 109.282 0
      vertex 195.369 109.409 0
    endloop
  endfacet
  facet normal 0 0 -1
    outer loop
      vertex 195.198 110.614 0
      vertex 195.369 109.409 0
      vertex 195.321 109.528 0
    endloop
  endfacet
  facet normal 0 0 -1
    outer loop
      vertex 196.958 130.531 0
      vertex 195.39 131.254 0
      vertex 195.488 131.354 0
    endloop
  endfacet
  facet normal 0 0 -1
    outer loop
      vertex 195.198 110.614 0
      vertex 195.321 109.528 0
      vertex 195.26 109.639 0
    endloop
  endfacet
  facet normal 0 0 -1
    outer loop
      vertex 195.403 109.282 0
      vertex 195.198 110.614 0
      vertex 195.198 111.268 0
    endloop
  endfacet
  facet normal 0 0 -1
    outer loop
      vertex 196.958 130.531 0
      vertex 195.271 131.146 0
      vertex 195.39 131.254 0
    endloop
  endfacet
  facet normal 0 0 -1
    outer loop
      vertex 196.958 130.531 0
      vertex 195.144 131.047 0
      vertex 195.271 131.146 0
    endloop
  endfacet
  facet normal 0 0 -1
    outer loop
      vertex 195.068 111.308 0
      vertex 196.958 130.531 0
      vertex 195.133 111.289 0
    endloop
  endfacet
  facet normal 0 0 -1
    outer loop
      vertex 195.004 111.326 0
      vertex 196.958 130.531 0
      vertex 195.068 111.308 0
    endloop
  endfacet
  facet normal 0 0 -1
    outer loop
      vertex 196.958 130.531 0
      vertex 195.012 130.958 0
      vertex 195.144 131.047 0
    endloop
  endfacet
  facet normal 0 0 -1
    outer loop
      vertex 194.938 111.342 0
      vertex 196.958 130.531 0
      vertex 195.004 111.326 0
    endloop
  endfacet
  facet normal 0 0 -1
    outer loop
      vertex 194.873 111.357 0
      vertex 196.958 130.531 0
      vertex 194.938 111.342 0
    endloop
  endfacet
  facet normal 0 0 -1
    outer loop
      vertex 194.808 111.37 0
      vertex 196.958 130.531 0
      vertex 194.873 111.357 0
    endloop
  endfacet
  facet normal 0 0 -1
    outer loop
      vertex 196.958 130.531 0
      vertex 194.872 130.879 0
      vertex 195.012 130.958 0
    endloop
  endfacet
  facet normal 0 0 -1
    outer loop
      vertex 194.742 111.382 0
      vertex 196.958 130.531 0
      vertex 194.808 111.37 0
    endloop
  endfacet
  facet normal 0 0 -1
    outer loop
      vertex 194.676 111.392 0
      vertex 196.958 130.531 0
      vertex 194.742 111.382 0
    endloop
  endfacet
  facet normal 0 0 -1
    outer loop
      vertex 196.958 130.531 0
      vertex 194.726 130.808 0
      vertex 194.872 130.879 0
    endloop
  endfacet
  facet normal 0 0 -1
    outer loop
      vertex 194.609 111.401 0
      vertex 196.958 130.531 0
      vertex 194.676 111.392 0
    endloop
  endfacet
  facet normal 0 0 -1
    outer loop
      vertex 194.542 111.408 0
      vertex 196.958 130.531 0
      vertex 194.609 111.401 0
    endloop
  endfacet
  facet normal 0 0 -1
    outer loop
      vertex 196.958 130.531 0
      vertex 194.573 130.747 0
      vertex 194.726 130.808 0
    endloop
  endfacet
  facet normal -0 0 -1
    outer loop
      vertex 196.958 130.531 0
      vertex 194.542 111.408 0
      vertex 194.042 130.615 0
    endloop
  endfacet
  facet normal 0 0 -1
    outer loop
      vertex 194.042 130.615 0
      vertex 194.542 111.408 0
      vertex 194.474 111.413 0
    endloop
  endfacet
  facet normal 0 0 -1
    outer loop
      vertex 196.958 130.531 0
      vertex 194.414 130.696 0
      vertex 194.573 130.747 0
    endloop
  endfacet
  facet normal 0 0 -1
    outer loop
      vertex 193.821 130.585 0
      vertex 194.474 111.413 0
      vertex 194.406 111.417 0
    endloop
  endfacet
  facet normal 0 0 -1
    outer loop
      vertex 193.821 130.585 0
      vertex 194.406 111.417 0
      vertex 194.337 111.419 0
    endloop
  endfacet
  facet normal 0 0 -1
    outer loop
      vertex 193.577 130.561 0
      vertex 194.337 111.419 0
      vertex 194.267 111.42 0
    endloop
  endfacet
  facet normal 0 0 -1
    outer loop
      vertex 196.958 130.531 0
      vertex 194.239 130.652 0
      vertex 194.414 130.696 0
    endloop
  endfacet
  facet normal 0 0 -1
    outer loop
      vertex 193.309 130.545 0
      vertex 194.267 111.42 0
      vertex 194.054 111.41 0
    endloop
  endfacet
  facet normal 0 0 -1
    outer loop
      vertex 196.958 130.531 0
      vertex 194.042 130.615 0
      vertex 194.239 130.652 0
    endloop
  endfacet
  facet normal 0 0 -1
    outer loop
      vertex 192.705 130.531 0
      vertex 194.054 111.41 0
      vertex 193.853 111.379 0
    endloop
  endfacet
  facet normal 0 0 -1
    outer loop
      vertex 194.474 111.413 0
      vertex 193.821 130.585 0
      vertex 194.042 130.615 0
    endloop
  endfacet
  facet normal 0 0 -1
    outer loop
      vertex 191.247 111.362 0
      vertex 193.853 111.379 0
      vertex 193.666 111.328 0
    endloop
  endfacet
  facet normal 0 0 -1
    outer loop
      vertex 194.337 111.419 0
      vertex 193.577 130.561 0
      vertex 193.821 130.585 0
    endloop
  endfacet
  facet normal 0 0 -1
    outer loop
      vertex 191.247 111.362 0
      vertex 193.666 111.328 0
      vertex 193.493 111.256 0
    endloop
  endfacet
  facet normal 0 0 -1
    outer loop
      vertex 191.247 111.362 0
      vertex 193.493 111.256 0
      vertex 193.333 111.164 0
    endloop
  endfacet
  facet normal 0 0 -1
    outer loop
      vertex 194.267 111.42 0
      vertex 193.309 130.545 0
      vertex 193.577 130.561 0
    endloop
  endfacet
  facet normal 0 0 -1
    outer loop
      vertex 191.247 111.362 0
      vertex 193.333 111.164 0
      vertex 193.186 111.051 0
    endloop
  endfacet
  facet normal 0 0 -1
    outer loop
      vertex 191.247 111.362 0
      vertex 193.186 111.051 0
      vertex 193.053 110.918 0
    endloop
  endfacet
  facet normal 0 0 -1
    outer loop
      vertex 194.054 111.41 0
      vertex 193.019 130.535 0
      vertex 193.309 130.545 0
    endloop
  endfacet
  facet normal 0 0 -1
    outer loop
      vertex 191.247 111.362 0
      vertex 193.053 110.918 0
      vertex 192.936 110.767 0
    endloop
  endfacet
  facet normal 0 0 -1
    outer loop
      vertex 192.755 110.419 0
      vertex 191.247 111.362 0
      vertex 192.836 110.601 0
    endloop
  endfacet
  facet normal 0 0 -1
    outer loop
      vertex 192.692 110.222 0
      vertex 191.247 111.362 0
      vertex 192.755 110.419 0
    endloop
  endfacet
  facet normal 0 0 -1
    outer loop
      vertex 194.054 111.41 0
      vertex 192.705 130.531 0
      vertex 193.019 130.535 0
    endloop
  endfacet
  facet normal 0 0 -1
    outer loop
      vertex 192.647 110.009 0
      vertex 191.247 111.362 0
      vertex 192.692 110.222 0
    endloop
  endfacet
  facet normal 0 0 -1
    outer loop
      vertex 192.62 109.781 0
      vertex 191.247 111.362 0
      vertex 192.647 110.009 0
    endloop
  endfacet
  facet normal 0 0 -1
    outer loop
      vertex 191.247 111.362 0
      vertex 192.62 109.781 0
      vertex 191.247 108.45 0
    endloop
  endfacet
  facet normal 0 0 -1
    outer loop
      vertex 191.247 108.45 0
      vertex 192.62 109.781 0
      vertex 192.611 109.538 0
    endloop
  endfacet
  facet normal -0 0 -1
    outer loop
      vertex 192.68 108.876 0
      vertex 192.054 108.45 0
      vertex 192.641 109.08 0
    endloop
  endfacet
  facet normal -0 0 -1
    outer loop
      vertex 192.641 109.08 0
      vertex 192.054 108.45 0
      vertex 192.618 109.301 0
    endloop
  endfacet
  facet normal 0 0 -1
    outer loop
      vertex 191.247 108.45 0
      vertex 192.618 109.301 0
      vertex 192.054 108.45 0
    endloop
  endfacet
  facet normal -0 0 -1
    outer loop
      vertex 192.618 109.301 0
      vertex 191.247 108.45 0
      vertex 192.611 109.538 0
    endloop
  endfacet
  facet normal 0 0 -1
    outer loop
      vertex 191.247 111.362 0
      vertex 192.705 130.531 0
      vertex 193.853 111.379 0
    endloop
  endfacet
  facet normal -0 0 -1
    outer loop
      vertex 192.705 130.531 0
      vertex 191.247 111.362 0
      vertex 191.328 130.531 0
    endloop
  endfacet
  facet normal 0 0 -1
    outer loop
      vertex 192.836 110.601 0
      vertex 191.247 111.362 0
      vertex 192.936 110.767 0
    endloop
  endfacet
  facet normal 0 0 -1
    outer loop
      vertex 194.692 107.861 0
      vertex 194.4 99.489 0
      vertex 194.549 107.812 0
    endloop
  endfacet
  facet normal 0 0 -1
    outer loop
      vertex 192.1 106.043 0
      vertex 194.549 107.812 0
      vertex 194.4 99.489 0
    endloop
  endfacet
  facet normal 0 0 -1
    outer loop
      vertex 194.549 107.812 0
      vertex 192.1 106.043 0
      vertex 194.396 107.777 0
    endloop
  endfacet
  facet normal 0 0 -1
    outer loop
      vertex 194.396 107.777 0
      vertex 192.1 106.043 0
      vertex 194.232 107.756 0
    endloop
  endfacet
  facet normal 0 0 -1
    outer loop
      vertex 194.232 107.756 0
      vertex 192.1 106.043 0
      vertex 194.058 107.749 0
    endloop
  endfacet
  facet normal 0 0 -1
    outer loop
      vertex 192.1 106.043 0
      vertex 194.4 99.489 0
      vertex 192.1 99.489 0
    endloop
  endfacet
  facet normal -0 0 -1
    outer loop
      vertex 194.058 107.749 0
      vertex 192.1 106.043 0
      vertex 193.867 107.758 0
    endloop
  endfacet
  facet normal -0 0 -1
    outer loop
      vertex 193.867 107.758 0
      vertex 192.1 106.043 0
      vertex 193.689 107.787 0
    endloop
  endfacet
  facet normal -0 0 -1
    outer loop
      vertex 193.689 107.787 0
      vertex 192.1 106.043 0
      vertex 193.524 107.834 0
    endloop
  endfacet
  facet normal -0 0 -1
    outer loop
      vertex 193.524 107.834 0
      vertex 192.1 106.043 0
      vertex 193.371 107.901 0
    endloop
  endfacet
  facet normal 0 0 -1
    outer loop
      vertex 192.054 107.818 0
      vertex 193.371 107.901 0
      vertex 192.1 106.043 0
    endloop
  endfacet
  facet normal -0 0 -1
    outer loop
      vertex 193.371 107.901 0
      vertex 192.054 107.818 0
      vertex 193.231 107.987 0
    endloop
  endfacet
  facet normal -0 0 -1
    outer loop
      vertex 193.231 107.987 0
      vertex 192.054 107.818 0
      vertex 193.104 108.091 0
    endloop
  endfacet
  facet normal -0 0 -1
    outer loop
      vertex 193.104 108.091 0
      vertex 192.054 107.818 0
      vertex 192.989 108.215 0
    endloop
  endfacet
  facet normal -0 0 -1
    outer loop
      vertex 192.989 108.215 0
      vertex 192.054 107.818 0
      vertex 192.889 108.356 0
    endloop
  endfacet
  facet normal 0 0 -1
    outer loop
      vertex 192.054 108.45 0
      vertex 192.889 108.356 0
      vertex 192.054 107.818 0
    endloop
  endfacet
  facet normal -0 0 -1
    outer loop
      vertex 192.734 108.686 0
      vertex 192.054 108.45 0
      vertex 192.68 108.876 0
    endloop
  endfacet
  facet normal -0 0 -1
    outer loop
      vertex 192.804 108.513 0
      vertex 192.054 108.45 0
      vertex 192.734 108.686 0
    endloop
  endfacet
  facet normal 0 0 -1
    outer loop
      vertex 192.889 108.356 0
      vertex 192.054 108.45 0
      vertex 192.804 108.513 0
    endloop
  endfacet
  facet normal 0 0 -1
    outer loop
      vertex 196.728 7.02501 0
      vertex 198.166 9.092 0
      vertex 196.761 7.02501 0
    endloop
  endfacet
  facet normal 0 0 -1
    outer loop
      vertex 209.338 7.80125 0
      vertex 209.559 8.21397 0
      vertex 209.554 8.13971 0
    endloop
  endfacet
  facet normal 0 0 -1
    outer loop
      vertex 209.396 7.84491 0
      vertex 209.554 8.13971 0
      vertex 209.541 8.07056 0
    endloop
  endfacet
  facet normal 0 0 -1
    outer loop
      vertex 209.332 8.63348 0
      vertex 209.559 8.21397 0
      vertex 209.338 7.80125 0
    endloop
  endfacet
  facet normal 0 0 -1
    outer loop
      vertex 209.396 7.84491 0
      vertex 209.541 8.07056 0
      vertex 209.518 8.0065 0
    endloop
  endfacet
  facet normal 0 0 -1
    outer loop
      vertex 209.554 8.13971 0
      vertex 209.396 7.84491 0
      vertex 209.338 7.80125 0
    endloop
  endfacet
  facet normal 0 0 -1
    outer loop
      vertex 209.446 7.89368 0
      vertex 209.518 8.0065 0
      vertex 209.487 7.94754 0
    endloop
  endfacet
  facet normal 0 0 -1
    outer loop
      vertex 209.396 7.84491 0
      vertex 209.518 8.0065 0
      vertex 209.446 7.89368 0
    endloop
  endfacet
  facet normal 0 0 -1
    outer loop
      vertex 209.559 8.21397 0
      vertex 209.332 8.63348 0
      vertex 209.554 8.29036 0
    endloop
  endfacet
  facet normal 0 0 -1
    outer loop
      vertex 209.517 8.42668 0
      vertex 209.443 8.54105 0
      vertex 209.485 8.4866 0
    endloop
  endfacet
  facet normal 0 0 -1
    outer loop
      vertex 209.54 8.36125 0
      vertex 209.392 8.59001 0
      vertex 209.517 8.42668 0
    endloop
  endfacet
  facet normal 0 0 -1
    outer loop
      vertex 209.517 8.42668 0
      vertex 209.392 8.59001 0
      vertex 209.443 8.54105 0
    endloop
  endfacet
  facet normal -0 -0 -1
    outer loop
      vertex 209.392 8.59001 0
      vertex 209.554 8.29036 0
      vertex 209.332 8.63348 0
    endloop
  endfacet
  facet normal 0 0 -1
    outer loop
      vertex 209.554 8.29036 0
      vertex 209.392 8.59001 0
      vertex 209.54 8.36125 0
    endloop
  endfacet
  facet normal 0 0 -1
    outer loop
      vertex 209.271 7.76306 0
      vertex 209.332 8.63348 0
      vertex 209.338 7.80125 0
    endloop
  endfacet
  facet normal 0 0 -1
    outer loop
      vertex 209.271 7.76306 0
      vertex 209.263 8.67131 0
      vertex 209.332 8.63348 0
    endloop
  endfacet
  facet normal 0 0 -1
    outer loop
      vertex 209.196 7.73076 0
      vertex 209.263 8.67131 0
      vertex 209.271 7.76306 0
    endloop
  endfacet
  facet normal 0 0 -1
    outer loop
      vertex 209.196 7.73076 0
      vertex 209.185 8.70331 0
      vertex 209.263 8.67131 0
    endloop
  endfacet
  facet normal 0 0 -1
    outer loop
      vertex 209.113 7.70432 0
      vertex 209.185 8.70331 0
      vertex 209.196 7.73076 0
    endloop
  endfacet
  facet normal 0 0 -1
    outer loop
      vertex 209.113 7.70432 0
      vertex 209.098 8.72949 0
      vertex 209.185 8.70331 0
    endloop
  endfacet
  facet normal 0 0 -1
    outer loop
      vertex 209.022 7.68376 0
      vertex 209.098 8.72949 0
      vertex 209.113 7.70432 0
    endloop
  endfacet
  facet normal 0 0 -1
    outer loop
      vertex 209.022 7.68376 0
      vertex 209.003 8.74986 0
      vertex 209.098 8.72949 0
    endloop
  endfacet
  facet normal 0 0 -1
    outer loop
      vertex 208.923 7.66908 0
      vertex 209.003 8.74986 0
      vertex 209.022 7.68376 0
    endloop
  endfacet
  facet normal 0 0 -1
    outer loop
      vertex 208.923 7.66908 0
      vertex 208.899 8.7644 0
      vertex 209.003 8.74986 0
    endloop
  endfacet
  facet normal 0 0 -1
    outer loop
      vertex 208.816 7.66026 0
      vertex 208.899 8.7644 0
      vertex 208.923 7.66908 0
    endloop
  endfacet
  facet normal 0 0 -1
    outer loop
      vertex 208.816 7.66026 0
      vertex 208.786 8.77313 0
      vertex 208.899 8.7644 0
    endloop
  endfacet
  facet normal 0 0 -1
    outer loop
      vertex 208.702 7.65733 0
      vertex 208.786 8.77313 0
      vertex 208.816 7.66026 0
    endloop
  endfacet
  facet normal 0 0 -1
    outer loop
      vertex 208.702 7.65733 0
      vertex 208.664 8.77605 0
      vertex 208.786 8.77313 0
    endloop
  endfacet
  facet normal 0 0 -1
    outer loop
      vertex 208.622 7.65886 0
      vertex 208.664 8.77605 0
      vertex 208.702 7.65733 0
    endloop
  endfacet
  facet normal 0 0 -1
    outer loop
      vertex 208.541 7.66344 0
      vertex 208.664 8.77605 0
      vertex 208.622 7.65886 0
    endloop
  endfacet
  facet normal 0 0 -1
    outer loop
      vertex 208.46 7.67108 0
      vertex 208.664 8.77605 0
      vertex 208.541 7.66344 0
    endloop
  endfacet
  facet normal 0 0 -1
    outer loop
      vertex 208.379 7.68179 0
      vertex 208.664 8.77605 0
      vertex 208.46 7.67108 0
    endloop
  endfacet
  facet normal 0 0 -1
    outer loop
      vertex 208.246 8.77605 0
      vertex 208.379 7.68179 0
      vertex 208.298 7.69556 0
    endloop
  endfacet
  facet normal 0 0 -1
    outer loop
      vertex 208.379 7.68179 0
      vertex 208.246 8.77605 0
      vertex 208.664 8.77605 0
    endloop
  endfacet
  facet normal 0 0 -1
    outer loop
      vertex 206.877 9.27267 0
      vertex 208.246 9.44931 0
      vertex 208.246 8.77605 0
    endloop
  endfacet
  facet normal 0 0 -1
    outer loop
      vertex 208.216 7.71237 0
      vertex 208.246 8.77605 0
      vertex 208.298 7.69556 0
    endloop
  endfacet
  facet normal 0 0 -1
    outer loop
      vertex 208.133 7.73225 0
      vertex 208.246 8.77605 0
      vertex 208.216 7.71237 0
    endloop
  endfacet
  facet normal 0 0 -1
    outer loop
      vertex 208.246 9.44931 0
      vertex 208.164 10.3605 0
      vertex 208.238 10.3779 0
    endloop
  endfacet
  facet normal 0 0 -1
    outer loop
      vertex 208.051 7.75513 0
      vertex 208.246 8.77605 0
      vertex 208.133 7.73225 0
    endloop
  endfacet
  facet normal 0 0 -1
    outer loop
      vertex 208.246 9.44931 0
      vertex 208.091 10.3409 0
      vertex 208.164 10.3605 0
    endloop
  endfacet
  facet normal 0 0 -1
    outer loop
      vertex 207.968 7.78096 0
      vertex 208.246 8.77605 0
      vertex 208.051 7.75513 0
    endloop
  endfacet
  facet normal 0 0 -1
    outer loop
      vertex 208.246 9.44931 0
      vertex 208.017 10.3191 0
      vertex 208.091 10.3409 0
    endloop
  endfacet
  facet normal 0 0 -1
    outer loop
      vertex 207.885 7.80972 0
      vertex 208.246 8.77605 0
      vertex 207.968 7.78096 0
    endloop
  endfacet
  facet normal 0 0 -1
    outer loop
      vertex 208.246 9.44931 0
      vertex 207.944 10.295 0
      vertex 208.017 10.3191 0
    endloop
  endfacet
  facet normal 0 0 -1
    outer loop
      vertex 207.802 7.84145 0
      vertex 208.246 8.77605 0
      vertex 207.885 7.80972 0
    endloop
  endfacet
  facet normal 0 0 -1
    outer loop
      vertex 208.246 9.44931 0
      vertex 207.871 10.2688 0
      vertex 207.944 10.295 0
    endloop
  endfacet
  facet normal 0 0 -1
    outer loop
      vertex 207.719 7.87611 0
      vertex 208.246 8.77605 0
      vertex 207.802 7.84145 0
    endloop
  endfacet
  facet normal 0 0 -1
    outer loop
      vertex 208.246 9.44931 0
      vertex 207.798 10.2403 0
      vertex 207.871 10.2688 0
    endloop
  endfacet
  facet normal 0 0 -1
    outer loop
      vertex 208.246 9.44931 0
      vertex 207.725 10.2096 0
      vertex 207.798 10.2403 0
    endloop
  endfacet
  facet normal 0 0 -1
    outer loop
      vertex 207.551 7.95428 0
      vertex 208.246 8.77605 0
      vertex 207.635 7.91373 0
    endloop
  endfacet
  facet normal 0 0 -1
    outer loop
      vertex 207.635 7.91373 0
      vertex 208.246 8.77605 0
      vertex 207.719 7.87611 0
    endloop
  endfacet
  facet normal 0 0 -1
    outer loop
      vertex 209.212 9.53983 0
      vertex 209.464 9.94751 0
      vertex 209.46 9.87819 0
    endloop
  endfacet
  facet normal 0 0 -1
    outer loop
      vertex 209.464 9.94751 0
      vertex 209.277 10.3076 0
      vertex 209.46 10.0119 0
    endloop
  endfacet
  facet normal 0 0 -1
    outer loop
      vertex 209.271 9.57251 0
      vertex 209.46 9.87819 0
      vertex 209.448 9.81412 0
    endloop
  endfacet
  facet normal -0 -0 -1
    outer loop
      vertex 209.326 10.2691 0
      vertex 209.46 10.0119 0
      vertex 209.277 10.3076 0
    endloop
  endfacet
  facet normal 0 0 -1
    outer loop
      vertex 209.271 9.57251 0
      vertex 209.448 9.81412 0
      vertex 209.428 9.75531 0
    endloop
  endfacet
  facet normal 0 0 -1
    outer loop
      vertex 209.46 10.0119 0
      vertex 209.326 10.2691 0
      vertex 209.449 10.072 0
    endloop
  endfacet
  facet normal 0 0 -1
    outer loop
      vertex 209.322 9.61034 0
      vertex 209.428 9.75531 0
      vertex 209.401 9.70174 0
    endloop
  endfacet
  facet normal 0 0 -1
    outer loop
      vertex 209.429 10.1277 0
      vertex 209.326 10.2691 0
      vertex 209.403 10.1792 0
    endloop
  endfacet
  facet normal 0 0 -1
    outer loop
      vertex 209.322 9.61034 0
      vertex 209.401 9.70174 0
      vertex 209.366 9.65341 0
    endloop
  endfacet
  facet normal 0 0 -1
    outer loop
      vertex 209.403 10.1792 0
      vertex 209.326 10.2691 0
      vertex 209.368 10.2263 0
    endloop
  endfacet
  facet normal 0 0 -1
    outer loop
      vertex 209.271 9.57251 0
      vertex 209.428 9.75531 0
      vertex 209.322 9.61034 0
    endloop
  endfacet
  facet normal 0 0 -1
    outer loop
      vertex 209.449 10.072 0
      vertex 209.326 10.2691 0
      vertex 209.429 10.1277 0
    endloop
  endfacet
  facet normal 0 0 -1
    outer loop
      vertex 209.46 9.87819 0
      vertex 209.271 9.57251 0
      vertex 209.212 9.53983 0
    endloop
  endfacet
  facet normal 0 -0 -1
    outer loop
      vertex 209.22 10.3414 0
      vertex 209.464 9.94751 0
      vertex 209.212 9.53983 0
    endloop
  endfacet
  facet normal 0 0 -1
    outer loop
      vertex 209.464 9.94751 0
      vertex 209.22 10.3414 0
      vertex 209.277 10.3076 0
    endloop
  endfacet
  facet normal 0 0 -1
    outer loop
      vertex 209.145 9.51218 0
      vertex 209.22 10.3414 0
      vertex 209.212 9.53983 0
    endloop
  endfacet
  facet normal -0 0 -1
    outer loop
      vertex 209.22 10.3414 0
      vertex 209.145 9.51218 0
      vertex 209.157 10.37 0
    endloop
  endfacet
  facet normal 0 0 -1
    outer loop
      vertex 209.145 9.51218 0
      vertex 209.088 10.3934 0
      vertex 209.157 10.37 0
    endloop
  endfacet
  facet normal 0 0 -1
    outer loop
      vertex 209.069 9.48955 0
      vertex 209.088 10.3934 0
      vertex 209.145 9.51218 0
    endloop
  endfacet
  facet normal 0 0 -1
    outer loop
      vertex 209.069 9.48955 0
      vertex 209.012 10.4115 0
      vertex 209.088 10.3934 0
    endloop
  endfacet
  facet normal 0 0 -1
    outer loop
      vertex 208.986 9.47194 0
      vertex 209.012 10.4115 0
      vertex 209.069 9.48955 0
    endloop
  endfacet
  facet normal 0 0 -1
    outer loop
      vertex 208.986 9.47194 0
      vertex 208.93 10.4245 0
      vertex 209.012 10.4115 0
    endloop
  endfacet
  facet normal 0 0 -1
    outer loop
      vertex 208.894 9.45937 0
      vertex 208.93 10.4245 0
      vertex 208.986 9.47194 0
    endloop
  endfacet
  facet normal 0 0 -1
    outer loop
      vertex 208.894 9.45937 0
      vertex 208.842 10.4323 0
      vertex 208.93 10.4245 0
    endloop
  endfacet
  facet normal 0 0 -1
    outer loop
      vertex 208.794 9.45183 0
      vertex 208.842 10.4323 0
      vertex 208.894 9.45937 0
    endloop
  endfacet
  facet normal 0 0 -1
    outer loop
      vertex 208.794 9.45183 0
      vertex 208.748 10.4349 0
      vertex 208.842 10.4323 0
    endloop
  endfacet
  facet normal 0 0 -1
    outer loop
      vertex 208.685 9.44931 0
      vertex 208.748 10.4349 0
      vertex 208.794 9.45183 0
    endloop
  endfacet
  facet normal 0 0 -1
    outer loop
      vertex 208.685 9.44931 0
      vertex 208.675 10.4337 0
      vertex 208.748 10.4349 0
    endloop
  endfacet
  facet normal 0 0 -1
    outer loop
      vertex 208.685 9.44931 0
      vertex 208.603 10.4303 0
      vertex 208.675 10.4337 0
    endloop
  endfacet
  facet normal 0 0 -1
    outer loop
      vertex 208.685 9.44931 0
      vertex 208.53 10.4244 0
      vertex 208.603 10.4303 0
    endloop
  endfacet
  facet normal 0 0 -1
    outer loop
      vertex 208.685 9.44931 0
      vertex 208.458 10.4163 0
      vertex 208.53 10.4244 0
    endloop
  endfacet
  facet normal 0 0 -1
    outer loop
      vertex 208.685 9.44931 0
      vertex 208.385 10.4058 0
      vertex 208.458 10.4163 0
    endloop
  endfacet
  facet normal 0 0 -1
    outer loop
      vertex 208.246 9.44931 0
      vertex 208.385 10.4058 0
      vertex 208.685 9.44931 0
    endloop
  endfacet
  facet normal 0 0 -1
    outer loop
      vertex 208.385 10.4058 0
      vertex 208.246 9.44931 0
      vertex 208.311 10.393 0
    endloop
  endfacet
  facet normal 0 0 -1
    outer loop
      vertex 208.311 10.393 0
      vertex 208.246 9.44931 0
      vertex 208.238 10.3779 0
    endloop
  endfacet
  facet normal 0 0 -1
    outer loop
      vertex 210.586 8.39536 0
      vertex 210.504 10.0118 0
      vertex 210.508 10.1106 0
    endloop
  endfacet
  facet normal 0 0 -1
    outer loop
      vertex 210.474 9.82982 0
      vertex 210.534 8.59164 0
      vertex 210.494 8.68108 0
    endloop
  endfacet
  facet normal 0 0 -1
    outer loop
      vertex 210.564 8.49641 0
      vertex 210.493 9.91817 0
      vertex 210.504 10.0118 0
    endloop
  endfacet
  facet normal 0 0 -1
    outer loop
      vertex 210.534 8.59164 0
      vertex 210.474 9.82982 0
      vertex 210.493 9.91817 0
    endloop
  endfacet
  facet normal 0 0 -1
    outer loop
      vertex 210.494 8.68108 0
      vertex 210.447 9.74673 0
      vertex 210.474 9.82982 0
    endloop
  endfacet
  facet normal 0 0 -1
    outer loop
      vertex 210.413 9.6689 0
      vertex 210.494 8.68108 0
      vertex 210.447 8.76466 0
    endloop
  endfacet
  facet normal 0 0 -1
    outer loop
      vertex 210.494 8.68108 0
      vertex 210.413 9.6689 0
      vertex 210.447 9.74673 0
    endloop
  endfacet
  facet normal 0 0 -1
    outer loop
      vertex 210.371 9.59631 0
      vertex 210.447 8.76466 0
      vertex 210.39 8.84245 0
    endloop
  endfacet
  facet normal 0 0 -1
    outer loop
      vertex 210.447 8.76466 0
      vertex 210.371 9.59631 0
      vertex 210.413 9.6689 0
    endloop
  endfacet
  facet normal 0 0 -1
    outer loop
      vertex 210.321 9.52899 0
      vertex 210.39 8.84245 0
      vertex 210.325 8.91412 0
    endloop
  endfacet
  facet normal 0 0 -1
    outer loop
      vertex 210.39 8.84245 0
      vertex 210.321 9.52899 0
      vertex 210.371 9.59631 0
    endloop
  endfacet
  facet normal 0 0 -1
    outer loop
      vertex 210.325 8.91412 0
      vertex 210.264 9.46704 0
      vertex 210.321 9.52899 0
    endloop
  endfacet
  facet normal 0 0 -1
    outer loop
      vertex 210.252 8.97945 0
      vertex 210.264 9.46704 0
      vertex 210.325 8.91412 0
    endloop
  endfacet
  facet normal 0 0 -1
    outer loop
      vertex 210.252 8.97945 0
      vertex 210.199 9.41058 0
      vertex 210.264 9.46704 0
    endloop
  endfacet
  facet normal 0 0 -1
    outer loop
      vertex 210.171 9.03836 0
      vertex 210.199 9.41058 0
      vertex 210.252 8.97945 0
    endloop
  endfacet
  facet normal 0 0 -1
    outer loop
      vertex 210.171 9.03836 0
      vertex 210.128 9.35959 0
      vertex 210.199 9.41058 0
    endloop
  endfacet
  facet normal 0 0 -1
    outer loop
      vertex 210.083 9.09093 0
      vertex 210.128 9.35959 0
      vertex 210.171 9.03836 0
    endloop
  endfacet
  facet normal 0 0 -1
    outer loop
      vertex 210.083 9.09093 0
      vertex 210.049 9.31407 0
      vertex 210.128 9.35959 0
    endloop
  endfacet
  facet normal 0 0 -1
    outer loop
      vertex 209.986 9.13712 0
      vertex 210.049 9.31407 0
      vertex 210.083 9.09093 0
    endloop
  endfacet
  facet normal 0 0 -1
    outer loop
      vertex 209.986 9.13712 0
      vertex 209.962 9.27403 0
      vertex 210.049 9.31407 0
    endloop
  endfacet
  facet normal 0 0 -1
    outer loop
      vertex 209.881 9.17694 0
      vertex 209.962 9.27403 0
      vertex 209.986 9.13712 0
    endloop
  endfacet
  facet normal 0 0 -1
    outer loop
      vertex 209.881 9.17694 0
      vertex 209.869 9.23947 0
      vertex 209.962 9.27403 0
    endloop
  endfacet
  facet normal 0 -0 -1
    outer loop
      vertex 209.869 9.23947 0
      vertex 209.881 9.17694 0
      vertex 209.768 9.21039 0
    endloop
  endfacet
  facet normal 0 0 -1
    outer loop
      vertex 210.5 10.254 0
      vertex 270 0 0
      vertex 210.508 10.1106 0
    endloop
  endfacet
  facet normal 0 0 -1
    outer loop
      vertex 210.508 10.1106 0
      vertex 210.599 8.28847 0
      vertex 210.586 8.39536 0
    endloop
  endfacet
  facet normal 0 0 -1
    outer loop
      vertex 210.504 10.0118 0
      vertex 210.586 8.39536 0
      vertex 210.564 8.49641 0
    endloop
  endfacet
  facet normal 0 0 -1
    outer loop
      vertex 210.493 9.91817 0
      vertex 210.564 8.49641 0
      vertex 210.534 8.59164 0
    endloop
  endfacet
  facet normal 0 0 -1
    outer loop
      vertex 210.476 10.3868 0
      vertex 270 0 0
      vertex 210.5 10.254 0
    endloop
  endfacet
  facet normal 0 0 -1
    outer loop
      vertex 210.436 10.5088 0
      vertex 270 0 0
      vertex 210.476 10.3868 0
    endloop
  endfacet
  facet normal 0 0 -1
    outer loop
      vertex 226.8 54.683 0
      vertex 210.38 10.6202 0
      vertex 225.4 54.183 0
    endloop
  endfacet
  facet normal 0 0 -1
    outer loop
      vertex 210.308 10.7209 0
      vertex 225.4 54.183 0
      vertex 210.38 10.6202 0
    endloop
  endfacet
  facet normal 0 0 -1
    outer loop
      vertex 210.22 10.8109 0
      vertex 225.4 54.183 0
      vertex 210.308 10.7209 0
    endloop
  endfacet
  facet normal 0 0 -1
    outer loop
      vertex 210.116 10.8902 0
      vertex 225.4 54.183 0
      vertex 210.22 10.8109 0
    endloop
  endfacet
  facet normal -0 0 -1
    outer loop
      vertex 225.4 54.183 0
      vertex 210.116 10.8902 0
      vertex 222.2 54.183 0
    endloop
  endfacet
  facet normal 0 0 -1
    outer loop
      vertex 209.996 10.9589 0
      vertex 222.2 54.183 0
      vertex 210.116 10.8902 0
    endloop
  endfacet
  facet normal 0 0 -1
    outer loop
      vertex 209.86 11.017 0
      vertex 222.2 54.183 0
      vertex 209.996 10.9589 0
    endloop
  endfacet
  facet normal 0 0 -1
    outer loop
      vertex 209.707 11.0646 0
      vertex 222.2 54.183 0
      vertex 209.86 11.017 0
    endloop
  endfacet
  facet normal 0 0 -1
    outer loop
      vertex 209.538 11.1016 0
      vertex 222.2 54.183 0
      vertex 209.707 11.0646 0
    endloop
  endfacet
  facet normal 0 0 -1
    outer loop
      vertex 209.353 11.128 0
      vertex 222.2 54.183 0
      vertex 209.538 11.1016 0
    endloop
  endfacet
  facet normal 0 0 -1
    outer loop
      vertex 209.152 11.1439 0
      vertex 222.2 54.183 0
      vertex 209.353 11.128 0
    endloop
  endfacet
  facet normal 0 0 -1
    outer loop
      vertex 208.935 11.1492 0
      vertex 222.2 54.183 0
      vertex 209.152 11.1439 0
    endloop
  endfacet
  facet normal 0 0 -1
    outer loop
      vertex 208.851 11.1483 0
      vertex 222.2 54.183 0
      vertex 208.935 11.1492 0
    endloop
  endfacet
  facet normal 0 0 -1
    outer loop
      vertex 208.767 11.1456 0
      vertex 222.2 54.183 0
      vertex 208.851 11.1483 0
    endloop
  endfacet
  facet normal 0 0 -1
    outer loop
      vertex 208.682 11.1412 0
      vertex 222.2 54.183 0
      vertex 208.767 11.1456 0
    endloop
  endfacet
  facet normal 0 0 -1
    outer loop
      vertex 208.597 11.1349 0
      vertex 222.2 54.183 0
      vertex 208.682 11.1412 0
    endloop
  endfacet
  facet normal 0 0 -1
    outer loop
      vertex 205.595 11.1352 0
      vertex 222.2 54.183 0
      vertex 208.597 11.1349 0
    endloop
  endfacet
  facet normal 0 0 -1
    outer loop
      vertex 205.595 11.1352 0
      vertex 208.597 11.1349 0
      vertex 208.511 11.127 0
    endloop
  endfacet
  facet normal 0 0 -1
    outer loop
      vertex 205.706 11.1243 0
      vertex 208.511 11.127 0
      vertex 208.425 11.1172 0
    endloop
  endfacet
  facet normal 0 0 -1
    outer loop
      vertex 205.706 11.1243 0
      vertex 208.425 11.1172 0
      vertex 208.338 11.1056 0
    endloop
  endfacet
  facet normal 0 0 -1
    outer loop
      vertex 205.815 11.1104 0
      vertex 208.338 11.1056 0
      vertex 208.251 11.0923 0
    endloop
  endfacet
  facet normal 0 0 -1
    outer loop
      vertex 205.923 11.0933 0
      vertex 208.251 11.0923 0
      vertex 208.164 11.0772 0
    endloop
  endfacet
  facet normal 0 0 -1
    outer loop
      vertex 206.029 11.0731 0
      vertex 208.164 11.0772 0
      vertex 208.077 11.0603 0
    endloop
  endfacet
  facet normal 0 0 -1
    outer loop
      vertex 206.029 11.0731 0
      vertex 208.077 11.0603 0
      vertex 207.989 11.0417 0
    endloop
  endfacet
  facet normal 0 0 -1
    outer loop
      vertex 206.134 11.0499 0
      vertex 207.989 11.0417 0
      vertex 207.901 11.0213 0
    endloop
  endfacet
  facet normal 0 0 -1
    outer loop
      vertex 206.237 11.0237 0
      vertex 207.901 11.0213 0
      vertex 207.813 10.9991 0
    endloop
  endfacet
  facet normal 0 0 -1
    outer loop
      vertex 206.339 10.9945 0
      vertex 207.813 10.9991 0
      vertex 207.725 10.9751 0
    endloop
  endfacet
  facet normal 0 0 -1
    outer loop
      vertex 206.877 9.27267 0
      vertex 208.246 8.77605 0
      vertex 207.551 7.95428 0
    endloop
  endfacet
  facet normal -0 0 -1
    outer loop
      vertex 208.246 9.44931 0
      vertex 206.877 9.27267 0
      vertex 207.725 10.2096 0
    endloop
  endfacet
  facet normal 0 0 -1
    outer loop
      vertex 206.877 9.27267 0
      vertex 207.551 7.95428 0
      vertex 206.877 7.32588 0
    endloop
  endfacet
  facet normal 0 0 -1
    outer loop
      vertex 206.728 10.0099 0
      vertex 207.725 10.2096 0
      vertex 206.877 9.27267 0
    endloop
  endfacet
  facet normal 0 0 -1
    outer loop
      vertex 206.728 10.8477 0
      vertex 207.725 10.2096 0
      vertex 206.728 10.0099 0
    endloop
  endfacet
  facet normal 0 0 -1
    outer loop
      vertex 207.725 10.2096 0
      vertex 206.728 10.8477 0
      vertex 207.725 10.9751 0
    endloop
  endfacet
  facet normal 0 0 -1
    outer loop
      vertex 206.633 10.8889 0
      vertex 207.725 10.9751 0
      vertex 206.728 10.8477 0
    endloop
  endfacet
  facet normal 0 0 -1
    outer loop
      vertex 206.537 10.927 0
      vertex 207.725 10.9751 0
      vertex 206.633 10.8889 0
    endloop
  endfacet
  facet normal 0 0 -1
    outer loop
      vertex 206.439 10.9622 0
      vertex 207.725 10.9751 0
      vertex 206.537 10.927 0
    endloop
  endfacet
  facet normal 0 0 -1
    outer loop
      vertex 206.339 10.9945 0
      vertex 207.725 10.9751 0
      vertex 206.439 10.9622 0
    endloop
  endfacet
  facet normal -0 0 -1
    outer loop
      vertex 207.813 10.9991 0
      vertex 206.339 10.9945 0
      vertex 206.237 11.0237 0
    endloop
  endfacet
  facet normal 0 0 -1
    outer loop
      vertex 207.901 11.0213 0
      vertex 206.237 11.0237 0
      vertex 206.134 11.0499 0
    endloop
  endfacet
  facet normal 0 0 -1
    outer loop
      vertex 207.989 11.0417 0
      vertex 206.134 11.0499 0
      vertex 206.029 11.0731 0
    endloop
  endfacet
  facet normal -0 0 -1
    outer loop
      vertex 208.164 11.0772 0
      vertex 206.029 11.0731 0
      vertex 205.923 11.0933 0
    endloop
  endfacet
  facet normal 0 0 -1
    outer loop
      vertex 208.251 11.0923 0
      vertex 205.923 11.0933 0
      vertex 205.815 11.1104 0
    endloop
  endfacet
  facet normal 0 0 -1
    outer loop
      vertex 208.338 11.1056 0
      vertex 205.815 11.1104 0
      vertex 205.706 11.1243 0
    endloop
  endfacet
  facet normal -0 0 -1
    outer loop
      vertex 208.511 11.127 0
      vertex 205.706 11.1243 0
      vertex 205.595 11.1352 0
    endloop
  endfacet
  facet normal 0 0 -1
    outer loop
      vertex 205.483 11.1429 0
      vertex 222.2 54.183 0
      vertex 205.595 11.1352 0
    endloop
  endfacet
  facet normal 0 0 -1
    outer loop
      vertex 205.37 11.1476 0
      vertex 222.2 54.183 0
      vertex 205.483 11.1429 0
    endloop
  endfacet
  facet normal 0 0 -1
    outer loop
      vertex 205.255 11.1492 0
      vertex 222.2 54.183 0
      vertex 205.37 11.1476 0
    endloop
  endfacet
  facet normal 0 0 -1
    outer loop
      vertex 204.965 11.1377 0
      vertex 222.2 54.183 0
      vertex 205.255 11.1492 0
    endloop
  endfacet
  facet normal 0 0 -1
    outer loop
      vertex 200.773 11.0749 0
      vertex 222.2 54.183 0
      vertex 204.965 11.1377 0
    endloop
  endfacet
  facet normal 0 0 -1
    outer loop
      vertex 200.773 11.0749 0
      vertex 204.965 11.1377 0
      vertex 204.693 11.1033 0
    endloop
  endfacet
  facet normal 0 0 -1
    outer loop
      vertex 200.773 11.0749 0
      vertex 204.693 11.1033 0
      vertex 204.439 11.046 0
    endloop
  endfacet
  facet normal 0 0 -1
    outer loop
      vertex 200.773 11.0749 0
      vertex 204.439 11.046 0
      vertex 204.203 10.9657 0
    endloop
  endfacet
  facet normal 0 0 -1
    outer loop
      vertex 200.773 11.0749 0
      vertex 204.203 10.9657 0
      vertex 203.986 10.8625 0
    endloop
  endfacet
  facet normal 0 0 -1
    outer loop
      vertex 200.773 11.0749 0
      vertex 203.986 10.8625 0
      vertex 203.787 10.7364 0
    endloop
  endfacet
  facet normal 0 0 -1
    outer loop
      vertex 200.773 11.0749 0
      vertex 203.787 10.7364 0
      vertex 203.606 10.5874 0
    endloop
  endfacet
  facet normal 0 0 -1
    outer loop
      vertex 200.773 11.0749 0
      vertex 203.606 10.5874 0
      vertex 203.446 10.4184 0
    endloop
  endfacet
  facet normal 0 0 -1
    outer loop
      vertex 200.773 11.0749 0
      vertex 203.446 10.4184 0
      vertex 203.311 10.2323 0
    endloop
  endfacet
  facet normal 0 0 -1
    outer loop
      vertex 200.773 11.0749 0
      vertex 203.311 10.2323 0
      vertex 203.2 10.0292 0
    endloop
  endfacet
  facet normal 0 0 -1
    outer loop
      vertex 203.016 8.77747 0
      vertex 199.422 9.092 0
      vertex 203.003 9.04604 0
    endloop
  endfacet
  facet normal 0 0 -1
    outer loop
      vertex 199.422 9.092 0
      vertex 203.016 9.3174 0
      vertex 203.003 9.04604 0
    endloop
  endfacet
  facet normal 0 0 -1
    outer loop
      vertex 203.016 9.3174 0
      vertex 200.773 11.0749 0
      vertex 203.053 9.57172 0
    endloop
  endfacet
  facet normal 0 0 -1
    outer loop
      vertex 203.053 9.57172 0
      vertex 200.773 11.0749 0
      vertex 203.114 9.80896 0
    endloop
  endfacet
  facet normal 0 0 -1
    outer loop
      vertex 203.114 9.80896 0
      vertex 200.773 11.0749 0
      vertex 203.2 10.0292 0
    endloop
  endfacet
  facet normal 0 0 -1
    outer loop
      vertex 199.677 11.0749 0
      vertex 222.2 54.183 0
      vertex 200.773 11.0749 0
    endloop
  endfacet
  facet normal 0 0 -1
    outer loop
      vertex 197.905 11.0749 0
      vertex 222.2 54.183 0
      vertex 199.677 11.0749 0
    endloop
  endfacet
  facet normal 0 0 -1
    outer loop
      vertex 197.905 11.0749 0
      vertex 199.677 11.0749 0
      vertex 198.792 9.77016 0
    endloop
  endfacet
  facet normal 0 0 -1
    outer loop
      vertex 196.815 11.0749 0
      vertex 222.2 54.183 0
      vertex 197.905 11.0749 0
    endloop
  endfacet
  facet normal 0 0 -1
    outer loop
      vertex 195.228 11.0749 0
      vertex 222.2 54.183 0
      vertex 196.815 11.0749 0
    endloop
  endfacet
  facet normal 0 0 -1
    outer loop
      vertex 195.228 11.0749 0
      vertex 198.166 9.092 0
      vertex 196.728 7.02501 0
    endloop
  endfacet
  facet normal 0 0 -1
    outer loop
      vertex 198.166 9.092 0
      vertex 195.228 11.0749 0
      vertex 196.815 11.0749 0
    endloop
  endfacet
  facet normal 0 0 -1
    outer loop
      vertex 168.3 54.683 0
      vertex 222.2 54.183 0
      vertex 195.228 11.0749 0
    endloop
  endfacet
  facet normal 0 0 -1
    outer loop
      vertex 168.3 54.683 0
      vertex 195.228 11.0749 0
      vertex 193.983 11.0749 0
    endloop
  endfacet
  facet normal 0 0 -1
    outer loop
      vertex 192.073 11.0749 0
      vertex 192.483 7.02501 0
      vertex 192.073 7.02501 0
    endloop
  endfacet
  facet normal 0 0 -1
    outer loop
      vertex 192.483 7.02501 0
      vertex 192.073 11.0749 0
      vertex 193.983 11.0749 0
    endloop
  endfacet
  facet normal 0 0 -1
    outer loop
      vertex 168.3 54.683 0
      vertex 193.983 11.0749 0
      vertex 192.073 11.0749 0
    endloop
  endfacet
  facet normal 0 0 -1
    outer loop
      vertex 168.3 54.683 0
      vertex 192.073 11.0749 0
      vertex 190.746 11.0749 0
    endloop
  endfacet
  facet normal 0 0 -1
    outer loop
      vertex 188.896 11.0749 0
      vertex 190.746 11.0749 0
      vertex 189.819 8.90736 0
    endloop
  endfacet
  facet normal 0 0 -1
    outer loop
      vertex 168.3 54.683 0
      vertex 190.746 11.0749 0
      vertex 188.896 11.0749 0
    endloop
  endfacet
  facet normal 0 0 -1
    outer loop
      vertex 168.3 54.683 0
      vertex 188.896 11.0749 0
      vertex 187.567 11.0749 0
    endloop
  endfacet
  facet normal 0 0 -1
    outer loop
      vertex 183.139 9.92941 0
      vertex 187.567 11.0749 0
      vertex 183.147 9.75403 0
    endloop
  endfacet
  facet normal 0 0 -1
    outer loop
      vertex 183.113 10.0929 0
      vertex 187.567 11.0749 0
      vertex 183.139 9.92941 0
    endloop
  endfacet
  facet normal 0 0 -1
    outer loop
      vertex 183.071 10.2445 0
      vertex 187.567 11.0749 0
      vertex 183.113 10.0929 0
    endloop
  endfacet
  facet normal 0 0 -1
    outer loop
      vertex 183.012 10.3842 0
      vertex 187.567 11.0749 0
      vertex 183.071 10.2445 0
    endloop
  endfacet
  facet normal 0 0 -1
    outer loop
      vertex 182.936 10.5119 0
      vertex 187.567 11.0749 0
      vertex 183.012 10.3842 0
    endloop
  endfacet
  facet normal 0 0 -1
    outer loop
      vertex 182.843 10.6278 0
      vertex 187.567 11.0749 0
      vertex 182.936 10.5119 0
    endloop
  endfacet
  facet normal 0 0 -1
    outer loop
      vertex 182.733 10.7318 0
      vertex 187.567 11.0749 0
      vertex 182.843 10.6278 0
    endloop
  endfacet
  facet normal 0 0 -1
    outer loop
      vertex 182.608 10.8228 0
      vertex 187.567 11.0749 0
      vertex 182.733 10.7318 0
    endloop
  endfacet
  facet normal 0 0 -1
    outer loop
      vertex 182.468 10.8999 0
      vertex 187.567 11.0749 0
      vertex 182.608 10.8228 0
    endloop
  endfacet
  facet normal 0 0 -1
    outer loop
      vertex 182.313 10.9629 0
      vertex 187.567 11.0749 0
      vertex 182.468 10.8999 0
    endloop
  endfacet
  facet normal 0 0 -1
    outer loop
      vertex 182.143 11.0119 0
      vertex 187.567 11.0749 0
      vertex 182.313 10.9629 0
    endloop
  endfacet
  facet normal 0 0 -1
    outer loop
      vertex 181.959 11.0469 0
      vertex 187.567 11.0749 0
      vertex 182.143 11.0119 0
    endloop
  endfacet
  facet normal -0 0 -1
    outer loop
      vertex 187.567 11.0749 0
      vertex 181.959 11.0469 0
      vertex 168.3 54.683 0
    endloop
  endfacet
  facet normal 0 0 -1
    outer loop
      vertex 168.3 54.683 0
      vertex 181.959 11.0469 0
      vertex 181.76 11.0679 0
    endloop
  endfacet
  facet normal 0 0 -1
    outer loop
      vertex 168.3 54.683 0
      vertex 181.76 11.0679 0
      vertex 181.547 11.0749 0
    endloop
  endfacet
  facet normal 0 0 -1
    outer loop
      vertex 168.3 54.683 0
      vertex 181.547 11.0749 0
      vertex 179.813 11.0749 0
    endloop
  endfacet
  facet normal 0 0 -1
    outer loop
      vertex 179.119 9.32501 0
      vertex 179.813 11.0749 0
      vertex 179.128 9.04604 0
    endloop
  endfacet
  facet normal 0 0 -1
    outer loop
      vertex 179.093 9.58511 0
      vertex 179.813 11.0749 0
      vertex 179.119 9.32501 0
    endloop
  endfacet
  facet normal 0 0 -1
    outer loop
      vertex 179.048 9.82632 0
      vertex 179.813 11.0749 0
      vertex 179.093 9.58511 0
    endloop
  endfacet
  facet normal 0 0 -1
    outer loop
      vertex 178.986 10.0486 0
      vertex 179.813 11.0749 0
      vertex 179.048 9.82632 0
    endloop
  endfacet
  facet normal 0 0 -1
    outer loop
      vertex 178.907 10.2521 0
      vertex 179.813 11.0749 0
      vertex 178.986 10.0486 0
    endloop
  endfacet
  facet normal 0 0 -1
    outer loop
      vertex 178.809 10.4366 0
      vertex 179.813 11.0749 0
      vertex 178.907 10.2521 0
    endloop
  endfacet
  facet normal 0 0 -1
    outer loop
      vertex 178.694 10.6023 0
      vertex 179.813 11.0749 0
      vertex 178.809 10.4366 0
    endloop
  endfacet
  facet normal 0 0 -1
    outer loop
      vertex 178.563 10.7474 0
      vertex 179.813 11.0749 0
      vertex 178.694 10.6023 0
    endloop
  endfacet
  facet normal 0 0 -1
    outer loop
      vertex 178.416 10.8701 0
      vertex 179.813 11.0749 0
      vertex 178.563 10.7474 0
    endloop
  endfacet
  facet normal 0 0 -1
    outer loop
      vertex 178.255 10.9706 0
      vertex 179.813 11.0749 0
      vertex 178.416 10.8701 0
    endloop
  endfacet
  facet normal 0 0 -1
    outer loop
      vertex 178.079 11.0487 0
      vertex 179.813 11.0749 0
      vertex 178.255 10.9706 0
    endloop
  endfacet
  facet normal 0 0 -1
    outer loop
      vertex 177.889 11.1045 0
      vertex 179.813 11.0749 0
      vertex 178.079 11.0487 0
    endloop
  endfacet
  facet normal 0 0 -1
    outer loop
      vertex 177.683 11.138 0
      vertex 179.813 11.0749 0
      vertex 177.889 11.1045 0
    endloop
  endfacet
  facet normal 0 0 -1
    outer loop
      vertex 179.813 11.0749 0
      vertex 177.683 11.138 0
      vertex 168.3 54.683 0
    endloop
  endfacet
  facet normal 0 0 -1
    outer loop
      vertex 168.3 54.683 0
      vertex 177.683 11.138 0
      vertex 177.463 11.1492 0
    endloop
  endfacet
  facet normal 0 0 -1
    outer loop
      vertex 168.3 54.683 0
      vertex 177.463 11.1492 0
      vertex 177.241 11.138 0
    endloop
  endfacet
  facet normal 0 0 -1
    outer loop
      vertex 174.786 11.0749 0
      vertex 177.241 11.138 0
      vertex 177.035 11.1045 0
    endloop
  endfacet
  facet normal 0 0 -1
    outer loop
      vertex 174.786 11.0749 0
      vertex 177.035 11.1045 0
      vertex 176.844 11.0487 0
    endloop
  endfacet
  facet normal 0 0 -1
    outer loop
      vertex 174.786 11.0749 0
      vertex 176.844 11.0487 0
      vertex 176.668 10.9706 0
    endloop
  endfacet
  facet normal 0 0 -1
    outer loop
      vertex 174.786 11.0749 0
      vertex 176.668 10.9706 0
      vertex 176.506 10.8701 0
    endloop
  endfacet
  facet normal 0 0 -1
    outer loop
      vertex 174.786 11.0749 0
      vertex 176.506 10.8701 0
      vertex 176.36 10.7474 0
    endloop
  endfacet
  facet normal -0 0 -1
    outer loop
      vertex 175.803 8.76779 0
      vertex 175.364 8.52005 0
      vertex 175.794 9.04604 0
    endloop
  endfacet
  facet normal 0 0 -1
    outer loop
      vertex 174.786 8.52005 0
      vertex 175.794 9.04604 0
      vertex 175.364 8.52005 0
    endloop
  endfacet
  facet normal -0 0 -1
    outer loop
      vertex 175.794 9.04604 0
      vertex 174.786 8.52005 0
      vertex 175.803 9.32501 0
    endloop
  endfacet
  facet normal -0 0 -1
    outer loop
      vertex 175.803 9.32501 0
      vertex 174.786 8.52005 0
      vertex 175.83 9.58511 0
    endloop
  endfacet
  facet normal 0 0 -1
    outer loop
      vertex 174.786 11.0749 0
      vertex 175.83 9.58511 0
      vertex 174.786 8.52005 0
    endloop
  endfacet
  facet normal 0 0 -1
    outer loop
      vertex 175.83 9.58511 0
      vertex 174.786 11.0749 0
      vertex 175.874 9.82632 0
    endloop
  endfacet
  facet normal 0 0 -1
    outer loop
      vertex 175.874 9.82632 0
      vertex 174.786 11.0749 0
      vertex 175.936 10.0486 0
    endloop
  endfacet
  facet normal 0 0 -1
    outer loop
      vertex 175.936 10.0486 0
      vertex 174.786 11.0749 0
      vertex 176.016 10.2521 0
    endloop
  endfacet
  facet normal 0 0 -1
    outer loop
      vertex 176.016 10.2521 0
      vertex 174.786 11.0749 0
      vertex 176.113 10.4366 0
    endloop
  endfacet
  facet normal 0 0 -1
    outer loop
      vertex 174.786 11.0749 0
      vertex 176.228 10.6023 0
      vertex 176.113 10.4366 0
    endloop
  endfacet
  facet normal 0 0 -1
    outer loop
      vertex 174.786 11.0749 0
      vertex 176.36 10.7474 0
      vertex 176.228 10.6023 0
    endloop
  endfacet
  facet normal -0 0 -1
    outer loop
      vertex 177.241 11.138 0
      vertex 174.786 11.0749 0
      vertex 168.3 54.683 0
    endloop
  endfacet
  facet normal 0 0 -1
    outer loop
      vertex 168.3 54.683 0
      vertex 174.786 11.0749 0
      vertex 173.625 11.0749 0
    endloop
  endfacet
  facet normal 0 0 -1
    outer loop
      vertex 172.003 7.76228 0
      vertex 171.435 7.81349 0
      vertex 172.003 8.65761 0
    endloop
  endfacet
  facet normal 0 0 -1
    outer loop
      vertex 171.27 8.74277 0
      vertex 172.003 8.65761 0
      vertex 171.435 7.81349 0
    endloop
  endfacet
  facet normal 0 0 -1
    outer loop
      vertex 172.003 8.65761 0
      vertex 171.376 10.2864 0
      vertex 173.625 11.0749 0
    endloop
  endfacet
  facet normal 0 0 -1
    outer loop
      vertex 171.376 11.0749 0
      vertex 173.625 11.0749 0
      vertex 171.376 10.2864 0
    endloop
  endfacet
  facet normal 0 0 -1
    outer loop
      vertex 168.3 54.683 0
      vertex 173.625 11.0749 0
      vertex 171.376 11.0749 0
    endloop
  endfacet
  facet normal 0 0 -1
    outer loop
      vertex 168.3 54.683 0
      vertex 171.376 11.0749 0
      vertex 168.557 11.0749 0
    endloop
  endfacet
  facet normal 0 0 -1
    outer loop
      vertex 222.2 54.183 0
      vertex 168.3 54.683 0
      vertex 222.2 54.683 0
    endloop
  endfacet
  facet normal 0 0 -1
    outer loop
      vertex 168.3 54.683 0
      vertex 168.557 11.0749 0
      vertex 168.3 0 0
    endloop
  endfacet
  facet normal 0 -0 -1
    outer loop
      vertex 173.799 10.2151 0
      vertex 173.799 8.52005 0
      vertex 172.654 8.52005 0
    endloop
  endfacet
  facet normal 0 0 -1
    outer loop
      vertex 177.398 131.525 0
      vertex 178.822 133.068 0
      vertex 178.813 132.859 0
    endloop
  endfacet
  facet normal 0 0 -1
    outer loop
      vertex 178.822 133.068 0
      vertex 177.399 134.6 0
      vertex 178.813 133.275 0
    endloop
  endfacet
  facet normal 0 0 -1
    outer loop
      vertex 177.604 131.549 0
      vertex 178.813 132.859 0
      vertex 178.787 132.665 0
    endloop
  endfacet
  facet normal -0 -0 -1
    outer loop
      vertex 177.605 134.576 0
      vertex 178.813 133.275 0
      vertex 177.399 134.6 0
    endloop
  endfacet
  facet normal 0 0 -1
    outer loop
      vertex 177.794 131.59 0
      vertex 178.787 132.665 0
      vertex 178.744 132.485 0
    endloop
  endfacet
  facet normal -0 -0 -1
    outer loop
      vertex 177.796 134.536 0
      vertex 178.787 133.469 0
      vertex 177.605 134.576 0
    endloop
  endfacet
  facet normal 0 0 -1
    outer loop
      vertex 177.968 131.646 0
      vertex 178.744 132.485 0
      vertex 178.684 132.32 0
    endloop
  endfacet
  facet normal 0 0 -1
    outer loop
      vertex 178.787 133.469 0
      vertex 177.796 134.536 0
      vertex 178.744 133.647 0
    endloop
  endfacet
  facet normal 0 0 -1
    outer loop
      vertex 177.968 131.646 0
      vertex 178.684 132.32 0
      vertex 178.606 132.17 0
    endloop
  endfacet
  facet normal -0 -0 -1
    outer loop
      vertex 177.971 134.48 0
      vertex 178.744 133.647 0
      vertex 177.796 134.536 0
    endloop
  endfacet
  facet normal 0 0 -1
    outer loop
      vertex 177.968 131.646 0
      vertex 178.606 132.17 0
      vertex 178.512 132.035 0
    endloop
  endfacet
  facet normal 0 0 -1
    outer loop
      vertex 178.684 133.811 0
      vertex 177.971 134.48 0
      vertex 178.607 133.96 0
    endloop
  endfacet
  facet normal 0 0 -1
    outer loop
      vertex 177.968 131.646 0
      vertex 178.512 132.035 0
      vertex 178.4 131.914 0
    endloop
  endfacet
  facet normal 0 0 -1
    outer loop
      vertex 178.607 133.96 0
      vertex 177.971 134.48 0
      vertex 178.513 134.095 0
    endloop
  endfacet
  facet normal 0 0 -1
    outer loop
      vertex 177.968 131.646 0
      vertex 178.4 131.914 0
      vertex 178.271 131.809 0
    endloop
  endfacet
  facet normal 0 0 -1
    outer loop
      vertex 178.401 134.214 0
      vertex 177.971 134.48 0
      vertex 178.273 134.319 0
    endloop
  endfacet
  facet normal 0 0 -1
    outer loop
      vertex 177.968 131.646 0
      vertex 178.271 131.809 0
      vertex 178.127 131.719 0
    endloop
  endfacet
  facet normal 0 0 -1
    outer loop
      vertex 178.273 134.319 0
      vertex 177.971 134.48 0
      vertex 178.13 134.407 0
    endloop
  endfacet
  facet normal 0 0 -1
    outer loop
      vertex 178.744 132.485 0
      vertex 177.968 131.646 0
      vertex 177.794 131.59 0
    endloop
  endfacet
  facet normal 0 0 -1
    outer loop
      vertex 178.513 134.095 0
      vertex 177.971 134.48 0
      vertex 178.401 134.214 0
    endloop
  endfacet
  facet normal 0 0 -1
    outer loop
      vertex 178.787 132.665 0
      vertex 177.794 131.59 0
      vertex 177.604 131.549 0
    endloop
  endfacet
  facet normal 0 0 -1
    outer loop
      vertex 178.744 133.647 0
      vertex 177.971 134.48 0
      vertex 178.684 133.811 0
    endloop
  endfacet
  facet normal 0 0 -1
    outer loop
      vertex 178.813 132.859 0
      vertex 177.604 131.549 0
      vertex 177.398 131.525 0
    endloop
  endfacet
  facet normal 0 0 -1
    outer loop
      vertex 178.813 133.275 0
      vertex 177.605 134.576 0
      vertex 178.787 133.469 0
    endloop
  endfacet
  facet normal -0 0 -1
    outer loop
      vertex 178.822 133.068 0
      vertex 177.398 131.525 0
      vertex 177.399 134.6 0
    endloop
  endfacet
  facet normal 0 0 -1
    outer loop
      vertex 177.177 131.517 0
      vertex 177.399 134.6 0
      vertex 177.398 131.525 0
    endloop
  endfacet
  facet normal 0 0 -1
    outer loop
      vertex 177.177 131.517 0
      vertex 177.177 134.608 0
      vertex 177.399 134.6 0
    endloop
  endfacet
  facet normal 0 0 -1
    outer loop
      vertex 176.709 131.517 0
      vertex 177.177 134.608 0
      vertex 177.177 131.517 0
    endloop
  endfacet
  facet normal -0 0 -1
    outer loop
      vertex 177.177 134.608 0
      vertex 176.709 131.517 0
      vertex 176.709 134.608 0
    endloop
  endfacet
  facet normal 0 0 -1
    outer loop
      vertex 176.839 9.05423 0
      vertex 178.084 9.05423 0
      vertex 178.081 8.84418 0
    endloop
  endfacet
  facet normal 0 0 -1
    outer loop
      vertex 178.084 9.05423 0
      vertex 176.839 9.05423 0
      vertex 178.081 9.26207 0
    endloop
  endfacet
  facet normal 0 0 -1
    outer loop
      vertex 176.842 8.84418 0
      vertex 178.081 8.84418 0
      vertex 178.072 8.65259 0
    endloop
  endfacet
  facet normal 0 -0 -1
    outer loop
      vertex 176.842 9.26207 0
      vertex 178.081 9.26207 0
      vertex 176.839 9.05423 0
    endloop
  endfacet
  facet normal 0 0 -1
    outer loop
      vertex 176.85 8.65259 0
      vertex 178.072 8.65259 0
      vertex 178.057 8.47949 0
    endloop
  endfacet
  facet normal 0 0 -1
    outer loop
      vertex 178.081 9.26207 0
      vertex 176.842 9.26207 0
      vertex 178.072 9.4516 0
    endloop
  endfacet
  facet normal 0 0 -1
    outer loop
      vertex 176.865 8.47949 0
      vertex 178.057 8.47949 0
      vertex 178.037 8.32489 0
    endloop
  endfacet
  facet normal 0 -0 -1
    outer loop
      vertex 176.85 9.4516 0
      vertex 178.072 9.4516 0
      vertex 176.842 9.26207 0
    endloop
  endfacet
  facet normal 0 0 -1
    outer loop
      vertex 176.886 8.32489 0
      vertex 178.037 8.32489 0
      vertex 178.01 8.18875 0
    endloop
  endfacet
  facet normal 0 0 -1
    outer loop
      vertex 178.072 9.4516 0
      vertex 176.85 9.4516 0
      vertex 178.058 9.62279 0
    endloop
  endfacet
  facet normal 0 0 -1
    outer loop
      vertex 176.912 8.18875 0
      vertex 178.01 8.18875 0
      vertex 177.978 8.07112 0
    endloop
  endfacet
  facet normal 0 -0 -1
    outer loop
      vertex 176.865 9.62279 0
      vertex 178.058 9.62279 0
      vertex 176.85 9.4516 0
    endloop
  endfacet
  facet normal 0 0 -1
    outer loop
      vertex 176.944 8.07112 0
      vertex 177.978 8.07112 0
      vertex 177.94 7.97197 0
    endloop
  endfacet
  facet normal 0 0 -1
    outer loop
      vertex 178.058 9.62279 0
      vertex 176.865 9.62279 0
      vertex 178.037 9.77565 0
    endloop
  endfacet
  facet normal 0 0 -1
    outer loop
      vertex 176.982 7.97197 0
      vertex 177.94 7.97197 0
      vertex 177.895 7.88849 0
    endloop
  endfacet
  facet normal 0 -0 -1
    outer loop
      vertex 176.886 9.77565 0
      vertex 178.037 9.77565 0
      vertex 176.865 9.62279 0
    endloop
  endfacet
  facet normal 0 0 -1
    outer loop
      vertex 177.554 7.66374 0
      vertex 177.895 7.88849 0
      vertex 177.842 7.81786 0
    endloop
  endfacet
  facet normal 0 0 -1
    outer loop
      vertex 178.037 9.77565 0
      vertex 176.886 9.77565 0
      vertex 178.011 9.9102 0
    endloop
  endfacet
  facet normal 0 0 -1
    outer loop
      vertex 177.554 7.66374 0
      vertex 177.842 7.81786 0
      vertex 177.782 7.76007 0
    endloop
  endfacet
  facet normal 0 -0 -1
    outer loop
      vertex 176.912 9.9102 0
      vertex 178.011 9.9102 0
      vertex 176.886 9.77565 0
    endloop
  endfacet
  facet normal 0 0 -1
    outer loop
      vertex 177.554 7.66374 0
      vertex 177.782 7.76007 0
      vertex 177.714 7.71512 0
    endloop
  endfacet
  facet normal 0 0 -1
    outer loop
      vertex 178.011 9.9102 0
      vertex 176.912 9.9102 0
      vertex 177.979 10.0264 0
    endloop
  endfacet
  facet normal 0 0 -1
    outer loop
      vertex 177.554 7.66374 0
      vertex 177.714 7.71512 0
      vertex 177.638 7.68301 0
    endloop
  endfacet
  facet normal 0 -0 -1
    outer loop
      vertex 176.944 10.0264 0
      vertex 177.979 10.0264 0
      vertex 176.912 9.9102 0
    endloop
  endfacet
  facet normal 0 0 -1
    outer loop
      vertex 177.895 7.88849 0
      vertex 177.554 7.66374 0
      vertex 177.463 7.65733 0
    endloop
  endfacet
  facet normal -0 0 -1
    outer loop
      vertex 177.895 7.88849 0
      vertex 177.463 7.65733 0
      vertex 176.982 7.97197 0
    endloop
  endfacet
  facet normal 0 0 -1
    outer loop
      vertex 177.979 10.0264 0
      vertex 176.944 10.0264 0
      vertex 177.941 10.1243 0
    endloop
  endfacet
  facet normal 0 0 -1
    outer loop
      vertex 177.027 7.88849 0
      vertex 177.463 7.65733 0
      vertex 177.37 7.66374 0
    endloop
  endfacet
  facet normal 0 -0 -1
    outer loop
      vertex 176.982 10.1243 0
      vertex 177.941 10.1243 0
      vertex 176.944 10.0264 0
    endloop
  endfacet
  facet normal 0 0 -1
    outer loop
      vertex 177.027 7.88849 0
      vertex 177.37 7.66374 0
      vertex 177.286 7.68301 0
    endloop
  endfacet
  facet normal 0 -0 -1
    outer loop
      vertex 177.463 10.4349 0
      vertex 177.941 10.1243 0
      vertex 176.982 10.1243 0
    endloop
  endfacet
  facet normal 0 0 -1
    outer loop
      vertex 177.08 7.81786 0
      vertex 177.286 7.68301 0
      vertex 177.21 7.71512 0
    endloop
  endfacet
  facet normal 0 0 -1
    outer loop
      vertex 177.941 10.1243 0
      vertex 177.463 10.4349 0
      vertex 177.897 10.2067 0
    endloop
  endfacet
  facet normal 0 0 -1
    outer loop
      vertex 177.08 7.81786 0
      vertex 177.21 7.71512 0
      vertex 177.141 7.76007 0
    endloop
  endfacet
  facet normal -0 -0 -1
    outer loop
      vertex 177.555 10.4286 0
      vertex 177.897 10.2067 0
      vertex 177.463 10.4349 0
    endloop
  endfacet
  facet normal 0 0 -1
    outer loop
      vertex 177.286 7.68301 0
      vertex 177.08 7.81786 0
      vertex 177.027 7.88849 0
    endloop
  endfacet
  facet normal -0 -0 -1
    outer loop
      vertex 177.639 10.4096 0
      vertex 177.844 10.2764 0
      vertex 177.555 10.4286 0
    endloop
  endfacet
  facet normal 0 0 -1
    outer loop
      vertex 177.463 7.65733 0
      vertex 177.027 7.88849 0
      vertex 176.982 7.97197 0
    endloop
  endfacet
  facet normal 0 0 -1
    outer loop
      vertex 177.844 10.2764 0
      vertex 177.639 10.4096 0
      vertex 177.784 10.3335 0
    endloop
  endfacet
  facet normal 0 0 -1
    outer loop
      vertex 177.94 7.97197 0
      vertex 176.982 7.97197 0
      vertex 176.944 8.07112 0
    endloop
  endfacet
  facet normal 0 0 -1
    outer loop
      vertex 177.784 10.3335 0
      vertex 177.639 10.4096 0
      vertex 177.715 10.3779 0
    endloop
  endfacet
  facet normal 0 0 -1
    outer loop
      vertex 177.978 8.07112 0
      vertex 176.944 8.07112 0
      vertex 176.912 8.18875 0
    endloop
  endfacet
  facet normal 0 0 -1
    outer loop
      vertex 178.081 8.84418 0
      vertex 176.842 8.84418 0
      vertex 176.839 9.05423 0
    endloop
  endfacet
  facet normal 0 0 -1
    outer loop
      vertex 178.01 8.18875 0
      vertex 176.912 8.18875 0
      vertex 176.886 8.32489 0
    endloop
  endfacet
  facet normal 0 0 -1
    outer loop
      vertex 177.897 10.2067 0
      vertex 177.555 10.4286 0
      vertex 177.844 10.2764 0
    endloop
  endfacet
  facet normal 0 0 -1
    outer loop
      vertex 178.037 8.32489 0
      vertex 176.886 8.32489 0
      vertex 176.865 8.47949 0
    endloop
  endfacet
  facet normal 0 0 -1
    outer loop
      vertex 177.463 10.4349 0
      vertex 176.982 10.1243 0
      vertex 177.37 10.4286 0
    endloop
  endfacet
  facet normal 0 0 -1
    outer loop
      vertex 178.057 8.47949 0
      vertex 176.865 8.47949 0
      vertex 176.85 8.65259 0
    endloop
  endfacet
  facet normal 0 0 -1
    outer loop
      vertex 178.072 8.65259 0
      vertex 176.85 8.65259 0
      vertex 176.842 8.84418 0
    endloop
  endfacet
  facet normal 0 -0 -1
    outer loop
      vertex 177.027 10.2067 0
      vertex 177.37 10.4286 0
      vertex 176.982 10.1243 0
    endloop
  endfacet
  facet normal 0 0 -1
    outer loop
      vertex 177.37 10.4286 0
      vertex 177.027 10.2067 0
      vertex 177.286 10.4096 0
    endloop
  endfacet
  facet normal 0 0 -1
    outer loop
      vertex 177.21 10.3779 0
      vertex 177.08 10.2764 0
      vertex 177.141 10.3335 0
    endloop
  endfacet
  facet normal 0 0 -1
    outer loop
      vertex 177.286 10.4096 0
      vertex 177.08 10.2764 0
      vertex 177.21 10.3779 0
    endloop
  endfacet
  facet normal 0 -0 -1
    outer loop
      vertex 177.08 10.2764 0
      vertex 177.286 10.4096 0
      vertex 177.027 10.2067 0
    endloop
  endfacet
  facet normal 0 0 -1
    outer loop
      vertex 181.598 9.20024 0
      vertex 182.07 9.75403 0
      vertex 182.067 9.67918 0
    endloop
  endfacet
  facet normal 0 0 -1
    outer loop
      vertex 181.671 9.21529 0
      vertex 182.067 9.67918 0
      vertex 182.057 9.60938 0
    endloop
  endfacet
  facet normal 0 0 -1
    outer loop
      vertex 181.598 9.20024 0
      vertex 182.067 9.67918 0
      vertex 181.671 9.21529 0
    endloop
  endfacet
  facet normal 0 0 -1
    outer loop
      vertex 181.738 9.23636 0
      vertex 182.057 9.60938 0
      vertex 182.04 9.54459 0
    endloop
  endfacet
  facet normal 0 0 -1
    outer loop
      vertex 181.598 10.3052 0
      vertex 182.07 9.75403 0
      vertex 181.598 9.20024 0
    endloop
  endfacet
  facet normal 0 0 -1
    outer loop
      vertex 181.799 9.26346 0
      vertex 182.04 9.54459 0
      vertex 182.016 9.48482 0
    endloop
  endfacet
  facet normal 0 0 -1
    outer loop
      vertex 182.067 9.82884 0
      vertex 181.671 10.2903 0
      vertex 182.057 9.89856 0
    endloop
  endfacet
  facet normal 0 0 -1
    outer loop
      vertex 181.799 9.26346 0
      vertex 182.016 9.48482 0
      vertex 181.986 9.43008 0
    endloop
  endfacet
  facet normal 0 0 -1
    outer loop
      vertex 182.057 9.60938 0
      vertex 181.738 9.23636 0
      vertex 181.671 9.21529 0
    endloop
  endfacet
  facet normal 0 0 -1
    outer loop
      vertex 181.799 9.26346 0
      vertex 181.986 9.43008 0
      vertex 181.949 9.38039 0
    endloop
  endfacet
  facet normal -0 -0 -1
    outer loop
      vertex 181.738 10.2694 0
      vertex 182.057 9.89856 0
      vertex 181.671 10.2903 0
    endloop
  endfacet
  facet normal 0 0 -1
    outer loop
      vertex 181.799 9.26346 0
      vertex 181.949 9.38039 0
      vertex 181.905 9.33571 0
    endloop
  endfacet
  facet normal 0 0 -1
    outer loop
      vertex 181.799 9.26346 0
      vertex 181.905 9.33571 0
      vertex 181.855 9.29657 0
    endloop
  endfacet
  facet normal 0 0 -1
    outer loop
      vertex 182.04 9.54459 0
      vertex 181.799 9.26346 0
      vertex 181.738 9.23636 0
    endloop
  endfacet
  facet normal 0 0 -1
    outer loop
      vertex 181.949 10.1266 0
      vertex 181.855 10.2097 0
      vertex 181.905 10.171 0
    endloop
  endfacet
  facet normal 0 0 -1
    outer loop
      vertex 182.04 9.96321 0
      vertex 181.799 10.2426 0
      vertex 182.016 10.0228 0
    endloop
  endfacet
  facet normal 0 0 -1
    outer loop
      vertex 181.949 10.1266 0
      vertex 181.799 10.2426 0
      vertex 181.855 10.2097 0
    endloop
  endfacet
  facet normal 0 0 -1
    outer loop
      vertex 182.016 10.0228 0
      vertex 181.799 10.2426 0
      vertex 181.986 10.0772 0
    endloop
  endfacet
  facet normal 0 0 -1
    outer loop
      vertex 181.986 10.0772 0
      vertex 181.799 10.2426 0
      vertex 181.949 10.1266 0
    endloop
  endfacet
  facet normal 0 0 -1
    outer loop
      vertex 182.057 9.89856 0
      vertex 181.738 10.2694 0
      vertex 182.04 9.96321 0
    endloop
  endfacet
  facet normal -0 -0 -1
    outer loop
      vertex 181.799 10.2426 0
      vertex 182.04 9.96321 0
      vertex 181.738 10.2694 0
    endloop
  endfacet
  facet normal 0 0 -1
    outer loop
      vertex 182.07 9.75403 0
      vertex 181.598 10.3052 0
      vertex 182.067 9.82884 0
    endloop
  endfacet
  facet normal 0 0 -1
    outer loop
      vertex 182.067 9.82884 0
      vertex 181.598 10.3052 0
      vertex 181.671 10.2903 0
    endloop
  endfacet
  facet normal 0 0 -1
    outer loop
      vertex 181.519 9.19121 0
      vertex 181.598 10.3052 0
      vertex 181.598 9.20024 0
    endloop
  endfacet
  facet normal 0 0 -1
    outer loop
      vertex 181.519 9.19121 0
      vertex 181.519 10.3142 0
      vertex 181.598 10.3052 0
    endloop
  endfacet
  facet normal 0 0 -1
    outer loop
      vertex 181.436 9.18819 0
      vertex 181.519 10.3142 0
      vertex 181.519 9.19121 0
    endloop
  endfacet
  facet normal 0 0 -1
    outer loop
      vertex 181.436 9.18819 0
      vertex 181.436 10.3172 0
      vertex 181.519 10.3142 0
    endloop
  endfacet
  facet normal 0 0 -1
    outer loop
      vertex 180.858 9.18819 0
      vertex 181.436 10.3172 0
      vertex 181.436 9.18819 0
    endloop
  endfacet
  facet normal -0 0 -1
    outer loop
      vertex 181.436 10.3172 0
      vertex 180.858 9.18819 0
      vertex 180.858 10.3172 0
    endloop
  endfacet
  facet normal 0 0 -1
    outer loop
      vertex 187.419 110.008 0
      vertex 187.692 110.365 0
      vertex 187.69 110.314 0
    endloop
  endfacet
  facet normal 0 0 -1
    outer loop
      vertex 187.466 110.022 0
      vertex 187.69 110.314 0
      vertex 187.683 110.267 0
    endloop
  endfacet
  facet normal 0 0 -1
    outer loop
      vertex 187.419 110.721 0
      vertex 187.692 110.365 0
      vertex 187.419 110.008 0
    endloop
  endfacet
  facet normal 0 0 -1
    outer loop
      vertex 187.509 110.039 0
      vertex 187.683 110.267 0
      vertex 187.672 110.223 0
    endloop
  endfacet
  facet normal 0 0 -1
    outer loop
      vertex 187.692 110.365 0
      vertex 187.419 110.721 0
      vertex 187.69 110.415 0
    endloop
  endfacet
  facet normal 0 0 -1
    outer loop
      vertex 187.509 110.039 0
      vertex 187.672 110.223 0
      vertex 187.656 110.183 0
    endloop
  endfacet
  facet normal 0 0 -1
    outer loop
      vertex 187.69 110.314 0
      vertex 187.466 110.022 0
      vertex 187.419 110.008 0
    endloop
  endfacet
  facet normal 0 0 -1
    outer loop
      vertex 187.509 110.039 0
      vertex 187.656 110.183 0
      vertex 187.635 110.147 0
    endloop
  endfacet
  facet normal -0 -0 -1
    outer loop
      vertex 187.466 110.708 0
      vertex 187.69 110.415 0
      vertex 187.419 110.721 0
    endloop
  endfacet
  facet normal 0 0 -1
    outer loop
      vertex 187.509 110.039 0
      vertex 187.635 110.147 0
      vertex 187.61 110.115 0
    endloop
  endfacet
  facet normal 0 0 -1
    outer loop
      vertex 187.683 110.267 0
      vertex 187.509 110.039 0
      vertex 187.466 110.022 0
    endloop
  endfacet
  facet normal 0 0 -1
    outer loop
      vertex 187.509 110.039 0
      vertex 187.61 110.115 0
      vertex 187.581 110.086 0
    endloop
  endfacet
  facet normal 0 0 -1
    outer loop
      vertex 187.69 110.415 0
      vertex 187.466 110.708 0
      vertex 187.683 110.462 0
    endloop
  endfacet
  facet normal 0 0 -1
    outer loop
      vertex 187.509 110.039 0
      vertex 187.581 110.086 0
      vertex 187.547 110.061 0
    endloop
  endfacet
  facet normal 0 0 -1
    outer loop
      vertex 187.672 110.505 0
      vertex 187.509 110.69 0
      vertex 187.656 110.545 0
    endloop
  endfacet
  facet normal 0 0 -1
    outer loop
      vertex 187.61 110.614 0
      vertex 187.509 110.69 0
      vertex 187.581 110.643 0
    endloop
  endfacet
  facet normal 0 0 -1
    outer loop
      vertex 187.581 110.643 0
      vertex 187.509 110.69 0
      vertex 187.547 110.669 0
    endloop
  endfacet
  facet normal 0 0 -1
    outer loop
      vertex 187.656 110.545 0
      vertex 187.509 110.69 0
      vertex 187.635 110.581 0
    endloop
  endfacet
  facet normal 0 0 -1
    outer loop
      vertex 187.635 110.581 0
      vertex 187.509 110.69 0
      vertex 187.61 110.614 0
    endloop
  endfacet
  facet normal 0 0 -1
    outer loop
      vertex 187.683 110.462 0
      vertex 187.509 110.69 0
      vertex 187.672 110.505 0
    endloop
  endfacet
  facet normal -0 -0 -1
    outer loop
      vertex 187.509 110.69 0
      vertex 187.683 110.462 0
      vertex 187.466 110.708 0
    endloop
  endfacet
  facet normal 0 0 -1
    outer loop
      vertex 187.368 109.999 0
      vertex 187.419 110.721 0
      vertex 187.419 110.008 0
    endloop
  endfacet
  facet normal 0 0 -1
    outer loop
      vertex 187.368 109.999 0
      vertex 187.368 110.731 0
      vertex 187.419 110.721 0
    endloop
  endfacet
  facet normal 0 0 -1
    outer loop
      vertex 187.313 109.993 0
      vertex 187.368 110.731 0
      vertex 187.368 109.999 0
    endloop
  endfacet
  facet normal 0 0 -1
    outer loop
      vertex 187.313 109.993 0
      vertex 187.313 110.737 0
      vertex 187.368 110.731 0
    endloop
  endfacet
  facet normal 0 0 -1
    outer loop
      vertex 187.253 109.991 0
      vertex 187.313 110.737 0
      vertex 187.313 109.993 0
    endloop
  endfacet
  facet normal 0 0 -1
    outer loop
      vertex 187.253 109.991 0
      vertex 187.253 110.739 0
      vertex 187.313 110.737 0
    endloop
  endfacet
  facet normal 0 0 -1
    outer loop
      vertex 186.748 109.991 0
      vertex 187.253 110.739 0
      vertex 187.253 109.991 0
    endloop
  endfacet
  facet normal -0 0 -1
    outer loop
      vertex 187.253 110.739 0
      vertex 186.748 109.991 0
      vertex 186.748 110.739 0
    endloop
  endfacet
  facet normal 0 0 -1
    outer loop
      vertex 187.495 108.462 0
      vertex 187.837 108.908 0
      vertex 187.834 108.843 0
    endloop
  endfacet
  facet normal 0 0 -1
    outer loop
      vertex 187.837 108.908 0
      vertex 187.496 109.347 0
      vertex 187.834 108.972 0
    endloop
  endfacet
  facet normal 0 0 -1
    outer loop
      vertex 187.554 108.479 0
      vertex 187.834 108.843 0
      vertex 187.826 108.784 0
    endloop
  endfacet
  facet normal -0 -0 -1
    outer loop
      vertex 187.556 109.331 0
      vertex 187.834 108.972 0
      vertex 187.496 109.347 0
    endloop
  endfacet
  facet normal 0 0 -1
    outer loop
      vertex 187.608 108.5 0
      vertex 187.826 108.784 0
      vertex 187.812 108.729 0
    endloop
  endfacet
  facet normal 0 0 -1
    outer loop
      vertex 187.834 108.972 0
      vertex 187.556 109.331 0
      vertex 187.826 109.03 0
    endloop
  endfacet
  facet normal 0 0 -1
    outer loop
      vertex 187.608 108.5 0
      vertex 187.812 108.729 0
      vertex 187.792 108.678 0
    endloop
  endfacet
  facet normal 0 0 -1
    outer loop
      vertex 187.826 109.03 0
      vertex 187.609 109.31 0
      vertex 187.812 109.084 0
    endloop
  endfacet
  facet normal 0 0 -1
    outer loop
      vertex 187.656 108.526 0
      vertex 187.792 108.678 0
      vertex 187.766 108.633 0
    endloop
  endfacet
  facet normal 0 0 -1
    outer loop
      vertex 187.812 109.084 0
      vertex 187.609 109.31 0
      vertex 187.792 109.133 0
    endloop
  endfacet
  facet normal 0 0 -1
    outer loop
      vertex 187.656 108.526 0
      vertex 187.766 108.633 0
      vertex 187.735 108.593 0
    endloop
  endfacet
  facet normal 0 0 -1
    outer loop
      vertex 187.792 109.133 0
      vertex 187.609 109.31 0
      vertex 187.767 109.178 0
    endloop
  endfacet
  facet normal 0 0 -1
    outer loop
      vertex 187.656 108.526 0
      vertex 187.735 108.593 0
      vertex 187.698 108.557 0
    endloop
  endfacet
  facet normal 0 0 -1
    outer loop
      vertex 187.736 109.218 0
      vertex 187.609 109.31 0
      vertex 187.699 109.253 0
    endloop
  endfacet
  facet normal 0 0 -1
    outer loop
      vertex 187.792 108.678 0
      vertex 187.656 108.526 0
      vertex 187.608 108.5 0
    endloop
  endfacet
  facet normal 0 0 -1
    outer loop
      vertex 187.699 109.253 0
      vertex 187.609 109.31 0
      vertex 187.657 109.284 0
    endloop
  endfacet
  facet normal 0 0 -1
    outer loop
      vertex 187.826 108.784 0
      vertex 187.608 108.5 0
      vertex 187.554 108.479 0
    endloop
  endfacet
  facet normal 0 0 -1
    outer loop
      vertex 187.767 109.178 0
      vertex 187.609 109.31 0
      vertex 187.736 109.218 0
    endloop
  endfacet
  facet normal 0 0 -1
    outer loop
      vertex 187.834 108.843 0
      vertex 187.554 108.479 0
      vertex 187.495 108.462 0
    endloop
  endfacet
  facet normal -0 -0 -1
    outer loop
      vertex 187.609 109.31 0
      vertex 187.826 109.03 0
      vertex 187.556 109.331 0
    endloop
  endfacet
  facet normal -0 0 -1
    outer loop
      vertex 187.837 108.908 0
      vertex 187.495 108.462 0
      vertex 187.496 109.347 0
    endloop
  endfacet
  facet normal 0 0 -1
    outer loop
      vertex 187.495 108.462 0
      vertex 187.431 109.359 0
      vertex 187.496 109.347 0
    endloop
  endfacet
  facet normal 0 0 -1
    outer loop
      vertex 187.43 108.45 0
      vertex 187.431 109.359 0
      vertex 187.495 108.462 0
    endloop
  endfacet
  facet normal 0 0 -1
    outer loop
      vertex 187.43 108.45 0
      vertex 187.361 109.366 0
      vertex 187.431 109.359 0
    endloop
  endfacet
  facet normal 0 0 -1
    outer loop
      vertex 187.36 108.443 0
      vertex 187.361 109.366 0
      vertex 187.43 108.45 0
    endloop
  endfacet
  facet normal 0 0 -1
    outer loop
      vertex 187.284 108.441 0
      vertex 187.361 109.366 0
      vertex 187.36 108.443 0
    endloop
  endfacet
  facet normal 0 0 -1
    outer loop
      vertex 187.284 108.441 0
      vertex 187.284 109.368 0
      vertex 187.361 109.366 0
    endloop
  endfacet
  facet normal 0 0 -1
    outer loop
      vertex 186.748 108.441 0
      vertex 187.284 109.368 0
      vertex 187.284 108.441 0
    endloop
  endfacet
  facet normal -0 0 -1
    outer loop
      vertex 187.284 109.368 0
      vertex 186.748 108.441 0
      vertex 186.748 109.368 0
    endloop
  endfacet
  facet normal 0 0 -1
    outer loop
      vertex 193.323 131.525 0
      vertex 194.746 133.068 0
      vertex 194.737 132.859 0
    endloop
  endfacet
  facet normal 0 0 -1
    outer loop
      vertex 194.746 133.068 0
      vertex 193.323 134.6 0
      vertex 194.737 133.275 0
    endloop
  endfacet
  facet normal 0 0 -1
    outer loop
      vertex 193.528 131.549 0
      vertex 194.737 132.859 0
      vertex 194.712 132.665 0
    endloop
  endfacet
  facet normal -0 -0 -1
    outer loop
      vertex 193.53 134.576 0
      vertex 194.737 133.275 0
      vertex 193.323 134.6 0
    endloop
  endfacet
  facet normal 0 0 -1
    outer loop
      vertex 193.718 131.59 0
      vertex 194.712 132.665 0
      vertex 194.669 132.485 0
    endloop
  endfacet
  facet normal -0 -0 -1
    outer loop
      vertex 193.72 134.536 0
      vertex 194.712 133.469 0
      vertex 193.53 134.576 0
    endloop
  endfacet
  facet normal 0 0 -1
    outer loop
      vertex 193.893 131.646 0
      vertex 194.669 132.485 0
      vertex 194.608 132.32 0
    endloop
  endfacet
  facet normal 0 0 -1
    outer loop
      vertex 194.712 133.469 0
      vertex 193.72 134.536 0
      vertex 194.669 133.647 0
    endloop
  endfacet
  facet normal 0 0 -1
    outer loop
      vertex 193.893 131.646 0
      vertex 194.608 132.32 0
      vertex 194.531 132.17 0
    endloop
  endfacet
  facet normal -0 -0 -1
    outer loop
      vertex 193.895 134.48 0
      vertex 194.669 133.647 0
      vertex 193.72 134.536 0
    endloop
  endfacet
  facet normal 0 0 -1
    outer loop
      vertex 193.893 131.646 0
      vertex 194.531 132.17 0
      vertex 194.436 132.035 0
    endloop
  endfacet
  facet normal 0 0 -1
    outer loop
      vertex 194.609 133.811 0
      vertex 193.895 134.48 0
      vertex 194.532 133.96 0
    endloop
  endfacet
  facet normal 0 0 -1
    outer loop
      vertex 193.893 131.646 0
      vertex 194.436 132.035 0
      vertex 194.324 131.914 0
    endloop
  endfacet
  facet normal 0 0 -1
    outer loop
      vertex 194.532 133.96 0
      vertex 193.895 134.48 0
      vertex 194.437 134.095 0
    endloop
  endfacet
  facet normal 0 0 -1
    outer loop
      vertex 193.893 131.646 0
      vertex 194.324 131.914 0
      vertex 194.196 131.809 0
    endloop
  endfacet
  facet normal 0 0 -1
    outer loop
      vertex 194.326 134.214 0
      vertex 193.895 134.48 0
      vertex 194.198 134.319 0
    endloop
  endfacet
  facet normal 0 0 -1
    outer loop
      vertex 193.893 131.646 0
      vertex 194.196 131.809 0
      vertex 194.052 131.719 0
    endloop
  endfacet
  facet normal 0 0 -1
    outer loop
      vertex 194.198 134.319 0
      vertex 193.895 134.48 0
      vertex 194.054 134.407 0
    endloop
  endfacet
  facet normal 0 0 -1
    outer loop
      vertex 194.669 132.485 0
      vertex 193.893 131.646 0
      vertex 193.718 131.59 0
    endloop
  endfacet
  facet normal 0 0 -1
    outer loop
      vertex 194.437 134.095 0
      vertex 193.895 134.48 0
      vertex 194.326 134.214 0
    endloop
  endfacet
  facet normal 0 0 -1
    outer loop
      vertex 194.712 132.665 0
      vertex 193.718 131.59 0
      vertex 193.528 131.549 0
    endloop
  endfacet
  facet normal 0 0 -1
    outer loop
      vertex 194.669 133.647 0
      vertex 193.895 134.48 0
      vertex 194.609 133.811 0
    endloop
  endfacet
  facet normal 0 0 -1
    outer loop
      vertex 194.737 132.859 0
      vertex 193.528 131.549 0
      vertex 193.323 131.525 0
    endloop
  endfacet
  facet normal 0 0 -1
    outer loop
      vertex 194.737 133.275 0
      vertex 193.53 134.576 0
      vertex 194.712 133.469 0
    endloop
  endfacet
  facet normal -0 0 -1
    outer loop
      vertex 194.746 133.068 0
      vertex 193.323 131.525 0
      vertex 193.323 134.6 0
    endloop
  endfacet
  facet normal 0 0 -1
    outer loop
      vertex 193.102 131.517 0
      vertex 193.323 134.6 0
      vertex 193.323 131.525 0
    endloop
  endfacet
  facet normal 0 0 -1
    outer loop
      vertex 193.102 131.517 0
      vertex 193.102 134.608 0
      vertex 193.323 134.6 0
    endloop
  endfacet
  facet normal 0 0 -1
    outer loop
      vertex 192.634 131.517 0
      vertex 193.102 134.608 0
      vertex 193.102 131.517 0
    endloop
  endfacet
  facet normal -0 0 -1
    outer loop
      vertex 193.102 134.608 0
      vertex 192.634 131.517 0
      vertex 192.634 134.608 0
    endloop
  endfacet
  facet normal 0 0 -1
    outer loop
      vertex 193.588 108.944 0
      vertex 194.55 108.944 0
      vertex 194.547 108.858 0
    endloop
  endfacet
  facet normal 0 0 -1
    outer loop
      vertex 193.591 108.858 0
      vertex 194.547 108.858 0
      vertex 194.54 108.779 0
    endloop
  endfacet
  facet normal 0 0 -1
    outer loop
      vertex 194.55 108.944 0
      vertex 193.588 108.944 0
      vertex 194.547 109.029 0
    endloop
  endfacet
  facet normal 0 0 -1
    outer loop
      vertex 193.598 108.779 0
      vertex 194.54 108.779 0
      vertex 194.528 108.706 0
    endloop
  endfacet
  facet normal 0 -0 -1
    outer loop
      vertex 193.591 109.029 0
      vertex 194.547 109.029 0
      vertex 193.588 108.944 0
    endloop
  endfacet
  facet normal 0 0 -1
    outer loop
      vertex 193.61 108.706 0
      vertex 194.528 108.706 0
      vertex 194.511 108.639 0
    endloop
  endfacet
  facet normal 0 0 -1
    outer loop
      vertex 194.547 109.029 0
      vertex 193.591 109.029 0
      vertex 194.54 109.109 0
    endloop
  endfacet
  facet normal 0 0 -1
    outer loop
      vertex 194.135 108.325 0
      vertex 194.511 108.639 0
      vertex 194.489 108.579 0
    endloop
  endfacet
  facet normal 0 -0 -1
    outer loop
      vertex 193.598 109.109 0
      vertex 194.54 109.109 0
      vertex 193.591 109.029 0
    endloop
  endfacet
  facet normal 0 0 -1
    outer loop
      vertex 194.196 108.335 0
      vertex 194.489 108.579 0
      vertex 194.462 108.525 0
    endloop
  endfacet
  facet normal 0 0 -1
    outer loop
      vertex 194.54 109.109 0
      vertex 193.598 109.109 0
      vertex 194.528 109.182 0
    endloop
  endfacet
  facet normal 0 0 -1
    outer loop
      vertex 194.196 108.335 0
      vertex 194.462 108.525 0
      vertex 194.43 108.478 0
    endloop
  endfacet
  facet normal 0 -0 -1
    outer loop
      vertex 193.61 109.182 0
      vertex 194.528 109.182 0
      vertex 193.598 109.109 0
    endloop
  endfacet
  facet normal 0 0 -1
    outer loop
      vertex 194.196 108.335 0
      vertex 194.43 108.478 0
      vertex 194.393 108.436 0
    endloop
  endfacet
  facet normal 0 0 -1
    outer loop
      vertex 194.528 109.182 0
      vertex 193.61 109.182 0
      vertex 194.511 109.248 0
    endloop
  endfacet
  facet normal 0 0 -1
    outer loop
      vertex 194.196 108.335 0
      vertex 194.393 108.436 0
      vertex 194.351 108.401 0
    endloop
  endfacet
  facet normal 0 -0 -1
    outer loop
      vertex 194.068 109.565 0
      vertex 194.511 109.248 0
      vertex 193.61 109.182 0
    endloop
  endfacet
  facet normal 0 0 -1
    outer loop
      vertex 194.196 108.335 0
      vertex 194.351 108.401 0
      vertex 194.305 108.373 0
    endloop
  endfacet
  facet normal -0 -0 -1
    outer loop
      vertex 194.135 109.562 0
      vertex 194.511 109.248 0
      vertex 194.068 109.565 0
    endloop
  endfacet
  facet normal 0 0 -1
    outer loop
      vertex 194.196 108.335 0
      vertex 194.305 108.373 0
      vertex 194.253 108.351 0
    endloop
  endfacet
  facet normal 0 0 -1
    outer loop
      vertex 194.511 109.248 0
      vertex 194.135 109.562 0
      vertex 194.489 109.308 0
    endloop
  endfacet
  facet normal 0 0 -1
    outer loop
      vertex 194.489 108.579 0
      vertex 194.196 108.335 0
      vertex 194.135 108.325 0
    endloop
  endfacet
  facet normal 0 0 -1
    outer loop
      vertex 194.489 109.308 0
      vertex 194.196 109.553 0
      vertex 194.462 109.362 0
    endloop
  endfacet
  facet normal 0 0 -1
    outer loop
      vertex 194.511 108.639 0
      vertex 194.135 108.325 0
      vertex 194.068 108.322 0
    endloop
  endfacet
  facet normal 0 0 -1
    outer loop
      vertex 194.462 109.362 0
      vertex 194.196 109.553 0
      vertex 194.43 109.41 0
    endloop
  endfacet
  facet normal -0 0 -1
    outer loop
      vertex 194.511 108.639 0
      vertex 194.068 108.322 0
      vertex 193.61 108.706 0
    endloop
  endfacet
  facet normal 0 0 -1
    outer loop
      vertex 194.43 109.41 0
      vertex 194.196 109.553 0
      vertex 194.393 109.451 0
    endloop
  endfacet
  facet normal 0 0 -1
    outer loop
      vertex 193.628 108.639 0
      vertex 194.068 108.322 0
      vertex 194.002 108.325 0
    endloop
  endfacet
  facet normal 0 0 -1
    outer loop
      vertex 194.351 109.486 0
      vertex 194.196 109.553 0
      vertex 194.305 109.515 0
    endloop
  endfacet
  facet normal 0 0 -1
    outer loop
      vertex 193.65 108.579 0
      vertex 194.002 108.325 0
      vertex 193.941 108.335 0
    endloop
  endfacet
  facet normal 0 0 -1
    outer loop
      vertex 194.305 109.515 0
      vertex 194.196 109.553 0
      vertex 194.253 109.537 0
    endloop
  endfacet
  facet normal 0 0 -1
    outer loop
      vertex 193.676 108.525 0
      vertex 193.941 108.335 0
      vertex 193.884 108.351 0
    endloop
  endfacet
  facet normal 0 0 -1
    outer loop
      vertex 194.393 109.451 0
      vertex 194.196 109.553 0
      vertex 194.351 109.486 0
    endloop
  endfacet
  facet normal 0 0 -1
    outer loop
      vertex 193.676 108.525 0
      vertex 193.884 108.351 0
      vertex 193.833 108.373 0
    endloop
  endfacet
  facet normal -0 -0 -1
    outer loop
      vertex 194.196 109.553 0
      vertex 194.489 109.308 0
      vertex 194.135 109.562 0
    endloop
  endfacet
  facet normal 0 0 -1
    outer loop
      vertex 193.676 108.525 0
      vertex 193.833 108.373 0
      vertex 193.787 108.401 0
    endloop
  endfacet
  facet normal 0 -0 -1
    outer loop
      vertex 193.628 109.248 0
      vertex 194.068 109.565 0
      vertex 193.61 109.182 0
    endloop
  endfacet
  facet normal 0 0 -1
    outer loop
      vertex 193.676 108.525 0
      vertex 193.787 108.401 0
      vertex 193.745 108.436 0
    endloop
  endfacet
  facet normal 0 0 -1
    outer loop
      vertex 194.068 109.565 0
      vertex 193.628 109.248 0
      vertex 194.002 109.562 0
    endloop
  endfacet
  facet normal 0 0 -1
    outer loop
      vertex 193.676 108.525 0
      vertex 193.745 108.436 0
      vertex 193.708 108.478 0
    endloop
  endfacet
  facet normal 0 -0 -1
    outer loop
      vertex 193.65 109.308 0
      vertex 194.002 109.562 0
      vertex 193.628 109.248 0
    endloop
  endfacet
  facet normal 0 0 -1
    outer loop
      vertex 193.941 108.335 0
      vertex 193.676 108.525 0
      vertex 193.65 108.579 0
    endloop
  endfacet
  facet normal 0 0 -1
    outer loop
      vertex 194.002 109.562 0
      vertex 193.65 109.308 0
      vertex 193.941 109.553 0
    endloop
  endfacet
  facet normal 0 0 -1
    outer loop
      vertex 194.002 108.325 0
      vertex 193.65 108.579 0
      vertex 193.628 108.639 0
    endloop
  endfacet
  facet normal 0 -0 -1
    outer loop
      vertex 193.676 109.362 0
      vertex 193.941 109.553 0
      vertex 193.65 109.308 0
    endloop
  endfacet
  facet normal 0 0 -1
    outer loop
      vertex 194.068 108.322 0
      vertex 193.628 108.639 0
      vertex 193.61 108.706 0
    endloop
  endfacet
  facet normal 0 0 -1
    outer loop
      vertex 194.547 108.858 0
      vertex 193.591 108.858 0
      vertex 193.588 108.944 0
    endloop
  endfacet
  facet normal 0 0 -1
    outer loop
      vertex 194.528 108.706 0
      vertex 193.61 108.706 0
      vertex 193.598 108.779 0
    endloop
  endfacet
  facet normal 0 0 -1
    outer loop
      vertex 193.941 109.553 0
      vertex 193.676 109.362 0
      vertex 193.884 109.537 0
    endloop
  endfacet
  facet normal 0 0 -1
    outer loop
      vertex 194.54 108.779 0
      vertex 193.598 108.779 0
      vertex 193.591 108.858 0
    endloop
  endfacet
  facet normal 0 0 -1
    outer loop
      vertex 193.884 109.537 0
      vertex 193.676 109.362 0
      vertex 193.833 109.515 0
    endloop
  endfacet
  facet normal 0 0 -1
    outer loop
      vertex 193.833 109.515 0
      vertex 193.676 109.362 0
      vertex 193.787 109.486 0
    endloop
  endfacet
  facet normal 0 0 -1
    outer loop
      vertex 193.745 109.451 0
      vertex 193.676 109.362 0
      vertex 193.708 109.41 0
    endloop
  endfacet
  facet normal 0 0 -1
    outer loop
      vertex 193.787 109.486 0
      vertex 193.676 109.362 0
      vertex 193.745 109.451 0
    endloop
  endfacet
  facet normal 0 -0 -1
    outer loop
      vertex 194.607 10.1257 0
      vertex 195.161 8.51492 0
      vertex 194.051 8.51492 0
    endloop
  endfacet
  facet normal 0 0 -1
    outer loop
      vertex 203.66 133.363 0
      vertex 204.211 134.004 0
      vertex 204.208 133.908 0
    endloop
  endfacet
  facet normal 0 0 -1
    outer loop
      vertex 203.754 133.378 0
      vertex 204.208 133.908 0
      vertex 204.197 133.82 0
    endloop
  endfacet
  facet normal 0 0 -1
    outer loop
      vertex 203.66 134.634 0
      vertex 204.211 134.004 0
      vertex 203.66 133.363 0
    endloop
  endfacet
  facet normal 0 0 -1
    outer loop
      vertex 203.838 133.4 0
      vertex 204.197 133.82 0
      vertex 204.179 133.741 0
    endloop
  endfacet
  facet normal 0 0 -1
    outer loop
      vertex 204.211 134.004 0
      vertex 203.66 134.634 0
      vertex 204.208 134.098 0
    endloop
  endfacet
  facet normal 0 0 -1
    outer loop
      vertex 203.913 133.428 0
      vertex 204.179 133.741 0
      vertex 204.153 133.669 0
    endloop
  endfacet
  facet normal 0 0 -1
    outer loop
      vertex 204.208 133.908 0
      vertex 203.754 133.378 0
      vertex 203.66 133.363 0
    endloop
  endfacet
  facet normal 0 0 -1
    outer loop
      vertex 203.913 133.428 0
      vertex 204.153 133.669 0
      vertex 204.12 133.606 0
    endloop
  endfacet
  facet normal -0 -0 -1
    outer loop
      vertex 203.754 134.619 0
      vertex 204.208 134.098 0
      vertex 203.66 134.634 0
    endloop
  endfacet
  facet normal 0 0 -1
    outer loop
      vertex 203.978 133.462 0
      vertex 204.12 133.606 0
      vertex 204.08 133.55 0
    endloop
  endfacet
  facet normal 0 0 -1
    outer loop
      vertex 204.197 133.82 0
      vertex 203.838 133.4 0
      vertex 203.754 133.378 0
    endloop
  endfacet
  facet normal 0 0 -1
    outer loop
      vertex 203.978 133.462 0
      vertex 204.08 133.55 0
      vertex 204.033 133.503 0
    endloop
  endfacet
  facet normal 0 0 -1
    outer loop
      vertex 204.179 133.741 0
      vertex 203.913 133.428 0
      vertex 203.838 133.4 0
    endloop
  endfacet
  facet normal 0 0 -1
    outer loop
      vertex 204.12 133.606 0
      vertex 203.978 133.462 0
      vertex 203.913 133.428 0
    endloop
  endfacet
  facet normal 0 0 -1
    outer loop
      vertex 204.197 134.185 0
      vertex 203.838 134.598 0
      vertex 204.179 134.263 0
    endloop
  endfacet
  facet normal 0 0 -1
    outer loop
      vertex 204.12 134.396 0
      vertex 203.978 134.537 0
      vertex 204.08 134.451 0
    endloop
  endfacet
  facet normal 0 0 -1
    outer loop
      vertex 204.08 134.451 0
      vertex 203.978 134.537 0
      vertex 204.033 134.498 0
    endloop
  endfacet
  facet normal 0 0 -1
    outer loop
      vertex 204.153 134.334 0
      vertex 203.913 134.57 0
      vertex 204.12 134.396 0
    endloop
  endfacet
  facet normal -0 -0 -1
    outer loop
      vertex 203.978 134.537 0
      vertex 204.12 134.396 0
      vertex 203.913 134.57 0
    endloop
  endfacet
  facet normal -0 -0 -1
    outer loop
      vertex 203.913 134.57 0
      vertex 204.179 134.263 0
      vertex 203.838 134.598 0
    endloop
  endfacet
  facet normal 0 0 -1
    outer loop
      vertex 204.179 134.263 0
      vertex 203.913 134.57 0
      vertex 204.153 134.334 0
    endloop
  endfacet
  facet normal 0 0 -1
    outer loop
      vertex 204.208 134.098 0
      vertex 203.754 134.619 0
      vertex 204.197 134.185 0
    endloop
  endfacet
  facet normal -0 -0 -1
    outer loop
      vertex 203.838 134.598 0
      vertex 204.197 134.185 0
      vertex 203.754 134.619 0
    endloop
  endfacet
  facet normal 0 0 -1
    outer loop
      vertex 203.557 133.354 0
      vertex 203.66 134.634 0
      vertex 203.66 133.363 0
    endloop
  endfacet
  facet normal 0 0 -1
    outer loop
      vertex 203.557 133.354 0
      vertex 203.557 134.643 0
      vertex 203.66 134.634 0
    endloop
  endfacet
  facet normal 0 0 -1
    outer loop
      vertex 203.445 133.35 0
      vertex 203.557 134.643 0
      vertex 203.557 133.354 0
    endloop
  endfacet
  facet normal 0 0 -1
    outer loop
      vertex 203.445 133.35 0
      vertex 203.445 134.646 0
      vertex 203.557 134.643 0
    endloop
  endfacet
  facet normal 0 0 -1
    outer loop
      vertex 202.896 133.35 0
      vertex 203.445 134.646 0
      vertex 203.445 133.35 0
    endloop
  endfacet
  facet normal -0 0 -1
    outer loop
      vertex 203.445 134.646 0
      vertex 202.896 133.35 0
      vertex 202.896 134.646 0
    endloop
  endfacet
  facet normal 0 0 -1
    outer loop
      vertex 222.371 65.1483 0
      vertex 222.644 65.505 0
      vertex 222.642 65.4541 0
    endloop
  endfacet
  facet normal 0 0 -1
    outer loop
      vertex 222.418 65.1619 0
      vertex 222.642 65.4541 0
      vertex 222.635 65.4068 0
    endloop
  endfacet
  facet normal 0 0 -1
    outer loop
      vertex 222.371 65.8615 0
      vertex 222.644 65.505 0
      vertex 222.371 65.1483 0
    endloop
  endfacet
  facet normal 0 0 -1
    outer loop
      vertex 222.46 65.1793 0
      vertex 222.635 65.4068 0
      vertex 222.623 65.3633 0
    endloop
  endfacet
  facet normal 0 0 -1
    outer loop
      vertex 222.644 65.505 0
      vertex 222.371 65.8615 0
      vertex 222.642 65.5554 0
    endloop
  endfacet
  facet normal 0 0 -1
    outer loop
      vertex 222.46 65.1793 0
      vertex 222.623 65.3633 0
      vertex 222.607 65.3234 0
    endloop
  endfacet
  facet normal 0 0 -1
    outer loop
      vertex 222.642 65.4541 0
      vertex 222.418 65.1619 0
      vertex 222.371 65.1483 0
    endloop
  endfacet
  facet normal 0 0 -1
    outer loop
      vertex 222.46 65.1793 0
      vertex 222.607 65.3234 0
      vertex 222.587 65.2871 0
    endloop
  endfacet
  facet normal -0 -0 -1
    outer loop
      vertex 222.418 65.8478 0
      vertex 222.642 65.5554 0
      vertex 222.371 65.8615 0
    endloop
  endfacet
  facet normal 0 0 -1
    outer loop
      vertex 222.46 65.1793 0
      vertex 222.587 65.2871 0
      vertex 222.562 65.2545 0
    endloop
  endfacet
  facet normal 0 0 -1
    outer loop
      vertex 222.635 65.4068 0
      vertex 222.46 65.1793 0
      vertex 222.418 65.1619 0
    endloop
  endfacet
  facet normal 0 0 -1
    outer loop
      vertex 222.46 65.1793 0
      vertex 222.562 65.2545 0
      vertex 222.532 65.2257 0
    endloop
  endfacet
  facet normal 0 0 -1
    outer loop
      vertex 222.642 65.5554 0
      vertex 222.418 65.8478 0
      vertex 222.635 65.6022 0
    endloop
  endfacet
  facet normal 0 0 -1
    outer loop
      vertex 222.46 65.1793 0
      vertex 222.532 65.2257 0
      vertex 222.498 65.2005 0
    endloop
  endfacet
  facet normal 0 0 -1
    outer loop
      vertex 222.623 65.6454 0
      vertex 222.46 65.8302 0
      vertex 222.607 65.6852 0
    endloop
  endfacet
  facet normal 0 0 -1
    outer loop
      vertex 222.562 65.7541 0
      vertex 222.46 65.8302 0
      vertex 222.532 65.7832 0
    endloop
  endfacet
  facet normal 0 0 -1
    outer loop
      vertex 222.532 65.7832 0
      vertex 222.46 65.8302 0
      vertex 222.498 65.8087 0
    endloop
  endfacet
  facet normal 0 0 -1
    outer loop
      vertex 222.607 65.6852 0
      vertex 222.46 65.8302 0
      vertex 222.587 65.7214 0
    endloop
  endfacet
  facet normal 0 0 -1
    outer loop
      vertex 222.587 65.7214 0
      vertex 222.46 65.8302 0
      vertex 222.562 65.7541 0
    endloop
  endfacet
  facet normal 0 0 -1
    outer loop
      vertex 222.635 65.6022 0
      vertex 222.46 65.8302 0
      vertex 222.623 65.6454 0
    endloop
  endfacet
  facet normal -0 -0 -1
    outer loop
      vertex 222.46 65.8302 0
      vertex 222.635 65.6022 0
      vertex 222.418 65.8478 0
    endloop
  endfacet
  facet normal 0 0 -1
    outer loop
      vertex 222.32 65.1387 0
      vertex 222.371 65.8615 0
      vertex 222.371 65.1483 0
    endloop
  endfacet
  facet normal 0 0 -1
    outer loop
      vertex 222.32 65.1387 0
      vertex 222.32 65.8713 0
      vertex 222.371 65.8615 0
    endloop
  endfacet
  facet normal 0 0 -1
    outer loop
      vertex 222.264 65.1329 0
      vertex 222.32 65.8713 0
      vertex 222.32 65.1387 0
    endloop
  endfacet
  facet normal 0 0 -1
    outer loop
      vertex 222.264 65.1329 0
      vertex 222.264 65.8772 0
      vertex 222.32 65.8713 0
    endloop
  endfacet
  facet normal 0 0 -1
    outer loop
      vertex 222.205 65.131 0
      vertex 222.264 65.8772 0
      vertex 222.264 65.1329 0
    endloop
  endfacet
  facet normal 0 0 -1
    outer loop
      vertex 222.205 65.131 0
      vertex 222.205 65.8791 0
      vertex 222.264 65.8772 0
    endloop
  endfacet
  facet normal 0 0 -1
    outer loop
      vertex 221.699 65.131 0
      vertex 222.205 65.8791 0
      vertex 222.205 65.131 0
    endloop
  endfacet
  facet normal -0 0 -1
    outer loop
      vertex 222.205 65.8791 0
      vertex 221.699 65.131 0
      vertex 221.699 65.8791 0
    endloop
  endfacet
  facet normal 0 0 -1
    outer loop
      vertex 222.447 63.6022 0
      vertex 222.789 64.0481 0
      vertex 222.786 63.9835 0
    endloop
  endfacet
  facet normal 0 0 -1
    outer loop
      vertex 222.789 64.0481 0
      vertex 222.448 64.4871 0
      vertex 222.786 64.1115 0
    endloop
  endfacet
  facet normal 0 0 -1
    outer loop
      vertex 222.506 63.6188 0
      vertex 222.786 63.9835 0
      vertex 222.777 63.9236 0
    endloop
  endfacet
  facet normal -0 -0 -1
    outer loop
      vertex 222.507 64.4707 0
      vertex 222.786 64.1115 0
      vertex 222.448 64.4871 0
    endloop
  endfacet
  facet normal 0 0 -1
    outer loop
      vertex 222.559 63.6402 0
      vertex 222.777 63.9236 0
      vertex 222.763 63.8686 0
    endloop
  endfacet
  facet normal 0 0 -1
    outer loop
      vertex 222.786 64.1115 0
      vertex 222.507 64.4707 0
      vertex 222.777 64.1702 0
    endloop
  endfacet
  facet normal 0 0 -1
    outer loop
      vertex 222.559 63.6402 0
      vertex 222.763 63.8686 0
      vertex 222.743 63.8185 0
    endloop
  endfacet
  facet normal 0 0 -1
    outer loop
      vertex 222.777 64.1702 0
      vertex 222.561 64.4495 0
      vertex 222.763 64.2242 0
    endloop
  endfacet
  facet normal 0 0 -1
    outer loop
      vertex 222.559 63.6402 0
      vertex 222.743 63.8185 0
      vertex 222.718 63.7732 0
    endloop
  endfacet
  facet normal 0 0 -1
    outer loop
      vertex 222.763 64.2242 0
      vertex 222.561 64.4495 0
      vertex 222.744 64.2735 0
    endloop
  endfacet
  facet normal 0 0 -1
    outer loop
      vertex 222.559 63.6402 0
      vertex 222.718 63.7732 0
      vertex 222.687 63.7327 0
    endloop
  endfacet
  facet normal 0 0 -1
    outer loop
      vertex 222.744 64.2735 0
      vertex 222.561 64.4495 0
      vertex 222.718 64.3181 0
    endloop
  endfacet
  facet normal 0 0 -1
    outer loop
      vertex 222.559 63.6402 0
      vertex 222.687 63.7327 0
      vertex 222.65 63.6971 0
    endloop
  endfacet
  facet normal 0 0 -1
    outer loop
      vertex 222.688 64.358 0
      vertex 222.561 64.4495 0
      vertex 222.651 64.3932 0
    endloop
  endfacet
  facet normal 0 0 -1
    outer loop
      vertex 222.559 63.6402 0
      vertex 222.65 63.6971 0
      vertex 222.607 63.6663 0
    endloop
  endfacet
  facet normal 0 0 -1
    outer loop
      vertex 222.651 64.3932 0
      vertex 222.561 64.4495 0
      vertex 222.609 64.4237 0
    endloop
  endfacet
  facet normal 0 0 -1
    outer loop
      vertex 222.777 63.9236 0
      vertex 222.559 63.6402 0
      vertex 222.506 63.6188 0
    endloop
  endfacet
  facet normal 0 0 -1
    outer loop
      vertex 222.718 64.3181 0
      vertex 222.561 64.4495 0
      vertex 222.688 64.358 0
    endloop
  endfacet
  facet normal 0 0 -1
    outer loop
      vertex 222.786 63.9835 0
      vertex 222.506 63.6188 0
      vertex 222.447 63.6022 0
    endloop
  endfacet
  facet normal -0 -0 -1
    outer loop
      vertex 222.561 64.4495 0
      vertex 222.777 64.1702 0
      vertex 222.507 64.4707 0
    endloop
  endfacet
  facet normal -0 0 -1
    outer loop
      vertex 222.789 64.0481 0
      vertex 222.447 63.6022 0
      vertex 222.448 64.4871 0
    endloop
  endfacet
  facet normal 0 0 -1
    outer loop
      vertex 222.447 63.6022 0
      vertex 222.383 64.4989 0
      vertex 222.448 64.4871 0
    endloop
  endfacet
  facet normal 0 0 -1
    outer loop
      vertex 222.382 63.5904 0
      vertex 222.383 64.4989 0
      vertex 222.447 63.6022 0
    endloop
  endfacet
  facet normal 0 0 -1
    outer loop
      vertex 222.382 63.5904 0
      vertex 222.312 64.5059 0
      vertex 222.383 64.4989 0
    endloop
  endfacet
  facet normal 0 0 -1
    outer loop
      vertex 222.312 63.5833 0
      vertex 222.312 64.5059 0
      vertex 222.382 63.5904 0
    endloop
  endfacet
  facet normal 0 0 -1
    outer loop
      vertex 222.236 63.5809 0
      vertex 222.312 64.5059 0
      vertex 222.312 63.5833 0
    endloop
  endfacet
  facet normal 0 0 -1
    outer loop
      vertex 222.236 63.5809 0
      vertex 222.236 64.5082 0
      vertex 222.312 64.5059 0
    endloop
  endfacet
  facet normal 0 0 -1
    outer loop
      vertex 221.699 63.5809 0
      vertex 222.236 64.5082 0
      vertex 222.236 63.5809 0
    endloop
  endfacet
  facet normal -0 0 -1
    outer loop
      vertex 222.236 64.5082 0
      vertex 221.699 63.5809 0
      vertex 221.699 64.5082 0
    endloop
  endfacet
  facet normal 0 0 -1
    outer loop
      vertex 225.237 64.0838 0
      vertex 226.198 64.0838 0
      vertex 226.196 63.9981 0
    endloop
  endfacet
  facet normal 0 0 -1
    outer loop
      vertex 225.239 63.9981 0
      vertex 226.196 63.9981 0
      vertex 226.188 63.9189 0
    endloop
  endfacet
  facet normal 0 0 -1
    outer loop
      vertex 226.198 64.0838 0
      vertex 225.237 64.0838 0
      vertex 226.196 64.1694 0
    endloop
  endfacet
  facet normal 0 0 -1
    outer loop
      vertex 225.247 63.9189 0
      vertex 226.188 63.9189 0
      vertex 226.176 63.8459 0
    endloop
  endfacet
  facet normal 0 -0 -1
    outer loop
      vertex 225.239 64.1694 0
      vertex 226.196 64.1694 0
      vertex 225.237 64.0838 0
    endloop
  endfacet
  facet normal 0 0 -1
    outer loop
      vertex 225.259 63.8459 0
      vertex 226.176 63.8459 0
      vertex 226.159 63.7793 0
    endloop
  endfacet
  facet normal 0 0 -1
    outer loop
      vertex 226.196 64.1694 0
      vertex 225.239 64.1694 0
      vertex 226.188 64.2487 0
    endloop
  endfacet
  facet normal 0 0 -1
    outer loop
      vertex 225.783 63.4653 0
      vertex 226.159 63.7793 0
      vertex 226.137 63.7191 0
    endloop
  endfacet
  facet normal 0 -0 -1
    outer loop
      vertex 225.247 64.2487 0
      vertex 226.188 64.2487 0
      vertex 225.239 64.1694 0
    endloop
  endfacet
  facet normal 0 0 -1
    outer loop
      vertex 225.845 63.4749 0
      vertex 226.137 63.7191 0
      vertex 226.11 63.6651 0
    endloop
  endfacet
  facet normal 0 0 -1
    outer loop
      vertex 226.188 64.2487 0
      vertex 225.247 64.2487 0
      vertex 226.176 64.3216 0
    endloop
  endfacet
  facet normal 0 0 -1
    outer loop
      vertex 225.845 63.4749 0
      vertex 226.11 63.6651 0
      vertex 226.078 63.6176 0
    endloop
  endfacet
  facet normal 0 -0 -1
    outer loop
      vertex 225.259 64.3216 0
      vertex 226.176 64.3216 0
      vertex 225.247 64.2487 0
    endloop
  endfacet
  facet normal 0 0 -1
    outer loop
      vertex 225.901 63.4907 0
      vertex 226.078 63.6176 0
      vertex 226.042 63.5763 0
    endloop
  endfacet
  facet normal 0 0 -1
    outer loop
      vertex 226.176 64.3216 0
      vertex 225.259 64.3216 0
      vertex 226.159 64.3882 0
    endloop
  endfacet
  facet normal 0 0 -1
    outer loop
      vertex 225.901 63.4907 0
      vertex 226.042 63.5763 0
      vertex 226 63.5414 0
    endloop
  endfacet
  facet normal 0 -0 -1
    outer loop
      vertex 225.716 64.7054 0
      vertex 226.159 64.3882 0
      vertex 225.259 64.3216 0
    endloop
  endfacet
  facet normal 0 0 -1
    outer loop
      vertex 225.901 63.4907 0
      vertex 226 63.5414 0
      vertex 225.953 63.5129 0
    endloop
  endfacet
  facet normal -0 -0 -1
    outer loop
      vertex 225.783 64.7022 0
      vertex 226.159 64.3882 0
      vertex 225.716 64.7054 0
    endloop
  endfacet
  facet normal 0 0 -1
    outer loop
      vertex 226.078 63.6176 0
      vertex 225.901 63.4907 0
      vertex 225.845 63.4749 0
    endloop
  endfacet
  facet normal 0 0 -1
    outer loop
      vertex 226.159 64.3882 0
      vertex 225.783 64.7022 0
      vertex 226.137 64.4485 0
    endloop
  endfacet
  facet normal 0 0 -1
    outer loop
      vertex 226.137 63.7191 0
      vertex 225.845 63.4749 0
      vertex 225.783 63.4653 0
    endloop
  endfacet
  facet normal 0 0 -1
    outer loop
      vertex 226.137 64.4485 0
      vertex 225.845 64.6927 0
      vertex 226.11 64.5024 0
    endloop
  endfacet
  facet normal 0 0 -1
    outer loop
      vertex 226.159 63.7793 0
      vertex 225.783 63.4653 0
      vertex 225.716 63.4622 0
    endloop
  endfacet
  facet normal 0 0 -1
    outer loop
      vertex 226.11 64.5024 0
      vertex 225.845 64.6927 0
      vertex 226.078 64.55 0
    endloop
  endfacet
  facet normal -0 0 -1
    outer loop
      vertex 226.159 63.7793 0
      vertex 225.716 63.4622 0
      vertex 225.259 63.8459 0
    endloop
  endfacet
  facet normal 0 0 -1
    outer loop
      vertex 226.078 64.55 0
      vertex 225.845 64.6927 0
      vertex 226.042 64.5912 0
    endloop
  endfacet
  facet normal 0 0 -1
    outer loop
      vertex 225.276 63.7793 0
      vertex 225.716 63.4622 0
      vertex 225.65 63.4653 0
    endloop
  endfacet
  facet normal 0 0 -1
    outer loop
      vertex 226 64.6261 0
      vertex 225.845 64.6927 0
      vertex 225.953 64.6546 0
    endloop
  endfacet
  facet normal 0 0 -1
    outer loop
      vertex 225.298 63.7191 0
      vertex 225.65 63.4653 0
      vertex 225.589 63.4749 0
    endloop
  endfacet
  facet normal 0 0 -1
    outer loop
      vertex 225.953 64.6546 0
      vertex 225.845 64.6927 0
      vertex 225.901 64.6768 0
    endloop
  endfacet
  facet normal 0 0 -1
    outer loop
      vertex 225.325 63.6651 0
      vertex 225.589 63.4749 0
      vertex 225.533 63.4907 0
    endloop
  endfacet
  facet normal 0 0 -1
    outer loop
      vertex 226.042 64.5912 0
      vertex 225.845 64.6927 0
      vertex 226 64.6261 0
    endloop
  endfacet
  facet normal 0 0 -1
    outer loop
      vertex 225.325 63.6651 0
      vertex 225.533 63.4907 0
      vertex 225.481 63.5129 0
    endloop
  endfacet
  facet normal -0 -0 -1
    outer loop
      vertex 225.845 64.6927 0
      vertex 226.137 64.4485 0
      vertex 225.783 64.7022 0
    endloop
  endfacet
  facet normal 0 0 -1
    outer loop
      vertex 225.325 63.6651 0
      vertex 225.481 63.5129 0
      vertex 225.435 63.5414 0
    endloop
  endfacet
  facet normal 0 -0 -1
    outer loop
      vertex 225.276 64.3882 0
      vertex 225.716 64.7054 0
      vertex 225.259 64.3216 0
    endloop
  endfacet
  facet normal 0 0 -1
    outer loop
      vertex 225.325 63.6651 0
      vertex 225.435 63.5414 0
      vertex 225.393 63.5763 0
    endloop
  endfacet
  facet normal 0 0 -1
    outer loop
      vertex 225.716 64.7054 0
      vertex 225.276 64.3882 0
      vertex 225.65 64.7022 0
    endloop
  endfacet
  facet normal 0 0 -1
    outer loop
      vertex 225.325 63.6651 0
      vertex 225.393 63.5763 0
      vertex 225.357 63.6176 0
    endloop
  endfacet
  facet normal 0 -0 -1
    outer loop
      vertex 225.298 64.4485 0
      vertex 225.65 64.7022 0
      vertex 225.276 64.3882 0
    endloop
  endfacet
  facet normal 0 0 -1
    outer loop
      vertex 225.589 63.4749 0
      vertex 225.325 63.6651 0
      vertex 225.298 63.7191 0
    endloop
  endfacet
  facet normal 0 0 -1
    outer loop
      vertex 225.65 64.7022 0
      vertex 225.298 64.4485 0
      vertex 225.589 64.6927 0
    endloop
  endfacet
  facet normal 0 0 -1
    outer loop
      vertex 225.65 63.4653 0
      vertex 225.298 63.7191 0
      vertex 225.276 63.7793 0
    endloop
  endfacet
  facet normal 0 -0 -1
    outer loop
      vertex 225.325 64.5024 0
      vertex 225.589 64.6927 0
      vertex 225.298 64.4485 0
    endloop
  endfacet
  facet normal 0 0 -1
    outer loop
      vertex 225.716 63.4622 0
      vertex 225.276 63.7793 0
      vertex 225.259 63.8459 0
    endloop
  endfacet
  facet normal 0 0 -1
    outer loop
      vertex 226.196 63.9981 0
      vertex 225.239 63.9981 0
      vertex 225.237 64.0838 0
    endloop
  endfacet
  facet normal 0 0 -1
    outer loop
      vertex 226.176 63.8459 0
      vertex 225.259 63.8459 0
      vertex 225.247 63.9189 0
    endloop
  endfacet
  facet normal 0 0 -1
    outer loop
      vertex 225.589 64.6927 0
      vertex 225.325 64.5024 0
      vertex 225.533 64.6768 0
    endloop
  endfacet
  facet normal 0 0 -1
    outer loop
      vertex 226.188 63.9189 0
      vertex 225.247 63.9189 0
      vertex 225.239 63.9981 0
    endloop
  endfacet
  facet normal 0 0 -1
    outer loop
      vertex 225.533 64.6768 0
      vertex 225.325 64.5024 0
      vertex 225.481 64.6546 0
    endloop
  endfacet
  facet normal 0 0 -1
    outer loop
      vertex 225.481 64.6546 0
      vertex 225.325 64.5024 0
      vertex 225.435 64.6261 0
    endloop
  endfacet
  facet normal 0 0 -1
    outer loop
      vertex 225.393 64.5912 0
      vertex 225.325 64.5024 0
      vertex 225.357 64.55 0
    endloop
  endfacet
  facet normal 0 0 -1
    outer loop
      vertex 225.435 64.6261 0
      vertex 225.325 64.5024 0
      vertex 225.393 64.5912 0
    endloop
  endfacet
  facet normal 0 0 -1
    outer loop
      vertex 225.4 54.683 1.7
      vertex 226.8 60.683 1.7
      vertex 226.8 54.683 1.7
    endloop
  endfacet
  facet normal -0 0 -1
    outer loop
      vertex 226.8 60.683 1.7
      vertex 225.4 54.683 1.7
      vertex 225.4 60.683 1.7
    endloop
  endfacet
  facet normal 0 0 -1
    outer loop
      vertex 194.4 91.689 1.7
      vertex 192.1 99.043 1.7
      vertex 194.4 99.489 1.7
    endloop
  endfacet
  facet normal 0 0 -1
    outer loop
      vertex 194.4 91.689 1.7
      vertex 188.9 99.043 1.7
      vertex 192.1 99.043 1.7
    endloop
  endfacet
  facet normal 0 0 -1
    outer loop
      vertex 168.3 91.689 1.7
      vertex 188.9 99.043 1.7
      vertex 194.4 91.689 1.7
    endloop
  endfacet
  facet normal 0 0 -1
    outer loop
      vertex 168.3 99.489 1.7
      vertex 188.9 99.043 1.7
      vertex 168.3 91.689 1.7
    endloop
  endfacet
  facet normal 0 0 -1
    outer loop
      vertex 188.9 99.043 1.7
      vertex 168.3 99.489 1.7
      vertex 188.9 99.489 1.7
    endloop
  endfacet
  facet normal -0 0 -1
    outer loop
      vertex 194.4 99.489 1.7
      vertex 192.1 99.043 1.7
      vertex 192.1 99.489 1.7
    endloop
  endfacet
  facet normal 0 0 -1
    outer loop
      vertex 168.3 54.683 1.7
      vertex 222.2 60.683 1.7
      vertex 222.2 54.683 1.7
    endloop
  endfacet
  facet normal -0 0 -1
    outer loop
      vertex 222.2 60.683 1.7
      vertex 168.3 54.683 1.7
      vertex 168.3 60.683 1.7
    endloop
  endfacet
  facet normal 0 1 -0
    outer loop
      vertex 270 141 0
      vertex 168.3 141 2.8
      vertex 270 141 2.8
    endloop
  endfacet
  facet normal 0 1 0
    outer loop
      vertex 168.3 141 2.8
      vertex 270 141 0
      vertex 168.3 141 0
    endloop
  endfacet
  facet normal 0 -1 0
    outer loop
      vertex 168.3 99.489 0
      vertex 188.9 99.489 1.7
      vertex 168.3 99.489 1.7
    endloop
  endfacet
  facet normal 0 -1 -0
    outer loop
      vertex 188.9 99.489 1.7
      vertex 168.3 99.489 0
      vertex 188.9 99.489 0
    endloop
  endfacet
  facet normal 0 -1 0
    outer loop
      vertex 192.1 99.489 0
      vertex 194.4 99.489 1.7
      vertex 192.1 99.489 1.7
    endloop
  endfacet
  facet normal 0 -1 -0
    outer loop
      vertex 194.4 99.489 1.7
      vertex 192.1 99.489 0
      vertex 194.4 99.489 0
    endloop
  endfacet
  facet normal -1 0 0
    outer loop
      vertex 194.4 91.689 0
      vertex 194.4 99.489 1.7
      vertex 194.4 99.489 0
    endloop
  endfacet
  facet normal -1 -0 0
    outer loop
      vertex 194.4 99.489 1.7
      vertex 194.4 91.689 0
      vertex 194.4 91.689 1.7
    endloop
  endfacet
  facet normal 0 1 -0
    outer loop
      vertex 194.4 91.689 0
      vertex 168.3 91.689 1.7
      vertex 194.4 91.689 1.7
    endloop
  endfacet
  facet normal 0 1 0
    outer loop
      vertex 168.3 91.689 1.7
      vertex 194.4 91.689 0
      vertex 168.3 91.689 0
    endloop
  endfacet
  facet normal 0 -1 0
    outer loop
      vertex 225.4 60.683 0
      vertex 226.8 60.683 1.7
      vertex 225.4 60.683 1.7
    endloop
  endfacet
  facet normal 0 -1 -0
    outer loop
      vertex 226.8 60.683 1.7
      vertex 225.4 60.683 0
      vertex 226.8 60.683 0
    endloop
  endfacet
  facet normal 0 -1 0
    outer loop
      vertex 168.3 60.683 0
      vertex 222.2 60.683 1.7
      vertex 168.3 60.683 1.7
    endloop
  endfacet
  facet normal 0 -1 -0
    outer loop
      vertex 222.2 60.683 1.7
      vertex 168.3 60.683 0
      vertex 222.2 60.683 0
    endloop
  endfacet
  facet normal -1 0 0
    outer loop
      vertex 226.8 54.683 0
      vertex 226.8 60.683 1.7
      vertex 226.8 60.683 0
    endloop
  endfacet
  facet normal -1 -0 0
    outer loop
      vertex 226.8 60.683 1.7
      vertex 226.8 54.683 0
      vertex 226.8 54.683 1.7
    endloop
  endfacet
  facet normal 0 1 -0
    outer loop
      vertex 226.8 54.683 0
      vertex 225.4 54.683 1.7
      vertex 226.8 54.683 1.7
    endloop
  endfacet
  facet normal 0 1 0
    outer loop
      vertex 225.4 54.683 1.7
      vertex 226.8 54.683 0
      vertex 225.4 54.683 0
    endloop
  endfacet
  facet normal 0 1 -0
    outer loop
      vertex 222.2 54.683 0
      vertex 168.3 54.683 1.7
      vertex 222.2 54.683 1.7
    endloop
  endfacet
  facet normal 0 1 0
    outer loop
      vertex 168.3 54.683 1.7
      vertex 222.2 54.683 0
      vertex 168.3 54.683 0
    endloop
  endfacet
  facet normal 0 -1 0
    outer loop
      vertex 168.3 0 0
      vertex 270 0 2.8
      vertex 168.3 0 2.8
    endloop
  endfacet
  facet normal 0 -1 -0
    outer loop
      vertex 270 0 2.8
      vertex 168.3 0 0
      vertex 270 0 0
    endloop
  endfacet
  facet normal 1 -0 0
    outer loop
      vertex 270 0 2.8
      vertex 270 141 0
      vertex 270 141 2.8
    endloop
  endfacet
  facet normal 1 0 0
    outer loop
      vertex 270 141 0
      vertex 270 0 2.8
      vertex 270 0 0
    endloop
  endfacet
  facet normal -0 0 1
    outer loop
      vertex 264.882 69.9824 2.8
      vertex 264.95 32.048 2.8
      vertex 264.95 70.5 2.8
    endloop
  endfacet
  facet normal 0 0 1
    outer loop
      vertex 264.882 69.9824 2.8
      vertex 264.882 32.5656 2.8
      vertex 264.95 32.048 2.8
    endloop
  endfacet
  facet normal -0 0 1
    outer loop
      vertex 264.682 69.5 2.8
      vertex 264.882 32.5656 2.8
      vertex 264.882 69.9824 2.8
    endloop
  endfacet
  facet normal 0 0 1
    outer loop
      vertex 264.682 69.5 2.8
      vertex 264.682 33.048 2.8
      vertex 264.882 32.5656 2.8
    endloop
  endfacet
  facet normal -0 0 1
    outer loop
      vertex 264.364 69.0858 2.8
      vertex 264.682 33.048 2.8
      vertex 264.682 69.5 2.8
    endloop
  endfacet
  facet normal 0 0 1
    outer loop
      vertex 264.364 69.0858 2.8
      vertex 264.364 33.4622 2.8
      vertex 264.682 33.048 2.8
    endloop
  endfacet
  facet normal -0 0 1
    outer loop
      vertex 263.95 68.768 2.8
      vertex 264.364 33.4622 2.8
      vertex 264.364 69.0858 2.8
    endloop
  endfacet
  facet normal 0 0 1
    outer loop
      vertex 263.95 68.768 2.8
      vertex 263.95 33.7801 2.8
      vertex 264.364 33.4622 2.8
    endloop
  endfacet
  facet normal -0 0 1
    outer loop
      vertex 263.468 68.5681 2.8
      vertex 263.95 33.7801 2.8
      vertex 263.95 68.768 2.8
    endloop
  endfacet
  facet normal 0 0 1
    outer loop
      vertex 263.468 68.5681 2.8
      vertex 263.468 33.9799 2.8
      vertex 263.95 33.7801 2.8
    endloop
  endfacet
  facet normal -0 0 1
    outer loop
      vertex 262.95 68.5 2.8
      vertex 263.468 33.9799 2.8
      vertex 263.468 68.5681 2.8
    endloop
  endfacet
  facet normal 0 0 1
    outer loop
      vertex 262.95 68.5 2.8
      vertex 262.95 34.048 2.8
      vertex 263.468 33.9799 2.8
    endloop
  endfacet
  facet normal 0 0 1
    outer loop
      vertex 262.432 68.5681 2.8
      vertex 262.95 34.048 2.8
      vertex 262.95 68.5 2.8
    endloop
  endfacet
  facet normal 0 0 1
    outer loop
      vertex 262.432 68.5681 2.8
      vertex 262.432 33.9799 2.8
      vertex 262.95 34.048 2.8
    endloop
  endfacet
  facet normal 0 0 1
    outer loop
      vertex 261.95 68.768 2.8
      vertex 262.432 33.9799 2.8
      vertex 262.432 68.5681 2.8
    endloop
  endfacet
  facet normal 0 0 1
    outer loop
      vertex 261.95 68.768 2.8
      vertex 261.95 33.7801 2.8
      vertex 262.432 33.9799 2.8
    endloop
  endfacet
  facet normal 0 0 1
    outer loop
      vertex 261.536 69.0858 2.8
      vertex 261.95 33.7801 2.8
      vertex 261.95 68.768 2.8
    endloop
  endfacet
  facet normal 0 0 1
    outer loop
      vertex 261.536 69.0858 2.8
      vertex 261.536 33.4622 2.8
      vertex 261.95 33.7801 2.8
    endloop
  endfacet
  facet normal 0 0 1
    outer loop
      vertex 225.4 54.183 2.8
      vertex 261.536 69.0858 2.8
      vertex 261.218 69.5 2.8
    endloop
  endfacet
  facet normal 0 0 1
    outer loop
      vertex 261.536 69.0858 2.8
      vertex 225.4 54.183 2.8
      vertex 261.536 33.4622 2.8
    endloop
  endfacet
  facet normal 0 0 1
    outer loop
      vertex 225.4 61.183 2.8
      vertex 261.218 69.5 2.8
      vertex 261.018 69.9824 2.8
    endloop
  endfacet
  facet normal 0 0 1
    outer loop
      vertex 261.536 33.4622 2.8
      vertex 225.4 54.183 2.8
      vertex 261.218 33.048 2.8
    endloop
  endfacet
  facet normal 0 0 1
    outer loop
      vertex 225.4 61.183 2.8
      vertex 261.018 69.9824 2.8
      vertex 260.95 70.5 2.8
    endloop
  endfacet
  facet normal 0 0 1
    outer loop
      vertex 261.218 33.048 2.8
      vertex 225.4 54.183 2.8
      vertex 261.018 32.5656 2.8
    endloop
  endfacet
  facet normal -0 0 1
    outer loop
      vertex 264.882 108.434 2.8
      vertex 264.95 70.5 2.8
      vertex 264.95 108.952 2.8
    endloop
  endfacet
  facet normal 0 0 1
    outer loop
      vertex 264.882 108.434 2.8
      vertex 264.882 71.0176 2.8
      vertex 264.95 70.5 2.8
    endloop
  endfacet
  facet normal -0 0 1
    outer loop
      vertex 264.682 107.952 2.8
      vertex 264.882 71.0176 2.8
      vertex 264.882 108.434 2.8
    endloop
  endfacet
  facet normal 0 0 1
    outer loop
      vertex 264.682 107.952 2.8
      vertex 264.682 71.5 2.8
      vertex 264.882 71.0176 2.8
    endloop
  endfacet
  facet normal -0 0 1
    outer loop
      vertex 264.364 107.538 2.8
      vertex 264.682 71.5 2.8
      vertex 264.682 107.952 2.8
    endloop
  endfacet
  facet normal 0 0 1
    outer loop
      vertex 264.364 107.538 2.8
      vertex 264.364 71.9142 2.8
      vertex 264.682 71.5 2.8
    endloop
  endfacet
  facet normal -0 0 1
    outer loop
      vertex 263.95 107.22 2.8
      vertex 264.364 71.9142 2.8
      vertex 264.364 107.538 2.8
    endloop
  endfacet
  facet normal 0 0 1
    outer loop
      vertex 263.95 107.22 2.8
      vertex 263.95 72.232 2.8
      vertex 264.364 71.9142 2.8
    endloop
  endfacet
  facet normal -0 0 1
    outer loop
      vertex 263.468 107.02 2.8
      vertex 263.95 72.232 2.8
      vertex 263.95 107.22 2.8
    endloop
  endfacet
  facet normal 0 0 1
    outer loop
      vertex 263.468 107.02 2.8
      vertex 263.468 72.4319 2.8
      vertex 263.95 72.232 2.8
    endloop
  endfacet
  facet normal -0 0 1
    outer loop
      vertex 262.95 106.952 2.8
      vertex 263.468 72.4319 2.8
      vertex 263.468 107.02 2.8
    endloop
  endfacet
  facet normal 0 0 1
    outer loop
      vertex 262.95 106.952 2.8
      vertex 262.95 72.5 2.8
      vertex 263.468 72.4319 2.8
    endloop
  endfacet
  facet normal 0 0 1
    outer loop
      vertex 262.432 107.02 2.8
      vertex 262.95 72.5 2.8
      vertex 262.95 106.952 2.8
    endloop
  endfacet
  facet normal 0 0 1
    outer loop
      vertex 262.432 107.02 2.8
      vertex 262.432 72.4319 2.8
      vertex 262.95 72.5 2.8
    endloop
  endfacet
  facet normal 0 0 1
    outer loop
      vertex 261.95 107.22 2.8
      vertex 262.432 72.4319 2.8
      vertex 262.432 107.02 2.8
    endloop
  endfacet
  facet normal 0 0 1
    outer loop
      vertex 261.95 107.22 2.8
      vertex 261.95 72.232 2.8
      vertex 262.432 72.4319 2.8
    endloop
  endfacet
  facet normal 0 0 1
    outer loop
      vertex 261.536 107.538 2.8
      vertex 261.95 72.232 2.8
      vertex 261.95 107.22 2.8
    endloop
  endfacet
  facet normal 0 0 1
    outer loop
      vertex 261.536 107.538 2.8
      vertex 261.536 71.9142 2.8
      vertex 261.95 72.232 2.8
    endloop
  endfacet
  facet normal 0 0 1
    outer loop
      vertex 261.218 107.952 2.8
      vertex 261.536 71.9142 2.8
      vertex 261.536 107.538 2.8
    endloop
  endfacet
  facet normal 0 0 1
    outer loop
      vertex 261.218 107.952 2.8
      vertex 261.218 71.5 2.8
      vertex 261.536 71.9142 2.8
    endloop
  endfacet
  facet normal 0 0 1
    outer loop
      vertex 225.4 61.183 2.8
      vertex 261.218 107.952 2.8
      vertex 261.018 108.434 2.8
    endloop
  endfacet
  facet normal 0 0 1
    outer loop
      vertex 261.218 107.952 2.8
      vertex 225.4 61.183 2.8
      vertex 261.218 71.5 2.8
    endloop
  endfacet
  facet normal 0 0 1
    outer loop
      vertex 192.1 106.043 2.8
      vertex 261.018 108.434 2.8
      vertex 260.95 108.952 2.8
    endloop
  endfacet
  facet normal 0 0 1
    outer loop
      vertex 261.218 71.5 2.8
      vertex 225.4 61.183 2.8
      vertex 261.018 71.0176 2.8
    endloop
  endfacet
  facet normal 0 0 1
    outer loop
      vertex 264.95 70.5 2.8
      vertex 270 141 2.8
      vertex 264.95 108.952 2.8
    endloop
  endfacet
  facet normal 0 0 1
    outer loop
      vertex 270 141 2.8
      vertex 264.882 109.47 2.8
      vertex 264.95 108.952 2.8
    endloop
  endfacet
  facet normal 0 0 1
    outer loop
      vertex 270 141 2.8
      vertex 264.682 109.952 2.8
      vertex 264.882 109.47 2.8
    endloop
  endfacet
  facet normal 0 0 1
    outer loop
      vertex 270 141 2.8
      vertex 264.364 110.366 2.8
      vertex 264.682 109.952 2.8
    endloop
  endfacet
  facet normal 0 0 1
    outer loop
      vertex 270 141 2.8
      vertex 263.95 110.684 2.8
      vertex 264.364 110.366 2.8
    endloop
  endfacet
  facet normal 0 0 1
    outer loop
      vertex 270 141 2.8
      vertex 263.468 110.884 2.8
      vertex 263.95 110.684 2.8
    endloop
  endfacet
  facet normal 0 0 1
    outer loop
      vertex 270 141 2.8
      vertex 262.95 110.952 2.8
      vertex 263.468 110.884 2.8
    endloop
  endfacet
  facet normal 0 0 1
    outer loop
      vertex 270 141 2.8
      vertex 262.432 110.884 2.8
      vertex 262.95 110.952 2.8
    endloop
  endfacet
  facet normal 0 0 1
    outer loop
      vertex 270 141 2.8
      vertex 261.95 110.684 2.8
      vertex 262.432 110.884 2.8
    endloop
  endfacet
  facet normal 0 0 1
    outer loop
      vertex 270 141 2.8
      vertex 261.536 110.366 2.8
      vertex 261.95 110.684 2.8
    endloop
  endfacet
  facet normal 0 0 1
    outer loop
      vertex 270 141 2.8
      vertex 261.218 109.952 2.8
      vertex 261.536 110.366 2.8
    endloop
  endfacet
  facet normal 0 0 1
    outer loop
      vertex 192.1 106.043 2.8
      vertex 261.218 109.952 2.8
      vertex 270 141 2.8
    endloop
  endfacet
  facet normal 0 0 1
    outer loop
      vertex 261.018 71.0176 2.8
      vertex 225.4 61.183 2.8
      vertex 260.95 70.5 2.8
    endloop
  endfacet
  facet normal 0 0 1
    outer loop
      vertex 261.218 69.5 2.8
      vertex 225.4 61.183 2.8
      vertex 225.4 54.183 2.8
    endloop
  endfacet
  facet normal 0 0 1
    outer loop
      vertex 192.1 106.043 2.8
      vertex 260.95 108.952 2.8
      vertex 261.018 109.47 2.8
    endloop
  endfacet
  facet normal 0 0 1
    outer loop
      vertex 261.218 109.952 2.8
      vertex 192.1 106.043 2.8
      vertex 261.018 109.47 2.8
    endloop
  endfacet
  facet normal 0 0 1
    outer loop
      vertex 261.018 108.434 2.8
      vertex 192.1 106.043 2.8
      vertex 192.1 99.043 2.8
    endloop
  endfacet
  facet normal 0 0 1
    outer loop
      vertex 225.4 61.183 2.8
      vertex 192.1 99.043 2.8
      vertex 222.2 61.183 2.8
    endloop
  endfacet
  facet normal 0 0 1
    outer loop
      vertex 261.018 108.434 2.8
      vertex 192.1 99.043 2.8
      vertex 225.4 61.183 2.8
    endloop
  endfacet
  facet normal -0 0 1
    outer loop
      vertex 168.3 141 2.8
      vertex 192.1 106.043 2.8
      vertex 270 141 2.8
    endloop
  endfacet
  facet normal 0 0 1
    outer loop
      vertex 188.9 106.043 2.8
      vertex 168.3 141 2.8
      vertex 188.9 99.043 2.8
    endloop
  endfacet
  facet normal 0 0 1
    outer loop
      vertex 192.1 106.043 2.8
      vertex 168.3 141 2.8
      vertex 188.9 106.043 2.8
    endloop
  endfacet
  facet normal 0 0 1
    outer loop
      vertex 270 141 2.8
      vertex 264.95 70.5 2.8
      vertex 270 0 2.8
    endloop
  endfacet
  facet normal -0 0 1
    outer loop
      vertex 264.95 32.048 2.8
      vertex 270 0 2.8
      vertex 264.95 70.5 2.8
    endloop
  endfacet
  facet normal -0 0 1
    outer loop
      vertex 264.882 31.5304 2.8
      vertex 270 0 2.8
      vertex 264.95 32.048 2.8
    endloop
  endfacet
  facet normal -0 0 1
    outer loop
      vertex 264.682 31.048 2.8
      vertex 270 0 2.8
      vertex 264.882 31.5304 2.8
    endloop
  endfacet
  facet normal -0 0 1
    outer loop
      vertex 264.364 30.6338 2.8
      vertex 270 0 2.8
      vertex 264.682 31.048 2.8
    endloop
  endfacet
  facet normal -0 0 1
    outer loop
      vertex 263.95 30.3159 2.8
      vertex 270 0 2.8
      vertex 264.364 30.6338 2.8
    endloop
  endfacet
  facet normal -0 0 1
    outer loop
      vertex 263.468 30.1161 2.8
      vertex 270 0 2.8
      vertex 263.95 30.3159 2.8
    endloop
  endfacet
  facet normal -0 0 1
    outer loop
      vertex 262.95 30.048 2.8
      vertex 270 0 2.8
      vertex 263.468 30.1161 2.8
    endloop
  endfacet
  facet normal 0 0 1
    outer loop
      vertex 262.432 30.1161 2.8
      vertex 270 0 2.8
      vertex 262.95 30.048 2.8
    endloop
  endfacet
  facet normal 0 0 1
    outer loop
      vertex 261.95 30.3159 2.8
      vertex 270 0 2.8
      vertex 262.432 30.1161 2.8
    endloop
  endfacet
  facet normal 0 0 1
    outer loop
      vertex 261.536 30.6338 2.8
      vertex 270 0 2.8
      vertex 261.95 30.3159 2.8
    endloop
  endfacet
  facet normal 0 0 1
    outer loop
      vertex 261.218 31.048 2.8
      vertex 270 0 2.8
      vertex 261.536 30.6338 2.8
    endloop
  endfacet
  facet normal 0 0 1
    outer loop
      vertex 225.4 54.183 2.8
      vertex 261.218 31.048 2.8
      vertex 261.018 31.5304 2.8
    endloop
  endfacet
  facet normal 0 0 1
    outer loop
      vertex 261.018 32.5656 2.8
      vertex 225.4 54.183 2.8
      vertex 260.95 32.048 2.8
    endloop
  endfacet
  facet normal 0 0 1
    outer loop
      vertex 260.95 32.048 2.8
      vertex 225.4 54.183 2.8
      vertex 261.018 31.5304 2.8
    endloop
  endfacet
  facet normal 0 0 1
    outer loop
      vertex 261.218 31.048 2.8
      vertex 225.4 54.183 2.8
      vertex 222.2 54.183 2.8
    endloop
  endfacet
  facet normal 0 0 1
    outer loop
      vertex 261.218 31.048 2.8
      vertex 222.2 54.183 2.8
      vertex 168.3 0 2.8
    endloop
  endfacet
  facet normal -0 0 1
    outer loop
      vertex 188.9 99.043 2.8
      vertex 222.2 61.183 2.8
      vertex 192.1 99.043 2.8
    endloop
  endfacet
  facet normal 0 0 1
    outer loop
      vertex 222.2 61.183 2.8
      vertex 188.9 99.043 2.8
      vertex 222.2 54.183 2.8
    endloop
  endfacet
  facet normal 0 0 1
    outer loop
      vertex 261.218 31.048 2.8
      vertex 168.3 0 2.8
      vertex 270 0 2.8
    endloop
  endfacet
  facet normal 0 0 1
    outer loop
      vertex 188.9 99.043 2.8
      vertex 168.3 0 2.8
      vertex 222.2 54.183 2.8
    endloop
  endfacet
  facet normal 0 0 1
    outer loop
      vertex 168.3 0 2.8
      vertex 188.9 99.043 2.8
      vertex 168.3 141 2.8
    endloop
  endfacet
  facet normal 0 -1 0
    outer loop
      vertex 188.9 106.043 0
      vertex 192.1 106.043 2.8
      vertex 188.9 106.043 2.8
    endloop
  endfacet
  facet normal 0 -1 -0
    outer loop
      vertex 192.1 106.043 2.8
      vertex 188.9 106.043 0
      vertex 192.1 106.043 0
    endloop
  endfacet
  facet normal 1 0 0
    outer loop
      vertex 188.9 106.043 2.8
      vertex 188.9 99.489 1.7
      vertex 188.9 106.043 0
    endloop
  endfacet
  facet normal 1 -0 0
    outer loop
      vertex 188.9 99.043 2.8
      vertex 188.9 99.489 1.7
      vertex 188.9 106.043 2.8
    endloop
  endfacet
  facet normal 1 0 0
    outer loop
      vertex 188.9 99.489 1.7
      vertex 188.9 99.043 2.8
      vertex 188.9 99.043 1.7
    endloop
  endfacet
  facet normal 1 0 0
    outer loop
      vertex 188.9 106.043 0
      vertex 188.9 99.489 1.7
      vertex 188.9 99.489 0
    endloop
  endfacet
  facet normal 0 1 -0
    outer loop
      vertex 192.1 99.043 1.7
      vertex 188.9 99.043 2.8
      vertex 192.1 99.043 2.8
    endloop
  endfacet
  facet normal 0 1 0
    outer loop
      vertex 188.9 99.043 2.8
      vertex 192.1 99.043 1.7
      vertex 188.9 99.043 1.7
    endloop
  endfacet
  facet normal -1 0 0
    outer loop
      vertex 192.1 99.489 1.7
      vertex 192.1 106.043 0
      vertex 192.1 99.489 0
    endloop
  endfacet
  facet normal -1 0 0
    outer loop
      vertex 192.1 106.043 0
      vertex 192.1 99.489 1.7
      vertex 192.1 106.043 2.8
    endloop
  endfacet
  facet normal -1 0 0
    outer loop
      vertex 192.1 99.043 2.8
      vertex 192.1 99.489 1.7
      vertex 192.1 99.043 1.7
    endloop
  endfacet
  facet normal -1 0 0
    outer loop
      vertex 192.1 99.489 1.7
      vertex 192.1 99.043 2.8
      vertex 192.1 106.043 2.8
    endloop
  endfacet
  facet normal 0 -1 0
    outer loop
      vertex 222.2 61.183 0
      vertex 225.4 61.183 2.8
      vertex 222.2 61.183 2.8
    endloop
  endfacet
  facet normal 0 -1 -0
    outer loop
      vertex 225.4 61.183 2.8
      vertex 222.2 61.183 0
      vertex 225.4 61.183 0
    endloop
  endfacet
  facet normal 1 0 0
    outer loop
      vertex 222.2 61.183 2.8
      vertex 222.2 60.683 1.7
      vertex 222.2 61.183 0
    endloop
  endfacet
  facet normal 1 0 0
    outer loop
      vertex 222.2 61.183 2.8
      vertex 222.2 54.683 1.7
      vertex 222.2 60.683 1.7
    endloop
  endfacet
  facet normal 1 -0 0
    outer loop
      vertex 222.2 54.183 2.8
      vertex 222.2 54.683 1.7
      vertex 222.2 61.183 2.8
    endloop
  endfacet
  facet normal 1 0 0
    outer loop
      vertex 222.2 54.183 0
      vertex 222.2 54.683 1.7
      vertex 222.2 54.183 2.8
    endloop
  endfacet
  facet normal 1 0 0
    outer loop
      vertex 222.2 54.683 1.7
      vertex 222.2 54.183 0
      vertex 222.2 54.683 0
    endloop
  endfacet
  facet normal 1 0 0
    outer loop
      vertex 222.2 61.183 0
      vertex 222.2 60.683 1.7
      vertex 222.2 60.683 0
    endloop
  endfacet
  facet normal 0 1 -0
    outer loop
      vertex 225.4 54.183 0
      vertex 222.2 54.183 2.8
      vertex 225.4 54.183 2.8
    endloop
  endfacet
  facet normal 0 1 0
    outer loop
      vertex 222.2 54.183 2.8
      vertex 225.4 54.183 0
      vertex 222.2 54.183 0
    endloop
  endfacet
  facet normal -1 0 0
    outer loop
      vertex 225.4 54.683 0
      vertex 225.4 54.183 0
      vertex 225.4 54.683 1.7
    endloop
  endfacet
  facet normal -1 0 0
    outer loop
      vertex 225.4 60.683 1.7
      vertex 225.4 61.183 0
      vertex 225.4 60.683 0
    endloop
  endfacet
  facet normal -1 0 0
    outer loop
      vertex 225.4 61.183 0
      vertex 225.4 60.683 1.7
      vertex 225.4 61.183 2.8
    endloop
  endfacet
  facet normal -1 0 0
    outer loop
      vertex 225.4 54.683 1.7
      vertex 225.4 61.183 2.8
      vertex 225.4 60.683 1.7
    endloop
  endfacet
  facet normal -1 0 0
    outer loop
      vertex 225.4 54.683 1.7
      vertex 225.4 54.183 2.8
      vertex 225.4 61.183 2.8
    endloop
  endfacet
  facet normal -1 0 0
    outer loop
      vertex 225.4 54.183 2.8
      vertex 225.4 54.683 1.7
      vertex 225.4 54.183 0
    endloop
  endfacet
  facet normal 0 0 -1
    outer loop
      vertex 188.805 130.531 0.5
      vertex 190.11 135.594 0.5
      vertex 190.11 130.531 0.5
    endloop
  endfacet
  facet normal -0 0 -1
    outer loop
      vertex 190.11 135.594 0.5
      vertex 188.805 130.531 0.5
      vertex 188.805 135.594 0.5
    endloop
  endfacet
  facet normal 0 0 -1
    outer loop
      vertex 201.59 130.531 0.5
      vertex 202.896 132.448 0.5
      vertex 202.896 130.531 0.5
    endloop
  endfacet
  facet normal -0 0 -1
    outer loop
      vertex 202.896 132.448 0.5
      vertex 201.59 130.531 0.5
      vertex 202.896 133.35 0.5
    endloop
  endfacet
  facet normal 0 0 -1
    outer loop
      vertex 201.59 135.594 0.5
      vertex 202.896 133.35 0.5
      vertex 201.59 130.531 0.5
    endloop
  endfacet
  facet normal 0 0 -1
    outer loop
      vertex 204.771 130.531 0.5
      vertex 205.452 131.97 0.5
      vertex 206.161 130.531 0.5
    endloop
  endfacet
  facet normal 0 0 -1
    outer loop
      vertex 204.154 131.79 0.5
      vertex 205.452 131.97 0.5
      vertex 204.771 130.531 0.5
    endloop
  endfacet
  facet normal -0 0 -1
    outer loop
      vertex 205.452 131.97 0.5
      vertex 204.154 131.79 0.5
      vertex 205.39 132.09 0.5
    endloop
  endfacet
  facet normal -0 0 -1
    outer loop
      vertex 205.39 132.09 0.5
      vertex 204.154 131.79 0.5
      vertex 205.329 132.202 0.5
    endloop
  endfacet
  facet normal -0 0 -1
    outer loop
      vertex 205.329 132.202 0.5
      vertex 204.154 131.79 0.5
      vertex 205.267 132.304 0.5
    endloop
  endfacet
  facet normal -0 0 -1
    outer loop
      vertex 205.267 132.304 0.5
      vertex 204.154 131.79 0.5
      vertex 205.206 132.397 0.5
    endloop
  endfacet
  facet normal -0 0 -1
    outer loop
      vertex 205.206 132.397 0.5
      vertex 204.154 131.79 0.5
      vertex 205.145 132.482 0.5
    endloop
  endfacet
  facet normal 0 0 -1
    outer loop
      vertex 204.1 131.894 0.5
      vertex 205.145 132.482 0.5
      vertex 204.154 131.79 0.5
    endloop
  endfacet
  facet normal -0 0 -1
    outer loop
      vertex 205.145 132.482 0.5
      vertex 204.1 131.894 0.5
      vertex 205.084 132.557 0.5
    endloop
  endfacet
  facet normal -0 0 -1
    outer loop
      vertex 205.084 132.557 0.5
      vertex 204.1 131.894 0.5
      vertex 205.023 132.623 0.5
    endloop
  endfacet
  facet normal -0 0 -1
    outer loop
      vertex 205.023 132.623 0.5
      vertex 204.1 131.894 0.5
      vertex 204.962 132.681 0.5
    endloop
  endfacet
  facet normal 0 0 -1
    outer loop
      vertex 204.047 131.987 0.5
      vertex 204.962 132.681 0.5
      vertex 204.1 131.894 0.5
    endloop
  endfacet
  facet normal -0 0 -1
    outer loop
      vertex 204.962 132.681 0.5
      vertex 204.047 131.987 0.5
      vertex 204.898 132.733 0.5
    endloop
  endfacet
  facet normal -0 0 -1
    outer loop
      vertex 204.898 132.733 0.5
      vertex 204.047 131.987 0.5
      vertex 204.831 132.779 0.5
    endloop
  endfacet
  facet normal -0 0 -1
    outer loop
      vertex 204.831 132.779 0.5
      vertex 204.047 131.987 0.5
      vertex 204.763 132.819 0.5
    endloop
  endfacet
  facet normal 0 0 -1
    outer loop
      vertex 204.12 134.396 0.5
      vertex 205.174 135.154 0.5
      vertex 204.153 134.334 0.5
    endloop
  endfacet
  facet normal -0 0 -1
    outer loop
      vertex 204.763 132.819 0.5
      vertex 204.047 131.987 0.5
      vertex 204.692 132.852 0.5
    endloop
  endfacet
  facet normal 0 0 -1
    outer loop
      vertex 204.678 132.946 0.5
      vertex 204.208 133.908 0.5
      vertex 204.211 134.004 0.5
    endloop
  endfacet
  facet normal 0 0 -1
    outer loop
      vertex 204.678 132.946 0.5
      vertex 204.197 133.82 0.5
      vertex 204.208 133.908 0.5
    endloop
  endfacet
  facet normal 0 0 -1
    outer loop
      vertex 204.678 132.946 0.5
      vertex 204.179 133.741 0.5
      vertex 204.197 133.82 0.5
    endloop
  endfacet
  facet normal 0 0 -1
    outer loop
      vertex 203.993 132.071 0.5
      vertex 204.692 132.852 0.5
      vertex 204.047 131.987 0.5
    endloop
  endfacet
  facet normal 0 0 -1
    outer loop
      vertex 204.678 132.946 0.5
      vertex 204.153 133.669 0.5
      vertex 204.179 133.741 0.5
    endloop
  endfacet
  facet normal 0 0 -1
    outer loop
      vertex 204.678 132.946 0.5
      vertex 204.12 133.606 0.5
      vertex 204.153 133.669 0.5
    endloop
  endfacet
  facet normal -0 0 -1
    outer loop
      vertex 204.692 132.852 0.5
      vertex 203.993 132.071 0.5
      vertex 204.619 132.879 0.5
    endloop
  endfacet
  facet normal -0 0 -1
    outer loop
      vertex 204.619 132.879 0.5
      vertex 203.993 132.071 0.5
      vertex 204.543 132.899 0.5
    endloop
  endfacet
  facet normal 0 0 -1
    outer loop
      vertex 204.543 132.899 0.5
      vertex 204.08 133.55 0.5
      vertex 204.12 133.606 0.5
    endloop
  endfacet
  facet normal 0 0 -1
    outer loop
      vertex 203.939 132.145 0.5
      vertex 204.543 132.899 0.5
      vertex 203.993 132.071 0.5
    endloop
  endfacet
  facet normal 0 0 -1
    outer loop
      vertex 203.885 132.21 0.5
      vertex 204.543 132.899 0.5
      vertex 203.939 132.145 0.5
    endloop
  endfacet
  facet normal 0 0 -1
    outer loop
      vertex 204.543 132.899 0.5
      vertex 204.033 133.503 0.5
      vertex 204.08 133.55 0.5
    endloop
  endfacet
  facet normal 0 0 -1
    outer loop
      vertex 203.83 132.264 0.5
      vertex 204.543 132.899 0.5
      vertex 203.885 132.21 0.5
    endloop
  endfacet
  facet normal 0 0 -1
    outer loop
      vertex 204.543 132.899 0.5
      vertex 203.978 133.462 0.5
      vertex 204.033 133.503 0.5
    endloop
  endfacet
  facet normal 0 0 -1
    outer loop
      vertex 203.775 132.309 0.5
      vertex 204.543 132.899 0.5
      vertex 203.83 132.264 0.5
    endloop
  endfacet
  facet normal 0 0 -1
    outer loop
      vertex 204.543 132.899 0.5
      vertex 203.913 133.428 0.5
      vertex 203.978 133.462 0.5
    endloop
  endfacet
  facet normal 0 0 -1
    outer loop
      vertex 203.718 132.346 0.5
      vertex 204.543 132.899 0.5
      vertex 203.775 132.309 0.5
    endloop
  endfacet
  facet normal 0 0 -1
    outer loop
      vertex 204.543 132.899 0.5
      vertex 203.838 133.4 0.5
      vertex 203.913 133.428 0.5
    endloop
  endfacet
  facet normal -0 0 -1
    outer loop
      vertex 204.543 132.899 0.5
      vertex 203.718 132.346 0.5
      vertex 203.838 133.4 0.5
    endloop
  endfacet
  facet normal 0 0 -1
    outer loop
      vertex 203.838 133.4 0.5
      vertex 203.718 132.346 0.5
      vertex 203.754 133.378 0.5
    endloop
  endfacet
  facet normal 0 0 -1
    outer loop
      vertex 203.656 132.377 0.5
      vertex 203.754 133.378 0.5
      vertex 203.718 132.346 0.5
    endloop
  endfacet
  facet normal 0 0 -1
    outer loop
      vertex 203.588 132.403 0.5
      vertex 203.754 133.378 0.5
      vertex 203.656 132.377 0.5
    endloop
  endfacet
  facet normal 0 0 -1
    outer loop
      vertex 203.754 133.378 0.5
      vertex 203.588 132.403 0.5
      vertex 203.66 133.363 0.5
    endloop
  endfacet
  facet normal 0 0 -1
    outer loop
      vertex 203.515 132.423 0.5
      vertex 203.66 133.363 0.5
      vertex 203.588 132.403 0.5
    endloop
  endfacet
  facet normal 0 0 -1
    outer loop
      vertex 203.66 133.363 0.5
      vertex 203.515 132.423 0.5
      vertex 203.557 133.354 0.5
    endloop
  endfacet
  facet normal 0 0 -1
    outer loop
      vertex 203.437 132.437 0.5
      vertex 203.557 133.354 0.5
      vertex 203.515 132.423 0.5
    endloop
  endfacet
  facet normal 0 0 -1
    outer loop
      vertex 203.557 133.354 0.5
      vertex 203.437 132.437 0.5
      vertex 203.445 133.35 0.5
    endloop
  endfacet
  facet normal 0 0 -1
    outer loop
      vertex 203.354 132.445 0.5
      vertex 203.445 133.35 0.5
      vertex 203.437 132.437 0.5
    endloop
  endfacet
  facet normal 0 0 -1
    outer loop
      vertex 203.265 132.448 0.5
      vertex 203.445 133.35 0.5
      vertex 203.354 132.445 0.5
    endloop
  endfacet
  facet normal 0 0 -1
    outer loop
      vertex 202.896 133.35 0.5
      vertex 203.265 132.448 0.5
      vertex 202.896 132.448 0.5
    endloop
  endfacet
  facet normal 0 0 -1
    outer loop
      vertex 203.265 132.448 0.5
      vertex 202.896 133.35 0.5
      vertex 203.445 133.35 0.5
    endloop
  endfacet
  facet normal 0 0 -1
    outer loop
      vertex 205.497 133.925 0.5
      vertex 204.211 134.004 0.5
      vertex 205.512 134.058 0.5
    endloop
  endfacet
  facet normal 0 0 -1
    outer loop
      vertex 205.472 133.8 0.5
      vertex 204.211 134.004 0.5
      vertex 205.497 133.925 0.5
    endloop
  endfacet
  facet normal 0 0 -1
    outer loop
      vertex 205.512 134.058 0.5
      vertex 204.208 134.098 0.5
      vertex 205.517 134.197 0.5
    endloop
  endfacet
  facet normal 0 0 -1
    outer loop
      vertex 205.437 133.683 0.5
      vertex 204.211 134.004 0.5
      vertex 205.472 133.8 0.5
    endloop
  endfacet
  facet normal 0 0 -1
    outer loop
      vertex 205.393 133.572 0.5
      vertex 204.211 134.004 0.5
      vertex 205.437 133.683 0.5
    endloop
  endfacet
  facet normal -0 0 -1
    outer loop
      vertex 205.364 134.899 0.5
      vertex 204.153 134.334 0.5
      vertex 205.279 135.035 0.5
    endloop
  endfacet
  facet normal 0 0 -1
    outer loop
      vertex 205.339 133.469 0.5
      vertex 204.211 134.004 0.5
      vertex 205.393 133.572 0.5
    endloop
  endfacet
  facet normal 0 0 -1
    outer loop
      vertex 204.197 134.185 0.5
      vertex 205.517 134.197 0.5
      vertex 204.208 134.098 0.5
    endloop
  endfacet
  facet normal 0 0 -1
    outer loop
      vertex 205.274 133.374 0.5
      vertex 204.211 134.004 0.5
      vertex 205.339 133.469 0.5
    endloop
  endfacet
  facet normal -0 0 -1
    outer loop
      vertex 205.517 134.197 0.5
      vertex 204.197 134.185 0.5
      vertex 205.507 134.397 0.5
    endloop
  endfacet
  facet normal 0 0 -1
    outer loop
      vertex 205.2 133.285 0.5
      vertex 204.211 134.004 0.5
      vertex 205.274 133.374 0.5
    endloop
  endfacet
  facet normal 0 0 -1
    outer loop
      vertex 204.211 134.004 0.5
      vertex 205.2 133.285 0.5
      vertex 205.116 133.204 0.5
    endloop
  endfacet
  facet normal 0 0 -1
    outer loop
      vertex 204.179 134.263 0.5
      vertex 205.507 134.397 0.5
      vertex 204.197 134.185 0.5
    endloop
  endfacet
  facet normal 0 0 -1
    outer loop
      vertex 204.211 134.004 0.5
      vertex 205.116 133.204 0.5
      vertex 205.021 133.129 0.5
    endloop
  endfacet
  facet normal -0 0 -1
    outer loop
      vertex 205.479 134.58 0.5
      vertex 204.179 134.263 0.5
      vertex 205.431 134.747 0.5
    endloop
  endfacet
  facet normal 0 0 -1
    outer loop
      vertex 204.211 134.004 0.5
      vertex 205.021 133.129 0.5
      vertex 204.917 133.061 0.5
    endloop
  endfacet
  facet normal 0 0 -1
    outer loop
      vertex 204.211 134.004 0.5
      vertex 204.917 133.061 0.5
      vertex 204.802 133 0.5
    endloop
  endfacet
  facet normal 0 0 -1
    outer loop
      vertex 204.153 134.334 0.5
      vertex 205.431 134.747 0.5
      vertex 204.179 134.263 0.5
    endloop
  endfacet
  facet normal 0 0 -1
    outer loop
      vertex 204.211 134.004 0.5
      vertex 204.802 133 0.5
      vertex 204.678 132.946 0.5
    endloop
  endfacet
  facet normal -0 0 -1
    outer loop
      vertex 205.507 134.397 0.5
      vertex 204.179 134.263 0.5
      vertex 205.479 134.58 0.5
    endloop
  endfacet
  facet normal 0 0 -1
    outer loop
      vertex 204.208 134.098 0.5
      vertex 205.512 134.058 0.5
      vertex 204.211 134.004 0.5
    endloop
  endfacet
  facet normal -0 0 -1
    outer loop
      vertex 205.431 134.747 0.5
      vertex 204.153 134.334 0.5
      vertex 205.364 134.899 0.5
    endloop
  endfacet
  facet normal 0 0 -1
    outer loop
      vertex 204.12 133.606 0.5
      vertex 204.678 132.946 0.5
      vertex 204.543 132.899 0.5
    endloop
  endfacet
  facet normal -0 0 -1
    outer loop
      vertex 205.279 135.035 0.5
      vertex 204.153 134.334 0.5
      vertex 205.174 135.154 0.5
    endloop
  endfacet
  facet normal -0 0 -1
    outer loop
      vertex 205.174 135.154 0.5
      vertex 204.12 134.396 0.5
      vertex 205.05 135.258 0.5
    endloop
  endfacet
  facet normal -0 0 -1
    outer loop
      vertex 205.05 135.258 0.5
      vertex 204.12 134.396 0.5
      vertex 204.906 135.347 0.5
    endloop
  endfacet
  facet normal 0 0 -1
    outer loop
      vertex 204.08 134.451 0.5
      vertex 204.906 135.347 0.5
      vertex 204.12 134.396 0.5
    endloop
  endfacet
  facet normal -0 0 -1
    outer loop
      vertex 204.906 135.347 0.5
      vertex 204.08 134.451 0.5
      vertex 204.74 135.422 0.5
    endloop
  endfacet
  facet normal 0 0 -1
    outer loop
      vertex 204.033 134.498 0.5
      vertex 204.74 135.422 0.5
      vertex 204.08 134.451 0.5
    endloop
  endfacet
  facet normal -0 0 -1
    outer loop
      vertex 204.74 135.422 0.5
      vertex 204.033 134.498 0.5
      vertex 204.553 135.484 0.5
    endloop
  endfacet
  facet normal -0 0 -1
    outer loop
      vertex 204.553 135.484 0.5
      vertex 204.033 134.498 0.5
      vertex 204.343 135.532 0.5
    endloop
  endfacet
  facet normal 0 0 -1
    outer loop
      vertex 203.978 134.537 0.5
      vertex 204.343 135.532 0.5
      vertex 204.033 134.498 0.5
    endloop
  endfacet
  facet normal 0 0 -1
    outer loop
      vertex 203.913 134.57 0.5
      vertex 204.343 135.532 0.5
      vertex 203.978 134.537 0.5
    endloop
  endfacet
  facet normal -0 0 -1
    outer loop
      vertex 204.343 135.532 0.5
      vertex 203.913 134.57 0.5
      vertex 204.112 135.566 0.5
    endloop
  endfacet
  facet normal 0 0 -1
    outer loop
      vertex 203.838 134.598 0.5
      vertex 204.112 135.566 0.5
      vertex 203.913 134.57 0.5
    endloop
  endfacet
  facet normal -0 0 -1
    outer loop
      vertex 204.112 135.566 0.5
      vertex 203.838 134.598 0.5
      vertex 203.859 135.587 0.5
    endloop
  endfacet
  facet normal 0 0 -1
    outer loop
      vertex 203.754 134.619 0.5
      vertex 203.859 135.587 0.5
      vertex 203.838 134.598 0.5
    endloop
  endfacet
  facet normal 0 0 -1
    outer loop
      vertex 203.66 134.634 0.5
      vertex 203.859 135.587 0.5
      vertex 203.754 134.619 0.5
    endloop
  endfacet
  facet normal 0 0 -1
    outer loop
      vertex 203.66 134.634 0.5
      vertex 203.584 135.594 0.5
      vertex 203.859 135.587 0.5
    endloop
  endfacet
  facet normal 0 0 -1
    outer loop
      vertex 203.557 134.643 0.5
      vertex 203.584 135.594 0.5
      vertex 203.66 134.634 0.5
    endloop
  endfacet
  facet normal 0 0 -1
    outer loop
      vertex 203.445 134.646 0.5
      vertex 203.584 135.594 0.5
      vertex 203.557 134.643 0.5
    endloop
  endfacet
  facet normal 0 0 -1
    outer loop
      vertex 202.896 134.646 0.5
      vertex 203.584 135.594 0.5
      vertex 203.445 134.646 0.5
    endloop
  endfacet
  facet normal 0 0 -1
    outer loop
      vertex 202.896 134.646 0.5
      vertex 201.59 135.594 0.5
      vertex 203.584 135.594 0.5
    endloop
  endfacet
  facet normal 0 0 -1
    outer loop
      vertex 202.896 133.35 0.5
      vertex 201.59 135.594 0.5
      vertex 202.896 134.646 0.5
    endloop
  endfacet
  facet normal 0 0 -1
    outer loop
      vertex 200.555 130.531 0.5
      vertex 198.263 131.517 0.5
      vertex 200.555 131.517 0.5
    endloop
  endfacet
  facet normal 0 0 -1
    outer loop
      vertex 196.958 130.531 0.5
      vertex 198.263 132.678 0.5
      vertex 198.263 131.517 0.5
    endloop
  endfacet
  facet normal 0 0 -1
    outer loop
      vertex 196.958 135.594 0.5
      vertex 198.263 132.678 0.5
      vertex 196.958 130.531 0.5
    endloop
  endfacet
  facet normal 0 0 -1
    outer loop
      vertex 198.263 132.678 0.5
      vertex 196.958 135.594 0.5
      vertex 198.263 133.664 0.5
    endloop
  endfacet
  facet normal 0 0 -1
    outer loop
      vertex 196.958 130.531 0.5
      vertex 198.263 131.517 0.5
      vertex 200.555 130.531 0.5
    endloop
  endfacet
  facet normal 0 0 -1
    outer loop
      vertex 198.263 132.678 0.5
      vertex 200.348 133.664 0.5
      vertex 200.348 132.678 0.5
    endloop
  endfacet
  facet normal -0 0 -1
    outer loop
      vertex 200.348 133.664 0.5
      vertex 198.263 132.678 0.5
      vertex 198.263 133.664 0.5
    endloop
  endfacet
  facet normal 0 0 -1
    outer loop
      vertex 198.263 134.608 0.5
      vertex 200.481 135.594 0.5
      vertex 200.481 134.608 0.5
    endloop
  endfacet
  facet normal 0 0 -1
    outer loop
      vertex 198.263 134.608 0.5
      vertex 196.958 135.594 0.5
      vertex 200.481 135.594 0.5
    endloop
  endfacet
  facet normal 0 0 -1
    outer loop
      vertex 198.263 133.664 0.5
      vertex 196.958 135.594 0.5
      vertex 198.263 134.608 0.5
    endloop
  endfacet
  facet normal -0 0 -1
    outer loop
      vertex 196.089 132.906 0.5
      vertex 194.737 132.859 0.5
      vertex 194.746 133.068 0.5
    endloop
  endfacet
  facet normal 0 0 -1
    outer loop
      vertex 194.196 131.809 0.5
      vertex 194.872 130.879 0.5
      vertex 194.726 130.808 0.5
    endloop
  endfacet
  facet normal 0 0 -1
    outer loop
      vertex 195.012 130.958 0.5
      vertex 194.712 132.665 0.5
      vertex 194.737 132.859 0.5
    endloop
  endfacet
  facet normal 0 0 -1
    outer loop
      vertex 195.012 130.958 0.5
      vertex 194.669 132.485 0.5
      vertex 194.712 132.665 0.5
    endloop
  endfacet
  facet normal 0 0 -1
    outer loop
      vertex 195.012 130.958 0.5
      vertex 194.608 132.32 0.5
      vertex 194.669 132.485 0.5
    endloop
  endfacet
  facet normal 0 0 -1
    outer loop
      vertex 194.196 131.809 0.5
      vertex 194.726 130.808 0.5
      vertex 194.573 130.747 0.5
    endloop
  endfacet
  facet normal 0 0 -1
    outer loop
      vertex 195.012 130.958 0.5
      vertex 194.531 132.17 0.5
      vertex 194.608 132.32 0.5
    endloop
  endfacet
  facet normal 0 0 -1
    outer loop
      vertex 195.012 130.958 0.5
      vertex 194.436 132.035 0.5
      vertex 194.531 132.17 0.5
    endloop
  endfacet
  facet normal 0 0 -1
    outer loop
      vertex 194.052 131.719 0.5
      vertex 194.573 130.747 0.5
      vertex 194.414 130.696 0.5
    endloop
  endfacet
  facet normal 0 0 -1
    outer loop
      vertex 195.012 130.958 0.5
      vertex 194.324 131.914 0.5
      vertex 194.436 132.035 0.5
    endloop
  endfacet
  facet normal 0 0 -1
    outer loop
      vertex 194.052 131.719 0.5
      vertex 194.414 130.696 0.5
      vertex 194.239 130.652 0.5
    endloop
  endfacet
  facet normal 0 0 -1
    outer loop
      vertex 194.872 130.879 0.5
      vertex 194.196 131.809 0.5
      vertex 194.324 131.914 0.5
    endloop
  endfacet
  facet normal 0 0 -1
    outer loop
      vertex 194.573 130.747 0.5
      vertex 194.052 131.719 0.5
      vertex 194.196 131.809 0.5
    endloop
  endfacet
  facet normal 0 0 -1
    outer loop
      vertex 193.893 131.646 0.5
      vertex 194.239 130.652 0.5
      vertex 194.042 130.615 0.5
    endloop
  endfacet
  facet normal 0 0 -1
    outer loop
      vertex 194.239 130.652 0.5
      vertex 193.893 131.646 0.5
      vertex 194.052 131.719 0.5
    endloop
  endfacet
  facet normal 0 0 -1
    outer loop
      vertex 193.718 131.59 0.5
      vertex 194.042 130.615 0.5
      vertex 193.821 130.585 0.5
    endloop
  endfacet
  facet normal 0 0 -1
    outer loop
      vertex 194.042 130.615 0.5
      vertex 193.718 131.59 0.5
      vertex 193.893 131.646 0.5
    endloop
  endfacet
  facet normal 0 0 -1
    outer loop
      vertex 193.528 131.549 0.5
      vertex 193.821 130.585 0.5
      vertex 193.577 130.561 0.5
    endloop
  endfacet
  facet normal 0 0 -1
    outer loop
      vertex 193.821 130.585 0.5
      vertex 193.528 131.549 0.5
      vertex 193.718 131.59 0.5
    endloop
  endfacet
  facet normal 0 0 -1
    outer loop
      vertex 193.577 130.561 0.5
      vertex 193.323 131.525 0.5
      vertex 193.528 131.549 0.5
    endloop
  endfacet
  facet normal 0 0 -1
    outer loop
      vertex 193.309 130.545 0.5
      vertex 193.323 131.525 0.5
      vertex 193.577 130.561 0.5
    endloop
  endfacet
  facet normal 0 0 -1
    outer loop
      vertex 193.309 130.545 0.5
      vertex 193.102 131.517 0.5
      vertex 193.323 131.525 0.5
    endloop
  endfacet
  facet normal 0 0 -1
    outer loop
      vertex 193.019 130.535 0.5
      vertex 193.102 131.517 0.5
      vertex 193.309 130.545 0.5
    endloop
  endfacet
  facet normal 0 0 -1
    outer loop
      vertex 192.634 131.517 0.5
      vertex 193.019 130.535 0.5
      vertex 192.705 130.531 0.5
    endloop
  endfacet
  facet normal 0 0 -1
    outer loop
      vertex 193.019 130.535 0.5
      vertex 192.634 131.517 0.5
      vertex 193.102 131.517 0.5
    endloop
  endfacet
  facet normal -0 0 -1
    outer loop
      vertex 192.634 131.517 0.5
      vertex 191.328 130.531 0.5
      vertex 192.634 134.608 0.5
    endloop
  endfacet
  facet normal 0 0 -1
    outer loop
      vertex 191.328 130.531 0.5
      vertex 192.634 131.517 0.5
      vertex 192.705 130.531 0.5
    endloop
  endfacet
  facet normal 0 0 -1
    outer loop
      vertex 194.746 133.068 0.5
      vertex 196.092 133.068 0.5
      vertex 196.089 132.906 0.5
    endloop
  endfacet
  facet normal 0 0 -1
    outer loop
      vertex 194.737 132.859 0.5
      vertex 196.089 132.906 0.5
      vertex 196.078 132.75 0.5
    endloop
  endfacet
  facet normal 0 0 -1
    outer loop
      vertex 196.092 133.068 0.5
      vertex 194.746 133.068 0.5
      vertex 196.089 133.227 0.5
    endloop
  endfacet
  facet normal 0 0 -1
    outer loop
      vertex 194.737 132.859 0.5
      vertex 196.078 132.75 0.5
      vertex 196.06 132.599 0.5
    endloop
  endfacet
  facet normal 0 0 -1
    outer loop
      vertex 194.737 133.275 0.5
      vertex 196.089 133.227 0.5
      vertex 194.746 133.068 0.5
    endloop
  endfacet
  facet normal 0 0 -1
    outer loop
      vertex 194.737 132.859 0.5
      vertex 196.06 132.599 0.5
      vertex 196.036 132.453 0.5
    endloop
  endfacet
  facet normal 0 0 -1
    outer loop
      vertex 196.089 133.227 0.5
      vertex 194.737 133.275 0.5
      vertex 196.078 133.381 0.5
    endloop
  endfacet
  facet normal 0 0 -1
    outer loop
      vertex 194.737 132.859 0.5
      vertex 196.036 132.453 0.5
      vertex 196.004 132.312 0.5
    endloop
  endfacet
  facet normal -0 0 -1
    outer loop
      vertex 196.078 133.381 0.5
      vertex 194.737 133.275 0.5
      vertex 196.06 133.531 0.5
    endloop
  endfacet
  facet normal 0 0 -1
    outer loop
      vertex 194.737 132.859 0.5
      vertex 196.004 132.312 0.5
      vertex 195.965 132.176 0.5
    endloop
  endfacet
  facet normal 0 0 -1
    outer loop
      vertex 194.712 133.469 0.5
      vertex 196.06 133.531 0.5
      vertex 194.737 133.275 0.5
    endloop
  endfacet
  facet normal 0 0 -1
    outer loop
      vertex 194.737 132.859 0.5
      vertex 195.965 132.176 0.5
      vertex 195.919 132.045 0.5
    endloop
  endfacet
  facet normal -0 0 -1
    outer loop
      vertex 196.06 133.531 0.5
      vertex 194.712 133.469 0.5
      vertex 196.036 133.676 0.5
    endloop
  endfacet
  facet normal 0 0 -1
    outer loop
      vertex 194.737 132.859 0.5
      vertex 195.919 132.045 0.5
      vertex 195.866 131.919 0.5
    endloop
  endfacet
  facet normal -0 0 -1
    outer loop
      vertex 196.036 133.676 0.5
      vertex 194.712 133.469 0.5
      vertex 196.004 133.816 0.5
    endloop
  endfacet
  facet normal 0 0 -1
    outer loop
      vertex 194.737 132.859 0.5
      vertex 195.866 131.919 0.5
      vertex 195.805 131.797 0.5
    endloop
  endfacet
  facet normal -0 0 -1
    outer loop
      vertex 196.004 133.816 0.5
      vertex 194.712 133.469 0.5
      vertex 195.965 133.951 0.5
    endloop
  endfacet
  facet normal 0 0 -1
    outer loop
      vertex 194.737 132.859 0.5
      vertex 195.805 131.797 0.5
      vertex 195.737 131.68 0.5
    endloop
  endfacet
  facet normal 0 0 -1
    outer loop
      vertex 194.669 133.647 0.5
      vertex 195.965 133.951 0.5
      vertex 194.712 133.469 0.5
    endloop
  endfacet
  facet normal 0 0 -1
    outer loop
      vertex 194.737 132.859 0.5
      vertex 195.737 131.68 0.5
      vertex 195.662 131.567 0.5
    endloop
  endfacet
  facet normal -0 0 -1
    outer loop
      vertex 195.965 133.951 0.5
      vertex 194.669 133.647 0.5
      vertex 195.919 134.081 0.5
    endloop
  endfacet
  facet normal 0 0 -1
    outer loop
      vertex 194.737 132.859 0.5
      vertex 195.662 131.567 0.5
      vertex 195.579 131.458 0.5
    endloop
  endfacet
  facet normal -0 0 -1
    outer loop
      vertex 195.919 134.081 0.5
      vertex 194.669 133.647 0.5
      vertex 195.866 134.207 0.5
    endloop
  endfacet
  facet normal 0 0 -1
    outer loop
      vertex 194.737 132.859 0.5
      vertex 195.579 131.458 0.5
      vertex 195.488 131.354 0.5
    endloop
  endfacet
  facet normal 0 0 -1
    outer loop
      vertex 194.609 133.811 0.5
      vertex 195.866 134.207 0.5
      vertex 194.669 133.647 0.5
    endloop
  endfacet
  facet normal 0 0 -1
    outer loop
      vertex 194.737 132.859 0.5
      vertex 195.488 131.354 0.5
      vertex 195.39 131.254 0.5
    endloop
  endfacet
  facet normal -0 0 -1
    outer loop
      vertex 195.866 134.207 0.5
      vertex 194.609 133.811 0.5
      vertex 195.805 134.329 0.5
    endloop
  endfacet
  facet normal -0 0 -1
    outer loop
      vertex 195.805 134.329 0.5
      vertex 194.609 133.811 0.5
      vertex 195.737 134.446 0.5
    endloop
  endfacet
  facet normal 0 0 -1
    outer loop
      vertex 194.737 132.859 0.5
      vertex 195.39 131.254 0.5
      vertex 195.271 131.146 0.5
    endloop
  endfacet
  facet normal -0 0 -1
    outer loop
      vertex 195.737 134.446 0.5
      vertex 194.609 133.811 0.5
      vertex 195.662 134.559 0.5
    endloop
  endfacet
  facet normal 0 0 -1
    outer loop
      vertex 194.737 132.859 0.5
      vertex 195.271 131.146 0.5
      vertex 195.144 131.047 0.5
    endloop
  endfacet
  facet normal 0 0 -1
    outer loop
      vertex 194.532 133.96 0.5
      vertex 195.662 134.559 0.5
      vertex 194.609 133.811 0.5
    endloop
  endfacet
  facet normal 0 0 -1
    outer loop
      vertex 194.737 132.859 0.5
      vertex 195.144 131.047 0.5
      vertex 195.012 130.958 0.5
    endloop
  endfacet
  facet normal -0 0 -1
    outer loop
      vertex 195.662 134.559 0.5
      vertex 194.532 133.96 0.5
      vertex 195.579 134.667 0.5
    endloop
  endfacet
  facet normal 0 0 -1
    outer loop
      vertex 194.324 131.914 0.5
      vertex 195.012 130.958 0.5
      vertex 194.872 130.879 0.5
    endloop
  endfacet
  facet normal -0 0 -1
    outer loop
      vertex 195.579 134.667 0.5
      vertex 194.532 133.96 0.5
      vertex 195.488 134.771 0.5
    endloop
  endfacet
  facet normal -0 0 -1
    outer loop
      vertex 195.488 134.771 0.5
      vertex 194.532 133.96 0.5
      vertex 195.39 134.871 0.5
    endloop
  endfacet
  facet normal 0 0 -1
    outer loop
      vertex 194.437 134.095 0.5
      vertex 195.39 134.871 0.5
      vertex 194.532 133.96 0.5
    endloop
  endfacet
  facet normal -0 0 -1
    outer loop
      vertex 195.39 134.871 0.5
      vertex 194.437 134.095 0.5
      vertex 195.272 134.979 0.5
    endloop
  endfacet
  facet normal -0 0 -1
    outer loop
      vertex 195.272 134.979 0.5
      vertex 194.437 134.095 0.5
      vertex 195.147 135.077 0.5
    endloop
  endfacet
  facet normal 0 0 -1
    outer loop
      vertex 194.326 134.214 0.5
      vertex 195.147 135.077 0.5
      vertex 194.437 134.095 0.5
    endloop
  endfacet
  facet normal -0 0 -1
    outer loop
      vertex 195.147 135.077 0.5
      vertex 194.326 134.214 0.5
      vertex 195.015 135.167 0.5
    endloop
  endfacet
  facet normal -0 0 -1
    outer loop
      vertex 195.015 135.167 0.5
      vertex 194.326 134.214 0.5
      vertex 194.877 135.246 0.5
    endloop
  endfacet
  facet normal 0 0 -1
    outer loop
      vertex 194.198 134.319 0.5
      vertex 194.877 135.246 0.5
      vertex 194.326 134.214 0.5
    endloop
  endfacet
  facet normal -0 0 -1
    outer loop
      vertex 194.877 135.246 0.5
      vertex 194.198 134.319 0.5
      vertex 194.732 135.317 0.5
    endloop
  endfacet
  facet normal -0 0 -1
    outer loop
      vertex 194.732 135.317 0.5
      vertex 194.198 134.319 0.5
      vertex 194.58 135.378 0.5
    endloop
  endfacet
  facet normal 0 0 -1
    outer loop
      vertex 194.054 134.407 0.5
      vertex 194.58 135.378 0.5
      vertex 194.198 134.319 0.5
    endloop
  endfacet
  facet normal -0 0 -1
    outer loop
      vertex 194.58 135.378 0.5
      vertex 194.054 134.407 0.5
      vertex 194.422 135.429 0.5
    endloop
  endfacet
  facet normal -0 0 -1
    outer loop
      vertex 194.422 135.429 0.5
      vertex 194.054 134.407 0.5
      vertex 194.249 135.473 0.5
    endloop
  endfacet
  facet normal 0 0 -1
    outer loop
      vertex 193.895 134.48 0.5
      vertex 194.249 135.473 0.5
      vertex 194.054 134.407 0.5
    endloop
  endfacet
  facet normal -0 0 -1
    outer loop
      vertex 194.249 135.473 0.5
      vertex 193.895 134.48 0.5
      vertex 194.052 135.51 0.5
    endloop
  endfacet
  facet normal 0 0 -1
    outer loop
      vertex 193.72 134.536 0.5
      vertex 194.052 135.51 0.5
      vertex 193.895 134.48 0.5
    endloop
  endfacet
  facet normal -0 0 -1
    outer loop
      vertex 194.052 135.51 0.5
      vertex 193.72 134.536 0.5
      vertex 193.83 135.54 0.5
    endloop
  endfacet
  facet normal 0 0 -1
    outer loop
      vertex 193.53 134.576 0.5
      vertex 193.83 135.54 0.5
      vertex 193.72 134.536 0.5
    endloop
  endfacet
  facet normal -0 0 -1
    outer loop
      vertex 193.83 135.54 0.5
      vertex 193.53 134.576 0.5
      vertex 193.585 135.563 0.5
    endloop
  endfacet
  facet normal 0 0 -1
    outer loop
      vertex 193.323 134.6 0.5
      vertex 193.585 135.563 0.5
      vertex 193.53 134.576 0.5
    endloop
  endfacet
  facet normal 0 0 -1
    outer loop
      vertex 193.323 134.6 0.5
      vertex 193.316 135.58 0.5
      vertex 193.585 135.563 0.5
    endloop
  endfacet
  facet normal 0 0 -1
    outer loop
      vertex 193.102 134.608 0.5
      vertex 193.316 135.58 0.5
      vertex 193.323 134.6 0.5
    endloop
  endfacet
  facet normal 0 0 -1
    outer loop
      vertex 193.102 134.608 0.5
      vertex 193.022 135.59 0.5
      vertex 193.316 135.58 0.5
    endloop
  endfacet
  facet normal 0 0 -1
    outer loop
      vertex 192.634 134.608 0.5
      vertex 193.022 135.59 0.5
      vertex 193.102 134.608 0.5
    endloop
  endfacet
  facet normal -0 0 -1
    outer loop
      vertex 193.022 135.59 0.5
      vertex 192.634 134.608 0.5
      vertex 192.705 135.594 0.5
    endloop
  endfacet
  facet normal 0 0 -1
    outer loop
      vertex 191.328 135.594 0.5
      vertex 192.634 134.608 0.5
      vertex 191.328 130.531 0.5
    endloop
  endfacet
  facet normal 0 0 -1
    outer loop
      vertex 192.634 134.608 0.5
      vertex 191.328 135.594 0.5
      vertex 192.705 135.594 0.5
    endloop
  endfacet
  facet normal -0 0 -1
    outer loop
      vertex 180.164 132.906 0.5
      vertex 178.813 132.859 0.5
      vertex 178.822 133.068 0.5
    endloop
  endfacet
  facet normal 0 0 -1
    outer loop
      vertex 178.271 131.809 0.5
      vertex 178.948 130.879 0.5
      vertex 178.802 130.808 0.5
    endloop
  endfacet
  facet normal 0 0 -1
    outer loop
      vertex 179.087 130.958 0.5
      vertex 178.787 132.665 0.5
      vertex 178.813 132.859 0.5
    endloop
  endfacet
  facet normal 0 0 -1
    outer loop
      vertex 179.087 130.958 0.5
      vertex 178.744 132.485 0.5
      vertex 178.787 132.665 0.5
    endloop
  endfacet
  facet normal 0 0 -1
    outer loop
      vertex 179.087 130.958 0.5
      vertex 178.684 132.32 0.5
      vertex 178.744 132.485 0.5
    endloop
  endfacet
  facet normal 0 0 -1
    outer loop
      vertex 178.271 131.809 0.5
      vertex 178.802 130.808 0.5
      vertex 178.649 130.747 0.5
    endloop
  endfacet
  facet normal 0 0 -1
    outer loop
      vertex 179.087 130.958 0.5
      vertex 178.606 132.17 0.5
      vertex 178.684 132.32 0.5
    endloop
  endfacet
  facet normal 0 0 -1
    outer loop
      vertex 179.087 130.958 0.5
      vertex 178.512 132.035 0.5
      vertex 178.606 132.17 0.5
    endloop
  endfacet
  facet normal 0 0 -1
    outer loop
      vertex 178.127 131.719 0.5
      vertex 178.649 130.747 0.5
      vertex 178.489 130.696 0.5
    endloop
  endfacet
  facet normal 0 0 -1
    outer loop
      vertex 179.087 130.958 0.5
      vertex 178.4 131.914 0.5
      vertex 178.512 132.035 0.5
    endloop
  endfacet
  facet normal 0 0 -1
    outer loop
      vertex 178.127 131.719 0.5
      vertex 178.489 130.696 0.5
      vertex 178.315 130.652 0.5
    endloop
  endfacet
  facet normal 0 0 -1
    outer loop
      vertex 178.948 130.879 0.5
      vertex 178.271 131.809 0.5
      vertex 178.4 131.914 0.5
    endloop
  endfacet
  facet normal 0 0 -1
    outer loop
      vertex 178.649 130.747 0.5
      vertex 178.127 131.719 0.5
      vertex 178.271 131.809 0.5
    endloop
  endfacet
  facet normal 0 0 -1
    outer loop
      vertex 177.968 131.646 0.5
      vertex 178.315 130.652 0.5
      vertex 178.117 130.615 0.5
    endloop
  endfacet
  facet normal 0 0 -1
    outer loop
      vertex 178.315 130.652 0.5
      vertex 177.968 131.646 0.5
      vertex 178.127 131.719 0.5
    endloop
  endfacet
  facet normal 0 0 -1
    outer loop
      vertex 177.794 131.59 0.5
      vertex 178.117 130.615 0.5
      vertex 177.897 130.585 0.5
    endloop
  endfacet
  facet normal 0 0 -1
    outer loop
      vertex 178.117 130.615 0.5
      vertex 177.794 131.59 0.5
      vertex 177.968 131.646 0.5
    endloop
  endfacet
  facet normal 0 0 -1
    outer loop
      vertex 177.604 131.549 0.5
      vertex 177.897 130.585 0.5
      vertex 177.652 130.561 0.5
    endloop
  endfacet
  facet normal 0 0 -1
    outer loop
      vertex 177.897 130.585 0.5
      vertex 177.604 131.549 0.5
      vertex 177.794 131.59 0.5
    endloop
  endfacet
  facet normal 0 0 -1
    outer loop
      vertex 177.652 130.561 0.5
      vertex 177.398 131.525 0.5
      vertex 177.604 131.549 0.5
    endloop
  endfacet
  facet normal 0 0 -1
    outer loop
      vertex 177.385 130.545 0.5
      vertex 177.398 131.525 0.5
      vertex 177.652 130.561 0.5
    endloop
  endfacet
  facet normal 0 0 -1
    outer loop
      vertex 177.385 130.545 0.5
      vertex 177.177 131.517 0.5
      vertex 177.398 131.525 0.5
    endloop
  endfacet
  facet normal 0 0 -1
    outer loop
      vertex 177.094 130.535 0.5
      vertex 177.177 131.517 0.5
      vertex 177.385 130.545 0.5
    endloop
  endfacet
  facet normal 0 0 -1
    outer loop
      vertex 176.709 131.517 0.5
      vertex 177.094 130.535 0.5
      vertex 176.781 130.531 0.5
    endloop
  endfacet
  facet normal 0 0 -1
    outer loop
      vertex 177.094 130.535 0.5
      vertex 176.709 131.517 0.5
      vertex 177.177 131.517 0.5
    endloop
  endfacet
  facet normal -0 0 -1
    outer loop
      vertex 176.709 131.517 0.5
      vertex 175.404 130.531 0.5
      vertex 176.709 134.608 0.5
    endloop
  endfacet
  facet normal 0 0 -1
    outer loop
      vertex 175.404 130.531 0.5
      vertex 176.709 131.517 0.5
      vertex 176.781 130.531 0.5
    endloop
  endfacet
  facet normal 0 0 -1
    outer loop
      vertex 178.822 133.068 0.5
      vertex 180.168 133.068 0.5
      vertex 180.164 132.906 0.5
    endloop
  endfacet
  facet normal 0 0 -1
    outer loop
      vertex 178.813 132.859 0.5
      vertex 180.164 132.906 0.5
      vertex 180.154 132.75 0.5
    endloop
  endfacet
  facet normal 0 0 -1
    outer loop
      vertex 180.168 133.068 0.5
      vertex 178.822 133.068 0.5
      vertex 180.164 133.227 0.5
    endloop
  endfacet
  facet normal 0 0 -1
    outer loop
      vertex 178.813 132.859 0.5
      vertex 180.154 132.75 0.5
      vertex 180.136 132.599 0.5
    endloop
  endfacet
  facet normal 0 0 -1
    outer loop
      vertex 178.813 133.275 0.5
      vertex 180.164 133.227 0.5
      vertex 178.822 133.068 0.5
    endloop
  endfacet
  facet normal 0 0 -1
    outer loop
      vertex 178.813 132.859 0.5
      vertex 180.136 132.599 0.5
      vertex 180.111 132.453 0.5
    endloop
  endfacet
  facet normal 0 0 -1
    outer loop
      vertex 180.164 133.227 0.5
      vertex 178.813 133.275 0.5
      vertex 180.154 133.381 0.5
    endloop
  endfacet
  facet normal 0 0 -1
    outer loop
      vertex 178.813 132.859 0.5
      vertex 180.111 132.453 0.5
      vertex 180.08 132.312 0.5
    endloop
  endfacet
  facet normal -0 0 -1
    outer loop
      vertex 180.154 133.381 0.5
      vertex 178.813 133.275 0.5
      vertex 180.136 133.531 0.5
    endloop
  endfacet
  facet normal 0 0 -1
    outer loop
      vertex 178.813 132.859 0.5
      vertex 180.08 132.312 0.5
      vertex 180.041 132.176 0.5
    endloop
  endfacet
  facet normal 0 0 -1
    outer loop
      vertex 178.787 133.469 0.5
      vertex 180.136 133.531 0.5
      vertex 178.813 133.275 0.5
    endloop
  endfacet
  facet normal 0 0 -1
    outer loop
      vertex 178.813 132.859 0.5
      vertex 180.041 132.176 0.5
      vertex 179.995 132.045 0.5
    endloop
  endfacet
  facet normal -0 0 -1
    outer loop
      vertex 180.136 133.531 0.5
      vertex 178.787 133.469 0.5
      vertex 180.111 133.676 0.5
    endloop
  endfacet
  facet normal 0 0 -1
    outer loop
      vertex 178.813 132.859 0.5
      vertex 179.995 132.045 0.5
      vertex 179.942 131.919 0.5
    endloop
  endfacet
  facet normal -0 0 -1
    outer loop
      vertex 180.111 133.676 0.5
      vertex 178.787 133.469 0.5
      vertex 180.08 133.816 0.5
    endloop
  endfacet
  facet normal 0 0 -1
    outer loop
      vertex 178.813 132.859 0.5
      vertex 179.942 131.919 0.5
      vertex 179.881 131.797 0.5
    endloop
  endfacet
  facet normal -0 0 -1
    outer loop
      vertex 180.08 133.816 0.5
      vertex 178.787 133.469 0.5
      vertex 180.041 133.951 0.5
    endloop
  endfacet
  facet normal 0 0 -1
    outer loop
      vertex 178.813 132.859 0.5
      vertex 179.881 131.797 0.5
      vertex 179.813 131.68 0.5
    endloop
  endfacet
  facet normal 0 0 -1
    outer loop
      vertex 178.744 133.647 0.5
      vertex 180.041 133.951 0.5
      vertex 178.787 133.469 0.5
    endloop
  endfacet
  facet normal 0 0 -1
    outer loop
      vertex 178.813 132.859 0.5
      vertex 179.813 131.68 0.5
      vertex 179.737 131.567 0.5
    endloop
  endfacet
  facet normal -0 0 -1
    outer loop
      vertex 180.041 133.951 0.5
      vertex 178.744 133.647 0.5
      vertex 179.995 134.081 0.5
    endloop
  endfacet
  facet normal 0 0 -1
    outer loop
      vertex 178.813 132.859 0.5
      vertex 179.737 131.567 0.5
      vertex 179.654 131.458 0.5
    endloop
  endfacet
  facet normal -0 0 -1
    outer loop
      vertex 179.995 134.081 0.5
      vertex 178.744 133.647 0.5
      vertex 179.942 134.207 0.5
    endloop
  endfacet
  facet normal 0 0 -1
    outer loop
      vertex 178.813 132.859 0.5
      vertex 179.654 131.458 0.5
      vertex 179.564 131.354 0.5
    endloop
  endfacet
  facet normal 0 0 -1
    outer loop
      vertex 178.684 133.811 0.5
      vertex 179.942 134.207 0.5
      vertex 178.744 133.647 0.5
    endloop
  endfacet
  facet normal 0 0 -1
    outer loop
      vertex 178.813 132.859 0.5
      vertex 179.564 131.354 0.5
      vertex 179.466 131.254 0.5
    endloop
  endfacet
  facet normal -0 0 -1
    outer loop
      vertex 179.942 134.207 0.5
      vertex 178.684 133.811 0.5
      vertex 179.881 134.329 0.5
    endloop
  endfacet
  facet normal -0 0 -1
    outer loop
      vertex 179.881 134.329 0.5
      vertex 178.684 133.811 0.5
      vertex 179.813 134.446 0.5
    endloop
  endfacet
  facet normal 0 0 -1
    outer loop
      vertex 178.813 132.859 0.5
      vertex 179.466 131.254 0.5
      vertex 179.346 131.146 0.5
    endloop
  endfacet
  facet normal -0 0 -1
    outer loop
      vertex 179.813 134.446 0.5
      vertex 178.684 133.811 0.5
      vertex 179.737 134.559 0.5
    endloop
  endfacet
  facet normal 0 0 -1
    outer loop
      vertex 178.813 132.859 0.5
      vertex 179.346 131.146 0.5
      vertex 179.22 131.047 0.5
    endloop
  endfacet
  facet normal 0 0 -1
    outer loop
      vertex 178.607 133.96 0.5
      vertex 179.737 134.559 0.5
      vertex 178.684 133.811 0.5
    endloop
  endfacet
  facet normal 0 0 -1
    outer loop
      vertex 178.813 132.859 0.5
      vertex 179.22 131.047 0.5
      vertex 179.087 130.958 0.5
    endloop
  endfacet
  facet normal -0 0 -1
    outer loop
      vertex 179.737 134.559 0.5
      vertex 178.607 133.96 0.5
      vertex 179.654 134.667 0.5
    endloop
  endfacet
  facet normal 0 0 -1
    outer loop
      vertex 178.4 131.914 0.5
      vertex 179.087 130.958 0.5
      vertex 178.948 130.879 0.5
    endloop
  endfacet
  facet normal -0 0 -1
    outer loop
      vertex 179.654 134.667 0.5
      vertex 178.607 133.96 0.5
      vertex 179.564 134.771 0.5
    endloop
  endfacet
  facet normal -0 0 -1
    outer loop
      vertex 179.564 134.771 0.5
      vertex 178.607 133.96 0.5
      vertex 179.466 134.871 0.5
    endloop
  endfacet
  facet normal 0 0 -1
    outer loop
      vertex 178.513 134.095 0.5
      vertex 179.466 134.871 0.5
      vertex 178.607 133.96 0.5
    endloop
  endfacet
  facet normal -0 0 -1
    outer loop
      vertex 179.466 134.871 0.5
      vertex 178.513 134.095 0.5
      vertex 179.347 134.979 0.5
    endloop
  endfacet
  facet normal -0 0 -1
    outer loop
      vertex 179.347 134.979 0.5
      vertex 178.513 134.095 0.5
      vertex 179.222 135.077 0.5
    endloop
  endfacet
  facet normal 0 0 -1
    outer loop
      vertex 178.401 134.214 0.5
      vertex 179.222 135.077 0.5
      vertex 178.513 134.095 0.5
    endloop
  endfacet
  facet normal -0 0 -1
    outer loop
      vertex 179.222 135.077 0.5
      vertex 178.401 134.214 0.5
      vertex 179.09 135.167 0.5
    endloop
  endfacet
  facet normal -0 0 -1
    outer loop
      vertex 179.09 135.167 0.5
      vertex 178.401 134.214 0.5
      vertex 178.952 135.246 0.5
    endloop
  endfacet
  facet normal 0 0 -1
    outer loop
      vertex 178.273 134.319 0.5
      vertex 178.952 135.246 0.5
      vertex 178.401 134.214 0.5
    endloop
  endfacet
  facet normal -0 0 -1
    outer loop
      vertex 178.952 135.246 0.5
      vertex 178.273 134.319 0.5
      vertex 178.807 135.317 0.5
    endloop
  endfacet
  facet normal -0 0 -1
    outer loop
      vertex 178.807 135.317 0.5
      vertex 178.273 134.319 0.5
      vertex 178.656 135.378 0.5
    endloop
  endfacet
  facet normal 0 0 -1
    outer loop
      vertex 178.13 134.407 0.5
      vertex 178.656 135.378 0.5
      vertex 178.273 134.319 0.5
    endloop
  endfacet
  facet normal -0 0 -1
    outer loop
      vertex 178.656 135.378 0.5
      vertex 178.13 134.407 0.5
      vertex 178.498 135.429 0.5
    endloop
  endfacet
  facet normal -0 0 -1
    outer loop
      vertex 178.498 135.429 0.5
      vertex 178.13 134.407 0.5
      vertex 178.325 135.473 0.5
    endloop
  endfacet
  facet normal 0 0 -1
    outer loop
      vertex 177.971 134.48 0.5
      vertex 178.325 135.473 0.5
      vertex 178.13 134.407 0.5
    endloop
  endfacet
  facet normal -0 0 -1
    outer loop
      vertex 178.325 135.473 0.5
      vertex 177.971 134.48 0.5
      vertex 178.127 135.51 0.5
    endloop
  endfacet
  facet normal 0 0 -1
    outer loop
      vertex 177.796 134.536 0.5
      vertex 178.127 135.51 0.5
      vertex 177.971 134.48 0.5
    endloop
  endfacet
  facet normal -0 0 -1
    outer loop
      vertex 178.127 135.51 0.5
      vertex 177.796 134.536 0.5
      vertex 177.906 135.54 0.5
    endloop
  endfacet
  facet normal 0 0 -1
    outer loop
      vertex 177.605 134.576 0.5
      vertex 177.906 135.54 0.5
      vertex 177.796 134.536 0.5
    endloop
  endfacet
  facet normal -0 0 -1
    outer loop
      vertex 177.906 135.54 0.5
      vertex 177.605 134.576 0.5
      vertex 177.661 135.563 0.5
    endloop
  endfacet
  facet normal 0 0 -1
    outer loop
      vertex 177.399 134.6 0.5
      vertex 177.661 135.563 0.5
      vertex 177.605 134.576 0.5
    endloop
  endfacet
  facet normal 0 0 -1
    outer loop
      vertex 177.399 134.6 0.5
      vertex 177.391 135.58 0.5
      vertex 177.661 135.563 0.5
    endloop
  endfacet
  facet normal 0 0 -1
    outer loop
      vertex 177.177 134.608 0.5
      vertex 177.391 135.58 0.5
      vertex 177.399 134.6 0.5
    endloop
  endfacet
  facet normal 0 0 -1
    outer loop
      vertex 177.177 134.608 0.5
      vertex 177.098 135.59 0.5
      vertex 177.391 135.58 0.5
    endloop
  endfacet
  facet normal 0 0 -1
    outer loop
      vertex 176.709 134.608 0.5
      vertex 177.098 135.59 0.5
      vertex 177.177 134.608 0.5
    endloop
  endfacet
  facet normal -0 0 -1
    outer loop
      vertex 177.098 135.59 0.5
      vertex 176.709 134.608 0.5
      vertex 176.781 135.594 0.5
    endloop
  endfacet
  facet normal 0 0 -1
    outer loop
      vertex 175.404 135.594 0.5
      vertex 176.709 134.608 0.5
      vertex 175.404 130.531 0.5
    endloop
  endfacet
  facet normal 0 0 -1
    outer loop
      vertex 176.709 134.608 0.5
      vertex 175.404 135.594 0.5
      vertex 176.781 135.594 0.5
    endloop
  endfacet
  facet normal 0 0 -1
    outer loop
      vertex 181.033 130.531 0.5
      vertex 182.339 135.594 0.5
      vertex 182.339 130.531 0.5
    endloop
  endfacet
  facet normal -0 0 -1
    outer loop
      vertex 182.339 135.594 0.5
      vertex 181.033 130.531 0.5
      vertex 181.033 135.594 0.5
    endloop
  endfacet
  facet normal 0 0 -1
    outer loop
      vertex 185.608 131.857 0.5
      vertex 188.259 135.594 0.5
      vertex 186.384 130.531 0.5
    endloop
  endfacet
  facet normal -0 0 -1
    outer loop
      vertex 188.259 135.594 0.5
      vertex 185.608 131.857 0.5
      vertex 186.947 135.594 0.5
    endloop
  endfacet
  facet normal 0 0 -1
    outer loop
      vertex 184.828 130.531 0.5
      vertex 185.608 131.857 0.5
      vertex 186.384 130.531 0.5
    endloop
  endfacet
  facet normal 0 0 -1
    outer loop
      vertex 182.953 135.594 0.5
      vertex 185.608 131.857 0.5
      vertex 184.828 130.531 0.5
    endloop
  endfacet
  facet normal 0 0 -1
    outer loop
      vertex 185.608 131.857 0.5
      vertex 182.953 135.594 0.5
      vertex 184.265 135.594 0.5
    endloop
  endfacet
  facet normal 0 0 -1
    outer loop
      vertex 168.3 130.989 0.5
      vertex 168.991 131.587 0.5
      vertex 168.991 130.739 0.5
    endloop
  endfacet
  facet normal -0 0 -1
    outer loop
      vertex 168.991 131.587 0.5
      vertex 168.3 130.989 0.5
      vertex 168.3 131.823 0.5
    endloop
  endfacet
  facet normal 0 0 -1
    outer loop
      vertex 168.3 134.429 0.5
      vertex 168.991 133.831 0.5
      vertex 168.3 133.593 0.5
    endloop
  endfacet
  facet normal 0 0 -1
    outer loop
      vertex 168.991 133.831 0.5
      vertex 168.3 134.429 0.5
      vertex 168.991 134.678 0.5
    endloop
  endfacet
  facet normal 0 0 -1
    outer loop
      vertex 169.967 132.038 0.5
      vertex 172.097 133.024 0.5
      vertex 172.097 132.038 0.5
    endloop
  endfacet
  facet normal -0 0 -1
    outer loop
      vertex 172.097 133.024 0.5
      vertex 169.967 132.038 0.5
      vertex 169.967 133.024 0.5
    endloop
  endfacet
  facet normal 0 0 -1
    outer loop
      vertex 194.55 108.944 0.5
      vertex 195.43 109.004 0.5
      vertex 195.423 108.846 0.5
    endloop
  endfacet
  facet normal 0 0 -1
    outer loop
      vertex 195.43 109.004 0.5
      vertex 194.547 109.029 0.5
      vertex 195.423 109.147 0.5
    endloop
  endfacet
  facet normal 0 0 -1
    outer loop
      vertex 194.547 108.858 0.5
      vertex 195.423 108.846 0.5
      vertex 195.4 108.697 0.5
    endloop
  endfacet
  facet normal -0 0 -1
    outer loop
      vertex 195.43 109.004 0.5
      vertex 194.55 108.944 0.5
      vertex 194.547 109.029 0.5
    endloop
  endfacet
  facet normal 0 0 -1
    outer loop
      vertex 194.54 108.779 0.5
      vertex 195.4 108.697 0.5
      vertex 195.362 108.557 0.5
    endloop
  endfacet
  facet normal 0 0 -1
    outer loop
      vertex 194.54 109.109 0.5
      vertex 195.423 109.147 0.5
      vertex 194.547 109.029 0.5
    endloop
  endfacet
  facet normal 0 0 -1
    outer loop
      vertex 194.528 108.706 0.5
      vertex 195.362 108.557 0.5
      vertex 195.309 108.427 0.5
    endloop
  endfacet
  facet normal -0 0 -1
    outer loop
      vertex 195.423 109.147 0.5
      vertex 194.54 109.109 0.5
      vertex 195.403 109.282 0.5
    endloop
  endfacet
  facet normal 0 0 -1
    outer loop
      vertex 194.528 108.706 0.5
      vertex 195.309 108.427 0.5
      vertex 195.24 108.306 0.5
    endloop
  endfacet
  facet normal 0 0 -1
    outer loop
      vertex 194.528 109.182 0.5
      vertex 195.403 109.282 0.5
      vertex 194.54 109.109 0.5
    endloop
  endfacet
  facet normal 0 0 -1
    outer loop
      vertex 194.511 108.639 0.5
      vertex 195.24 108.306 0.5
      vertex 195.156 108.194 0.5
    endloop
  endfacet
  facet normal -0 0 -1
    outer loop
      vertex 195.403 109.282 0.5
      vertex 194.528 109.182 0.5
      vertex 195.369 109.409 0.5
    endloop
  endfacet
  facet normal 0 0 -1
    outer loop
      vertex 194.489 108.579 0.5
      vertex 195.156 108.194 0.5
      vertex 195.058 108.092 0.5
    endloop
  endfacet
  facet normal -0 0 -1
    outer loop
      vertex 195.369 109.409 0.5
      vertex 194.528 109.182 0.5
      vertex 195.321 109.528 0.5
    endloop
  endfacet
  facet normal 0 0 -1
    outer loop
      vertex 194.462 108.525 0.5
      vertex 195.058 108.092 0.5
      vertex 194.946 108.001 0.5
    endloop
  endfacet
  facet normal 0 0 -1
    outer loop
      vertex 194.511 109.248 0.5
      vertex 195.321 109.528 0.5
      vertex 194.528 109.182 0.5
    endloop
  endfacet
  facet normal 0 0 -1
    outer loop
      vertex 194.43 108.478 0.5
      vertex 194.946 108.001 0.5
      vertex 194.824 107.924 0.5
    endloop
  endfacet
  facet normal -0 0 -1
    outer loop
      vertex 195.321 109.528 0.5
      vertex 194.511 109.248 0.5
      vertex 195.26 109.639 0.5
    endloop
  endfacet
  facet normal 0 0 -1
    outer loop
      vertex 194.393 108.436 0.5
      vertex 194.824 107.924 0.5
      vertex 194.692 107.861 0.5
    endloop
  endfacet
  facet normal 0 0 -1
    outer loop
      vertex 194.489 109.308 0.5
      vertex 195.26 109.639 0.5
      vertex 194.511 109.248 0.5
    endloop
  endfacet
  facet normal -0 0 -1
    outer loop
      vertex 195.26 109.639 0.5
      vertex 194.489 109.308 0.5
      vertex 195.185 109.742 0.5
    endloop
  endfacet
  facet normal 0 0 -1
    outer loop
      vertex 194.351 108.401 0.5
      vertex 194.692 107.861 0.5
      vertex 194.549 107.812 0.5
    endloop
  endfacet
  facet normal 0 0 -1
    outer loop
      vertex 195.423 108.846 0.5
      vertex 194.547 108.858 0.5
      vertex 194.55 108.944 0.5
    endloop
  endfacet
  facet normal 0 0 -1
    outer loop
      vertex 195.4 108.697 0.5
      vertex 194.54 108.779 0.5
      vertex 194.547 108.858 0.5
    endloop
  endfacet
  facet normal 0 0 -1
    outer loop
      vertex 195.362 108.557 0.5
      vertex 194.528 108.706 0.5
      vertex 194.54 108.779 0.5
    endloop
  endfacet
  facet normal 0 0 -1
    outer loop
      vertex 195.24 108.306 0.5
      vertex 194.511 108.639 0.5
      vertex 194.528 108.706 0.5
    endloop
  endfacet
  facet normal 0 0 -1
    outer loop
      vertex 195.156 108.194 0.5
      vertex 194.489 108.579 0.5
      vertex 194.511 108.639 0.5
    endloop
  endfacet
  facet normal 0 0 -1
    outer loop
      vertex 195.058 108.092 0.5
      vertex 194.462 108.525 0.5
      vertex 194.489 108.579 0.5
    endloop
  endfacet
  facet normal 0 0 -1
    outer loop
      vertex 194.946 108.001 0.5
      vertex 194.43 108.478 0.5
      vertex 194.462 108.525 0.5
    endloop
  endfacet
  facet normal 0 0 -1
    outer loop
      vertex 194.305 108.373 0.5
      vertex 194.549 107.812 0.5
      vertex 194.396 107.777 0.5
    endloop
  endfacet
  facet normal 0 0 -1
    outer loop
      vertex 194.824 107.924 0.5
      vertex 194.393 108.436 0.5
      vertex 194.43 108.478 0.5
    endloop
  endfacet
  facet normal 0 0 -1
    outer loop
      vertex 194.692 107.861 0.5
      vertex 194.351 108.401 0.5
      vertex 194.393 108.436 0.5
    endloop
  endfacet
  facet normal 0 0 -1
    outer loop
      vertex 194.549 107.812 0.5
      vertex 194.305 108.373 0.5
      vertex 194.351 108.401 0.5
    endloop
  endfacet
  facet normal 0 0 -1
    outer loop
      vertex 194.396 107.777 0.5
      vertex 194.253 108.351 0.5
      vertex 194.305 108.373 0.5
    endloop
  endfacet
  facet normal 0 0 -1
    outer loop
      vertex 194.196 108.335 0.5
      vertex 194.396 107.777 0.5
      vertex 194.232 107.756 0.5
    endloop
  endfacet
  facet normal 0 0 -1
    outer loop
      vertex 194.396 107.777 0.5
      vertex 194.196 108.335 0.5
      vertex 194.253 108.351 0.5
    endloop
  endfacet
  facet normal 0 0 -1
    outer loop
      vertex 194.232 107.756 0.5
      vertex 194.135 108.325 0.5
      vertex 194.196 108.335 0.5
    endloop
  endfacet
  facet normal 0 0 -1
    outer loop
      vertex 194.058 107.749 0.5
      vertex 194.135 108.325 0.5
      vertex 194.232 107.756 0.5
    endloop
  endfacet
  facet normal 0 0 -1
    outer loop
      vertex 194.135 108.325 0.5
      vertex 194.058 107.749 0.5
      vertex 194.068 108.322 0.5
    endloop
  endfacet
  facet normal 0 0 -1
    outer loop
      vertex 194.058 107.749 0.5
      vertex 194.002 108.325 0.5
      vertex 194.068 108.322 0.5
    endloop
  endfacet
  facet normal 0 0 -1
    outer loop
      vertex 193.867 107.758 0.5
      vertex 194.002 108.325 0.5
      vertex 194.058 107.749 0.5
    endloop
  endfacet
  facet normal -0 0 -1
    outer loop
      vertex 194.002 108.325 0.5
      vertex 193.867 107.758 0.5
      vertex 193.941 108.335 0.5
    endloop
  endfacet
  facet normal -0 0 -1
    outer loop
      vertex 193.941 108.335 0.5
      vertex 193.867 107.758 0.5
      vertex 193.884 108.351 0.5
    endloop
  endfacet
  facet normal 0 0 -1
    outer loop
      vertex 193.689 107.787 0.5
      vertex 193.884 108.351 0.5
      vertex 193.867 107.758 0.5
    endloop
  endfacet
  facet normal -0 0 -1
    outer loop
      vertex 193.884 108.351 0.5
      vertex 193.689 107.787 0.5
      vertex 193.833 108.373 0.5
    endloop
  endfacet
  facet normal 0 0 -1
    outer loop
      vertex 193.524 107.834 0.5
      vertex 193.833 108.373 0.5
      vertex 193.689 107.787 0.5
    endloop
  endfacet
  facet normal -0 0 -1
    outer loop
      vertex 193.833 108.373 0.5
      vertex 193.524 107.834 0.5
      vertex 193.787 108.401 0.5
    endloop
  endfacet
  facet normal 0 0 -1
    outer loop
      vertex 193.371 107.901 0.5
      vertex 193.787 108.401 0.5
      vertex 193.524 107.834 0.5
    endloop
  endfacet
  facet normal -0 0 -1
    outer loop
      vertex 193.787 108.401 0.5
      vertex 193.371 107.901 0.5
      vertex 193.745 108.436 0.5
    endloop
  endfacet
  facet normal 0 0 -1
    outer loop
      vertex 193.231 107.987 0.5
      vertex 193.745 108.436 0.5
      vertex 193.371 107.901 0.5
    endloop
  endfacet
  facet normal -0 0 -1
    outer loop
      vertex 193.745 108.436 0.5
      vertex 193.231 107.987 0.5
      vertex 193.708 108.478 0.5
    endloop
  endfacet
  facet normal -0 0 -1
    outer loop
      vertex 193.708 108.478 0.5
      vertex 193.231 107.987 0.5
      vertex 193.676 108.525 0.5
    endloop
  endfacet
  facet normal 0 0 -1
    outer loop
      vertex 193.104 108.091 0.5
      vertex 193.676 108.525 0.5
      vertex 193.231 107.987 0.5
    endloop
  endfacet
  facet normal -0 0 -1
    outer loop
      vertex 193.676 108.525 0.5
      vertex 193.104 108.091 0.5
      vertex 193.65 108.579 0.5
    endloop
  endfacet
  facet normal 0 0 -1
    outer loop
      vertex 193.833 109.515 0.5
      vertex 193.527 109.954 0.5
      vertex 193.573 109.983 0.5
    endloop
  endfacet
  facet normal 0 0 -1
    outer loop
      vertex 192.734 108.686 0.5
      vertex 193.588 108.944 0.5
      vertex 193.591 108.858 0.5
    endloop
  endfacet
  facet normal 0 0 -1
    outer loop
      vertex 192.989 108.215 0.5
      vertex 193.65 108.579 0.5
      vertex 193.104 108.091 0.5
    endloop
  endfacet
  facet normal -0 0 -1
    outer loop
      vertex 193.65 108.579 0.5
      vertex 192.989 108.215 0.5
      vertex 193.628 108.639 0.5
    endloop
  endfacet
  facet normal 0 0 -1
    outer loop
      vertex 193.591 109.029 0.5
      vertex 193.482 109.922 0.5
      vertex 193.527 109.954 0.5
    endloop
  endfacet
  facet normal 0 0 -1
    outer loop
      vertex 192.889 108.356 0.5
      vertex 193.628 108.639 0.5
      vertex 192.989 108.215 0.5
    endloop
  endfacet
  facet normal -0 0 -1
    outer loop
      vertex 195.185 109.742 0.5
      vertex 194.489 109.308 0.5
      vertex 195.097 109.837 0.5
    endloop
  endfacet
  facet normal 0 0 -1
    outer loop
      vertex 194.462 109.362 0.5
      vertex 195.097 109.837 0.5
      vertex 194.489 109.308 0.5
    endloop
  endfacet
  facet normal -0 0 -1
    outer loop
      vertex 195.097 109.837 0.5
      vertex 194.462 109.362 0.5
      vertex 194.997 109.921 0.5
    endloop
  endfacet
  facet normal 0 0 -1
    outer loop
      vertex 194.43 109.41 0.5
      vertex 194.997 109.921 0.5
      vertex 194.462 109.362 0.5
    endloop
  endfacet
  facet normal -0 0 -1
    outer loop
      vertex 194.997 109.921 0.5
      vertex 194.43 109.41 0.5
      vertex 194.889 109.992 0.5
    endloop
  endfacet
  facet normal 0 0 -1
    outer loop
      vertex 194.393 109.451 0.5
      vertex 194.889 109.992 0.5
      vertex 194.43 109.41 0.5
    endloop
  endfacet
  facet normal -0 0 -1
    outer loop
      vertex 194.889 109.992 0.5
      vertex 194.393 109.451 0.5
      vertex 194.772 110.051 0.5
    endloop
  endfacet
  facet normal 0 0 -1
    outer loop
      vertex 194.351 109.486 0.5
      vertex 194.772 110.051 0.5
      vertex 194.393 109.451 0.5
    endloop
  endfacet
  facet normal -0 0 -1
    outer loop
      vertex 194.772 110.051 0.5
      vertex 194.351 109.486 0.5
      vertex 194.647 110.096 0.5
    endloop
  endfacet
  facet normal -0 0 -1
    outer loop
      vertex 194.647 110.096 0.5
      vertex 194.351 109.486 0.5
      vertex 194.513 110.129 0.5
    endloop
  endfacet
  facet normal 0 0 -1
    outer loop
      vertex 194.305 109.515 0.5
      vertex 194.513 110.129 0.5
      vertex 194.351 109.486 0.5
    endloop
  endfacet
  facet normal 0 0 -1
    outer loop
      vertex 194.253 109.537 0.5
      vertex 194.513 110.129 0.5
      vertex 194.305 109.515 0.5
    endloop
  endfacet
  facet normal -0 0 -1
    outer loop
      vertex 194.513 110.129 0.5
      vertex 194.253 109.537 0.5
      vertex 194.371 110.148 0.5
    endloop
  endfacet
  facet normal 0 0 -1
    outer loop
      vertex 194.196 109.553 0.5
      vertex 194.371 110.148 0.5
      vertex 194.253 109.537 0.5
    endloop
  endfacet
  facet normal -0 0 -1
    outer loop
      vertex 194.371 110.148 0.5
      vertex 194.196 109.553 0.5
      vertex 194.22 110.154 0.5
    endloop
  endfacet
  facet normal 0 0 -1
    outer loop
      vertex 194.135 109.562 0.5
      vertex 194.22 110.154 0.5
      vertex 194.196 109.553 0.5
    endloop
  endfacet
  facet normal 0 0 -1
    outer loop
      vertex 194.22 110.154 0.5
      vertex 194.135 109.562 0.5
      vertex 194.159 110.153 0.5
    endloop
  endfacet
  facet normal 0 0 -1
    outer loop
      vertex 194.135 109.562 0.5
      vertex 194.099 110.15 0.5
      vertex 194.159 110.153 0.5
    endloop
  endfacet
  facet normal 0 0 -1
    outer loop
      vertex 194.068 109.565 0.5
      vertex 194.099 110.15 0.5
      vertex 194.135 109.562 0.5
    endloop
  endfacet
  facet normal 0 0 -1
    outer loop
      vertex 194.068 109.565 0.5
      vertex 194.041 110.144 0.5
      vertex 194.099 110.15 0.5
    endloop
  endfacet
  facet normal 0 0 -1
    outer loop
      vertex 193.984 110.135 0.5
      vertex 194.068 109.565 0.5
      vertex 194.002 109.562 0.5
    endloop
  endfacet
  facet normal 0 0 -1
    outer loop
      vertex 194.068 109.565 0.5
      vertex 193.984 110.135 0.5
      vertex 194.041 110.144 0.5
    endloop
  endfacet
  facet normal 0 0 -1
    outer loop
      vertex 193.874 110.112 0.5
      vertex 194.002 109.562 0.5
      vertex 193.941 109.553 0.5
    endloop
  endfacet
  facet normal 0 0 -1
    outer loop
      vertex 194.002 109.562 0.5
      vertex 193.928 110.125 0.5
      vertex 193.984 110.135 0.5
    endloop
  endfacet
  facet normal 0 0 -1
    outer loop
      vertex 193.719 110.058 0.5
      vertex 193.941 109.553 0.5
      vertex 193.884 109.537 0.5
    endloop
  endfacet
  facet normal 0 0 -1
    outer loop
      vertex 194.002 109.562 0.5
      vertex 193.874 110.112 0.5
      vertex 193.928 110.125 0.5
    endloop
  endfacet
  facet normal 0 0 -1
    outer loop
      vertex 193.621 110.011 0.5
      vertex 193.884 109.537 0.5
      vertex 193.833 109.515 0.5
    endloop
  endfacet
  facet normal 0 0 -1
    outer loop
      vertex 193.941 109.553 0.5
      vertex 193.821 110.096 0.5
      vertex 193.874 110.112 0.5
    endloop
  endfacet
  facet normal 0 0 -1
    outer loop
      vertex 193.527 109.954 0.5
      vertex 193.833 109.515 0.5
      vertex 193.787 109.486 0.5
    endloop
  endfacet
  facet normal 0 0 -1
    outer loop
      vertex 193.941 109.553 0.5
      vertex 193.769 110.078 0.5
      vertex 193.821 110.096 0.5
    endloop
  endfacet
  facet normal 0 0 -1
    outer loop
      vertex 193.527 109.954 0.5
      vertex 193.787 109.486 0.5
      vertex 193.745 109.451 0.5
    endloop
  endfacet
  facet normal 0 0 -1
    outer loop
      vertex 193.941 109.553 0.5
      vertex 193.719 110.058 0.5
      vertex 193.769 110.078 0.5
    endloop
  endfacet
  facet normal 0 0 -1
    outer loop
      vertex 193.527 109.954 0.5
      vertex 193.745 109.451 0.5
      vertex 193.708 109.41 0.5
    endloop
  endfacet
  facet normal 0 0 -1
    outer loop
      vertex 193.527 109.954 0.5
      vertex 193.708 109.41 0.5
      vertex 193.676 109.362 0.5
    endloop
  endfacet
  facet normal 0 0 -1
    outer loop
      vertex 193.884 109.537 0.5
      vertex 193.669 110.036 0.5
      vertex 193.719 110.058 0.5
    endloop
  endfacet
  facet normal 0 0 -1
    outer loop
      vertex 193.527 109.954 0.5
      vertex 193.676 109.362 0.5
      vertex 193.65 109.308 0.5
    endloop
  endfacet
  facet normal 0 0 -1
    outer loop
      vertex 193.527 109.954 0.5
      vertex 193.65 109.308 0.5
      vertex 193.628 109.248 0.5
    endloop
  endfacet
  facet normal 0 0 -1
    outer loop
      vertex 193.884 109.537 0.5
      vertex 193.621 110.011 0.5
      vertex 193.669 110.036 0.5
    endloop
  endfacet
  facet normal 0 0 -1
    outer loop
      vertex 193.527 109.954 0.5
      vertex 193.628 109.248 0.5
      vertex 193.61 109.182 0.5
    endloop
  endfacet
  facet normal 0 0 -1
    outer loop
      vertex 193.527 109.954 0.5
      vertex 193.61 109.182 0.5
      vertex 193.598 109.109 0.5
    endloop
  endfacet
  facet normal 0 0 -1
    outer loop
      vertex 193.527 109.954 0.5
      vertex 193.598 109.109 0.5
      vertex 193.591 109.029 0.5
    endloop
  endfacet
  facet normal 0 0 -1
    outer loop
      vertex 193.833 109.515 0.5
      vertex 193.573 109.983 0.5
      vertex 193.621 110.011 0.5
    endloop
  endfacet
  facet normal 0 0 -1
    outer loop
      vertex 192.68 108.876 0.5
      vertex 193.591 109.029 0.5
      vertex 193.588 108.944 0.5
    endloop
  endfacet
  facet normal 0 0 -1
    outer loop
      vertex 195.134 110.643 0.5
      vertex 195.198 111.268 0.5
      vertex 195.198 110.614 0.5
    endloop
  endfacet
  facet normal 0 0 -1
    outer loop
      vertex 195.071 110.67 0.5
      vertex 195.198 111.268 0.5
      vertex 195.134 110.643 0.5
    endloop
  endfacet
  facet normal 0 0 -1
    outer loop
      vertex 195.009 110.695 0.5
      vertex 195.198 111.268 0.5
      vertex 195.071 110.67 0.5
    endloop
  endfacet
  facet normal 0 0 -1
    outer loop
      vertex 194.948 110.717 0.5
      vertex 195.198 111.268 0.5
      vertex 195.009 110.695 0.5
    endloop
  endfacet
  facet normal -0 0 -1
    outer loop
      vertex 195.198 111.268 0.5
      vertex 194.948 110.717 0.5
      vertex 195.133 111.289 0.5
    endloop
  endfacet
  facet normal -0 0 -1
    outer loop
      vertex 195.133 111.289 0.5
      vertex 194.948 110.717 0.5
      vertex 195.068 111.308 0.5
    endloop
  endfacet
  facet normal 0 0 -1
    outer loop
      vertex 194.889 110.737 0.5
      vertex 195.068 111.308 0.5
      vertex 194.948 110.717 0.5
    endloop
  endfacet
  facet normal -0 0 -1
    outer loop
      vertex 195.068 111.308 0.5
      vertex 194.889 110.737 0.5
      vertex 195.004 111.326 0.5
    endloop
  endfacet
  facet normal 0 0 -1
    outer loop
      vertex 194.83 110.755 0.5
      vertex 195.004 111.326 0.5
      vertex 194.889 110.737 0.5
    endloop
  endfacet
  facet normal -0 0 -1
    outer loop
      vertex 195.004 111.326 0.5
      vertex 194.83 110.755 0.5
      vertex 194.938 111.342 0.5
    endloop
  endfacet
  facet normal 0 0 -1
    outer loop
      vertex 194.773 110.771 0.5
      vertex 194.938 111.342 0.5
      vertex 194.83 110.755 0.5
    endloop
  endfacet
  facet normal -0 0 -1
    outer loop
      vertex 194.938 111.342 0.5
      vertex 194.773 110.771 0.5
      vertex 194.873 111.357 0.5
    endloop
  endfacet
  facet normal 0 0 -1
    outer loop
      vertex 194.716 110.785 0.5
      vertex 194.873 111.357 0.5
      vertex 194.773 110.771 0.5
    endloop
  endfacet
  facet normal -0 0 -1
    outer loop
      vertex 194.873 111.357 0.5
      vertex 194.716 110.785 0.5
      vertex 194.808 111.37 0.5
    endloop
  endfacet
  facet normal 0 0 -1
    outer loop
      vertex 194.66 110.796 0.5
      vertex 194.808 111.37 0.5
      vertex 194.716 110.785 0.5
    endloop
  endfacet
  facet normal -0 0 -1
    outer loop
      vertex 194.808 111.37 0.5
      vertex 194.66 110.796 0.5
      vertex 194.742 111.382 0.5
    endloop
  endfacet
  facet normal 0 0 -1
    outer loop
      vertex 194.604 110.805 0.5
      vertex 194.742 111.382 0.5
      vertex 194.66 110.796 0.5
    endloop
  endfacet
  facet normal -0 0 -1
    outer loop
      vertex 194.742 111.382 0.5
      vertex 194.604 110.805 0.5
      vertex 194.676 111.392 0.5
    endloop
  endfacet
  facet normal 0 0 -1
    outer loop
      vertex 194.548 110.813 0.5
      vertex 194.676 111.392 0.5
      vertex 194.604 110.805 0.5
    endloop
  endfacet
  facet normal -0 0 -1
    outer loop
      vertex 194.676 111.392 0.5
      vertex 194.548 110.813 0.5
      vertex 194.609 111.401 0.5
    endloop
  endfacet
  facet normal 0 0 -1
    outer loop
      vertex 194.493 110.818 0.5
      vertex 194.609 111.401 0.5
      vertex 194.548 110.813 0.5
    endloop
  endfacet
  facet normal -0 0 -1
    outer loop
      vertex 194.609 111.401 0.5
      vertex 194.493 110.818 0.5
      vertex 194.542 111.408 0.5
    endloop
  endfacet
  facet normal 0 0 -1
    outer loop
      vertex 194.493 110.818 0.5
      vertex 194.474 111.413 0.5
      vertex 194.542 111.408 0.5
    endloop
  endfacet
  facet normal 0 0 -1
    outer loop
      vertex 194.438 110.821 0.5
      vertex 194.474 111.413 0.5
      vertex 194.493 110.818 0.5
    endloop
  endfacet
  facet normal 0 0 -1
    outer loop
      vertex 194.438 110.821 0.5
      vertex 194.406 111.417 0.5
      vertex 194.474 111.413 0.5
    endloop
  endfacet
  facet normal 0 0 -1
    outer loop
      vertex 194.384 110.822 0.5
      vertex 194.406 111.417 0.5
      vertex 194.438 110.821 0.5
    endloop
  endfacet
  facet normal 0 0 -1
    outer loop
      vertex 194.384 110.822 0.5
      vertex 194.337 111.419 0.5
      vertex 194.406 111.417 0.5
    endloop
  endfacet
  facet normal 0 0 -1
    outer loop
      vertex 194.271 110.817 0.5
      vertex 194.337 111.419 0.5
      vertex 194.384 110.822 0.5
    endloop
  endfacet
  facet normal 0 0 -1
    outer loop
      vertex 194.271 110.817 0.5
      vertex 194.267 111.42 0.5
      vertex 194.337 111.419 0.5
    endloop
  endfacet
  facet normal 0 0 -1
    outer loop
      vertex 194.165 110.803 0.5
      vertex 194.267 111.42 0.5
      vertex 194.271 110.817 0.5
    endloop
  endfacet
  facet normal 0 0 -1
    outer loop
      vertex 194.054 111.41 0.5
      vertex 194.165 110.803 0.5
      vertex 194.067 110.78 0.5
    endloop
  endfacet
  facet normal 0 0 -1
    outer loop
      vertex 194.165 110.803 0.5
      vertex 194.054 111.41 0.5
      vertex 194.267 111.42 0.5
    endloop
  endfacet
  facet normal 0 0 -1
    outer loop
      vertex 193.853 111.379 0.5
      vertex 194.067 110.78 0.5
      vertex 193.976 110.748 0.5
    endloop
  endfacet
  facet normal 0 0 -1
    outer loop
      vertex 193.666 111.328 0.5
      vertex 193.976 110.748 0.5
      vertex 193.892 110.706 0.5
    endloop
  endfacet
  facet normal 0 0 -1
    outer loop
      vertex 194.067 110.78 0.5
      vertex 193.853 111.379 0.5
      vertex 194.054 111.41 0.5
    endloop
  endfacet
  facet normal 0 0 -1
    outer loop
      vertex 193.493 111.256 0.5
      vertex 193.892 110.706 0.5
      vertex 193.816 110.655 0.5
    endloop
  endfacet
  facet normal 0 0 -1
    outer loop
      vertex 193.333 111.164 0.5
      vertex 193.816 110.655 0.5
      vertex 193.747 110.595 0.5
    endloop
  endfacet
  facet normal 0 0 -1
    outer loop
      vertex 193.186 111.051 0.5
      vertex 193.747 110.595 0.5
      vertex 193.686 110.526 0.5
    endloop
  endfacet
  facet normal 0 0 -1
    outer loop
      vertex 193.976 110.748 0.5
      vertex 193.666 111.328 0.5
      vertex 193.853 111.379 0.5
    endloop
  endfacet
  facet normal 0 0 -1
    outer loop
      vertex 193.053 110.918 0.5
      vertex 193.686 110.526 0.5
      vertex 193.633 110.448 0.5
    endloop
  endfacet
  facet normal 0 0 -1
    outer loop
      vertex 192.936 110.767 0.5
      vertex 193.633 110.448 0.5
      vertex 193.587 110.36 0.5
    endloop
  endfacet
  facet normal 0 0 -1
    outer loop
      vertex 192.836 110.601 0.5
      vertex 193.587 110.36 0.5
      vertex 193.549 110.264 0.5
    endloop
  endfacet
  facet normal 0 0 -1
    outer loop
      vertex 192.755 110.419 0.5
      vertex 193.549 110.264 0.5
      vertex 193.519 110.159 0.5
    endloop
  endfacet
  facet normal 0 0 -1
    outer loop
      vertex 192.692 110.222 0.5
      vertex 193.519 110.159 0.5
      vertex 193.496 110.045 0.5
    endloop
  endfacet
  facet normal 0 0 -1
    outer loop
      vertex 193.892 110.706 0.5
      vertex 193.493 111.256 0.5
      vertex 193.666 111.328 0.5
    endloop
  endfacet
  facet normal 0 0 -1
    outer loop
      vertex 192.692 110.222 0.5
      vertex 193.496 110.045 0.5
      vertex 193.482 109.922 0.5
    endloop
  endfacet
  facet normal -0 0 -1
    outer loop
      vertex 193.628 108.639 0.5
      vertex 192.889 108.356 0.5
      vertex 193.61 108.706 0.5
    endloop
  endfacet
  facet normal 0 -0 -1
    outer loop
      vertex 192.62 109.781 0.5
      vertex 193.482 109.922 0.5
      vertex 192.611 109.538 0.5
    endloop
  endfacet
  facet normal 0 0 -1
    outer loop
      vertex 192.804 108.513 0.5
      vertex 193.61 108.706 0.5
      vertex 192.889 108.356 0.5
    endloop
  endfacet
  facet normal 0 -0 -1
    outer loop
      vertex 192.647 110.009 0.5
      vertex 193.482 109.922 0.5
      vertex 192.62 109.781 0.5
    endloop
  endfacet
  facet normal -0 0 -1
    outer loop
      vertex 193.61 108.706 0.5
      vertex 192.804 108.513 0.5
      vertex 193.598 108.779 0.5
    endloop
  endfacet
  facet normal 0 -0 -1
    outer loop
      vertex 192.692 110.222 0.5
      vertex 193.482 109.922 0.5
      vertex 192.647 110.009 0.5
    endloop
  endfacet
  facet normal 0 0 -1
    outer loop
      vertex 192.734 108.686 0.5
      vertex 193.598 108.779 0.5
      vertex 192.804 108.513 0.5
    endloop
  endfacet
  facet normal 0 0 -1
    outer loop
      vertex 193.519 110.159 0.5
      vertex 192.692 110.222 0.5
      vertex 192.755 110.419 0.5
    endloop
  endfacet
  facet normal -0 0 -1
    outer loop
      vertex 193.598 108.779 0.5
      vertex 192.734 108.686 0.5
      vertex 193.591 108.858 0.5
    endloop
  endfacet
  facet normal 0 0 -1
    outer loop
      vertex 193.549 110.264 0.5
      vertex 192.755 110.419 0.5
      vertex 192.836 110.601 0.5
    endloop
  endfacet
  facet normal 0 0 -1
    outer loop
      vertex 193.588 108.944 0.5
      vertex 192.734 108.686 0.5
      vertex 192.68 108.876 0.5
    endloop
  endfacet
  facet normal 0 0 -1
    outer loop
      vertex 193.816 110.655 0.5
      vertex 193.333 111.164 0.5
      vertex 193.493 111.256 0.5
    endloop
  endfacet
  facet normal -0 0 -1
    outer loop
      vertex 193.591 109.029 0.5
      vertex 192.68 108.876 0.5
      vertex 192.641 109.08 0.5
    endloop
  endfacet
  facet normal 0 0 -1
    outer loop
      vertex 193.747 110.595 0.5
      vertex 193.186 111.051 0.5
      vertex 193.333 111.164 0.5
    endloop
  endfacet
  facet normal 0 0 -1
    outer loop
      vertex 193.591 109.029 0.5
      vertex 192.641 109.08 0.5
      vertex 192.618 109.301 0.5
    endloop
  endfacet
  facet normal 0 0 -1
    outer loop
      vertex 193.633 110.448 0.5
      vertex 192.936 110.767 0.5
      vertex 193.053 110.918 0.5
    endloop
  endfacet
  facet normal 0 0 -1
    outer loop
      vertex 193.591 109.029 0.5
      vertex 192.618 109.301 0.5
      vertex 193.482 109.922 0.5
    endloop
  endfacet
  facet normal 0 0 -1
    outer loop
      vertex 193.587 110.36 0.5
      vertex 192.836 110.601 0.5
      vertex 192.936 110.767 0.5
    endloop
  endfacet
  facet normal 0 0 -1
    outer loop
      vertex 193.482 109.922 0.5
      vertex 192.618 109.301 0.5
      vertex 192.611 109.538 0.5
    endloop
  endfacet
  facet normal 0 0 -1
    outer loop
      vertex 193.686 110.526 0.5
      vertex 193.053 110.918 0.5
      vertex 193.186 111.051 0.5
    endloop
  endfacet
  facet normal 0 0 -1
    outer loop
      vertex 192.054 107.818 0.5
      vertex 191.247 108.45 0.5
      vertex 192.054 108.45 0.5
    endloop
  endfacet
  facet normal 0 0 -1
    outer loop
      vertex 190.383 110.739 0.5
      vertex 191.247 108.45 0.5
      vertex 190.383 108.45 0.5
    endloop
  endfacet
  facet normal 0 0 -1
    outer loop
      vertex 192.054 107.818 0.5
      vertex 190.383 108.45 0.5
      vertex 191.247 108.45 0.5
    endloop
  endfacet
  facet normal 0 0 -1
    outer loop
      vertex 189.576 107.818 0.5
      vertex 190.383 108.45 0.5
      vertex 192.054 107.818 0.5
    endloop
  endfacet
  facet normal -0 0 -1
    outer loop
      vertex 190.383 108.45 0.5
      vertex 189.576 107.818 0.5
      vertex 189.576 108.45 0.5
    endloop
  endfacet
  facet normal 0 0 -1
    outer loop
      vertex 191.247 108.45 0.5
      vertex 190.383 110.739 0.5
      vertex 191.247 111.362 0.5
    endloop
  endfacet
  facet normal 0 0 -1
    outer loop
      vertex 190.383 110.739 0.5
      vertex 190.378 111.362 0.5
      vertex 191.247 111.362 0.5
    endloop
  endfacet
  facet normal 0 0 -1
    outer loop
      vertex 189.554 111.192 0.5
      vertex 190.383 110.739 0.5
      vertex 189.554 110.569 0.5
    endloop
  endfacet
  facet normal 0 0 -1
    outer loop
      vertex 190.383 110.739 0.5
      vertex 189.554 111.192 0.5
      vertex 190.378 111.362 0.5
    endloop
  endfacet
  facet normal 0 0 -1
    outer loop
      vertex 188.134 109.715 0.5
      vertex 187.69 110.314 0.5
      vertex 187.692 110.365 0.5
    endloop
  endfacet
  facet normal 0 0 -1
    outer loop
      vertex 188.134 109.715 0.5
      vertex 187.683 110.267 0.5
      vertex 187.69 110.314 0.5
    endloop
  endfacet
  facet normal 0 0 -1
    outer loop
      vertex 188.134 109.715 0.5
      vertex 187.672 110.223 0.5
      vertex 187.683 110.267 0.5
    endloop
  endfacet
  facet normal 0 0 -1
    outer loop
      vertex 187.609 109.31 0.5
      vertex 188.134 109.715 0.5
      vertex 187.657 109.284 0.5
    endloop
  endfacet
  facet normal 0 0 -1
    outer loop
      vertex 188.134 109.715 0.5
      vertex 187.656 110.183 0.5
      vertex 187.672 110.223 0.5
    endloop
  endfacet
  facet normal 0 0 -1
    outer loop
      vertex 188.134 109.715 0.5
      vertex 187.635 110.147 0.5
      vertex 187.656 110.183 0.5
    endloop
  endfacet
  facet normal 0 0 -1
    outer loop
      vertex 188.134 109.715 0.5
      vertex 187.61 110.115 0.5
      vertex 187.635 110.147 0.5
    endloop
  endfacet
  facet normal 0 0 -1
    outer loop
      vertex 187.547 110.061 0.5
      vertex 188.134 109.715 0.5
      vertex 187.609 109.31 0.5
    endloop
  endfacet
  facet normal 0 0 -1
    outer loop
      vertex 188.134 109.715 0.5
      vertex 187.581 110.086 0.5
      vertex 187.61 110.115 0.5
    endloop
  endfacet
  facet normal 0 0 -1
    outer loop
      vertex 187.547 110.061 0.5
      vertex 187.609 109.31 0.5
      vertex 187.556 109.331 0.5
    endloop
  endfacet
  facet normal 0 0 -1
    outer loop
      vertex 188.134 109.715 0.5
      vertex 187.547 110.061 0.5
      vertex 187.581 110.086 0.5
    endloop
  endfacet
  facet normal 0 0 -1
    outer loop
      vertex 187.556 109.331 0.5
      vertex 187.509 110.039 0.5
      vertex 187.547 110.061 0.5
    endloop
  endfacet
  facet normal 0 0 -1
    outer loop
      vertex 187.496 109.347 0.5
      vertex 187.509 110.039 0.5
      vertex 187.556 109.331 0.5
    endloop
  endfacet
  facet normal 0 0 -1
    outer loop
      vertex 187.496 109.347 0.5
      vertex 187.466 110.022 0.5
      vertex 187.509 110.039 0.5
    endloop
  endfacet
  facet normal 0 0 -1
    outer loop
      vertex 187.419 110.008 0.5
      vertex 187.496 109.347 0.5
      vertex 187.431 109.359 0.5
    endloop
  endfacet
  facet normal 0 0 -1
    outer loop
      vertex 187.496 109.347 0.5
      vertex 187.419 110.008 0.5
      vertex 187.466 110.022 0.5
    endloop
  endfacet
  facet normal 0 0 -1
    outer loop
      vertex 187.431 109.359 0.5
      vertex 187.368 109.999 0.5
      vertex 187.419 110.008 0.5
    endloop
  endfacet
  facet normal 0 0 -1
    outer loop
      vertex 187.361 109.366 0.5
      vertex 187.368 109.999 0.5
      vertex 187.431 109.359 0.5
    endloop
  endfacet
  facet normal 0 0 -1
    outer loop
      vertex 187.361 109.366 0.5
      vertex 187.313 109.993 0.5
      vertex 187.368 109.999 0.5
    endloop
  endfacet
  facet normal 0 0 -1
    outer loop
      vertex 187.284 109.368 0.5
      vertex 187.313 109.993 0.5
      vertex 187.361 109.366 0.5
    endloop
  endfacet
  facet normal 0 0 -1
    outer loop
      vertex 187.284 109.368 0.5
      vertex 187.253 109.991 0.5
      vertex 187.313 109.993 0.5
    endloop
  endfacet
  facet normal 0 0 -1
    outer loop
      vertex 186.748 109.368 0.5
      vertex 187.253 109.991 0.5
      vertex 187.284 109.368 0.5
    endloop
  endfacet
  facet normal -0 0 -1
    outer loop
      vertex 187.253 109.991 0.5
      vertex 186.748 109.368 0.5
      vertex 186.748 109.991 0.5
    endloop
  endfacet
  facet normal 0 0 -1
    outer loop
      vertex 188.751 108.834 0.5
      vertex 187.834 108.843 0.5
      vertex 187.837 108.908 0.5
    endloop
  endfacet
  facet normal 0 0 -1
    outer loop
      vertex 188.041 107.9 0.5
      vertex 187.826 108.784 0.5
      vertex 187.834 108.843 0.5
    endloop
  endfacet
  facet normal 0 0 -1
    outer loop
      vertex 188.041 107.9 0.5
      vertex 187.812 108.729 0.5
      vertex 187.826 108.784 0.5
    endloop
  endfacet
  facet normal 0 0 -1
    outer loop
      vertex 188.041 107.9 0.5
      vertex 187.792 108.678 0.5
      vertex 187.812 108.729 0.5
    endloop
  endfacet
  facet normal 0 0 -1
    outer loop
      vertex 188.041 107.9 0.5
      vertex 187.766 108.633 0.5
      vertex 187.792 108.678 0.5
    endloop
  endfacet
  facet normal 0 0 -1
    outer loop
      vertex 188.041 107.9 0.5
      vertex 187.735 108.593 0.5
      vertex 187.766 108.633 0.5
    endloop
  endfacet
  facet normal 0 0 -1
    outer loop
      vertex 187.608 108.5 0.5
      vertex 187.891 107.864 0.5
      vertex 187.725 107.839 0.5
    endloop
  endfacet
  facet normal 0 0 -1
    outer loop
      vertex 188.041 107.9 0.5
      vertex 187.698 108.557 0.5
      vertex 187.735 108.593 0.5
    endloop
  endfacet
  facet normal 0 0 -1
    outer loop
      vertex 188.041 107.9 0.5
      vertex 187.656 108.526 0.5
      vertex 187.698 108.557 0.5
    endloop
  endfacet
  facet normal 0 0 -1
    outer loop
      vertex 187.891 107.864 0.5
      vertex 187.608 108.5 0.5
      vertex 187.656 108.526 0.5
    endloop
  endfacet
  facet normal 0 0 -1
    outer loop
      vertex 187.725 107.839 0.5
      vertex 187.554 108.479 0.5
      vertex 187.608 108.5 0.5
    endloop
  endfacet
  facet normal 0 0 -1
    outer loop
      vertex 187.495 108.462 0.5
      vertex 187.725 107.839 0.5
      vertex 187.545 107.823 0.5
    endloop
  endfacet
  facet normal 0 0 -1
    outer loop
      vertex 187.725 107.839 0.5
      vertex 187.495 108.462 0.5
      vertex 187.554 108.479 0.5
    endloop
  endfacet
  facet normal 0 0 -1
    outer loop
      vertex 187.545 107.823 0.5
      vertex 187.43 108.45 0.5
      vertex 187.495 108.462 0.5
    endloop
  endfacet
  facet normal 0 0 -1
    outer loop
      vertex 187.351 107.818 0.5
      vertex 187.43 108.45 0.5
      vertex 187.545 107.823 0.5
    endloop
  endfacet
  facet normal 0 0 -1
    outer loop
      vertex 187.43 108.45 0.5
      vertex 187.351 107.818 0.5
      vertex 187.36 108.443 0.5
    endloop
  endfacet
  facet normal 0 0 -1
    outer loop
      vertex 187.351 107.818 0.5
      vertex 187.284 108.441 0.5
      vertex 187.36 108.443 0.5
    endloop
  endfacet
  facet normal 0 0 -1
    outer loop
      vertex 187.351 107.818 0.5
      vertex 186.748 108.441 0.5
      vertex 187.284 108.441 0.5
    endloop
  endfacet
  facet normal 0 0 -1
    outer loop
      vertex 185.834 107.818 0.5
      vertex 186.748 109.368 0.5
      vertex 186.748 108.441 0.5
    endloop
  endfacet
  facet normal 0 0 -1
    outer loop
      vertex 185.834 111.362 0.5
      vertex 186.748 109.368 0.5
      vertex 185.834 107.818 0.5
    endloop
  endfacet
  facet normal 0 0 -1
    outer loop
      vertex 186.748 109.368 0.5
      vertex 185.834 111.362 0.5
      vertex 186.748 109.991 0.5
    endloop
  endfacet
  facet normal 0 0 -1
    outer loop
      vertex 185.834 107.818 0.5
      vertex 186.748 108.441 0.5
      vertex 187.351 107.818 0.5
    endloop
  endfacet
  facet normal 0 0 -1
    outer loop
      vertex 187.834 108.843 0.5
      vertex 188.751 108.834 0.5
      vertex 188.744 108.693 0.5
    endloop
  endfacet
  facet normal 0 0 -1
    outer loop
      vertex 188.751 108.834 0.5
      vertex 187.837 108.908 0.5
      vertex 188.748 108.928 0.5
    endloop
  endfacet
  facet normal 0 0 -1
    outer loop
      vertex 187.834 108.843 0.5
      vertex 188.744 108.693 0.5
      vertex 188.723 108.563 0.5
    endloop
  endfacet
  facet normal -0 0 -1
    outer loop
      vertex 188.748 108.928 0.5
      vertex 187.837 108.908 0.5
      vertex 188.738 109.017 0.5
    endloop
  endfacet
  facet normal 0 0 -1
    outer loop
      vertex 187.834 108.972 0.5
      vertex 188.738 109.017 0.5
      vertex 187.837 108.908 0.5
    endloop
  endfacet
  facet normal 0 0 -1
    outer loop
      vertex 187.834 108.843 0.5
      vertex 188.723 108.563 0.5
      vertex 188.687 108.443 0.5
    endloop
  endfacet
  facet normal -0 0 -1
    outer loop
      vertex 188.738 109.017 0.5
      vertex 187.834 108.972 0.5
      vertex 188.721 109.102 0.5
    endloop
  endfacet
  facet normal 0 0 -1
    outer loop
      vertex 187.834 108.843 0.5
      vertex 188.687 108.443 0.5
      vertex 188.638 108.334 0.5
    endloop
  endfacet
  facet normal -0 0 -1
    outer loop
      vertex 188.721 109.102 0.5
      vertex 187.834 108.972 0.5
      vertex 188.698 109.183 0.5
    endloop
  endfacet
  facet normal -0 0 -1
    outer loop
      vertex 188.698 109.183 0.5
      vertex 187.834 108.972 0.5
      vertex 188.669 109.259 0.5
    endloop
  endfacet
  facet normal 0 0 -1
    outer loop
      vertex 187.834 108.843 0.5
      vertex 188.638 108.334 0.5
      vertex 188.574 108.235 0.5
    endloop
  endfacet
  facet normal 0 0 -1
    outer loop
      vertex 187.826 109.03 0.5
      vertex 188.669 109.259 0.5
      vertex 187.834 108.972 0.5
    endloop
  endfacet
  facet normal 0 0 -1
    outer loop
      vertex 187.834 108.843 0.5
      vertex 188.574 108.235 0.5
      vertex 188.496 108.147 0.5
    endloop
  endfacet
  facet normal -0 0 -1
    outer loop
      vertex 188.669 109.259 0.5
      vertex 187.826 109.03 0.5
      vertex 188.632 109.332 0.5
    endloop
  endfacet
  facet normal -0 0 -1
    outer loop
      vertex 188.632 109.332 0.5
      vertex 187.826 109.03 0.5
      vertex 188.59 109.399 0.5
    endloop
  endfacet
  facet normal 0 0 -1
    outer loop
      vertex 187.834 108.843 0.5
      vertex 188.496 108.147 0.5
      vertex 188.404 108.07 0.5
    endloop
  endfacet
  facet normal 0 0 -1
    outer loop
      vertex 187.812 109.084 0.5
      vertex 188.59 109.399 0.5
      vertex 187.826 109.03 0.5
    endloop
  endfacet
  facet normal 0 0 -1
    outer loop
      vertex 187.834 108.843 0.5
      vertex 188.404 108.07 0.5
      vertex 188.298 108.003 0.5
    endloop
  endfacet
  facet normal -0 0 -1
    outer loop
      vertex 188.59 109.399 0.5
      vertex 187.812 109.084 0.5
      vertex 188.541 109.462 0.5
    endloop
  endfacet
  facet normal -0 0 -1
    outer loop
      vertex 188.541 109.462 0.5
      vertex 187.812 109.084 0.5
      vertex 188.486 109.519 0.5
    endloop
  endfacet
  facet normal 0 0 -1
    outer loop
      vertex 187.834 108.843 0.5
      vertex 188.298 108.003 0.5
      vertex 188.177 107.947 0.5
    endloop
  endfacet
  facet normal -0 0 -1
    outer loop
      vertex 188.486 109.519 0.5
      vertex 187.812 109.084 0.5
      vertex 188.427 109.57 0.5
    endloop
  endfacet
  facet normal 0 0 -1
    outer loop
      vertex 187.792 109.133 0.5
      vertex 188.427 109.57 0.5
      vertex 187.812 109.084 0.5
    endloop
  endfacet
  facet normal 0 0 -1
    outer loop
      vertex 187.834 108.843 0.5
      vertex 188.177 107.947 0.5
      vertex 188.041 107.9 0.5
    endloop
  endfacet
  facet normal -0 0 -1
    outer loop
      vertex 188.362 109.615 0.5
      vertex 187.792 109.133 0.5
      vertex 188.291 109.655 0.5
    endloop
  endfacet
  facet normal 0 0 -1
    outer loop
      vertex 187.656 108.526 0.5
      vertex 188.041 107.9 0.5
      vertex 187.891 107.864 0.5
    endloop
  endfacet
  facet normal -0 0 -1
    outer loop
      vertex 188.427 109.57 0.5
      vertex 187.792 109.133 0.5
      vertex 188.362 109.615 0.5
    endloop
  endfacet
  facet normal -0 0 -1
    outer loop
      vertex 188.291 109.655 0.5
      vertex 187.792 109.133 0.5
      vertex 188.215 109.688 0.5
    endloop
  endfacet
  facet normal 0 0 -1
    outer loop
      vertex 187.767 109.178 0.5
      vertex 188.215 109.688 0.5
      vertex 187.792 109.133 0.5
    endloop
  endfacet
  facet normal 0 0 -1
    outer loop
      vertex 187.69 110.415 0.5
      vertex 188.134 109.715 0.5
      vertex 187.692 110.365 0.5
    endloop
  endfacet
  facet normal -0 0 -1
    outer loop
      vertex 188.215 109.688 0.5
      vertex 187.767 109.178 0.5
      vertex 188.134 109.715 0.5
    endloop
  endfacet
  facet normal 0 0 -1
    outer loop
      vertex 187.736 109.218 0.5
      vertex 188.134 109.715 0.5
      vertex 187.767 109.178 0.5
    endloop
  endfacet
  facet normal 0 0 -1
    outer loop
      vertex 188.134 109.715 0.5
      vertex 187.69 110.415 0.5
      vertex 188.053 111.248 0.5
    endloop
  endfacet
  facet normal 0 0 -1
    outer loop
      vertex 187.699 109.253 0.5
      vertex 188.134 109.715 0.5
      vertex 187.736 109.218 0.5
    endloop
  endfacet
  facet normal 0 0 -1
    outer loop
      vertex 187.657 109.284 0.5
      vertex 188.134 109.715 0.5
      vertex 187.699 109.253 0.5
    endloop
  endfacet
  facet normal 0 0 -1
    outer loop
      vertex 187.683 110.462 0.5
      vertex 188.053 111.248 0.5
      vertex 187.69 110.415 0.5
    endloop
  endfacet
  facet normal 0 0 -1
    outer loop
      vertex 187.672 110.505 0.5
      vertex 188.053 111.248 0.5
      vertex 187.683 110.462 0.5
    endloop
  endfacet
  facet normal 0 0 -1
    outer loop
      vertex 187.656 110.545 0.5
      vertex 188.053 111.248 0.5
      vertex 187.672 110.505 0.5
    endloop
  endfacet
  facet normal 0 0 -1
    outer loop
      vertex 187.635 110.581 0.5
      vertex 188.053 111.248 0.5
      vertex 187.656 110.545 0.5
    endloop
  endfacet
  facet normal 0 0 -1
    outer loop
      vertex 187.61 110.614 0.5
      vertex 188.053 111.248 0.5
      vertex 187.635 110.581 0.5
    endloop
  endfacet
  facet normal -0 0 -1
    outer loop
      vertex 188.053 111.248 0.5
      vertex 187.61 110.614 0.5
      vertex 187.916 111.289 0.5
    endloop
  endfacet
  facet normal 0 0 -1
    outer loop
      vertex 187.581 110.643 0.5
      vertex 187.916 111.289 0.5
      vertex 187.61 110.614 0.5
    endloop
  endfacet
  facet normal 0 0 -1
    outer loop
      vertex 187.547 110.669 0.5
      vertex 187.916 111.289 0.5
      vertex 187.581 110.643 0.5
    endloop
  endfacet
  facet normal -0 0 -1
    outer loop
      vertex 187.916 111.289 0.5
      vertex 187.547 110.669 0.5
      vertex 187.764 111.321 0.5
    endloop
  endfacet
  facet normal 0 0 -1
    outer loop
      vertex 187.509 110.69 0.5
      vertex 187.764 111.321 0.5
      vertex 187.547 110.669 0.5
    endloop
  endfacet
  facet normal -0 0 -1
    outer loop
      vertex 187.764 111.321 0.5
      vertex 187.509 110.69 0.5
      vertex 187.594 111.344 0.5
    endloop
  endfacet
  facet normal 0 0 -1
    outer loop
      vertex 187.466 110.708 0.5
      vertex 187.594 111.344 0.5
      vertex 187.509 110.69 0.5
    endloop
  endfacet
  facet normal 0 0 -1
    outer loop
      vertex 187.419 110.721 0.5
      vertex 187.594 111.344 0.5
      vertex 187.466 110.708 0.5
    endloop
  endfacet
  facet normal 0 0 -1
    outer loop
      vertex 187.419 110.721 0.5
      vertex 187.408 111.357 0.5
      vertex 187.594 111.344 0.5
    endloop
  endfacet
  facet normal 0 0 -1
    outer loop
      vertex 187.368 110.731 0.5
      vertex 187.408 111.357 0.5
      vertex 187.419 110.721 0.5
    endloop
  endfacet
  facet normal 0 0 -1
    outer loop
      vertex 187.313 110.737 0.5
      vertex 187.408 111.357 0.5
      vertex 187.368 110.731 0.5
    endloop
  endfacet
  facet normal 0 0 -1
    outer loop
      vertex 187.206 111.362 0.5
      vertex 187.313 110.737 0.5
      vertex 187.253 110.739 0.5
    endloop
  endfacet
  facet normal 0 0 -1
    outer loop
      vertex 187.313 110.737 0.5
      vertex 187.206 111.362 0.5
      vertex 187.408 111.357 0.5
    endloop
  endfacet
  facet normal 0 0 -1
    outer loop
      vertex 186.748 110.739 0.5
      vertex 187.206 111.362 0.5
      vertex 187.253 110.739 0.5
    endloop
  endfacet
  facet normal 0 0 -1
    outer loop
      vertex 186.748 110.739 0.5
      vertex 185.834 111.362 0.5
      vertex 187.206 111.362 0.5
    endloop
  endfacet
  facet normal 0 0 -1
    outer loop
      vertex 186.748 109.991 0.5
      vertex 185.834 111.362 0.5
      vertex 186.748 110.739 0.5
    endloop
  endfacet
  facet normal 0 0 -1
    outer loop
      vertex 188.134 109.715 0.5
      vertex 188.606 110.425 0.5
      vertex 188.604 110.352 0.5
    endloop
  endfacet
  facet normal 0 0 -1
    outer loop
      vertex 188.134 109.715 0.5
      vertex 188.604 110.352 0.5
      vertex 188.596 110.283 0.5
    endloop
  endfacet
  facet normal 0 0 -1
    outer loop
      vertex 188.197 109.742 0.5
      vertex 188.596 110.283 0.5
      vertex 188.584 110.217 0.5
    endloop
  endfacet
  facet normal -0 0 -1
    outer loop
      vertex 188.606 110.425 0.5
      vertex 188.134 109.715 0.5
      vertex 188.599 110.56 0.5
    endloop
  endfacet
  facet normal 0 0 -1
    outer loop
      vertex 188.197 109.742 0.5
      vertex 188.584 110.217 0.5
      vertex 188.567 110.154 0.5
    endloop
  endfacet
  facet normal 0 0 -1
    outer loop
      vertex 188.053 111.248 0.5
      vertex 188.599 110.56 0.5
      vertex 188.134 109.715 0.5
    endloop
  endfacet
  facet normal 0 0 -1
    outer loop
      vertex 188.256 109.773 0.5
      vertex 188.567 110.154 0.5
      vertex 188.544 110.095 0.5
    endloop
  endfacet
  facet normal 0 0 -1
    outer loop
      vertex 188.256 109.773 0.5
      vertex 188.544 110.095 0.5
      vertex 188.517 110.038 0.5
    endloop
  endfacet
  facet normal 0 0 -1
    outer loop
      vertex 188.599 110.56 0.5
      vertex 188.053 111.248 0.5
      vertex 188.579 110.683 0.5
    endloop
  endfacet
  facet normal 0 0 -1
    outer loop
      vertex 188.256 109.773 0.5
      vertex 188.517 110.038 0.5
      vertex 188.485 109.985 0.5
    endloop
  endfacet
  facet normal 0 0 -1
    outer loop
      vertex 188.256 109.773 0.5
      vertex 188.485 109.985 0.5
      vertex 188.448 109.935 0.5
    endloop
  endfacet
  facet normal 0 0 -1
    outer loop
      vertex 188.596 110.283 0.5
      vertex 188.197 109.742 0.5
      vertex 188.134 109.715 0.5
    endloop
  endfacet
  facet normal 0 0 -1
    outer loop
      vertex 188.256 109.773 0.5
      vertex 188.448 109.935 0.5
      vertex 188.407 109.888 0.5
    endloop
  endfacet
  facet normal 0 0 -1
    outer loop
      vertex 188.579 110.683 0.5
      vertex 188.172 111.198 0.5
      vertex 188.545 110.796 0.5
    endloop
  endfacet
  facet normal 0 0 -1
    outer loop
      vertex 188.311 109.808 0.5
      vertex 188.407 109.888 0.5
      vertex 188.361 109.846 0.5
    endloop
  endfacet
  facet normal 0 0 -1
    outer loop
      vertex 188.256 109.773 0.5
      vertex 188.407 109.888 0.5
      vertex 188.311 109.808 0.5
    endloop
  endfacet
  facet normal 0 0 -1
    outer loop
      vertex 188.567 110.154 0.5
      vertex 188.256 109.773 0.5
      vertex 188.197 109.742 0.5
    endloop
  endfacet
  facet normal -0 -0 -1
    outer loop
      vertex 188.275 111.139 0.5
      vertex 188.545 110.796 0.5
      vertex 188.172 111.198 0.5
    endloop
  endfacet
  facet normal 0 0 -1
    outer loop
      vertex 188.545 110.796 0.5
      vertex 188.275 111.139 0.5
      vertex 188.498 110.898 0.5
    endloop
  endfacet
  facet normal 0 0 -1
    outer loop
      vertex 188.437 110.989 0.5
      vertex 188.275 111.139 0.5
      vertex 188.363 111.07 0.5
    endloop
  endfacet
  facet normal 0 0 -1
    outer loop
      vertex 188.498 110.898 0.5
      vertex 188.275 111.139 0.5
      vertex 188.437 110.989 0.5
    endloop
  endfacet
  facet normal 0 0 -1
    outer loop
      vertex 188.579 110.683 0.5
      vertex 188.053 111.248 0.5
      vertex 188.172 111.198 0.5
    endloop
  endfacet
  facet normal 0 0 -1
    outer loop
      vertex 226.198 64.0838 0.5
      vertex 227.079 64.1438 0.5
      vertex 227.071 63.9857 0.5
    endloop
  endfacet
  facet normal 0 0 -1
    outer loop
      vertex 227.079 64.1438 0.5
      vertex 226.196 64.1694 0.5
      vertex 227.072 64.2869 0.5
    endloop
  endfacet
  facet normal 0 0 -1
    outer loop
      vertex 226.196 63.9981 0.5
      vertex 227.071 63.9857 0.5
      vertex 227.048 63.8369 0.5
    endloop
  endfacet
  facet normal -0 0 -1
    outer loop
      vertex 227.079 64.1438 0.5
      vertex 226.198 64.0838 0.5
      vertex 226.196 64.1694 0.5
    endloop
  endfacet
  facet normal 0 0 -1
    outer loop
      vertex 226.188 63.9189 0.5
      vertex 227.048 63.8369 0.5
      vertex 227.01 63.6973 0.5
    endloop
  endfacet
  facet normal 0 0 -1
    outer loop
      vertex 226.188 64.2487 0.5
      vertex 227.072 64.2869 0.5
      vertex 226.196 64.1694 0.5
    endloop
  endfacet
  facet normal 0 0 -1
    outer loop
      vertex 226.176 63.8459 0.5
      vertex 227.01 63.6973 0.5
      vertex 226.957 63.567 0.5
    endloop
  endfacet
  facet normal -0 0 -1
    outer loop
      vertex 227.072 64.2869 0.5
      vertex 226.188 64.2487 0.5
      vertex 227.051 64.4219 0.5
    endloop
  endfacet
  facet normal 0 0 -1
    outer loop
      vertex 226.176 63.8459 0.5
      vertex 226.957 63.567 0.5
      vertex 226.889 63.4459 0.5
    endloop
  endfacet
  facet normal 0 0 -1
    outer loop
      vertex 226.176 64.3216 0.5
      vertex 227.051 64.4219 0.5
      vertex 226.188 64.2487 0.5
    endloop
  endfacet
  facet normal 0 0 -1
    outer loop
      vertex 226.159 63.7793 0.5
      vertex 226.889 63.4459 0.5
      vertex 226.805 63.3341 0.5
    endloop
  endfacet
  facet normal -0 0 -1
    outer loop
      vertex 227.051 64.4219 0.5
      vertex 226.176 64.3216 0.5
      vertex 227.017 64.5489 0.5
    endloop
  endfacet
  facet normal 0 0 -1
    outer loop
      vertex 226.137 63.7191 0.5
      vertex 226.805 63.3341 0.5
      vertex 226.706 63.2316 0.5
    endloop
  endfacet
  facet normal -0 0 -1
    outer loop
      vertex 227.017 64.5489 0.5
      vertex 226.176 64.3216 0.5
      vertex 226.97 64.6679 0.5
    endloop
  endfacet
  facet normal 0 0 -1
    outer loop
      vertex 226.11 63.6651 0.5
      vertex 226.706 63.2316 0.5
      vertex 226.594 63.1406 0.5
    endloop
  endfacet
  facet normal 0 0 -1
    outer loop
      vertex 226.159 64.3882 0.5
      vertex 226.97 64.6679 0.5
      vertex 226.176 64.3216 0.5
    endloop
  endfacet
  facet normal 0 0 -1
    outer loop
      vertex 226.078 63.6176 0.5
      vertex 226.594 63.1406 0.5
      vertex 226.472 63.0636 0.5
    endloop
  endfacet
  facet normal -0 0 -1
    outer loop
      vertex 226.97 64.6679 0.5
      vertex 226.159 64.3882 0.5
      vertex 226.909 64.7788 0.5
    endloop
  endfacet
  facet normal 0 0 -1
    outer loop
      vertex 226.042 63.5763 0.5
      vertex 226.472 63.0636 0.5
      vertex 226.34 63.0007 0.5
    endloop
  endfacet
  facet normal 0 0 -1
    outer loop
      vertex 226.137 64.4485 0.5
      vertex 226.909 64.7788 0.5
      vertex 226.159 64.3882 0.5
    endloop
  endfacet
  facet normal -0 0 -1
    outer loop
      vertex 226.909 64.7788 0.5
      vertex 226.137 64.4485 0.5
      vertex 226.834 64.8817 0.5
    endloop
  endfacet
  facet normal 0 0 -1
    outer loop
      vertex 226 63.5414 0.5
      vertex 226.34 63.0007 0.5
      vertex 226.197 62.9517 0.5
    endloop
  endfacet
  facet normal 0 0 -1
    outer loop
      vertex 227.071 63.9857 0.5
      vertex 226.196 63.9981 0.5
      vertex 226.198 64.0838 0.5
    endloop
  endfacet
  facet normal 0 0 -1
    outer loop
      vertex 227.048 63.8369 0.5
      vertex 226.188 63.9189 0.5
      vertex 226.196 63.9981 0.5
    endloop
  endfacet
  facet normal 0 0 -1
    outer loop
      vertex 227.01 63.6973 0.5
      vertex 226.176 63.8459 0.5
      vertex 226.188 63.9189 0.5
    endloop
  endfacet
  facet normal 0 0 -1
    outer loop
      vertex 226.889 63.4459 0.5
      vertex 226.159 63.7793 0.5
      vertex 226.176 63.8459 0.5
    endloop
  endfacet
  facet normal 0 0 -1
    outer loop
      vertex 226.805 63.3341 0.5
      vertex 226.137 63.7191 0.5
      vertex 226.159 63.7793 0.5
    endloop
  endfacet
  facet normal 0 0 -1
    outer loop
      vertex 226.706 63.2316 0.5
      vertex 226.11 63.6651 0.5
      vertex 226.137 63.7191 0.5
    endloop
  endfacet
  facet normal 0 0 -1
    outer loop
      vertex 226.594 63.1406 0.5
      vertex 226.078 63.6176 0.5
      vertex 226.11 63.6651 0.5
    endloop
  endfacet
  facet normal 0 0 -1
    outer loop
      vertex 225.953 63.5129 0.5
      vertex 226.197 62.9517 0.5
      vertex 226.044 62.9167 0.5
    endloop
  endfacet
  facet normal 0 0 -1
    outer loop
      vertex 226.472 63.0636 0.5
      vertex 226.042 63.5763 0.5
      vertex 226.078 63.6176 0.5
    endloop
  endfacet
  facet normal 0 0 -1
    outer loop
      vertex 226.34 63.0007 0.5
      vertex 226 63.5414 0.5
      vertex 226.042 63.5763 0.5
    endloop
  endfacet
  facet normal 0 0 -1
    outer loop
      vertex 226.197 62.9517 0.5
      vertex 225.953 63.5129 0.5
      vertex 226 63.5414 0.5
    endloop
  endfacet
  facet normal 0 0 -1
    outer loop
      vertex 226.044 62.9167 0.5
      vertex 225.901 63.4907 0.5
      vertex 225.953 63.5129 0.5
    endloop
  endfacet
  facet normal 0 0 -1
    outer loop
      vertex 225.845 63.4749 0.5
      vertex 226.044 62.9167 0.5
      vertex 225.881 62.8957 0.5
    endloop
  endfacet
  facet normal 0 0 -1
    outer loop
      vertex 226.044 62.9167 0.5
      vertex 225.845 63.4749 0.5
      vertex 225.901 63.4907 0.5
    endloop
  endfacet
  facet normal 0 0 -1
    outer loop
      vertex 225.881 62.8957 0.5
      vertex 225.783 63.4653 0.5
      vertex 225.845 63.4749 0.5
    endloop
  endfacet
  facet normal 0 0 -1
    outer loop
      vertex 225.707 62.8887 0.5
      vertex 225.783 63.4653 0.5
      vertex 225.881 62.8957 0.5
    endloop
  endfacet
  facet normal 0 0 -1
    outer loop
      vertex 225.783 63.4653 0.5
      vertex 225.707 62.8887 0.5
      vertex 225.716 63.4622 0.5
    endloop
  endfacet
  facet normal 0 0 -1
    outer loop
      vertex 225.707 62.8887 0.5
      vertex 225.65 63.4653 0.5
      vertex 225.716 63.4622 0.5
    endloop
  endfacet
  facet normal 0 0 -1
    outer loop
      vertex 225.516 62.8982 0.5
      vertex 225.65 63.4653 0.5
      vertex 225.707 62.8887 0.5
    endloop
  endfacet
  facet normal -0 0 -1
    outer loop
      vertex 225.65 63.4653 0.5
      vertex 225.516 62.8982 0.5
      vertex 225.589 63.4749 0.5
    endloop
  endfacet
  facet normal -0 0 -1
    outer loop
      vertex 225.589 63.4749 0.5
      vertex 225.516 62.8982 0.5
      vertex 225.533 63.4907 0.5
    endloop
  endfacet
  facet normal 0 0 -1
    outer loop
      vertex 225.338 62.9268 0.5
      vertex 225.533 63.4907 0.5
      vertex 225.516 62.8982 0.5
    endloop
  endfacet
  facet normal -0 0 -1
    outer loop
      vertex 225.533 63.4907 0.5
      vertex 225.338 62.9268 0.5
      vertex 225.481 63.5129 0.5
    endloop
  endfacet
  facet normal 0 0 -1
    outer loop
      vertex 225.172 62.9744 0.5
      vertex 225.481 63.5129 0.5
      vertex 225.338 62.9268 0.5
    endloop
  endfacet
  facet normal -0 0 -1
    outer loop
      vertex 225.481 63.5129 0.5
      vertex 225.172 62.9744 0.5
      vertex 225.435 63.5414 0.5
    endloop
  endfacet
  facet normal 0 0 -1
    outer loop
      vertex 225.019 63.041 0.5
      vertex 225.435 63.5414 0.5
      vertex 225.172 62.9744 0.5
    endloop
  endfacet
  facet normal -0 0 -1
    outer loop
      vertex 225.435 63.5414 0.5
      vertex 225.019 63.041 0.5
      vertex 225.393 63.5763 0.5
    endloop
  endfacet
  facet normal 0 0 -1
    outer loop
      vertex 224.879 63.1266 0.5
      vertex 225.393 63.5763 0.5
      vertex 225.019 63.041 0.5
    endloop
  endfacet
  facet normal -0 0 -1
    outer loop
      vertex 225.393 63.5763 0.5
      vertex 224.879 63.1266 0.5
      vertex 225.357 63.6176 0.5
    endloop
  endfacet
  facet normal -0 0 -1
    outer loop
      vertex 225.357 63.6176 0.5
      vertex 224.879 63.1266 0.5
      vertex 225.325 63.6651 0.5
    endloop
  endfacet
  facet normal 0 0 -1
    outer loop
      vertex 224.752 63.2313 0.5
      vertex 225.325 63.6651 0.5
      vertex 224.879 63.1266 0.5
    endloop
  endfacet
  facet normal -0 0 -1
    outer loop
      vertex 225.325 63.6651 0.5
      vertex 224.752 63.2313 0.5
      vertex 225.298 63.7191 0.5
    endloop
  endfacet
  facet normal 0 0 -1
    outer loop
      vertex 225.481 64.6546 0.5
      vertex 225.175 65.0938 0.5
      vertex 225.222 65.1234 0.5
    endloop
  endfacet
  facet normal 0 0 -1
    outer loop
      vertex 224.383 63.8265 0.5
      vertex 225.237 64.0838 0.5
      vertex 225.239 63.9981 0.5
    endloop
  endfacet
  facet normal 0 0 -1
    outer loop
      vertex 224.638 63.3551 0.5
      vertex 225.298 63.7191 0.5
      vertex 224.752 63.2313 0.5
    endloop
  endfacet
  facet normal -0 0 -1
    outer loop
      vertex 225.298 63.7191 0.5
      vertex 224.638 63.3551 0.5
      vertex 225.276 63.7793 0.5
    endloop
  endfacet
  facet normal 0 0 -1
    outer loop
      vertex 225.239 64.1694 0.5
      vertex 225.13 65.0617 0.5
      vertex 225.175 65.0938 0.5
    endloop
  endfacet
  facet normal 0 0 -1
    outer loop
      vertex 224.537 63.4963 0.5
      vertex 225.276 63.7793 0.5
      vertex 224.638 63.3551 0.5
    endloop
  endfacet
  facet normal -0 0 -1
    outer loop
      vertex 226.834 64.8817 0.5
      vertex 226.137 64.4485 0.5
      vertex 226.745 64.9765 0.5
    endloop
  endfacet
  facet normal 0 0 -1
    outer loop
      vertex 226.11 64.5024 0.5
      vertex 226.745 64.9765 0.5
      vertex 226.137 64.4485 0.5
    endloop
  endfacet
  facet normal -0 0 -1
    outer loop
      vertex 226.745 64.9765 0.5
      vertex 226.11 64.5024 0.5
      vertex 226.646 65.0609 0.5
    endloop
  endfacet
  facet normal 0 0 -1
    outer loop
      vertex 226.078 64.55 0.5
      vertex 226.646 65.0609 0.5
      vertex 226.11 64.5024 0.5
    endloop
  endfacet
  facet normal -0 0 -1
    outer loop
      vertex 226.646 65.0609 0.5
      vertex 226.078 64.55 0.5
      vertex 226.537 65.1322 0.5
    endloop
  endfacet
  facet normal 0 0 -1
    outer loop
      vertex 226.042 64.5912 0.5
      vertex 226.537 65.1322 0.5
      vertex 226.078 64.55 0.5
    endloop
  endfacet
  facet normal -0 0 -1
    outer loop
      vertex 226.537 65.1322 0.5
      vertex 226.042 64.5912 0.5
      vertex 226.421 65.1906 0.5
    endloop
  endfacet
  facet normal 0 0 -1
    outer loop
      vertex 226 64.6261 0.5
      vertex 226.421 65.1906 0.5
      vertex 226.042 64.5912 0.5
    endloop
  endfacet
  facet normal -0 0 -1
    outer loop
      vertex 226.421 65.1906 0.5
      vertex 226 64.6261 0.5
      vertex 226.296 65.2361 0.5
    endloop
  endfacet
  facet normal -0 0 -1
    outer loop
      vertex 226.296 65.2361 0.5
      vertex 226 64.6261 0.5
      vertex 226.162 65.2685 0.5
    endloop
  endfacet
  facet normal 0 0 -1
    outer loop
      vertex 225.953 64.6546 0.5
      vertex 226.162 65.2685 0.5
      vertex 226 64.6261 0.5
    endloop
  endfacet
  facet normal 0 0 -1
    outer loop
      vertex 225.901 64.6768 0.5
      vertex 226.162 65.2685 0.5
      vertex 225.953 64.6546 0.5
    endloop
  endfacet
  facet normal -0 0 -1
    outer loop
      vertex 226.162 65.2685 0.5
      vertex 225.901 64.6768 0.5
      vertex 226.019 65.288 0.5
    endloop
  endfacet
  facet normal 0 0 -1
    outer loop
      vertex 225.845 64.6927 0.5
      vertex 226.019 65.288 0.5
      vertex 225.901 64.6768 0.5
    endloop
  endfacet
  facet normal -0 0 -1
    outer loop
      vertex 226.019 65.288 0.5
      vertex 225.845 64.6927 0.5
      vertex 225.868 65.2945 0.5
    endloop
  endfacet
  facet normal 0 0 -1
    outer loop
      vertex 225.783 64.7022 0.5
      vertex 225.868 65.2945 0.5
      vertex 225.845 64.6927 0.5
    endloop
  endfacet
  facet normal 0 0 -1
    outer loop
      vertex 225.868 65.2945 0.5
      vertex 225.783 64.7022 0.5
      vertex 225.807 65.2933 0.5
    endloop
  endfacet
  facet normal 0 0 -1
    outer loop
      vertex 225.783 64.7022 0.5
      vertex 225.748 65.2897 0.5
      vertex 225.807 65.2933 0.5
    endloop
  endfacet
  facet normal 0 0 -1
    outer loop
      vertex 225.716 64.7054 0.5
      vertex 225.748 65.2897 0.5
      vertex 225.783 64.7022 0.5
    endloop
  endfacet
  facet normal 0 0 -1
    outer loop
      vertex 225.716 64.7054 0.5
      vertex 225.689 65.2838 0.5
      vertex 225.748 65.2897 0.5
    endloop
  endfacet
  facet normal 0 0 -1
    outer loop
      vertex 225.632 65.2755 0.5
      vertex 225.716 64.7054 0.5
      vertex 225.65 64.7022 0.5
    endloop
  endfacet
  facet normal 0 0 -1
    outer loop
      vertex 225.716 64.7054 0.5
      vertex 225.632 65.2755 0.5
      vertex 225.689 65.2838 0.5
    endloop
  endfacet
  facet normal 0 0 -1
    outer loop
      vertex 225.522 65.2517 0.5
      vertex 225.65 64.7022 0.5
      vertex 225.589 64.6927 0.5
    endloop
  endfacet
  facet normal 0 0 -1
    outer loop
      vertex 225.65 64.7022 0.5
      vertex 225.577 65.2648 0.5
      vertex 225.632 65.2755 0.5
    endloop
  endfacet
  facet normal 0 0 -1
    outer loop
      vertex 225.367 65.1983 0.5
      vertex 225.589 64.6927 0.5
      vertex 225.533 64.6768 0.5
    endloop
  endfacet
  facet normal 0 0 -1
    outer loop
      vertex 225.65 64.7022 0.5
      vertex 225.522 65.2517 0.5
      vertex 225.577 65.2648 0.5
    endloop
  endfacet
  facet normal 0 0 -1
    outer loop
      vertex 225.269 65.1507 0.5
      vertex 225.533 64.6768 0.5
      vertex 225.481 64.6546 0.5
    endloop
  endfacet
  facet normal 0 0 -1
    outer loop
      vertex 225.589 64.6927 0.5
      vertex 225.469 65.2363 0.5
      vertex 225.522 65.2517 0.5
    endloop
  endfacet
  facet normal 0 0 -1
    outer loop
      vertex 225.175 65.0938 0.5
      vertex 225.481 64.6546 0.5
      vertex 225.435 64.6261 0.5
    endloop
  endfacet
  facet normal 0 0 -1
    outer loop
      vertex 225.589 64.6927 0.5
      vertex 225.418 65.2184 0.5
      vertex 225.469 65.2363 0.5
    endloop
  endfacet
  facet normal 0 0 -1
    outer loop
      vertex 225.175 65.0938 0.5
      vertex 225.435 64.6261 0.5
      vertex 225.393 64.5912 0.5
    endloop
  endfacet
  facet normal 0 0 -1
    outer loop
      vertex 225.589 64.6927 0.5
      vertex 225.367 65.1983 0.5
      vertex 225.418 65.2184 0.5
    endloop
  endfacet
  facet normal 0 0 -1
    outer loop
      vertex 225.175 65.0938 0.5
      vertex 225.393 64.5912 0.5
      vertex 225.357 64.55 0.5
    endloop
  endfacet
  facet normal 0 0 -1
    outer loop
      vertex 225.175 65.0938 0.5
      vertex 225.357 64.55 0.5
      vertex 225.325 64.5024 0.5
    endloop
  endfacet
  facet normal 0 0 -1
    outer loop
      vertex 225.533 64.6768 0.5
      vertex 225.318 65.1757 0.5
      vertex 225.367 65.1983 0.5
    endloop
  endfacet
  facet normal 0 0 -1
    outer loop
      vertex 225.175 65.0938 0.5
      vertex 225.325 64.5024 0.5
      vertex 225.298 64.4485 0.5
    endloop
  endfacet
  facet normal 0 0 -1
    outer loop
      vertex 225.175 65.0938 0.5
      vertex 225.298 64.4485 0.5
      vertex 225.276 64.3882 0.5
    endloop
  endfacet
  facet normal 0 0 -1
    outer loop
      vertex 225.533 64.6768 0.5
      vertex 225.269 65.1507 0.5
      vertex 225.318 65.1757 0.5
    endloop
  endfacet
  facet normal 0 0 -1
    outer loop
      vertex 225.175 65.0938 0.5
      vertex 225.276 64.3882 0.5
      vertex 225.259 64.3216 0.5
    endloop
  endfacet
  facet normal 0 0 -1
    outer loop
      vertex 225.175 65.0938 0.5
      vertex 225.259 64.3216 0.5
      vertex 225.247 64.2487 0.5
    endloop
  endfacet
  facet normal 0 0 -1
    outer loop
      vertex 225.175 65.0938 0.5
      vertex 225.247 64.2487 0.5
      vertex 225.239 64.1694 0.5
    endloop
  endfacet
  facet normal 0 0 -1
    outer loop
      vertex 225.481 64.6546 0.5
      vertex 225.222 65.1234 0.5
      vertex 225.269 65.1507 0.5
    endloop
  endfacet
  facet normal 0 0 -1
    outer loop
      vertex 224.329 64.0155 0.5
      vertex 225.239 64.1694 0.5
      vertex 225.237 64.0838 0.5
    endloop
  endfacet
  facet normal 0 0 -1
    outer loop
      vertex 226.782 65.783 0.5
      vertex 226.846 66.4077 0.5
      vertex 226.846 65.7537 0.5
    endloop
  endfacet
  facet normal 0 0 -1
    outer loop
      vertex 226.719 65.81 0.5
      vertex 226.846 66.4077 0.5
      vertex 226.782 65.783 0.5
    endloop
  endfacet
  facet normal 0 0 -1
    outer loop
      vertex 226.658 65.8348 0.5
      vertex 226.846 66.4077 0.5
      vertex 226.719 65.81 0.5
    endloop
  endfacet
  facet normal 0 0 -1
    outer loop
      vertex 226.597 65.8573 0.5
      vertex 226.846 66.4077 0.5
      vertex 226.658 65.8348 0.5
    endloop
  endfacet
  facet normal -0 0 -1
    outer loop
      vertex 226.846 66.4077 0.5
      vertex 226.597 65.8573 0.5
      vertex 226.782 66.4287 0.5
    endloop
  endfacet
  facet normal -0 0 -1
    outer loop
      vertex 226.782 66.4287 0.5
      vertex 226.597 65.8573 0.5
      vertex 226.717 66.4482 0.5
    endloop
  endfacet
  facet normal 0 0 -1
    outer loop
      vertex 226.537 65.8775 0.5
      vertex 226.717 66.4482 0.5
      vertex 226.597 65.8573 0.5
    endloop
  endfacet
  facet normal -0 0 -1
    outer loop
      vertex 226.717 66.4482 0.5
      vertex 226.537 65.8775 0.5
      vertex 226.652 66.466 0.5
    endloop
  endfacet
  facet normal 0 0 -1
    outer loop
      vertex 226.479 65.8954 0.5
      vertex 226.652 66.466 0.5
      vertex 226.537 65.8775 0.5
    endloop
  endfacet
  facet normal -0 0 -1
    outer loop
      vertex 226.652 66.466 0.5
      vertex 226.479 65.8954 0.5
      vertex 226.587 66.4823 0.5
    endloop
  endfacet
  facet normal 0 0 -1
    outer loop
      vertex 226.421 65.9111 0.5
      vertex 226.587 66.4823 0.5
      vertex 226.479 65.8954 0.5
    endloop
  endfacet
  facet normal -0 0 -1
    outer loop
      vertex 226.587 66.4823 0.5
      vertex 226.421 65.9111 0.5
      vertex 226.522 66.4971 0.5
    endloop
  endfacet
  facet normal 0 0 -1
    outer loop
      vertex 226.364 65.9246 0.5
      vertex 226.522 66.4971 0.5
      vertex 226.421 65.9111 0.5
    endloop
  endfacet
  facet normal -0 0 -1
    outer loop
      vertex 226.522 66.4971 0.5
      vertex 226.364 65.9246 0.5
      vertex 226.456 66.5103 0.5
    endloop
  endfacet
  facet normal 0 0 -1
    outer loop
      vertex 226.308 65.936 0.5
      vertex 226.456 66.5103 0.5
      vertex 226.364 65.9246 0.5
    endloop
  endfacet
  facet normal -0 0 -1
    outer loop
      vertex 226.456 66.5103 0.5
      vertex 226.308 65.936 0.5
      vertex 226.39 66.522 0.5
    endloop
  endfacet
  facet normal 0 0 -1
    outer loop
      vertex 226.252 65.9454 0.5
      vertex 226.39 66.522 0.5
      vertex 226.308 65.936 0.5
    endloop
  endfacet
  facet normal -0 0 -1
    outer loop
      vertex 226.39 66.522 0.5
      vertex 226.252 65.9454 0.5
      vertex 226.324 66.5321 0.5
    endloop
  endfacet
  facet normal 0 0 -1
    outer loop
      vertex 226.196 65.9526 0.5
      vertex 226.324 66.5321 0.5
      vertex 226.252 65.9454 0.5
    endloop
  endfacet
  facet normal -0 0 -1
    outer loop
      vertex 226.324 66.5321 0.5
      vertex 226.196 65.9526 0.5
      vertex 226.258 66.5406 0.5
    endloop
  endfacet
  facet normal 0 0 -1
    outer loop
      vertex 226.141 65.9578 0.5
      vertex 226.258 66.5406 0.5
      vertex 226.196 65.9526 0.5
    endloop
  endfacet
  facet normal -0 0 -1
    outer loop
      vertex 226.258 66.5406 0.5
      vertex 226.141 65.9578 0.5
      vertex 226.19 66.5476 0.5
    endloop
  endfacet
  facet normal 0 0 -1
    outer loop
      vertex 226.141 65.9578 0.5
      vertex 226.123 66.5531 0.5
      vertex 226.19 66.5476 0.5
    endloop
  endfacet
  facet normal 0 0 -1
    outer loop
      vertex 226.086 65.961 0.5
      vertex 226.123 66.5531 0.5
      vertex 226.141 65.9578 0.5
    endloop
  endfacet
  facet normal 0 0 -1
    outer loop
      vertex 226.086 65.961 0.5
      vertex 226.054 66.557 0.5
      vertex 226.123 66.5531 0.5
    endloop
  endfacet
  facet normal 0 0 -1
    outer loop
      vertex 226.032 65.962 0.5
      vertex 226.054 66.557 0.5
      vertex 226.086 65.961 0.5
    endloop
  endfacet
  facet normal 0 0 -1
    outer loop
      vertex 226.032 65.962 0.5
      vertex 225.985 66.5593 0.5
      vertex 226.054 66.557 0.5
    endloop
  endfacet
  facet normal 0 0 -1
    outer loop
      vertex 225.919 65.9574 0.5
      vertex 225.985 66.5593 0.5
      vertex 226.032 65.962 0.5
    endloop
  endfacet
  facet normal 0 0 -1
    outer loop
      vertex 225.919 65.9574 0.5
      vertex 225.916 66.5601 0.5
      vertex 225.985 66.5593 0.5
    endloop
  endfacet
  facet normal 0 0 -1
    outer loop
      vertex 225.813 65.9435 0.5
      vertex 225.916 66.5601 0.5
      vertex 225.919 65.9574 0.5
    endloop
  endfacet
  facet normal 0 0 -1
    outer loop
      vertex 225.702 66.5498 0.5
      vertex 225.813 65.9435 0.5
      vertex 225.715 65.9203 0.5
    endloop
  endfacet
  facet normal 0 0 -1
    outer loop
      vertex 225.813 65.9435 0.5
      vertex 225.702 66.5498 0.5
      vertex 225.916 66.5601 0.5
    endloop
  endfacet
  facet normal 0 0 -1
    outer loop
      vertex 225.502 66.5191 0.5
      vertex 225.715 65.9203 0.5
      vertex 225.624 65.8879 0.5
    endloop
  endfacet
  facet normal 0 0 -1
    outer loop
      vertex 225.315 66.4679 0.5
      vertex 225.624 65.8879 0.5
      vertex 225.541 65.8462 0.5
    endloop
  endfacet
  facet normal 0 0 -1
    outer loop
      vertex 225.715 65.9203 0.5
      vertex 225.502 66.5191 0.5
      vertex 225.702 66.5498 0.5
    endloop
  endfacet
  facet normal 0 0 -1
    outer loop
      vertex 225.141 66.3962 0.5
      vertex 225.541 65.8462 0.5
      vertex 225.465 65.7953 0.5
    endloop
  endfacet
  facet normal 0 0 -1
    outer loop
      vertex 224.981 66.304 0.5
      vertex 225.465 65.7953 0.5
      vertex 225.396 65.7351 0.5
    endloop
  endfacet
  facet normal 0 0 -1
    outer loop
      vertex 224.835 66.1913 0.5
      vertex 225.396 65.7351 0.5
      vertex 225.335 65.6658 0.5
    endloop
  endfacet
  facet normal 0 0 -1
    outer loop
      vertex 225.624 65.8879 0.5
      vertex 225.315 66.4679 0.5
      vertex 225.502 66.5191 0.5
    endloop
  endfacet
  facet normal 0 0 -1
    outer loop
      vertex 224.702 66.0581 0.5
      vertex 225.335 65.6658 0.5
      vertex 225.281 65.5876 0.5
    endloop
  endfacet
  facet normal 0 0 -1
    outer loop
      vertex 224.584 65.907 0.5
      vertex 225.281 65.5876 0.5
      vertex 225.235 65.5003 0.5
    endloop
  endfacet
  facet normal 0 0 -1
    outer loop
      vertex 224.485 65.7406 0.5
      vertex 225.235 65.5003 0.5
      vertex 225.197 65.4041 0.5
    endloop
  endfacet
  facet normal 0 0 -1
    outer loop
      vertex 224.404 65.5588 0.5
      vertex 225.197 65.4041 0.5
      vertex 225.167 65.2989 0.5
    endloop
  endfacet
  facet normal 0 0 -1
    outer loop
      vertex 224.34 65.3617 0.5
      vertex 225.167 65.2989 0.5
      vertex 225.145 65.1848 0.5
    endloop
  endfacet
  facet normal 0 0 -1
    outer loop
      vertex 225.541 65.8462 0.5
      vertex 225.141 66.3962 0.5
      vertex 225.315 66.4679 0.5
    endloop
  endfacet
  facet normal 0 0 -1
    outer loop
      vertex 224.34 65.3617 0.5
      vertex 225.145 65.1848 0.5
      vertex 225.13 65.0617 0.5
    endloop
  endfacet
  facet normal -0 0 -1
    outer loop
      vertex 225.276 63.7793 0.5
      vertex 224.537 63.4963 0.5
      vertex 225.259 63.8459 0.5
    endloop
  endfacet
  facet normal 0 -0 -1
    outer loop
      vertex 224.268 64.9213 0.5
      vertex 225.13 65.0617 0.5
      vertex 224.259 64.6781 0.5
    endloop
  endfacet
  facet normal 0 0 -1
    outer loop
      vertex 224.452 63.6534 0.5
      vertex 225.259 63.8459 0.5
      vertex 224.537 63.4963 0.5
    endloop
  endfacet
  facet normal 0 -0 -1
    outer loop
      vertex 224.295 65.1492 0.5
      vertex 225.13 65.0617 0.5
      vertex 224.268 64.9213 0.5
    endloop
  endfacet
  facet normal -0 0 -1
    outer loop
      vertex 225.259 63.8459 0.5
      vertex 224.452 63.6534 0.5
      vertex 225.247 63.9189 0.5
    endloop
  endfacet
  facet normal 0 -0 -1
    outer loop
      vertex 224.34 65.3617 0.5
      vertex 225.13 65.0617 0.5
      vertex 224.295 65.1492 0.5
    endloop
  endfacet
  facet normal 0 0 -1
    outer loop
      vertex 224.383 63.8265 0.5
      vertex 225.247 63.9189 0.5
      vertex 224.452 63.6534 0.5
    endloop
  endfacet
  facet normal 0 0 -1
    outer loop
      vertex 225.167 65.2989 0.5
      vertex 224.34 65.3617 0.5
      vertex 224.404 65.5588 0.5
    endloop
  endfacet
  facet normal -0 0 -1
    outer loop
      vertex 225.247 63.9189 0.5
      vertex 224.383 63.8265 0.5
      vertex 225.239 63.9981 0.5
    endloop
  endfacet
  facet normal 0 0 -1
    outer loop
      vertex 225.197 65.4041 0.5
      vertex 224.404 65.5588 0.5
      vertex 224.485 65.7406 0.5
    endloop
  endfacet
  facet normal 0 0 -1
    outer loop
      vertex 225.237 64.0838 0.5
      vertex 224.383 63.8265 0.5
      vertex 224.329 64.0155 0.5
    endloop
  endfacet
  facet normal 0 0 -1
    outer loop
      vertex 225.465 65.7953 0.5
      vertex 224.981 66.304 0.5
      vertex 225.141 66.3962 0.5
    endloop
  endfacet
  facet normal -0 0 -1
    outer loop
      vertex 225.239 64.1694 0.5
      vertex 224.329 64.0155 0.5
      vertex 224.29 64.2204 0.5
    endloop
  endfacet
  facet normal 0 0 -1
    outer loop
      vertex 225.396 65.7351 0.5
      vertex 224.835 66.1913 0.5
      vertex 224.981 66.304 0.5
    endloop
  endfacet
  facet normal 0 0 -1
    outer loop
      vertex 225.239 64.1694 0.5
      vertex 224.29 64.2204 0.5
      vertex 224.267 64.4413 0.5
    endloop
  endfacet
  facet normal 0 0 -1
    outer loop
      vertex 225.281 65.5876 0.5
      vertex 224.584 65.907 0.5
      vertex 224.702 66.0581 0.5
    endloop
  endfacet
  facet normal 0 0 -1
    outer loop
      vertex 225.239 64.1694 0.5
      vertex 224.267 64.4413 0.5
      vertex 225.13 65.0617 0.5
    endloop
  endfacet
  facet normal 0 0 -1
    outer loop
      vertex 225.235 65.5003 0.5
      vertex 224.485 65.7406 0.5
      vertex 224.584 65.907 0.5
    endloop
  endfacet
  facet normal 0 0 -1
    outer loop
      vertex 225.13 65.0617 0.5
      vertex 224.267 64.4413 0.5
      vertex 224.259 64.6781 0.5
    endloop
  endfacet
  facet normal 0 0 -1
    outer loop
      vertex 225.335 65.6658 0.5
      vertex 224.702 66.0581 0.5
      vertex 224.835 66.1913 0.5
    endloop
  endfacet
  facet normal 0 0 -1
    outer loop
      vertex 223.085 64.8553 0.5
      vertex 222.642 65.4541 0.5
      vertex 222.644 65.505 0.5
    endloop
  endfacet
  facet normal 0 0 -1
    outer loop
      vertex 223.085 64.8553 0.5
      vertex 222.635 65.4068 0.5
      vertex 222.642 65.4541 0.5
    endloop
  endfacet
  facet normal 0 0 -1
    outer loop
      vertex 223.085 64.8553 0.5
      vertex 222.623 65.3633 0.5
      vertex 222.635 65.4068 0.5
    endloop
  endfacet
  facet normal 0 0 -1
    outer loop
      vertex 222.561 64.4495 0.5
      vertex 223.085 64.8553 0.5
      vertex 222.609 64.4237 0.5
    endloop
  endfacet
  facet normal 0 0 -1
    outer loop
      vertex 223.085 64.8553 0.5
      vertex 222.607 65.3234 0.5
      vertex 222.623 65.3633 0.5
    endloop
  endfacet
  facet normal 0 0 -1
    outer loop
      vertex 223.085 64.8553 0.5
      vertex 222.587 65.2871 0.5
      vertex 222.607 65.3234 0.5
    endloop
  endfacet
  facet normal 0 0 -1
    outer loop
      vertex 223.085 64.8553 0.5
      vertex 222.562 65.2545 0.5
      vertex 222.587 65.2871 0.5
    endloop
  endfacet
  facet normal 0 0 -1
    outer loop
      vertex 222.498 65.2005 0.5
      vertex 223.085 64.8553 0.5
      vertex 222.561 64.4495 0.5
    endloop
  endfacet
  facet normal 0 0 -1
    outer loop
      vertex 223.085 64.8553 0.5
      vertex 222.532 65.2257 0.5
      vertex 222.562 65.2545 0.5
    endloop
  endfacet
  facet normal 0 0 -1
    outer loop
      vertex 222.498 65.2005 0.5
      vertex 222.561 64.4495 0.5
      vertex 222.507 64.4707 0.5
    endloop
  endfacet
  facet normal 0 0 -1
    outer loop
      vertex 223.085 64.8553 0.5
      vertex 222.498 65.2005 0.5
      vertex 222.532 65.2257 0.5
    endloop
  endfacet
  facet normal 0 0 -1
    outer loop
      vertex 222.507 64.4707 0.5
      vertex 222.46 65.1793 0.5
      vertex 222.498 65.2005 0.5
    endloop
  endfacet
  facet normal 0 0 -1
    outer loop
      vertex 222.448 64.4871 0.5
      vertex 222.46 65.1793 0.5
      vertex 222.507 64.4707 0.5
    endloop
  endfacet
  facet normal 0 0 -1
    outer loop
      vertex 222.448 64.4871 0.5
      vertex 222.418 65.1619 0.5
      vertex 222.46 65.1793 0.5
    endloop
  endfacet
  facet normal 0 0 -1
    outer loop
      vertex 222.371 65.1483 0.5
      vertex 222.448 64.4871 0.5
      vertex 222.383 64.4989 0.5
    endloop
  endfacet
  facet normal 0 0 -1
    outer loop
      vertex 222.448 64.4871 0.5
      vertex 222.371 65.1483 0.5
      vertex 222.418 65.1619 0.5
    endloop
  endfacet
  facet normal 0 0 -1
    outer loop
      vertex 222.383 64.4989 0.5
      vertex 222.32 65.1387 0.5
      vertex 222.371 65.1483 0.5
    endloop
  endfacet
  facet normal 0 0 -1
    outer loop
      vertex 222.312 64.5059 0.5
      vertex 222.32 65.1387 0.5
      vertex 222.383 64.4989 0.5
    endloop
  endfacet
  facet normal 0 0 -1
    outer loop
      vertex 222.312 64.5059 0.5
      vertex 222.264 65.1329 0.5
      vertex 222.32 65.1387 0.5
    endloop
  endfacet
  facet normal 0 0 -1
    outer loop
      vertex 222.236 64.5082 0.5
      vertex 222.264 65.1329 0.5
      vertex 222.312 64.5059 0.5
    endloop
  endfacet
  facet normal 0 0 -1
    outer loop
      vertex 222.236 64.5082 0.5
      vertex 222.205 65.131 0.5
      vertex 222.264 65.1329 0.5
    endloop
  endfacet
  facet normal 0 0 -1
    outer loop
      vertex 221.699 64.5082 0.5
      vertex 222.205 65.131 0.5
      vertex 222.236 64.5082 0.5
    endloop
  endfacet
  facet normal -0 0 -1
    outer loop
      vertex 222.205 65.131 0.5
      vertex 221.699 64.5082 0.5
      vertex 221.699 65.131 0.5
    endloop
  endfacet
  facet normal 0 0 -1
    outer loop
      vertex 223.702 63.9744 0.5
      vertex 222.786 63.9835 0.5
      vertex 222.789 64.0481 0.5
    endloop
  endfacet
  facet normal 0 0 -1
    outer loop
      vertex 222.993 63.0403 0.5
      vertex 222.777 63.9236 0.5
      vertex 222.786 63.9835 0.5
    endloop
  endfacet
  facet normal 0 0 -1
    outer loop
      vertex 222.993 63.0403 0.5
      vertex 222.763 63.8686 0.5
      vertex 222.777 63.9236 0.5
    endloop
  endfacet
  facet normal 0 0 -1
    outer loop
      vertex 222.993 63.0403 0.5
      vertex 222.743 63.8185 0.5
      vertex 222.763 63.8686 0.5
    endloop
  endfacet
  facet normal 0 0 -1
    outer loop
      vertex 222.993 63.0403 0.5
      vertex 222.718 63.7732 0.5
      vertex 222.743 63.8185 0.5
    endloop
  endfacet
  facet normal 0 0 -1
    outer loop
      vertex 222.993 63.0403 0.5
      vertex 222.687 63.7327 0.5
      vertex 222.718 63.7732 0.5
    endloop
  endfacet
  facet normal 0 0 -1
    outer loop
      vertex 222.559 63.6402 0.5
      vertex 222.842 63.0044 0.5
      vertex 222.677 62.9787 0.5
    endloop
  endfacet
  facet normal 0 0 -1
    outer loop
      vertex 222.993 63.0403 0.5
      vertex 222.65 63.6971 0.5
      vertex 222.687 63.7327 0.5
    endloop
  endfacet
  facet normal 0 0 -1
    outer loop
      vertex 222.993 63.0403 0.5
      vertex 222.607 63.6663 0.5
      vertex 222.65 63.6971 0.5
    endloop
  endfacet
  facet normal 0 0 -1
    outer loop
      vertex 222.842 63.0044 0.5
      vertex 222.559 63.6402 0.5
      vertex 222.607 63.6663 0.5
    endloop
  endfacet
  facet normal 0 0 -1
    outer loop
      vertex 222.677 62.9787 0.5
      vertex 222.506 63.6188 0.5
      vertex 222.559 63.6402 0.5
    endloop
  endfacet
  facet normal 0 0 -1
    outer loop
      vertex 222.447 63.6022 0.5
      vertex 222.677 62.9787 0.5
      vertex 222.497 62.9633 0.5
    endloop
  endfacet
  facet normal 0 0 -1
    outer loop
      vertex 222.677 62.9787 0.5
      vertex 222.447 63.6022 0.5
      vertex 222.506 63.6188 0.5
    endloop
  endfacet
  facet normal 0 0 -1
    outer loop
      vertex 222.497 62.9633 0.5
      vertex 222.382 63.5904 0.5
      vertex 222.447 63.6022 0.5
    endloop
  endfacet
  facet normal 0 0 -1
    outer loop
      vertex 222.302 62.9582 0.5
      vertex 222.382 63.5904 0.5
      vertex 222.497 62.9633 0.5
    endloop
  endfacet
  facet normal 0 0 -1
    outer loop
      vertex 222.382 63.5904 0.5
      vertex 222.302 62.9582 0.5
      vertex 222.312 63.5833 0.5
    endloop
  endfacet
  facet normal 0 0 -1
    outer loop
      vertex 222.302 62.9582 0.5
      vertex 222.236 63.5809 0.5
      vertex 222.312 63.5833 0.5
    endloop
  endfacet
  facet normal 0 0 -1
    outer loop
      vertex 222.302 62.9582 0.5
      vertex 221.699 63.5809 0.5
      vertex 222.236 63.5809 0.5
    endloop
  endfacet
  facet normal 0 0 -1
    outer loop
      vertex 220.786 62.9582 0.5
      vertex 221.699 64.5082 0.5
      vertex 221.699 63.5809 0.5
    endloop
  endfacet
  facet normal 0 0 -1
    outer loop
      vertex 220.786 66.5018 0.5
      vertex 221.699 64.5082 0.5
      vertex 220.786 62.9582 0.5
    endloop
  endfacet
  facet normal 0 0 -1
    outer loop
      vertex 221.699 64.5082 0.5
      vertex 220.786 66.5018 0.5
      vertex 221.699 65.131 0.5
    endloop
  endfacet
  facet normal 0 0 -1
    outer loop
      vertex 220.786 62.9582 0.5
      vertex 221.699 63.5809 0.5
      vertex 222.302 62.9582 0.5
    endloop
  endfacet
  facet normal 0 0 -1
    outer loop
      vertex 222.786 63.9835 0.5
      vertex 223.702 63.9744 0.5
      vertex 223.695 63.8332 0.5
    endloop
  endfacet
  facet normal 0 0 -1
    outer loop
      vertex 223.702 63.9744 0.5
      vertex 222.789 64.0481 0.5
      vertex 223.699 64.0679 0.5
    endloop
  endfacet
  facet normal 0 0 -1
    outer loop
      vertex 222.786 63.9835 0.5
      vertex 223.695 63.8332 0.5
      vertex 223.674 63.7027 0.5
    endloop
  endfacet
  facet normal -0 0 -1
    outer loop
      vertex 223.699 64.0679 0.5
      vertex 222.789 64.0481 0.5
      vertex 223.689 64.1572 0.5
    endloop
  endfacet
  facet normal 0 0 -1
    outer loop
      vertex 222.786 64.1115 0.5
      vertex 223.689 64.1572 0.5
      vertex 222.789 64.0481 0.5
    endloop
  endfacet
  facet normal 0 0 -1
    outer loop
      vertex 222.786 63.9835 0.5
      vertex 223.674 63.7027 0.5
      vertex 223.639 63.5828 0.5
    endloop
  endfacet
  facet normal -0 0 -1
    outer loop
      vertex 223.689 64.1572 0.5
      vertex 222.786 64.1115 0.5
      vertex 223.673 64.2421 0.5
    endloop
  endfacet
  facet normal 0 0 -1
    outer loop
      vertex 222.786 63.9835 0.5
      vertex 223.639 63.5828 0.5
      vertex 223.589 63.4735 0.5
    endloop
  endfacet
  facet normal -0 0 -1
    outer loop
      vertex 223.673 64.2421 0.5
      vertex 222.786 64.1115 0.5
      vertex 223.65 64.3229 0.5
    endloop
  endfacet
  facet normal -0 0 -1
    outer loop
      vertex 223.65 64.3229 0.5
      vertex 222.786 64.1115 0.5
      vertex 223.62 64.3993 0.5
    endloop
  endfacet
  facet normal 0 0 -1
    outer loop
      vertex 222.786 63.9835 0.5
      vertex 223.589 63.4735 0.5
      vertex 223.526 63.375 0.5
    endloop
  endfacet
  facet normal 0 0 -1
    outer loop
      vertex 222.777 64.1702 0.5
      vertex 223.62 64.3993 0.5
      vertex 222.786 64.1115 0.5
    endloop
  endfacet
  facet normal 0 0 -1
    outer loop
      vertex 222.786 63.9835 0.5
      vertex 223.526 63.375 0.5
      vertex 223.448 63.2871 0.5
    endloop
  endfacet
  facet normal -0 0 -1
    outer loop
      vertex 223.62 64.3993 0.5
      vertex 222.777 64.1702 0.5
      vertex 223.584 64.4715 0.5
    endloop
  endfacet
  facet normal -0 0 -1
    outer loop
      vertex 223.584 64.4715 0.5
      vertex 222.777 64.1702 0.5
      vertex 223.541 64.5395 0.5
    endloop
  endfacet
  facet normal 0 0 -1
    outer loop
      vertex 222.786 63.9835 0.5
      vertex 223.448 63.2871 0.5
      vertex 223.356 63.2099 0.5
    endloop
  endfacet
  facet normal 0 0 -1
    outer loop
      vertex 222.763 64.2242 0.5
      vertex 223.541 64.5395 0.5
      vertex 222.777 64.1702 0.5
    endloop
  endfacet
  facet normal 0 0 -1
    outer loop
      vertex 222.786 63.9835 0.5
      vertex 223.356 63.2099 0.5
      vertex 223.25 63.1431 0.5
    endloop
  endfacet
  facet normal -0 0 -1
    outer loop
      vertex 223.541 64.5395 0.5
      vertex 222.763 64.2242 0.5
      vertex 223.492 64.6023 0.5
    endloop
  endfacet
  facet normal -0 0 -1
    outer loop
      vertex 223.492 64.6023 0.5
      vertex 222.763 64.2242 0.5
      vertex 223.438 64.6593 0.5
    endloop
  endfacet
  facet normal 0 0 -1
    outer loop
      vertex 222.786 63.9835 0.5
      vertex 223.25 63.1431 0.5
      vertex 223.128 63.0866 0.5
    endloop
  endfacet
  facet normal -0 0 -1
    outer loop
      vertex 223.438 64.6593 0.5
      vertex 222.763 64.2242 0.5
      vertex 223.378 64.7103 0.5
    endloop
  endfacet
  facet normal 0 0 -1
    outer loop
      vertex 222.744 64.2735 0.5
      vertex 223.378 64.7103 0.5
      vertex 222.763 64.2242 0.5
    endloop
  endfacet
  facet normal 0 0 -1
    outer loop
      vertex 222.786 63.9835 0.5
      vertex 223.128 63.0866 0.5
      vertex 222.993 63.0403 0.5
    endloop
  endfacet
  facet normal -0 0 -1
    outer loop
      vertex 223.313 64.7554 0.5
      vertex 222.744 64.2735 0.5
      vertex 223.243 64.7946 0.5
    endloop
  endfacet
  facet normal 0 0 -1
    outer loop
      vertex 222.607 63.6663 0.5
      vertex 222.993 63.0403 0.5
      vertex 222.842 63.0044 0.5
    endloop
  endfacet
  facet normal -0 0 -1
    outer loop
      vertex 223.378 64.7103 0.5
      vertex 222.744 64.2735 0.5
      vertex 223.313 64.7554 0.5
    endloop
  endfacet
  facet normal -0 0 -1
    outer loop
      vertex 223.243 64.7946 0.5
      vertex 222.744 64.2735 0.5
      vertex 223.167 64.8279 0.5
    endloop
  endfacet
  facet normal 0 0 -1
    outer loop
      vertex 222.718 64.3181 0.5
      vertex 223.167 64.8279 0.5
      vertex 222.744 64.2735 0.5
    endloop
  endfacet
  facet normal 0 0 -1
    outer loop
      vertex 222.642 65.5554 0.5
      vertex 223.085 64.8553 0.5
      vertex 222.644 65.505 0.5
    endloop
  endfacet
  facet normal -0 0 -1
    outer loop
      vertex 223.167 64.8279 0.5
      vertex 222.718 64.3181 0.5
      vertex 223.085 64.8553 0.5
    endloop
  endfacet
  facet normal 0 0 -1
    outer loop
      vertex 222.688 64.358 0.5
      vertex 223.085 64.8553 0.5
      vertex 222.718 64.3181 0.5
    endloop
  endfacet
  facet normal 0 0 -1
    outer loop
      vertex 223.085 64.8553 0.5
      vertex 222.642 65.5554 0.5
      vertex 223.004 66.388 0.5
    endloop
  endfacet
  facet normal 0 0 -1
    outer loop
      vertex 222.651 64.3932 0.5
      vertex 223.085 64.8553 0.5
      vertex 222.688 64.358 0.5
    endloop
  endfacet
  facet normal 0 0 -1
    outer loop
      vertex 222.609 64.4237 0.5
      vertex 223.085 64.8553 0.5
      vertex 222.651 64.3932 0.5
    endloop
  endfacet
  facet normal 0 0 -1
    outer loop
      vertex 222.635 65.6022 0.5
      vertex 223.004 66.388 0.5
      vertex 222.642 65.5554 0.5
    endloop
  endfacet
  facet normal 0 0 -1
    outer loop
      vertex 222.623 65.6454 0.5
      vertex 223.004 66.388 0.5
      vertex 222.635 65.6022 0.5
    endloop
  endfacet
  facet normal 0 0 -1
    outer loop
      vertex 222.607 65.6852 0.5
      vertex 223.004 66.388 0.5
      vertex 222.623 65.6454 0.5
    endloop
  endfacet
  facet normal 0 0 -1
    outer loop
      vertex 222.587 65.7214 0.5
      vertex 223.004 66.388 0.5
      vertex 222.607 65.6852 0.5
    endloop
  endfacet
  facet normal 0 0 -1
    outer loop
      vertex 222.562 65.7541 0.5
      vertex 223.004 66.388 0.5
      vertex 222.587 65.7214 0.5
    endloop
  endfacet
  facet normal -0 0 -1
    outer loop
      vertex 223.004 66.388 0.5
      vertex 222.562 65.7541 0.5
      vertex 222.868 66.429 0.5
    endloop
  endfacet
  facet normal 0 0 -1
    outer loop
      vertex 222.532 65.7832 0.5
      vertex 222.868 66.429 0.5
      vertex 222.562 65.7541 0.5
    endloop
  endfacet
  facet normal 0 0 -1
    outer loop
      vertex 222.498 65.8087 0.5
      vertex 222.868 66.429 0.5
      vertex 222.532 65.7832 0.5
    endloop
  endfacet
  facet normal -0 0 -1
    outer loop
      vertex 222.868 66.429 0.5
      vertex 222.498 65.8087 0.5
      vertex 222.715 66.4609 0.5
    endloop
  endfacet
  facet normal 0 0 -1
    outer loop
      vertex 222.46 65.8302 0.5
      vertex 222.715 66.4609 0.5
      vertex 222.498 65.8087 0.5
    endloop
  endfacet
  facet normal -0 0 -1
    outer loop
      vertex 222.715 66.4609 0.5
      vertex 222.46 65.8302 0.5
      vertex 222.546 66.4836 0.5
    endloop
  endfacet
  facet normal 0 0 -1
    outer loop
      vertex 222.418 65.8478 0.5
      vertex 222.546 66.4836 0.5
      vertex 222.46 65.8302 0.5
    endloop
  endfacet
  facet normal 0 0 -1
    outer loop
      vertex 222.371 65.8615 0.5
      vertex 222.546 66.4836 0.5
      vertex 222.418 65.8478 0.5
    endloop
  endfacet
  facet normal 0 0 -1
    outer loop
      vertex 222.371 65.8615 0.5
      vertex 222.36 66.4973 0.5
      vertex 222.546 66.4836 0.5
    endloop
  endfacet
  facet normal 0 0 -1
    outer loop
      vertex 222.32 65.8713 0.5
      vertex 222.36 66.4973 0.5
      vertex 222.371 65.8615 0.5
    endloop
  endfacet
  facet normal 0 0 -1
    outer loop
      vertex 222.264 65.8772 0.5
      vertex 222.36 66.4973 0.5
      vertex 222.32 65.8713 0.5
    endloop
  endfacet
  facet normal 0 0 -1
    outer loop
      vertex 222.157 66.5018 0.5
      vertex 222.264 65.8772 0.5
      vertex 222.205 65.8791 0.5
    endloop
  endfacet
  facet normal 0 0 -1
    outer loop
      vertex 222.264 65.8772 0.5
      vertex 222.157 66.5018 0.5
      vertex 222.36 66.4973 0.5
    endloop
  endfacet
  facet normal 0 0 -1
    outer loop
      vertex 221.699 65.8791 0.5
      vertex 222.157 66.5018 0.5
      vertex 222.205 65.8791 0.5
    endloop
  endfacet
  facet normal 0 0 -1
    outer loop
      vertex 221.699 65.8791 0.5
      vertex 220.786 66.5018 0.5
      vertex 222.157 66.5018 0.5
    endloop
  endfacet
  facet normal 0 0 -1
    outer loop
      vertex 221.699 65.131 0.5
      vertex 220.786 66.5018 0.5
      vertex 221.699 65.8791 0.5
    endloop
  endfacet
  facet normal 0 0 -1
    outer loop
      vertex 223.085 64.8553 0.5
      vertex 223.558 65.5647 0.5
      vertex 223.555 65.4924 0.5
    endloop
  endfacet
  facet normal 0 0 -1
    outer loop
      vertex 223.085 64.8553 0.5
      vertex 223.555 65.4924 0.5
      vertex 223.548 65.4232 0.5
    endloop
  endfacet
  facet normal 0 0 -1
    outer loop
      vertex 223.149 64.8822 0.5
      vertex 223.548 65.4232 0.5
      vertex 223.535 65.3572 0.5
    endloop
  endfacet
  facet normal -0 0 -1
    outer loop
      vertex 223.558 65.5647 0.5
      vertex 223.085 64.8553 0.5
      vertex 223.551 65.6995 0.5
    endloop
  endfacet
  facet normal 0 0 -1
    outer loop
      vertex 223.149 64.8822 0.5
      vertex 223.535 65.3572 0.5
      vertex 223.518 65.2943 0.5
    endloop
  endfacet
  facet normal 0 0 -1
    outer loop
      vertex 223.004 66.388 0.5
      vertex 223.551 65.6995 0.5
      vertex 223.085 64.8553 0.5
    endloop
  endfacet
  facet normal 0 0 -1
    outer loop
      vertex 223.208 64.9131 0.5
      vertex 223.518 65.2943 0.5
      vertex 223.496 65.2346 0.5
    endloop
  endfacet
  facet normal 0 0 -1
    outer loop
      vertex 223.208 64.9131 0.5
      vertex 223.496 65.2346 0.5
      vertex 223.469 65.178 0.5
    endloop
  endfacet
  facet normal 0 0 -1
    outer loop
      vertex 223.551 65.6995 0.5
      vertex 223.004 66.388 0.5
      vertex 223.531 65.8234 0.5
    endloop
  endfacet
  facet normal 0 0 -1
    outer loop
      vertex 223.208 64.9131 0.5
      vertex 223.469 65.178 0.5
      vertex 223.437 65.1245 0.5
    endloop
  endfacet
  facet normal 0 0 -1
    outer loop
      vertex 223.208 64.9131 0.5
      vertex 223.437 65.1245 0.5
      vertex 223.4 65.0746 0.5
    endloop
  endfacet
  facet normal 0 0 -1
    outer loop
      vertex 223.548 65.4232 0.5
      vertex 223.149 64.8822 0.5
      vertex 223.085 64.8553 0.5
    endloop
  endfacet
  facet normal 0 0 -1
    outer loop
      vertex 223.208 64.9131 0.5
      vertex 223.4 65.0746 0.5
      vertex 223.359 65.0285 0.5
    endloop
  endfacet
  facet normal 0 0 -1
    outer loop
      vertex 223.531 65.8234 0.5
      vertex 223.124 66.338 0.5
      vertex 223.497 65.9364 0.5
    endloop
  endfacet
  facet normal 0 0 -1
    outer loop
      vertex 223.263 64.9477 0.5
      vertex 223.359 65.0285 0.5
      vertex 223.313 64.9862 0.5
    endloop
  endfacet
  facet normal 0 0 -1
    outer loop
      vertex 223.208 64.9131 0.5
      vertex 223.359 65.0285 0.5
      vertex 223.263 64.9477 0.5
    endloop
  endfacet
  facet normal 0 0 -1
    outer loop
      vertex 223.518 65.2943 0.5
      vertex 223.208 64.9131 0.5
      vertex 223.149 64.8822 0.5
    endloop
  endfacet
  facet normal -0 -0 -1
    outer loop
      vertex 223.227 66.2788 0.5
      vertex 223.497 65.9364 0.5
      vertex 223.124 66.338 0.5
    endloop
  endfacet
  facet normal 0 0 -1
    outer loop
      vertex 223.497 65.9364 0.5
      vertex 223.227 66.2788 0.5
      vertex 223.45 66.0384 0.5
    endloop
  endfacet
  facet normal 0 0 -1
    outer loop
      vertex 223.389 66.1295 0.5
      vertex 223.227 66.2788 0.5
      vertex 223.314 66.2096 0.5
    endloop
  endfacet
  facet normal 0 0 -1
    outer loop
      vertex 223.45 66.0384 0.5
      vertex 223.227 66.2788 0.5
      vertex 223.389 66.1295 0.5
    endloop
  endfacet
  facet normal 0 0 -1
    outer loop
      vertex 223.531 65.8234 0.5
      vertex 223.004 66.388 0.5
      vertex 223.124 66.338 0.5
    endloop
  endfacet
  facet normal 0 0 -1
    outer loop
      vertex 209.768 9.21039 0.5
      vertex 209.46 9.87819 0.5
      vertex 209.464 9.94751 0.5
    endloop
  endfacet
  facet normal 0 0 -1
    outer loop
      vertex 209.768 9.21039 0.5
      vertex 209.448 9.81412 0.5
      vertex 209.46 9.87819 0.5
    endloop
  endfacet
  facet normal 0 0 -1
    outer loop
      vertex 209.392 8.59001 0.5
      vertex 209.768 9.21039 0.5
      vertex 209.443 8.54105 0.5
    endloop
  endfacet
  facet normal 0 0 -1
    outer loop
      vertex 209.768 9.21039 0.5
      vertex 209.428 9.75531 0.5
      vertex 209.448 9.81412 0.5
    endloop
  endfacet
  facet normal 0 0 -1
    outer loop
      vertex 209.768 9.21039 0.5
      vertex 209.401 9.70174 0.5
      vertex 209.428 9.75531 0.5
    endloop
  endfacet
  facet normal 0 0 -1
    outer loop
      vertex 209.332 8.63348 0.5
      vertex 209.768 9.21039 0.5
      vertex 209.392 8.59001 0.5
    endloop
  endfacet
  facet normal 0 0 -1
    outer loop
      vertex 209.768 9.21039 0.5
      vertex 209.366 9.65341 0.5
      vertex 209.401 9.70174 0.5
    endloop
  endfacet
  facet normal 0 0 -1
    outer loop
      vertex 209.263 8.67131 0.5
      vertex 209.768 9.21039 0.5
      vertex 209.332 8.63348 0.5
    endloop
  endfacet
  facet normal 0 0 -1
    outer loop
      vertex 209.768 9.21039 0.5
      vertex 209.322 9.61034 0.5
      vertex 209.366 9.65341 0.5
    endloop
  endfacet
  facet normal 0 0 -1
    outer loop
      vertex 209.768 9.21039 0.5
      vertex 209.271 9.57251 0.5
      vertex 209.322 9.61034 0.5
    endloop
  endfacet
  facet normal 0 0 -1
    outer loop
      vertex 209.185 8.70331 0.5
      vertex 209.768 9.21039 0.5
      vertex 209.263 8.67131 0.5
    endloop
  endfacet
  facet normal 0 0 -1
    outer loop
      vertex 209.768 9.21039 0.5
      vertex 209.212 9.53983 0.5
      vertex 209.271 9.57251 0.5
    endloop
  endfacet
  facet normal 0 0 -1
    outer loop
      vertex 209.145 9.51218 0.5
      vertex 209.768 9.21039 0.5
      vertex 209.185 8.70331 0.5
    endloop
  endfacet
  facet normal 0 0 -1
    outer loop
      vertex 209.768 9.21039 0.5
      vertex 209.145 9.51218 0.5
      vertex 209.212 9.53983 0.5
    endloop
  endfacet
  facet normal 0 0 -1
    outer loop
      vertex 209.098 8.72949 0.5
      vertex 209.145 9.51218 0.5
      vertex 209.185 8.70331 0.5
    endloop
  endfacet
  facet normal 0 0 -1
    outer loop
      vertex 209.098 8.72949 0.5
      vertex 209.069 9.48955 0.5
      vertex 209.145 9.51218 0.5
    endloop
  endfacet
  facet normal 0 0 -1
    outer loop
      vertex 209.003 8.74986 0.5
      vertex 209.069 9.48955 0.5
      vertex 209.098 8.72949 0.5
    endloop
  endfacet
  facet normal 0 0 -1
    outer loop
      vertex 209.003 8.74986 0.5
      vertex 208.986 9.47194 0.5
      vertex 209.069 9.48955 0.5
    endloop
  endfacet
  facet normal 0 0 -1
    outer loop
      vertex 208.899 8.7644 0.5
      vertex 208.986 9.47194 0.5
      vertex 209.003 8.74986 0.5
    endloop
  endfacet
  facet normal 0 0 -1
    outer loop
      vertex 208.899 8.7644 0.5
      vertex 208.894 9.45937 0.5
      vertex 208.986 9.47194 0.5
    endloop
  endfacet
  facet normal 0 0 -1
    outer loop
      vertex 208.899 8.7644 0.5
      vertex 208.794 9.45183 0.5
      vertex 208.894 9.45937 0.5
    endloop
  endfacet
  facet normal 0 0 -1
    outer loop
      vertex 208.786 8.77313 0.5
      vertex 208.794 9.45183 0.5
      vertex 208.899 8.7644 0.5
    endloop
  endfacet
  facet normal 0 0 -1
    outer loop
      vertex 208.786 8.77313 0.5
      vertex 208.685 9.44931 0.5
      vertex 208.794 9.45183 0.5
    endloop
  endfacet
  facet normal 0 0 -1
    outer loop
      vertex 208.664 8.77605 0.5
      vertex 208.685 9.44931 0.5
      vertex 208.786 8.77313 0.5
    endloop
  endfacet
  facet normal 0 0 -1
    outer loop
      vertex 208.246 9.44931 0.5
      vertex 208.664 8.77605 0.5
      vertex 208.246 8.77605 0.5
    endloop
  endfacet
  facet normal 0 0 -1
    outer loop
      vertex 208.664 8.77605 0.5
      vertex 208.246 9.44931 0.5
      vertex 208.685 9.44931 0.5
    endloop
  endfacet
  facet normal -0 0 -1
    outer loop
      vertex 210.603 8.17577 0.5
      vertex 209.554 8.13971 0.5
      vertex 209.559 8.21397 0.5
    endloop
  endfacet
  facet normal 0 0 -1
    outer loop
      vertex 209.844 7.10567 0.5
      vertex 209.541 8.07056 0.5
      vertex 209.554 8.13971 0.5
    endloop
  endfacet
  facet normal 0 0 -1
    outer loop
      vertex 209.844 7.10567 0.5
      vertex 209.518 8.0065 0.5
      vertex 209.541 8.07056 0.5
    endloop
  endfacet
  facet normal 0 0 -1
    outer loop
      vertex 209.844 7.10567 0.5
      vertex 209.487 7.94754 0.5
      vertex 209.518 8.0065 0.5
    endloop
  endfacet
  facet normal 0 0 -1
    outer loop
      vertex 209.271 7.76306 0.5
      vertex 209.669 7.04807 0.5
      vertex 209.477 7.00325 0.5
    endloop
  endfacet
  facet normal 0 0 -1
    outer loop
      vertex 209.844 7.10567 0.5
      vertex 209.446 7.89368 0.5
      vertex 209.487 7.94754 0.5
    endloop
  endfacet
  facet normal 0 0 -1
    outer loop
      vertex 209.844 7.10567 0.5
      vertex 209.396 7.84491 0.5
      vertex 209.446 7.89368 0.5
    endloop
  endfacet
  facet normal 0 0 -1
    outer loop
      vertex 209.669 7.04807 0.5
      vertex 209.338 7.80125 0.5
      vertex 209.396 7.84491 0.5
    endloop
  endfacet
  facet normal 0 0 -1
    outer loop
      vertex 209.669 7.04807 0.5
      vertex 209.271 7.76306 0.5
      vertex 209.338 7.80125 0.5
    endloop
  endfacet
  facet normal 0 0 -1
    outer loop
      vertex 209.196 7.73076 0.5
      vertex 209.477 7.00325 0.5
      vertex 209.267 6.97125 0.5
    endloop
  endfacet
  facet normal 0 0 -1
    outer loop
      vertex 209.477 7.00325 0.5
      vertex 209.196 7.73076 0.5
      vertex 209.271 7.76306 0.5
    endloop
  endfacet
  facet normal 0 0 -1
    outer loop
      vertex 209.267 6.97125 0.5
      vertex 209.113 7.70432 0.5
      vertex 209.196 7.73076 0.5
    endloop
  endfacet
  facet normal 0 0 -1
    outer loop
      vertex 209.022 7.68376 0.5
      vertex 209.267 6.97125 0.5
      vertex 209.041 6.95204 0.5
    endloop
  endfacet
  facet normal 0 0 -1
    outer loop
      vertex 209.267 6.97125 0.5
      vertex 209.022 7.68376 0.5
      vertex 209.113 7.70432 0.5
    endloop
  endfacet
  facet normal 0 0 -1
    outer loop
      vertex 209.041 6.95204 0.5
      vertex 208.923 7.66908 0.5
      vertex 209.022 7.68376 0.5
    endloop
  endfacet
  facet normal 0 0 -1
    outer loop
      vertex 208.797 6.94565 0.5
      vertex 208.923 7.66908 0.5
      vertex 209.041 6.95204 0.5
    endloop
  endfacet
  facet normal 0 0 -1
    outer loop
      vertex 208.923 7.66908 0.5
      vertex 208.797 6.94565 0.5
      vertex 208.816 7.66026 0.5
    endloop
  endfacet
  facet normal 0 0 -1
    outer loop
      vertex 208.702 7.65733 0.5
      vertex 208.797 6.94565 0.5
      vertex 208.707 6.94669 0.5
    endloop
  endfacet
  facet normal 0 0 -1
    outer loop
      vertex 208.797 6.94565 0.5
      vertex 208.702 7.65733 0.5
      vertex 208.816 7.66026 0.5
    endloop
  endfacet
  facet normal 0 0 -1
    outer loop
      vertex 208.618 6.94977 0.5
      vertex 208.702 7.65733 0.5
      vertex 208.707 6.94669 0.5
    endloop
  endfacet
  facet normal -0 0 -1
    outer loop
      vertex 208.702 7.65733 0.5
      vertex 208.618 6.94977 0.5
      vertex 208.622 7.65886 0.5
    endloop
  endfacet
  facet normal 0 0 -1
    outer loop
      vertex 208.529 6.95494 0.5
      vertex 208.622 7.65886 0.5
      vertex 208.618 6.94977 0.5
    endloop
  endfacet
  facet normal -0 0 -1
    outer loop
      vertex 208.622 7.65886 0.5
      vertex 208.529 6.95494 0.5
      vertex 208.541 7.66344 0.5
    endloop
  endfacet
  facet normal 0 0 -1
    outer loop
      vertex 208.44 6.96216 0.5
      vertex 208.541 7.66344 0.5
      vertex 208.529 6.95494 0.5
    endloop
  endfacet
  facet normal -0 0 -1
    outer loop
      vertex 208.541 7.66344 0.5
      vertex 208.44 6.96216 0.5
      vertex 208.46 7.67108 0.5
    endloop
  endfacet
  facet normal 0 0 -1
    outer loop
      vertex 208.35 6.97145 0.5
      vertex 208.46 7.67108 0.5
      vertex 208.44 6.96216 0.5
    endloop
  endfacet
  facet normal -0 0 -1
    outer loop
      vertex 208.46 7.67108 0.5
      vertex 208.35 6.97145 0.5
      vertex 208.379 7.68179 0.5
    endloop
  endfacet
  facet normal 0 0 -1
    outer loop
      vertex 208.261 6.98279 0.5
      vertex 208.379 7.68179 0.5
      vertex 208.35 6.97145 0.5
    endloop
  endfacet
  facet normal -0 0 -1
    outer loop
      vertex 208.379 7.68179 0.5
      vertex 208.261 6.98279 0.5
      vertex 208.298 7.69556 0.5
    endloop
  endfacet
  facet normal 0 0 -1
    outer loop
      vertex 208.171 6.9962 0.5
      vertex 208.298 7.69556 0.5
      vertex 208.261 6.98279 0.5
    endloop
  endfacet
  facet normal -0 0 -1
    outer loop
      vertex 208.298 7.69556 0.5
      vertex 208.171 6.9962 0.5
      vertex 208.216 7.71237 0.5
    endloop
  endfacet
  facet normal 0 0 -1
    outer loop
      vertex 208.082 7.01169 0.5
      vertex 208.216 7.71237 0.5
      vertex 208.171 6.9962 0.5
    endloop
  endfacet
  facet normal 0 0 -1
    outer loop
      vertex 207.993 7.02922 0.5
      vertex 208.216 7.71237 0.5
      vertex 208.082 7.01169 0.5
    endloop
  endfacet
  facet normal -0 0 -1
    outer loop
      vertex 208.216 7.71237 0.5
      vertex 207.993 7.02922 0.5
      vertex 208.133 7.73225 0.5
    endloop
  endfacet
  facet normal 0 0 -1
    outer loop
      vertex 207.904 7.04883 0.5
      vertex 208.133 7.73225 0.5
      vertex 207.993 7.02922 0.5
    endloop
  endfacet
  facet normal -0 0 -1
    outer loop
      vertex 208.133 7.73225 0.5
      vertex 207.904 7.04883 0.5
      vertex 208.051 7.75513 0.5
    endloop
  endfacet
  facet normal 0 0 -1
    outer loop
      vertex 207.815 7.0705 0.5
      vertex 208.051 7.75513 0.5
      vertex 207.904 7.04883 0.5
    endloop
  endfacet
  facet normal -0 0 -1
    outer loop
      vertex 208.051 7.75513 0.5
      vertex 207.815 7.0705 0.5
      vertex 207.968 7.78096 0.5
    endloop
  endfacet
  facet normal 0 0 -1
    outer loop
      vertex 207.727 7.09424 0.5
      vertex 207.968 7.78096 0.5
      vertex 207.815 7.0705 0.5
    endloop
  endfacet
  facet normal -0 0 -1
    outer loop
      vertex 207.968 7.78096 0.5
      vertex 207.727 7.09424 0.5
      vertex 207.885 7.80972 0.5
    endloop
  endfacet
  facet normal 0 0 -1
    outer loop
      vertex 207.639 7.12003 0.5
      vertex 207.885 7.80972 0.5
      vertex 207.727 7.09424 0.5
    endloop
  endfacet
  facet normal -0 0 -1
    outer loop
      vertex 207.885 7.80972 0.5
      vertex 207.639 7.12003 0.5
      vertex 207.802 7.84145 0.5
    endloop
  endfacet
  facet normal 0 0 -1
    outer loop
      vertex 207.551 7.14789 0.5
      vertex 207.802 7.84145 0.5
      vertex 207.639 7.12003 0.5
    endloop
  endfacet
  facet normal -0 0 -1
    outer loop
      vertex 207.802 7.84145 0.5
      vertex 207.551 7.14789 0.5
      vertex 207.719 7.87611 0.5
    endloop
  endfacet
  facet normal -0 0 -1
    outer loop
      vertex 207.719 7.87611 0.5
      vertex 207.551 7.14789 0.5
      vertex 207.635 7.91373 0.5
    endloop
  endfacet
  facet normal -0 0 -1
    outer loop
      vertex 207.635 7.91373 0.5
      vertex 207.551 7.14789 0.5
      vertex 207.551 7.95428 0.5
    endloop
  endfacet
  facet normal 0 0 -1
    outer loop
      vertex 209.554 8.13971 0.5
      vertex 210.603 8.17577 0.5
      vertex 210.594 8.00943 0.5
    endloop
  endfacet
  facet normal 0 0 -1
    outer loop
      vertex 210.603 8.17577 0.5
      vertex 209.559 8.21397 0.5
      vertex 210.599 8.28847 0.5
    endloop
  endfacet
  facet normal 0 0 -1
    outer loop
      vertex 209.554 8.13971 0.5
      vertex 210.594 8.00943 0.5
      vertex 210.565 7.85489 0.5
    endloop
  endfacet
  facet normal -0 0 -1
    outer loop
      vertex 210.599 8.28847 0.5
      vertex 209.559 8.21397 0.5
      vertex 210.586 8.39536 0.5
    endloop
  endfacet
  facet normal 0 0 -1
    outer loop
      vertex 209.554 8.29036 0.5
      vertex 210.586 8.39536 0.5
      vertex 209.559 8.21397 0.5
    endloop
  endfacet
  facet normal 0 0 -1
    outer loop
      vertex 209.554 8.13971 0.5
      vertex 210.565 7.85489 0.5
      vertex 210.518 7.71217 0.5
    endloop
  endfacet
  facet normal -0 0 -1
    outer loop
      vertex 210.586 8.39536 0.5
      vertex 209.554 8.29036 0.5
      vertex 210.564 8.49641 0.5
    endloop
  endfacet
  facet normal 0 0 -1
    outer loop
      vertex 209.554 8.13971 0.5
      vertex 210.518 7.71217 0.5
      vertex 210.452 7.58124 0.5
    endloop
  endfacet
  facet normal -0 0 -1
    outer loop
      vertex 210.564 8.49641 0.5
      vertex 209.554 8.29036 0.5
      vertex 210.534 8.59164 0.5
    endloop
  endfacet
  facet normal 0 0 -1
    outer loop
      vertex 209.54 8.36125 0.5
      vertex 210.534 8.59164 0.5
      vertex 209.554 8.29036 0.5
    endloop
  endfacet
  facet normal 0 0 -1
    outer loop
      vertex 209.554 8.13971 0.5
      vertex 210.452 7.58124 0.5
      vertex 210.368 7.46211 0.5
    endloop
  endfacet
  facet normal -0 0 -1
    outer loop
      vertex 210.534 8.59164 0.5
      vertex 209.54 8.36125 0.5
      vertex 210.494 8.68108 0.5
    endloop
  endfacet
  facet normal 0 0 -1
    outer loop
      vertex 209.554 8.13971 0.5
      vertex 210.368 7.46211 0.5
      vertex 210.264 7.3548 0.5
    endloop
  endfacet
  facet normal -0 0 -1
    outer loop
      vertex 210.494 8.68108 0.5
      vertex 209.54 8.36125 0.5
      vertex 210.447 8.76466 0.5
    endloop
  endfacet
  facet normal -0 0 -1
    outer loop
      vertex 210.447 8.76466 0.5
      vertex 209.54 8.36125 0.5
      vertex 210.39 8.84245 0.5
    endloop
  endfacet
  facet normal 0 0 -1
    outer loop
      vertex 209.554 8.13971 0.5
      vertex 210.264 7.3548 0.5
      vertex 210.142 7.25929 0.5
    endloop
  endfacet
  facet normal -0 0 -1
    outer loop
      vertex 210.39 8.84245 0.5
      vertex 209.54 8.36125 0.5
      vertex 210.325 8.91412 0.5
    endloop
  endfacet
  facet normal 0 0 -1
    outer loop
      vertex 209.554 8.13971 0.5
      vertex 210.142 7.25929 0.5
      vertex 210.002 7.17607 0.5
    endloop
  endfacet
  facet normal 0 0 -1
    outer loop
      vertex 209.517 8.42668 0.5
      vertex 210.325 8.91412 0.5
      vertex 209.54 8.36125 0.5
    endloop
  endfacet
  facet normal -0 0 -1
    outer loop
      vertex 210.325 8.91412 0.5
      vertex 209.517 8.42668 0.5
      vertex 210.252 8.97945 0.5
    endloop
  endfacet
  facet normal 0 0 -1
    outer loop
      vertex 209.554 8.13971 0.5
      vertex 210.002 7.17607 0.5
      vertex 209.844 7.10567 0.5
    endloop
  endfacet
  facet normal -0 0 -1
    outer loop
      vertex 210.252 8.97945 0.5
      vertex 209.517 8.42668 0.5
      vertex 210.171 9.03836 0.5
    endloop
  endfacet
  facet normal 0 0 -1
    outer loop
      vertex 209.396 7.84491 0.5
      vertex 209.844 7.10567 0.5
      vertex 209.669 7.04807 0.5
    endloop
  endfacet
  facet normal 0 0 -1
    outer loop
      vertex 209.485 8.4866 0.5
      vertex 210.171 9.03836 0.5
      vertex 209.517 8.42668 0.5
    endloop
  endfacet
  facet normal -0 0 -1
    outer loop
      vertex 210.171 9.03836 0.5
      vertex 209.485 8.4866 0.5
      vertex 210.083 9.09093 0.5
    endloop
  endfacet
  facet normal -0 0 -1
    outer loop
      vertex 210.083 9.09093 0.5
      vertex 209.485 8.4866 0.5
      vertex 209.986 9.13712 0.5
    endloop
  endfacet
  facet normal 0 0 -1
    outer loop
      vertex 209.443 8.54105 0.5
      vertex 209.986 9.13712 0.5
      vertex 209.485 8.4866 0.5
    endloop
  endfacet
  facet normal 0 0 -1
    outer loop
      vertex 209.46 10.0119 0.5
      vertex 209.768 9.21039 0.5
      vertex 209.464 9.94751 0.5
    endloop
  endfacet
  facet normal -0 0 -1
    outer loop
      vertex 209.986 9.13712 0.5
      vertex 209.443 8.54105 0.5
      vertex 209.881 9.17694 0.5
    endloop
  endfacet
  facet normal -0 0 -1
    outer loop
      vertex 209.881 9.17694 0.5
      vertex 209.443 8.54105 0.5
      vertex 209.768 9.21039 0.5
    endloop
  endfacet
  facet normal 0 0 -1
    outer loop
      vertex 209.768 9.21039 0.5
      vertex 209.46 10.0119 0.5
      vertex 209.707 11.0646 0.5
    endloop
  endfacet
  facet normal 0 0 -1
    outer loop
      vertex 209.449 10.072 0.5
      vertex 209.707 11.0646 0.5
      vertex 209.46 10.0119 0.5
    endloop
  endfacet
  facet normal 0 0 -1
    outer loop
      vertex 209.429 10.1277 0.5
      vertex 209.707 11.0646 0.5
      vertex 209.449 10.072 0.5
    endloop
  endfacet
  facet normal 0 0 -1
    outer loop
      vertex 209.403 10.1792 0.5
      vertex 209.707 11.0646 0.5
      vertex 209.429 10.1277 0.5
    endloop
  endfacet
  facet normal 0 0 -1
    outer loop
      vertex 209.368 10.2263 0.5
      vertex 209.707 11.0646 0.5
      vertex 209.403 10.1792 0.5
    endloop
  endfacet
  facet normal 0 0 -1
    outer loop
      vertex 209.326 10.2691 0.5
      vertex 209.707 11.0646 0.5
      vertex 209.368 10.2263 0.5
    endloop
  endfacet
  facet normal 0 0 -1
    outer loop
      vertex 209.277 10.3076 0.5
      vertex 209.707 11.0646 0.5
      vertex 209.326 10.2691 0.5
    endloop
  endfacet
  facet normal -0 0 -1
    outer loop
      vertex 209.707 11.0646 0.5
      vertex 209.277 10.3076 0.5
      vertex 209.538 11.1016 0.5
    endloop
  endfacet
  facet normal 0 0 -1
    outer loop
      vertex 209.22 10.3414 0.5
      vertex 209.538 11.1016 0.5
      vertex 209.277 10.3076 0.5
    endloop
  endfacet
  facet normal -0 0 -1
    outer loop
      vertex 209.538 11.1016 0.5
      vertex 209.22 10.3414 0.5
      vertex 209.353 11.128 0.5
    endloop
  endfacet
  facet normal 0 0 -1
    outer loop
      vertex 209.157 10.37 0.5
      vertex 209.353 11.128 0.5
      vertex 209.22 10.3414 0.5
    endloop
  endfacet
  facet normal 0 0 -1
    outer loop
      vertex 209.088 10.3934 0.5
      vertex 209.353 11.128 0.5
      vertex 209.157 10.37 0.5
    endloop
  endfacet
  facet normal -0 0 -1
    outer loop
      vertex 209.353 11.128 0.5
      vertex 209.088 10.3934 0.5
      vertex 209.152 11.1439 0.5
    endloop
  endfacet
  facet normal 0 0 -1
    outer loop
      vertex 209.012 10.4115 0.5
      vertex 209.152 11.1439 0.5
      vertex 209.088 10.3934 0.5
    endloop
  endfacet
  facet normal 0 0 -1
    outer loop
      vertex 209.012 10.4115 0.5
      vertex 208.935 11.1492 0.5
      vertex 209.152 11.1439 0.5
    endloop
  endfacet
  facet normal 0 0 -1
    outer loop
      vertex 208.93 10.4245 0.5
      vertex 208.935 11.1492 0.5
      vertex 209.012 10.4115 0.5
    endloop
  endfacet
  facet normal 0 0 -1
    outer loop
      vertex 208.842 10.4323 0.5
      vertex 208.935 11.1492 0.5
      vertex 208.93 10.4245 0.5
    endloop
  endfacet
  facet normal 0 0 -1
    outer loop
      vertex 208.935 11.1492 0.5
      vertex 208.842 10.4323 0.5
      vertex 208.851 11.1483 0.5
    endloop
  endfacet
  facet normal 0 0 -1
    outer loop
      vertex 208.842 10.4323 0.5
      vertex 208.767 11.1456 0.5
      vertex 208.851 11.1483 0.5
    endloop
  endfacet
  facet normal 0 0 -1
    outer loop
      vertex 208.748 10.4349 0.5
      vertex 208.767 11.1456 0.5
      vertex 208.842 10.4323 0.5
    endloop
  endfacet
  facet normal 0 0 -1
    outer loop
      vertex 208.748 10.4349 0.5
      vertex 208.682 11.1412 0.5
      vertex 208.767 11.1456 0.5
    endloop
  endfacet
  facet normal 0 0 -1
    outer loop
      vertex 208.675 10.4337 0.5
      vertex 208.682 11.1412 0.5
      vertex 208.748 10.4349 0.5
    endloop
  endfacet
  facet normal 0 0 -1
    outer loop
      vertex 208.597 11.1349 0.5
      vertex 208.675 10.4337 0.5
      vertex 208.603 10.4303 0.5
    endloop
  endfacet
  facet normal 0 0 -1
    outer loop
      vertex 208.675 10.4337 0.5
      vertex 208.597 11.1349 0.5
      vertex 208.682 11.1412 0.5
    endloop
  endfacet
  facet normal 0 0 -1
    outer loop
      vertex 208.511 11.127 0.5
      vertex 208.603 10.4303 0.5
      vertex 208.53 10.4244 0.5
    endloop
  endfacet
  facet normal 0 0 -1
    outer loop
      vertex 208.603 10.4303 0.5
      vertex 208.511 11.127 0.5
      vertex 208.597 11.1349 0.5
    endloop
  endfacet
  facet normal 0 0 -1
    outer loop
      vertex 208.425 11.1172 0.5
      vertex 208.53 10.4244 0.5
      vertex 208.458 10.4163 0.5
    endloop
  endfacet
  facet normal 0 0 -1
    outer loop
      vertex 208.53 10.4244 0.5
      vertex 208.425 11.1172 0.5
      vertex 208.511 11.127 0.5
    endloop
  endfacet
  facet normal 0 0 -1
    outer loop
      vertex 208.338 11.1056 0.5
      vertex 208.458 10.4163 0.5
      vertex 208.385 10.4058 0.5
    endloop
  endfacet
  facet normal 0 0 -1
    outer loop
      vertex 208.458 10.4163 0.5
      vertex 208.338 11.1056 0.5
      vertex 208.425 11.1172 0.5
    endloop
  endfacet
  facet normal 0 0 -1
    outer loop
      vertex 208.251 11.0923 0.5
      vertex 208.385 10.4058 0.5
      vertex 208.311 10.393 0.5
    endloop
  endfacet
  facet normal 0 0 -1
    outer loop
      vertex 208.385 10.4058 0.5
      vertex 208.251 11.0923 0.5
      vertex 208.338 11.1056 0.5
    endloop
  endfacet
  facet normal 0 0 -1
    outer loop
      vertex 208.164 11.0772 0.5
      vertex 208.311 10.393 0.5
      vertex 208.238 10.3779 0.5
    endloop
  endfacet
  facet normal 0 0 -1
    outer loop
      vertex 208.077 11.0603 0.5
      vertex 208.238 10.3779 0.5
      vertex 208.164 10.3605 0.5
    endloop
  endfacet
  facet normal 0 0 -1
    outer loop
      vertex 208.311 10.393 0.5
      vertex 208.164 11.0772 0.5
      vertex 208.251 11.0923 0.5
    endloop
  endfacet
  facet normal 0 0 -1
    outer loop
      vertex 207.989 11.0417 0.5
      vertex 208.164 10.3605 0.5
      vertex 208.091 10.3409 0.5
    endloop
  endfacet
  facet normal 0 0 -1
    outer loop
      vertex 208.238 10.3779 0.5
      vertex 208.077 11.0603 0.5
      vertex 208.164 11.0772 0.5
    endloop
  endfacet
  facet normal 0 0 -1
    outer loop
      vertex 207.901 11.0213 0.5
      vertex 208.091 10.3409 0.5
      vertex 208.017 10.3191 0.5
    endloop
  endfacet
  facet normal 0 0 -1
    outer loop
      vertex 208.164 10.3605 0.5
      vertex 207.989 11.0417 0.5
      vertex 208.077 11.0603 0.5
    endloop
  endfacet
  facet normal 0 0 -1
    outer loop
      vertex 207.813 10.9991 0.5
      vertex 208.017 10.3191 0.5
      vertex 207.944 10.295 0.5
    endloop
  endfacet
  facet normal 0 0 -1
    outer loop
      vertex 208.091 10.3409 0.5
      vertex 207.901 11.0213 0.5
      vertex 207.989 11.0417 0.5
    endloop
  endfacet
  facet normal 0 0 -1
    outer loop
      vertex 207.725 10.9751 0.5
      vertex 207.944 10.295 0.5
      vertex 207.871 10.2688 0.5
    endloop
  endfacet
  facet normal 0 0 -1
    outer loop
      vertex 208.017 10.3191 0.5
      vertex 207.813 10.9991 0.5
      vertex 207.901 11.0213 0.5
    endloop
  endfacet
  facet normal 0 0 -1
    outer loop
      vertex 207.725 10.9751 0.5
      vertex 207.871 10.2688 0.5
      vertex 207.798 10.2403 0.5
    endloop
  endfacet
  facet normal 0 0 -1
    outer loop
      vertex 207.725 10.9751 0.5
      vertex 207.798 10.2403 0.5
      vertex 207.725 10.2096 0.5
    endloop
  endfacet
  facet normal 0 0 -1
    outer loop
      vertex 207.944 10.295 0.5
      vertex 207.725 10.9751 0.5
      vertex 207.813 10.9991 0.5
    endloop
  endfacet
  facet normal 0 0 -1
    outer loop
      vertex 209.962 9.27403 0.5
      vertex 210.508 10.1106 0.5
      vertex 210.504 10.0118 0.5
    endloop
  endfacet
  facet normal 0 0 -1
    outer loop
      vertex 209.962 9.27403 0.5
      vertex 210.504 10.0118 0.5
      vertex 210.493 9.91817 0.5
    endloop
  endfacet
  facet normal 0 0 -1
    outer loop
      vertex 209.869 9.23947 0.5
      vertex 210.508 10.1106 0.5
      vertex 209.962 9.27403 0.5
    endloop
  endfacet
  facet normal 0 0 -1
    outer loop
      vertex 210.049 9.31407 0.5
      vertex 210.493 9.91817 0.5
      vertex 210.474 9.82982 0.5
    endloop
  endfacet
  facet normal 0 0 -1
    outer loop
      vertex 210.128 9.35959 0.5
      vertex 210.474 9.82982 0.5
      vertex 210.447 9.74673 0.5
    endloop
  endfacet
  facet normal -0 0 -1
    outer loop
      vertex 210.508 10.1106 0.5
      vertex 209.869 9.23947 0.5
      vertex 210.5 10.254 0.5
    endloop
  endfacet
  facet normal 0 0 -1
    outer loop
      vertex 210.128 9.35959 0.5
      vertex 210.447 9.74673 0.5
      vertex 210.413 9.6689 0.5
    endloop
  endfacet
  facet normal 0 0 -1
    outer loop
      vertex 210.493 9.91817 0.5
      vertex 210.049 9.31407 0.5
      vertex 209.962 9.27403 0.5
    endloop
  endfacet
  facet normal 0 0 -1
    outer loop
      vertex 210.128 9.35959 0.5
      vertex 210.413 9.6689 0.5
      vertex 210.371 9.59631 0.5
    endloop
  endfacet
  facet normal 0 0 -1
    outer loop
      vertex 210.128 9.35959 0.5
      vertex 210.371 9.59631 0.5
      vertex 210.321 9.52899 0.5
    endloop
  endfacet
  facet normal 0 0 -1
    outer loop
      vertex 210.474 9.82982 0.5
      vertex 210.128 9.35959 0.5
      vertex 210.049 9.31407 0.5
    endloop
  endfacet
  facet normal 0 0 -1
    outer loop
      vertex 210.199 9.41058 0.5
      vertex 210.321 9.52899 0.5
      vertex 210.264 9.46704 0.5
    endloop
  endfacet
  facet normal 0 0 -1
    outer loop
      vertex 210.128 9.35959 0.5
      vertex 210.321 9.52899 0.5
      vertex 210.199 9.41058 0.5
    endloop
  endfacet
  facet normal 0 -0 -1
    outer loop
      vertex 209.996 10.9589 0.5
      vertex 210.5 10.254 0.5
      vertex 209.869 9.23947 0.5
    endloop
  endfacet
  facet normal 0 0 -1
    outer loop
      vertex 210.476 10.3868 0.5
      vertex 210.116 10.8902 0.5
      vertex 210.436 10.5088 0.5
    endloop
  endfacet
  facet normal 0 0 -1
    outer loop
      vertex 210.38 10.6202 0.5
      vertex 210.22 10.8109 0.5
      vertex 210.308 10.7209 0.5
    endloop
  endfacet
  facet normal 0 0 -1
    outer loop
      vertex 210.436 10.5088 0.5
      vertex 210.22 10.8109 0.5
      vertex 210.38 10.6202 0.5
    endloop
  endfacet
  facet normal -0 -0 -1
    outer loop
      vertex 210.22 10.8109 0.5
      vertex 210.436 10.5088 0.5
      vertex 210.116 10.8902 0.5
    endloop
  endfacet
  facet normal 0 0 -1
    outer loop
      vertex 210.5 10.254 0.5
      vertex 210.116 10.8902 0.5
      vertex 210.476 10.3868 0.5
    endloop
  endfacet
  facet normal -0 -0 -1
    outer loop
      vertex 210.116 10.8902 0.5
      vertex 210.5 10.254 0.5
      vertex 209.996 10.9589 0.5
    endloop
  endfacet
  facet normal 0 0 -1
    outer loop
      vertex 209.869 9.23947 0.5
      vertex 209.86 11.017 0.5
      vertex 209.996 10.9589 0.5
    endloop
  endfacet
  facet normal 0 0 -1
    outer loop
      vertex 209.768 9.21039 0.5
      vertex 209.86 11.017 0.5
      vertex 209.869 9.23947 0.5
    endloop
  endfacet
  facet normal -0 0 -1
    outer loop
      vertex 209.86 11.017 0.5
      vertex 209.768 9.21039 0.5
      vertex 209.707 11.0646 0.5
    endloop
  endfacet
  facet normal 0 0 -1
    outer loop
      vertex 206.066 7.0407 0.5
      vertex 205.854 7.77553 0.5
      vertex 205.887 7.78745 0.5
    endloop
  endfacet
  facet normal 0 0 -1
    outer loop
      vertex 205.75 7.74541 0.5
      vertex 205.945 7.01547 0.5
      vertex 205.823 6.99414 0.5
    endloop
  endfacet
  facet normal 0 0 -1
    outer loop
      vertex 206.066 7.0407 0.5
      vertex 205.821 7.76454 0.5
      vertex 205.854 7.77553 0.5
    endloop
  endfacet
  facet normal 0 0 -1
    outer loop
      vertex 205.945 7.01547 0.5
      vertex 205.786 7.7545 0.5
      vertex 205.821 7.76454 0.5
    endloop
  endfacet
  facet normal 0 0 -1
    outer loop
      vertex 205.945 7.01547 0.5
      vertex 205.75 7.74541 0.5
      vertex 205.786 7.7545 0.5
    endloop
  endfacet
  facet normal 0 0 -1
    outer loop
      vertex 205.823 6.99414 0.5
      vertex 205.713 7.73724 0.5
      vertex 205.75 7.74541 0.5
    endloop
  endfacet
  facet normal 0 0 -1
    outer loop
      vertex 205.636 7.72372 0.5
      vertex 205.823 6.99414 0.5
      vertex 205.7 6.97668 0.5
    endloop
  endfacet
  facet normal 0 0 -1
    outer loop
      vertex 205.823 6.99414 0.5
      vertex 205.675 7.73001 0.5
      vertex 205.713 7.73724 0.5
    endloop
  endfacet
  facet normal 0 0 -1
    outer loop
      vertex 205.823 6.99414 0.5
      vertex 205.636 7.72372 0.5
      vertex 205.675 7.73001 0.5
    endloop
  endfacet
  facet normal 0 0 -1
    outer loop
      vertex 205.7 6.97668 0.5
      vertex 205.596 7.71834 0.5
      vertex 205.636 7.72372 0.5
    endloop
  endfacet
  facet normal 0 0 -1
    outer loop
      vertex 205.554 7.71378 0.5
      vertex 205.7 6.97668 0.5
      vertex 205.576 6.9631 0.5
    endloop
  endfacet
  facet normal 0 0 -1
    outer loop
      vertex 205.7 6.97668 0.5
      vertex 205.554 7.71378 0.5
      vertex 205.596 7.71834 0.5
    endloop
  endfacet
  facet normal 0 0 -1
    outer loop
      vertex 205.576 6.9631 0.5
      vertex 205.512 7.71004 0.5
      vertex 205.554 7.71378 0.5
    endloop
  endfacet
  facet normal 0 0 -1
    outer loop
      vertex 205.576 6.9631 0.5
      vertex 205.469 7.70714 0.5
      vertex 205.512 7.71004 0.5
    endloop
  endfacet
  facet normal 0 0 -1
    outer loop
      vertex 205.451 6.9534 0.5
      vertex 205.469 7.70714 0.5
      vertex 205.576 6.9631 0.5
    endloop
  endfacet
  facet normal 0 0 -1
    outer loop
      vertex 205.451 6.9534 0.5
      vertex 205.425 7.70506 0.5
      vertex 205.469 7.70714 0.5
    endloop
  endfacet
  facet normal 0 0 -1
    outer loop
      vertex 205.451 6.9534 0.5
      vertex 205.38 7.70383 0.5
      vertex 205.425 7.70506 0.5
    endloop
  endfacet
  facet normal 0 0 -1
    outer loop
      vertex 205.325 6.94759 0.5
      vertex 205.38 7.70383 0.5
      vertex 205.451 6.9534 0.5
    endloop
  endfacet
  facet normal 0 0 -1
    outer loop
      vertex 205.38 7.70383 0.5
      vertex 205.325 6.94759 0.5
      vertex 205.333 7.70341 0.5
    endloop
  endfacet
  facet normal 0 0 -1
    outer loop
      vertex 205.198 6.94565 0.5
      vertex 205.333 7.70341 0.5
      vertex 205.325 6.94759 0.5
    endloop
  endfacet
  facet normal 0 0 -1
    outer loop
      vertex 205.198 6.94565 0.5
      vertex 205.168 7.71054 0.5
      vertex 205.333 7.70341 0.5
    endloop
  endfacet
  facet normal 0 0 -1
    outer loop
      vertex 204.917 6.9572 0.5
      vertex 205.168 7.71054 0.5
      vertex 205.198 6.94565 0.5
    endloop
  endfacet
  facet normal -0 0 -1
    outer loop
      vertex 205.168 7.71054 0.5
      vertex 204.917 6.9572 0.5
      vertex 205.013 7.73196 0.5
    endloop
  endfacet
  facet normal 0 0 -1
    outer loop
      vertex 204.917 6.9572 0.5
      vertex 204.87 7.76767 0.5
      vertex 205.013 7.73196 0.5
    endloop
  endfacet
  facet normal 0 0 -1
    outer loop
      vertex 204.654 6.99184 0.5
      vertex 204.87 7.76767 0.5
      vertex 204.917 6.9572 0.5
    endloop
  endfacet
  facet normal -0 0 -1
    outer loop
      vertex 204.87 7.76767 0.5
      vertex 204.654 6.99184 0.5
      vertex 204.738 7.81766 0.5
    endloop
  endfacet
  facet normal 0 0 -1
    outer loop
      vertex 204.408 7.04958 0.5
      vertex 204.738 7.81766 0.5
      vertex 204.654 6.99184 0.5
    endloop
  endfacet
  facet normal -0 0 -1
    outer loop
      vertex 204.738 7.81766 0.5
      vertex 204.408 7.04958 0.5
      vertex 204.617 7.88191 0.5
    endloop
  endfacet
  facet normal 0 0 -1
    outer loop
      vertex 204.179 7.1304 0.5
      vertex 204.617 7.88191 0.5
      vertex 204.408 7.04958 0.5
    endloop
  endfacet
  facet normal -0 0 -1
    outer loop
      vertex 204.617 7.88191 0.5
      vertex 204.179 7.1304 0.5
      vertex 204.507 7.96046 0.5
    endloop
  endfacet
  facet normal 0 0 -1
    outer loop
      vertex 203.967 7.23431 0.5
      vertex 204.507 7.96046 0.5
      vertex 204.179 7.1304 0.5
    endloop
  endfacet
  facet normal -0 0 -1
    outer loop
      vertex 204.507 7.96046 0.5
      vertex 203.967 7.23431 0.5
      vertex 204.408 8.05328 0.5
    endloop
  endfacet
  facet normal 0 0 -1
    outer loop
      vertex 203.772 7.36134 0.5
      vertex 204.408 8.05328 0.5
      vertex 203.967 7.23431 0.5
    endloop
  endfacet
  facet normal -0 0 -1
    outer loop
      vertex 204.408 8.05328 0.5
      vertex 203.772 7.36134 0.5
      vertex 204.322 8.15924 0.5
    endloop
  endfacet
  facet normal 0 0 -1
    outer loop
      vertex 203.595 7.51144 0.5
      vertex 204.322 8.15924 0.5
      vertex 203.772 7.36134 0.5
    endloop
  endfacet
  facet normal 0 0 -1
    outer loop
      vertex 203.438 7.68134 0.5
      vertex 204.322 8.15924 0.5
      vertex 203.595 7.51144 0.5
    endloop
  endfacet
  facet normal -0 0 -1
    outer loop
      vertex 204.322 8.15924 0.5
      vertex 203.438 7.68134 0.5
      vertex 204.249 8.27716 0.5
    endloop
  endfacet
  facet normal 0 0 -1
    outer loop
      vertex 203.003 9.04604 0.5
      vertex 204.083 9.04604 0.5
      vertex 204.09 8.86836 0.5
    endloop
  endfacet
  facet normal 0 0 -1
    outer loop
      vertex 203.305 7.86766 0.5
      vertex 204.249 8.27716 0.5
      vertex 203.438 7.68134 0.5
    endloop
  endfacet
  facet normal -0 0 -1
    outer loop
      vertex 204.249 8.27716 0.5
      vertex 203.305 7.86766 0.5
      vertex 204.189 8.40703 0.5
    endloop
  endfacet
  facet normal 0 0 -1
    outer loop
      vertex 204.083 9.04604 0.5
      vertex 203.003 9.04604 0.5
      vertex 203.016 9.3174 0.5
    endloop
  endfacet
  facet normal 0 0 -1
    outer loop
      vertex 203.197 8.07043 0.5
      vertex 204.189 8.40703 0.5
      vertex 203.305 7.86766 0.5
    endloop
  endfacet
  facet normal 0 0 -1
    outer loop
      vertex 204.083 9.04604 0.5
      vertex 203.016 9.3174 0.5
      vertex 203.053 9.57172 0.5
    endloop
  endfacet
  facet normal -0 0 -1
    outer loop
      vertex 204.189 8.40703 0.5
      vertex 203.197 8.07043 0.5
      vertex 204.143 8.54884 0.5
    endloop
  endfacet
  facet normal 0 0 -1
    outer loop
      vertex 204.083 9.04604 0.5
      vertex 203.053 9.57172 0.5
      vertex 203.114 9.80896 0.5
    endloop
  endfacet
  facet normal 0 0 -1
    outer loop
      vertex 203.112 8.28967 0.5
      vertex 204.143 8.54884 0.5
      vertex 203.197 8.07043 0.5
    endloop
  endfacet
  facet normal 0 0 -1
    outer loop
      vertex 204.083 9.04604 0.5
      vertex 203.787 10.7364 0.5
      vertex 203.986 10.8625 0.5
    endloop
  endfacet
  facet normal -0 0 -1
    outer loop
      vertex 204.143 8.54884 0.5
      vertex 203.112 8.28967 0.5
      vertex 204.11 8.70262 0.5
    endloop
  endfacet
  facet normal 0 0 -1
    outer loop
      vertex 204.083 9.04604 0.5
      vertex 203.114 9.80896 0.5
      vertex 203.2 10.0292 0.5
    endloop
  endfacet
  facet normal 0 0 -1
    outer loop
      vertex 203.052 8.52534 0.5
      vertex 204.11 8.70262 0.5
      vertex 203.112 8.28967 0.5
    endloop
  endfacet
  facet normal 0 0 -1
    outer loop
      vertex 204.083 9.04604 0.5
      vertex 203.606 10.5874 0.5
      vertex 203.787 10.7364 0.5
    endloop
  endfacet
  facet normal -0 0 -1
    outer loop
      vertex 204.11 8.70262 0.5
      vertex 203.052 8.52534 0.5
      vertex 204.09 8.86836 0.5
    endloop
  endfacet
  facet normal 0 0 -1
    outer loop
      vertex 204.083 9.04604 0.5
      vertex 203.2 10.0292 0.5
      vertex 203.311 10.2323 0.5
    endloop
  endfacet
  facet normal 0 0 -1
    outer loop
      vertex 204.09 8.86836 0.5
      vertex 203.052 8.52534 0.5
      vertex 203.016 8.77747 0.5
    endloop
  endfacet
  facet normal 0 0 -1
    outer loop
      vertex 204.083 9.04604 0.5
      vertex 203.311 10.2323 0.5
      vertex 203.446 10.4184 0.5
    endloop
  endfacet
  facet normal -0 0 -1
    outer loop
      vertex 204.09 8.86836 0.5
      vertex 203.016 8.77747 0.5
      vertex 203.003 9.04604 0.5
    endloop
  endfacet
  facet normal 0 0 -1
    outer loop
      vertex 204.083 9.04604 0.5
      vertex 203.446 10.4184 0.5
      vertex 203.606 10.5874 0.5
    endloop
  endfacet
  facet normal 0 0 -1
    outer loop
      vertex 205.887 7.78745 0.5
      vertex 206.877 7.32588 0.5
      vertex 206.765 7.27351 0.5
    endloop
  endfacet
  facet normal 0 0 -1
    outer loop
      vertex 205.887 7.78745 0.5
      vertex 206.765 7.27351 0.5
      vertex 206.651 7.22501 0.5
    endloop
  endfacet
  facet normal 0 0 -1
    outer loop
      vertex 205.887 7.78745 0.5
      vertex 206.651 7.22501 0.5
      vertex 206.537 7.18039 0.5
    endloop
  endfacet
  facet normal 0 0 -1
    outer loop
      vertex 205.887 7.78745 0.5
      vertex 206.537 7.18039 0.5
      vertex 206.421 7.13965 0.5
    endloop
  endfacet
  facet normal 0 0 -1
    outer loop
      vertex 205.887 7.78745 0.5
      vertex 206.421 7.13965 0.5
      vertex 206.304 7.10278 0.5
    endloop
  endfacet
  facet normal 0 0 -1
    outer loop
      vertex 205.887 7.78745 0.5
      vertex 206.304 7.10278 0.5
      vertex 206.185 7.06979 0.5
    endloop
  endfacet
  facet normal 0 0 -1
    outer loop
      vertex 205.887 7.78745 0.5
      vertex 206.185 7.06979 0.5
      vertex 206.066 7.0407 0.5
    endloop
  endfacet
  facet normal 0 0 -1
    outer loop
      vertex 205.821 7.76454 0.5
      vertex 206.066 7.0407 0.5
      vertex 205.945 7.01547 0.5
    endloop
  endfacet
  facet normal 0 0 -1
    outer loop
      vertex 206.877 7.32588 0.5
      vertex 205.887 7.78745 0.5
      vertex 205.887 8.57381 0.5
    endloop
  endfacet
  facet normal 0 0 -1
    outer loop
      vertex 206.877 7.32588 0.5
      vertex 205.887 8.57381 0.5
      vertex 206.877 9.27267 0.5
    endloop
  endfacet
  facet normal 0 0 -1
    outer loop
      vertex 205.249 9.27267 0.5
      vertex 205.887 8.57381 0.5
      vertex 205.249 8.57381 0.5
    endloop
  endfacet
  facet normal 0 0 -1
    outer loop
      vertex 205.887 8.57381 0.5
      vertex 205.249 9.27267 0.5
      vertex 206.877 9.27267 0.5
    endloop
  endfacet
  facet normal 0 0 -1
    outer loop
      vertex 206.631 10.0629 0.5
      vertex 206.728 10.8477 0.5
      vertex 206.728 10.0099 0.5
    endloop
  endfacet
  facet normal 0 0 -1
    outer loop
      vertex 206.534 10.1118 0.5
      vertex 206.728 10.8477 0.5
      vertex 206.631 10.0629 0.5
    endloop
  endfacet
  facet normal 0 0 -1
    outer loop
      vertex 206.438 10.1567 0.5
      vertex 206.728 10.8477 0.5
      vertex 206.534 10.1118 0.5
    endloop
  endfacet
  facet normal 0 0 -1
    outer loop
      vertex 206.341 10.1977 0.5
      vertex 206.728 10.8477 0.5
      vertex 206.438 10.1567 0.5
    endloop
  endfacet
  facet normal -0 0 -1
    outer loop
      vertex 206.728 10.8477 0.5
      vertex 206.341 10.1977 0.5
      vertex 206.633 10.8889 0.5
    endloop
  endfacet
  facet normal -0 0 -1
    outer loop
      vertex 206.633 10.8889 0.5
      vertex 206.341 10.1977 0.5
      vertex 206.537 10.927 0.5
    endloop
  endfacet
  facet normal 0 0 -1
    outer loop
      vertex 206.245 10.2347 0.5
      vertex 206.537 10.927 0.5
      vertex 206.341 10.1977 0.5
    endloop
  endfacet
  facet normal -0 0 -1
    outer loop
      vertex 206.537 10.927 0.5
      vertex 206.245 10.2347 0.5
      vertex 206.439 10.9622 0.5
    endloop
  endfacet
  facet normal 0 0 -1
    outer loop
      vertex 206.149 10.2677 0.5
      vertex 206.439 10.9622 0.5
      vertex 206.245 10.2347 0.5
    endloop
  endfacet
  facet normal -0 0 -1
    outer loop
      vertex 206.439 10.9622 0.5
      vertex 206.149 10.2677 0.5
      vertex 206.339 10.9945 0.5
    endloop
  endfacet
  facet normal 0 0 -1
    outer loop
      vertex 206.054 10.2967 0.5
      vertex 206.339 10.9945 0.5
      vertex 206.149 10.2677 0.5
    endloop
  endfacet
  facet normal -0 0 -1
    outer loop
      vertex 206.339 10.9945 0.5
      vertex 206.054 10.2967 0.5
      vertex 206.237 11.0237 0.5
    endloop
  endfacet
  facet normal 0 0 -1
    outer loop
      vertex 205.958 10.3218 0.5
      vertex 206.237 11.0237 0.5
      vertex 206.054 10.2967 0.5
    endloop
  endfacet
  facet normal -0 0 -1
    outer loop
      vertex 206.237 11.0237 0.5
      vertex 205.958 10.3218 0.5
      vertex 206.134 11.0499 0.5
    endloop
  endfacet
  facet normal -0 0 -1
    outer loop
      vertex 206.134 11.0499 0.5
      vertex 205.958 10.3218 0.5
      vertex 206.029 11.0731 0.5
    endloop
  endfacet
  facet normal 0 0 -1
    outer loop
      vertex 205.862 10.3431 0.5
      vertex 206.029 11.0731 0.5
      vertex 205.958 10.3218 0.5
    endloop
  endfacet
  facet normal -0 0 -1
    outer loop
      vertex 206.029 11.0731 0.5
      vertex 205.862 10.3431 0.5
      vertex 205.923 11.0933 0.5
    endloop
  endfacet
  facet normal 0 0 -1
    outer loop
      vertex 205.766 10.3605 0.5
      vertex 205.923 11.0933 0.5
      vertex 205.862 10.3431 0.5
    endloop
  endfacet
  facet normal -0 0 -1
    outer loop
      vertex 205.923 11.0933 0.5
      vertex 205.766 10.3605 0.5
      vertex 205.815 11.1104 0.5
    endloop
  endfacet
  facet normal 0 0 -1
    outer loop
      vertex 205.67 10.374 0.5
      vertex 205.815 11.1104 0.5
      vertex 205.766 10.3605 0.5
    endloop
  endfacet
  facet normal -0 0 -1
    outer loop
      vertex 205.815 11.1104 0.5
      vertex 205.67 10.374 0.5
      vertex 205.706 11.1243 0.5
    endloop
  endfacet
  facet normal 0 0 -1
    outer loop
      vertex 205.574 10.3837 0.5
      vertex 205.706 11.1243 0.5
      vertex 205.67 10.374 0.5
    endloop
  endfacet
  facet normal -0 0 -1
    outer loop
      vertex 205.706 11.1243 0.5
      vertex 205.574 10.3837 0.5
      vertex 205.595 11.1352 0.5
    endloop
  endfacet
  facet normal 0 0 -1
    outer loop
      vertex 205.478 10.3895 0.5
      vertex 205.595 11.1352 0.5
      vertex 205.574 10.3837 0.5
    endloop
  endfacet
  facet normal -0 0 -1
    outer loop
      vertex 205.595 11.1352 0.5
      vertex 205.478 10.3895 0.5
      vertex 205.483 11.1429 0.5
    endloop
  endfacet
  facet normal 0 0 -1
    outer loop
      vertex 205.382 10.3914 0.5
      vertex 205.483 11.1429 0.5
      vertex 205.478 10.3895 0.5
    endloop
  endfacet
  facet normal 0 0 -1
    outer loop
      vertex 205.382 10.3914 0.5
      vertex 205.37 11.1476 0.5
      vertex 205.483 11.1429 0.5
    endloop
  endfacet
  facet normal 0 0 -1
    outer loop
      vertex 205.382 10.3914 0.5
      vertex 205.255 11.1492 0.5
      vertex 205.37 11.1476 0.5
    endloop
  endfacet
  facet normal 0 0 -1
    outer loop
      vertex 205.21 10.3843 0.5
      vertex 205.255 11.1492 0.5
      vertex 205.382 10.3914 0.5
    endloop
  endfacet
  facet normal 0 0 -1
    outer loop
      vertex 204.965 11.1377 0.5
      vertex 205.21 10.3843 0.5
      vertex 205.049 10.3629 0.5
    endloop
  endfacet
  facet normal 0 0 -1
    outer loop
      vertex 205.21 10.3843 0.5
      vertex 204.965 11.1377 0.5
      vertex 205.255 11.1492 0.5
    endloop
  endfacet
  facet normal 0 0 -1
    outer loop
      vertex 204.9 10.3274 0.5
      vertex 204.965 11.1377 0.5
      vertex 205.049 10.3629 0.5
    endloop
  endfacet
  facet normal 0 0 -1
    outer loop
      vertex 204.693 11.1033 0.5
      vertex 204.9 10.3274 0.5
      vertex 204.763 10.2776 0.5
    endloop
  endfacet
  facet normal 0 0 -1
    outer loop
      vertex 204.9 10.3274 0.5
      vertex 204.693 11.1033 0.5
      vertex 204.965 11.1377 0.5
    endloop
  endfacet
  facet normal 0 0 -1
    outer loop
      vertex 204.439 11.046 0.5
      vertex 204.763 10.2776 0.5
      vertex 204.637 10.2136 0.5
    endloop
  endfacet
  facet normal 0 0 -1
    outer loop
      vertex 204.203 10.9657 0.5
      vertex 204.637 10.2136 0.5
      vertex 204.523 10.1353 0.5
    endloop
  endfacet
  facet normal 0 0 -1
    outer loop
      vertex 204.763 10.2776 0.5
      vertex 204.439 11.046 0.5
      vertex 204.693 11.1033 0.5
    endloop
  endfacet
  facet normal 0 0 -1
    outer loop
      vertex 203.986 10.8625 0.5
      vertex 204.523 10.1353 0.5
      vertex 204.421 10.0428 0.5
    endloop
  endfacet
  facet normal 0 0 -1
    outer loop
      vertex 203.986 10.8625 0.5
      vertex 204.421 10.0428 0.5
      vertex 204.331 9.93713 0.5
    endloop
  endfacet
  facet normal 0 0 -1
    outer loop
      vertex 203.986 10.8625 0.5
      vertex 204.331 9.93713 0.5
      vertex 204.255 9.81921 0.5
    endloop
  endfacet
  facet normal 0 0 -1
    outer loop
      vertex 204.637 10.2136 0.5
      vertex 204.203 10.9657 0.5
      vertex 204.439 11.046 0.5
    endloop
  endfacet
  facet normal 0 0 -1
    outer loop
      vertex 203.986 10.8625 0.5
      vertex 204.255 9.81921 0.5
      vertex 204.193 9.68904 0.5
    endloop
  endfacet
  facet normal 0 0 -1
    outer loop
      vertex 203.986 10.8625 0.5
      vertex 204.193 9.68904 0.5
      vertex 204.145 9.54665 0.5
    endloop
  endfacet
  facet normal 0 0 -1
    outer loop
      vertex 203.986 10.8625 0.5
      vertex 204.145 9.54665 0.5
      vertex 204.111 9.39201 0.5
    endloop
  endfacet
  facet normal 0 0 -1
    outer loop
      vertex 203.986 10.8625 0.5
      vertex 204.111 9.39201 0.5
      vertex 204.09 9.22514 0.5
    endloop
  endfacet
  facet normal 0 0 -1
    outer loop
      vertex 204.523 10.1353 0.5
      vertex 203.986 10.8625 0.5
      vertex 204.203 10.9657 0.5
    endloop
  endfacet
  facet normal 0 0 -1
    outer loop
      vertex 203.986 10.8625 0.5
      vertex 204.09 9.22514 0.5
      vertex 204.083 9.04604 0.5
    endloop
  endfacet
  facet normal 0 0 -1
    outer loop
      vertex 178.081 8.84418 0.5
      vertex 179.128 9.04604 0.5
      vertex 179.119 8.76779 0.5
    endloop
  endfacet
  facet normal 0 0 -1
    outer loop
      vertex 178.072 8.65259 0.5
      vertex 179.119 8.76779 0.5
      vertex 179.093 8.5083 0.5
    endloop
  endfacet
  facet normal -0 0 -1
    outer loop
      vertex 179.128 9.04604 0.5
      vertex 178.081 8.84418 0.5
      vertex 178.084 9.05423 0.5
    endloop
  endfacet
  facet normal 0 0 -1
    outer loop
      vertex 178.057 8.47949 0.5
      vertex 179.093 8.5083 0.5
      vertex 179.048 8.26758 0.5
    endloop
  endfacet
  facet normal 0 0 -1
    outer loop
      vertex 178.081 9.26207 0.5
      vertex 179.119 9.32501 0.5
      vertex 178.084 9.05423 0.5
    endloop
  endfacet
  facet normal 0 0 -1
    outer loop
      vertex 178.037 8.32489 0.5
      vertex 179.048 8.26758 0.5
      vertex 178.986 8.04564 0.5
    endloop
  endfacet
  facet normal 0 0 -1
    outer loop
      vertex 178.072 9.4516 0.5
      vertex 179.119 9.32501 0.5
      vertex 178.081 9.26207 0.5
    endloop
  endfacet
  facet normal 0 0 -1
    outer loop
      vertex 178.01 8.18875 0.5
      vertex 178.986 8.04564 0.5
      vertex 178.907 7.84247 0.5
    endloop
  endfacet
  facet normal 0 0 -1
    outer loop
      vertex 179.119 9.32501 0.5
      vertex 178.072 9.4516 0.5
      vertex 179.093 9.58511 0.5
    endloop
  endfacet
  facet normal 0 0 -1
    outer loop
      vertex 177.978 8.07112 0.5
      vertex 178.907 7.84247 0.5
      vertex 178.809 7.65808 0.5
    endloop
  endfacet
  facet normal 0 0 -1
    outer loop
      vertex 178.058 9.62279 0.5
      vertex 179.093 9.58511 0.5
      vertex 178.072 9.4516 0.5
    endloop
  endfacet
  facet normal 0 0 -1
    outer loop
      vertex 177.94 7.97197 0.5
      vertex 178.809 7.65808 0.5
      vertex 178.694 7.49245 0.5
    endloop
  endfacet
  facet normal 0 0 -1
    outer loop
      vertex 179.093 9.58511 0.5
      vertex 178.058 9.62279 0.5
      vertex 179.048 9.82632 0.5
    endloop
  endfacet
  facet normal 0 0 -1
    outer loop
      vertex 177.895 7.88849 0.5
      vertex 178.694 7.49245 0.5
      vertex 178.563 7.34738 0.5
    endloop
  endfacet
  facet normal 0 0 -1
    outer loop
      vertex 178.037 9.77565 0.5
      vertex 179.048 9.82632 0.5
      vertex 178.058 9.62279 0.5
    endloop
  endfacet
  facet normal 0 0 -1
    outer loop
      vertex 177.895 7.88849 0.5
      vertex 178.563 7.34738 0.5
      vertex 178.416 7.22462 0.5
    endloop
  endfacet
  facet normal 0 0 -1
    outer loop
      vertex 179.128 9.04604 0.5
      vertex 178.084 9.05423 0.5
      vertex 179.119 9.32501 0.5
    endloop
  endfacet
  facet normal 0 0 -1
    outer loop
      vertex 177.842 7.81786 0.5
      vertex 178.416 7.22462 0.5
      vertex 178.255 7.12419 0.5
    endloop
  endfacet
  facet normal -0 0 -1
    outer loop
      vertex 179.048 9.82632 0.5
      vertex 178.037 9.77565 0.5
      vertex 178.986 10.0486 0.5
    endloop
  endfacet
  facet normal -0 0 -1
    outer loop
      vertex 178.986 10.0486 0.5
      vertex 178.011 9.9102 0.5
      vertex 178.907 10.2521 0.5
    endloop
  endfacet
  facet normal 0 0 -1
    outer loop
      vertex 178.011 9.9102 0.5
      vertex 178.986 10.0486 0.5
      vertex 178.037 9.77565 0.5
    endloop
  endfacet
  facet normal 0 0 -1
    outer loop
      vertex 177.782 7.76007 0.5
      vertex 178.255 7.12419 0.5
      vertex 178.079 7.04608 0.5
    endloop
  endfacet
  facet normal -0 0 -1
    outer loop
      vertex 179.119 8.76779 0.5
      vertex 178.072 8.65259 0.5
      vertex 178.081 8.84418 0.5
    endloop
  endfacet
  facet normal -0 0 -1
    outer loop
      vertex 179.093 8.5083 0.5
      vertex 178.057 8.47949 0.5
      vertex 178.072 8.65259 0.5
    endloop
  endfacet
  facet normal 0 0 -1
    outer loop
      vertex 179.048 8.26758 0.5
      vertex 178.037 8.32489 0.5
      vertex 178.057 8.47949 0.5
    endloop
  endfacet
  facet normal 0 0 -1
    outer loop
      vertex 178.986 8.04564 0.5
      vertex 178.01 8.18875 0.5
      vertex 178.037 8.32489 0.5
    endloop
  endfacet
  facet normal 0 0 -1
    outer loop
      vertex 178.907 7.84247 0.5
      vertex 177.978 8.07112 0.5
      vertex 178.01 8.18875 0.5
    endloop
  endfacet
  facet normal 0 0 -1
    outer loop
      vertex 178.809 7.65808 0.5
      vertex 177.94 7.97197 0.5
      vertex 177.978 8.07112 0.5
    endloop
  endfacet
  facet normal 0 0 -1
    outer loop
      vertex 178.694 7.49245 0.5
      vertex 177.895 7.88849 0.5
      vertex 177.94 7.97197 0.5
    endloop
  endfacet
  facet normal 0 0 -1
    outer loop
      vertex 177.714 7.71512 0.5
      vertex 178.079 7.04608 0.5
      vertex 177.889 6.99028 0.5
    endloop
  endfacet
  facet normal 0 0 -1
    outer loop
      vertex 178.416 7.22462 0.5
      vertex 177.842 7.81786 0.5
      vertex 177.895 7.88849 0.5
    endloop
  endfacet
  facet normal 0 0 -1
    outer loop
      vertex 178.255 7.12419 0.5
      vertex 177.782 7.76007 0.5
      vertex 177.842 7.81786 0.5
    endloop
  endfacet
  facet normal 0 0 -1
    outer loop
      vertex 178.079 7.04608 0.5
      vertex 177.714 7.71512 0.5
      vertex 177.782 7.76007 0.5
    endloop
  endfacet
  facet normal 0 0 -1
    outer loop
      vertex 177.638 7.68301 0.5
      vertex 177.889 6.99028 0.5
      vertex 177.683 6.9568 0.5
    endloop
  endfacet
  facet normal 0 0 -1
    outer loop
      vertex 177.889 6.99028 0.5
      vertex 177.638 7.68301 0.5
      vertex 177.714 7.71512 0.5
    endloop
  endfacet
  facet normal 0 0 -1
    outer loop
      vertex 177.683 6.9568 0.5
      vertex 177.554 7.66374 0.5
      vertex 177.638 7.68301 0.5
    endloop
  endfacet
  facet normal 0 0 -1
    outer loop
      vertex 177.463 6.94565 0.5
      vertex 177.554 7.66374 0.5
      vertex 177.683 6.9568 0.5
    endloop
  endfacet
  facet normal 0 0 -1
    outer loop
      vertex 177.463 6.94565 0.5
      vertex 177.463 7.65733 0.5
      vertex 177.554 7.66374 0.5
    endloop
  endfacet
  facet normal 0 0 -1
    outer loop
      vertex 177.463 6.94565 0.5
      vertex 177.37 7.66374 0.5
      vertex 177.463 7.65733 0.5
    endloop
  endfacet
  facet normal 0 0 -1
    outer loop
      vertex 177.241 6.9568 0.5
      vertex 177.37 7.66374 0.5
      vertex 177.463 6.94565 0.5
    endloop
  endfacet
  facet normal -0 0 -1
    outer loop
      vertex 177.37 7.66374 0.5
      vertex 177.241 6.9568 0.5
      vertex 177.286 7.68301 0.5
    endloop
  endfacet
  facet normal 0 0 -1
    outer loop
      vertex 177.035 6.99028 0.5
      vertex 177.286 7.68301 0.5
      vertex 177.241 6.9568 0.5
    endloop
  endfacet
  facet normal -0 0 -1
    outer loop
      vertex 177.286 7.68301 0.5
      vertex 177.035 6.99028 0.5
      vertex 177.21 7.71512 0.5
    endloop
  endfacet
  facet normal 0 0 -1
    outer loop
      vertex 176.844 7.04608 0.5
      vertex 177.21 7.71512 0.5
      vertex 177.035 6.99028 0.5
    endloop
  endfacet
  facet normal -0 0 -1
    outer loop
      vertex 177.21 7.71512 0.5
      vertex 176.844 7.04608 0.5
      vertex 177.141 7.76007 0.5
    endloop
  endfacet
  facet normal 0 0 -1
    outer loop
      vertex 176.668 7.12419 0.5
      vertex 177.141 7.76007 0.5
      vertex 176.844 7.04608 0.5
    endloop
  endfacet
  facet normal -0 0 -1
    outer loop
      vertex 177.141 7.76007 0.5
      vertex 176.668 7.12419 0.5
      vertex 177.08 7.81786 0.5
    endloop
  endfacet
  facet normal 0 0 -1
    outer loop
      vertex 176.506 7.22462 0.5
      vertex 177.08 7.81786 0.5
      vertex 176.668 7.12419 0.5
    endloop
  endfacet
  facet normal -0 0 -1
    outer loop
      vertex 177.08 7.81786 0.5
      vertex 176.506 7.22462 0.5
      vertex 177.027 7.88849 0.5
    endloop
  endfacet
  facet normal 0 0 -1
    outer loop
      vertex 176.36 7.34738 0.5
      vertex 177.027 7.88849 0.5
      vertex 176.506 7.22462 0.5
    endloop
  endfacet
  facet normal 0 0 -1
    outer loop
      vertex 176.228 7.49245 0.5
      vertex 177.027 7.88849 0.5
      vertex 176.36 7.34738 0.5
    endloop
  endfacet
  facet normal -0 0 -1
    outer loop
      vertex 177.027 7.88849 0.5
      vertex 176.228 7.49245 0.5
      vertex 176.982 7.97197 0.5
    endloop
  endfacet
  facet normal 0 0 -1
    outer loop
      vertex 176.113 7.65808 0.5
      vertex 176.982 7.97197 0.5
      vertex 176.228 7.49245 0.5
    endloop
  endfacet
  facet normal -0 0 -1
    outer loop
      vertex 176.982 7.97197 0.5
      vertex 176.113 7.65808 0.5
      vertex 176.944 8.07112 0.5
    endloop
  endfacet
  facet normal 0 0 -1
    outer loop
      vertex 176.016 7.84247 0.5
      vertex 176.944 8.07112 0.5
      vertex 176.113 7.65808 0.5
    endloop
  endfacet
  facet normal -0 0 -1
    outer loop
      vertex 176.944 8.07112 0.5
      vertex 176.016 7.84247 0.5
      vertex 176.912 8.18875 0.5
    endloop
  endfacet
  facet normal 0 0 -1
    outer loop
      vertex 177.979 10.0264 0.5
      vertex 178.907 10.2521 0.5
      vertex 178.011 9.9102 0.5
    endloop
  endfacet
  facet normal -0 0 -1
    outer loop
      vertex 178.907 10.2521 0.5
      vertex 177.979 10.0264 0.5
      vertex 178.809 10.4366 0.5
    endloop
  endfacet
  facet normal 0 0 -1
    outer loop
      vertex 177.941 10.1243 0.5
      vertex 178.809 10.4366 0.5
      vertex 177.979 10.0264 0.5
    endloop
  endfacet
  facet normal -0 0 -1
    outer loop
      vertex 178.809 10.4366 0.5
      vertex 177.941 10.1243 0.5
      vertex 178.694 10.6023 0.5
    endloop
  endfacet
  facet normal 0 0 -1
    outer loop
      vertex 177.897 10.2067 0.5
      vertex 178.694 10.6023 0.5
      vertex 177.941 10.1243 0.5
    endloop
  endfacet
  facet normal -0 0 -1
    outer loop
      vertex 178.694 10.6023 0.5
      vertex 177.897 10.2067 0.5
      vertex 178.563 10.7474 0.5
    endloop
  endfacet
  facet normal -0 0 -1
    outer loop
      vertex 178.563 10.7474 0.5
      vertex 177.897 10.2067 0.5
      vertex 178.416 10.8701 0.5
    endloop
  endfacet
  facet normal 0 0 -1
    outer loop
      vertex 177.844 10.2764 0.5
      vertex 178.416 10.8701 0.5
      vertex 177.897 10.2067 0.5
    endloop
  endfacet
  facet normal -0 0 -1
    outer loop
      vertex 178.416 10.8701 0.5
      vertex 177.844 10.2764 0.5
      vertex 178.255 10.9706 0.5
    endloop
  endfacet
  facet normal 0 0 -1
    outer loop
      vertex 177.784 10.3335 0.5
      vertex 178.255 10.9706 0.5
      vertex 177.844 10.2764 0.5
    endloop
  endfacet
  facet normal -0 0 -1
    outer loop
      vertex 178.255 10.9706 0.5
      vertex 177.784 10.3335 0.5
      vertex 178.079 11.0487 0.5
    endloop
  endfacet
  facet normal 0 0 -1
    outer loop
      vertex 177.715 10.3779 0.5
      vertex 178.079 11.0487 0.5
      vertex 177.784 10.3335 0.5
    endloop
  endfacet
  facet normal -0 0 -1
    outer loop
      vertex 178.079 11.0487 0.5
      vertex 177.715 10.3779 0.5
      vertex 177.889 11.1045 0.5
    endloop
  endfacet
  facet normal 0 0 -1
    outer loop
      vertex 177.639 10.4096 0.5
      vertex 177.889 11.1045 0.5
      vertex 177.715 10.3779 0.5
    endloop
  endfacet
  facet normal -0 0 -1
    outer loop
      vertex 177.889 11.1045 0.5
      vertex 177.639 10.4096 0.5
      vertex 177.683 11.138 0.5
    endloop
  endfacet
  facet normal 0 0 -1
    outer loop
      vertex 177.555 10.4286 0.5
      vertex 177.683 11.138 0.5
      vertex 177.639 10.4096 0.5
    endloop
  endfacet
  facet normal 0 0 -1
    outer loop
      vertex 177.463 11.1492 0.5
      vertex 177.555 10.4286 0.5
      vertex 177.463 10.4349 0.5
    endloop
  endfacet
  facet normal 0 0 -1
    outer loop
      vertex 177.555 10.4286 0.5
      vertex 177.463 11.1492 0.5
      vertex 177.683 11.138 0.5
    endloop
  endfacet
  facet normal 0 0 -1
    outer loop
      vertex 177.37 10.4286 0.5
      vertex 177.463 11.1492 0.5
      vertex 177.463 10.4349 0.5
    endloop
  endfacet
  facet normal 0 0 -1
    outer loop
      vertex 177.241 11.138 0.5
      vertex 177.37 10.4286 0.5
      vertex 177.286 10.4096 0.5
    endloop
  endfacet
  facet normal 0 0 -1
    outer loop
      vertex 177.37 10.4286 0.5
      vertex 177.241 11.138 0.5
      vertex 177.463 11.1492 0.5
    endloop
  endfacet
  facet normal 0 0 -1
    outer loop
      vertex 177.035 11.1045 0.5
      vertex 177.286 10.4096 0.5
      vertex 177.21 10.3779 0.5
    endloop
  endfacet
  facet normal 0 0 -1
    outer loop
      vertex 176.844 11.0487 0.5
      vertex 177.21 10.3779 0.5
      vertex 177.141 10.3335 0.5
    endloop
  endfacet
  facet normal 0 0 -1
    outer loop
      vertex 176.668 10.9706 0.5
      vertex 177.141 10.3335 0.5
      vertex 177.08 10.2764 0.5
    endloop
  endfacet
  facet normal 0 0 -1
    outer loop
      vertex 177.286 10.4096 0.5
      vertex 177.035 11.1045 0.5
      vertex 177.241 11.138 0.5
    endloop
  endfacet
  facet normal 0 0 -1
    outer loop
      vertex 176.506 10.8701 0.5
      vertex 177.08 10.2764 0.5
      vertex 177.027 10.2067 0.5
    endloop
  endfacet
  facet normal 0 0 -1
    outer loop
      vertex 176.36 10.7474 0.5
      vertex 177.027 10.2067 0.5
      vertex 176.982 10.1243 0.5
    endloop
  endfacet
  facet normal 0 0 -1
    outer loop
      vertex 176.113 10.4366 0.5
      vertex 176.982 10.1243 0.5
      vertex 176.944 10.0264 0.5
    endloop
  endfacet
  facet normal 0 0 -1
    outer loop
      vertex 176.016 10.2521 0.5
      vertex 176.944 10.0264 0.5
      vertex 176.912 9.9102 0.5
    endloop
  endfacet
  facet normal 0 0 -1
    outer loop
      vertex 175.936 10.0486 0.5
      vertex 176.912 9.9102 0.5
      vertex 176.886 9.77565 0.5
    endloop
  endfacet
  facet normal 0 0 -1
    outer loop
      vertex 175.874 9.82632 0.5
      vertex 176.886 9.77565 0.5
      vertex 176.865 9.62279 0.5
    endloop
  endfacet
  facet normal 0 0 -1
    outer loop
      vertex 177.21 10.3779 0.5
      vertex 176.844 11.0487 0.5
      vertex 177.035 11.1045 0.5
    endloop
  endfacet
  facet normal 0 0 -1
    outer loop
      vertex 175.83 9.58511 0.5
      vertex 176.865 9.62279 0.5
      vertex 176.85 9.4516 0.5
    endloop
  endfacet
  facet normal 0 0 -1
    outer loop
      vertex 175.803 9.32501 0.5
      vertex 176.85 9.4516 0.5
      vertex 176.842 9.26207 0.5
    endloop
  endfacet
  facet normal 0 0 -1
    outer loop
      vertex 175.803 9.32501 0.5
      vertex 176.842 9.26207 0.5
      vertex 176.839 9.05423 0.5
    endloop
  endfacet
  facet normal 0 0 -1
    outer loop
      vertex 175.936 8.04564 0.5
      vertex 176.912 8.18875 0.5
      vertex 176.016 7.84247 0.5
    endloop
  endfacet
  facet normal 0 -0 -1
    outer loop
      vertex 175.803 9.32501 0.5
      vertex 176.839 9.05423 0.5
      vertex 175.794 9.04604 0.5
    endloop
  endfacet
  facet normal -0 0 -1
    outer loop
      vertex 176.912 8.18875 0.5
      vertex 175.936 8.04564 0.5
      vertex 176.886 8.32489 0.5
    endloop
  endfacet
  facet normal -0 0 -1
    outer loop
      vertex 176.85 9.4516 0.5
      vertex 175.803 9.32501 0.5
      vertex 175.83 9.58511 0.5
    endloop
  endfacet
  facet normal 0 0 -1
    outer loop
      vertex 175.874 8.26758 0.5
      vertex 176.886 8.32489 0.5
      vertex 175.936 8.04564 0.5
    endloop
  endfacet
  facet normal -0 0 -1
    outer loop
      vertex 176.865 9.62279 0.5
      vertex 175.83 9.58511 0.5
      vertex 175.874 9.82632 0.5
    endloop
  endfacet
  facet normal -0 0 -1
    outer loop
      vertex 176.886 8.32489 0.5
      vertex 175.874 8.26758 0.5
      vertex 176.865 8.47949 0.5
    endloop
  endfacet
  facet normal 0 0 -1
    outer loop
      vertex 176.886 9.77565 0.5
      vertex 175.874 9.82632 0.5
      vertex 175.936 10.0486 0.5
    endloop
  endfacet
  facet normal 0 0 -1
    outer loop
      vertex 175.83 8.5083 0.5
      vertex 176.865 8.47949 0.5
      vertex 175.874 8.26758 0.5
    endloop
  endfacet
  facet normal 0 0 -1
    outer loop
      vertex 176.912 9.9102 0.5
      vertex 175.936 10.0486 0.5
      vertex 176.016 10.2521 0.5
    endloop
  endfacet
  facet normal 0 0 -1
    outer loop
      vertex 176.865 8.47949 0.5
      vertex 175.83 8.5083 0.5
      vertex 176.85 8.65259 0.5
    endloop
  endfacet
  facet normal 0 0 -1
    outer loop
      vertex 176.944 10.0264 0.5
      vertex 176.016 10.2521 0.5
      vertex 176.113 10.4366 0.5
    endloop
  endfacet
  facet normal 0 0 -1
    outer loop
      vertex 175.803 8.76779 0.5
      vertex 176.85 8.65259 0.5
      vertex 175.83 8.5083 0.5
    endloop
  endfacet
  facet normal 0 0 -1
    outer loop
      vertex 176.842 8.84418 0.5
      vertex 175.794 9.04604 0.5
      vertex 176.839 9.05423 0.5
    endloop
  endfacet
  facet normal 0 0 -1
    outer loop
      vertex 176.85 8.65259 0.5
      vertex 175.803 8.76779 0.5
      vertex 176.842 8.84418 0.5
    endloop
  endfacet
  facet normal 0 0 -1
    outer loop
      vertex 176.982 10.1243 0.5
      vertex 176.113 10.4366 0.5
      vertex 176.228 10.6023 0.5
    endloop
  endfacet
  facet normal 0 0 -1
    outer loop
      vertex 175.794 9.04604 0.5
      vertex 176.842 8.84418 0.5
      vertex 175.803 8.76779 0.5
    endloop
  endfacet
  facet normal 0 0 -1
    outer loop
      vertex 177.141 10.3335 0.5
      vertex 176.668 10.9706 0.5
      vertex 176.844 11.0487 0.5
    endloop
  endfacet
  facet normal 0 0 -1
    outer loop
      vertex 176.982 10.1243 0.5
      vertex 176.228 10.6023 0.5
      vertex 176.36 10.7474 0.5
    endloop
  endfacet
  facet normal 0 0 -1
    outer loop
      vertex 177.027 10.2067 0.5
      vertex 176.36 10.7474 0.5
      vertex 176.506 10.8701 0.5
    endloop
  endfacet
  facet normal 0 0 -1
    outer loop
      vertex 177.08 10.2764 0.5
      vertex 176.506 10.8701 0.5
      vertex 176.668 10.9706 0.5
    endloop
  endfacet
  facet normal 0 0 -1
    outer loop
      vertex 195.424 7.76228 0.5
      vertex 196.728 7.02501 0.5
      vertex 195.679 7.02501 0.5
    endloop
  endfacet
  facet normal 0 0 -1
    outer loop
      vertex 195.161 8.51492 0.5
      vertex 196.728 7.02501 0.5
      vertex 195.424 7.76228 0.5
    endloop
  endfacet
  facet normal 0 0 -1
    outer loop
      vertex 196.728 7.02501 0.5
      vertex 195.161 8.51492 0.5
      vertex 195.228 11.0749 0.5
    endloop
  endfacet
  facet normal 0 0 -1
    outer loop
      vertex 195.424 7.76228 0.5
      vertex 194.051 8.51492 0.5
      vertex 195.161 8.51492 0.5
    endloop
  endfacet
  facet normal 0 0 -1
    outer loop
      vertex 193.791 7.76228 0.5
      vertex 194.051 8.51492 0.5
      vertex 195.424 7.76228 0.5
    endloop
  endfacet
  facet normal 0 0 -1
    outer loop
      vertex 192.483 7.02501 0.5
      vertex 194.051 8.51492 0.5
      vertex 193.791 7.76228 0.5
    endloop
  endfacet
  facet normal 0 0 -1
    outer loop
      vertex 192.483 7.02501 0.5
      vertex 193.791 7.76228 0.5
      vertex 193.533 7.02501 0.5
    endloop
  endfacet
  facet normal -0 0 -1
    outer loop
      vertex 194.051 8.51492 0.5
      vertex 192.483 7.02501 0.5
      vertex 193.983 11.0749 0.5
    endloop
  endfacet
  facet normal 0 0 -1
    outer loop
      vertex 194.607 10.1257 0.5
      vertex 195.228 11.0749 0.5
      vertex 195.161 8.51492 0.5
    endloop
  endfacet
  facet normal 0 0 -1
    outer loop
      vertex 194.607 10.1257 0.5
      vertex 193.983 11.0749 0.5
      vertex 195.228 11.0749 0.5
    endloop
  endfacet
  facet normal 0 0 -1
    outer loop
      vertex 193.983 11.0749 0.5
      vertex 194.607 10.1257 0.5
      vertex 194.051 8.51492 0.5
    endloop
  endfacet
  facet normal 0 0 -1
    outer loop
      vertex 173.799 7.76228 0.5
      vertex 172.654 8.52005 0.5
      vertex 173.799 8.52005 0.5
    endloop
  endfacet
  facet normal 0 -0 -1
    outer loop
      vertex 172.654 8.52005 0.5
      vertex 173.799 7.76228 0.5
      vertex 172.003 7.76228 0.5
    endloop
  endfacet
  facet normal 0 0 -1
    outer loop
      vertex 173.799 7.76228 0.5
      vertex 174.786 7.76228 0.5
      vertex 174.786 7.02501 0.5
    endloop
  endfacet
  facet normal 0 0 -1
    outer loop
      vertex 174.786 7.76228 0.5
      vertex 173.799 7.76228 0.5
      vertex 174.786 8.52005 0.5
    endloop
  endfacet
  facet normal 0 0 -1
    outer loop
      vertex 173.799 7.76228 0.5
      vertex 174.786 7.02501 0.5
      vertex 173.799 7.02501 0.5
    endloop
  endfacet
  facet normal -0 0 -1
    outer loop
      vertex 174.786 8.52005 0.5
      vertex 173.799 7.76228 0.5
      vertex 173.799 8.52005 0.5
    endloop
  endfacet
  facet normal 0 0 -1
    outer loop
      vertex 173.799 10.2151 0.5
      vertex 174.786 8.52005 0.5
      vertex 173.799 8.52005 0.5
    endloop
  endfacet
  facet normal 0 0 -1
    outer loop
      vertex 174.786 8.52005 0.5
      vertex 173.799 10.2151 0.5
      vertex 174.786 11.0749 0.5
    endloop
  endfacet
  facet normal 0 0 -1
    outer loop
      vertex 173.799 10.2151 0.5
      vertex 173.625 11.0749 0.5
      vertex 174.786 11.0749 0.5
    endloop
  endfacet
  facet normal 0 0 -1
    outer loop
      vertex 172.003 8.65761 0.5
      vertex 173.799 10.2151 0.5
      vertex 172.654 8.52005 0.5
    endloop
  endfacet
  facet normal 0 0 -1
    outer loop
      vertex 172.003 8.65761 0.5
      vertex 172.654 8.52005 0.5
      vertex 172.003 7.76228 0.5
    endloop
  endfacet
  facet normal -0 0 -1
    outer loop
      vertex 173.799 10.2151 0.5
      vertex 172.003 8.65761 0.5
      vertex 173.625 11.0749 0.5
    endloop
  endfacet
  facet normal 0 0 -1
    outer loop
      vertex 174.786 7.76228 0.5
      vertex 175.364 8.52005 0.5
      vertex 175.364 7.76228 0.5
    endloop
  endfacet
  facet normal -0 0 -1
    outer loop
      vertex 175.364 8.52005 0.5
      vertex 174.786 7.76228 0.5
      vertex 174.786 8.52005 0.5
    endloop
  endfacet
  facet normal 0 0 -1
    outer loop
      vertex 179.813 7.02501 0.5
      vertex 180.858 8.43045 0.5
      vertex 180.858 7.02501 0.5
    endloop
  endfacet
  facet normal -0 0 -1
    outer loop
      vertex 180.858 8.43045 0.5
      vertex 179.813 7.02501 0.5
      vertex 180.858 9.18819 0.5
    endloop
  endfacet
  facet normal 0 0 -1
    outer loop
      vertex 179.813 11.0749 0.5
      vertex 180.858 9.18819 0.5
      vertex 179.813 7.02501 0.5
    endloop
  endfacet
  facet normal 0 0 -1
    outer loop
      vertex 182.07 9.75403 0.5
      vertex 183.147 9.75403 0.5
      vertex 183.139 9.57793 0.5
    endloop
  endfacet
  facet normal 0 0 -1
    outer loop
      vertex 182.067 9.67918 0.5
      vertex 183.139 9.57793 0.5
      vertex 183.113 9.41383 0.5
    endloop
  endfacet
  facet normal 0 0 -1
    outer loop
      vertex 183.147 9.75403 0.5
      vertex 182.07 9.75403 0.5
      vertex 183.139 9.92941 0.5
    endloop
  endfacet
  facet normal 0 0 -1
    outer loop
      vertex 182.057 9.60938 0.5
      vertex 183.113 9.41383 0.5
      vertex 183.071 9.26173 0.5
    endloop
  endfacet
  facet normal 0 0 -1
    outer loop
      vertex 182.067 9.82884 0.5
      vertex 183.139 9.92941 0.5
      vertex 182.07 9.75403 0.5
    endloop
  endfacet
  facet normal 0 0 -1
    outer loop
      vertex 182.04 9.54459 0.5
      vertex 183.071 9.26173 0.5
      vertex 183.012 9.12167 0.5
    endloop
  endfacet
  facet normal -0 0 -1
    outer loop
      vertex 183.139 9.92941 0.5
      vertex 182.067 9.82884 0.5
      vertex 183.113 10.0929 0.5
    endloop
  endfacet
  facet normal 0 0 -1
    outer loop
      vertex 182.04 9.54459 0.5
      vertex 183.012 9.12167 0.5
      vertex 182.936 8.99362 0.5
    endloop
  endfacet
  facet normal 0 0 -1
    outer loop
      vertex 182.057 9.89856 0.5
      vertex 183.113 10.0929 0.5
      vertex 182.067 9.82884 0.5
    endloop
  endfacet
  facet normal 0 0 -1
    outer loop
      vertex 182.016 9.48482 0.5
      vertex 182.936 8.99362 0.5
      vertex 182.843 8.87756 0.5
    endloop
  endfacet
  facet normal -0 0 -1
    outer loop
      vertex 183.113 10.0929 0.5
      vertex 182.057 9.89856 0.5
      vertex 183.071 10.2445 0.5
    endloop
  endfacet
  facet normal 0 0 -1
    outer loop
      vertex 181.986 9.43008 0.5
      vertex 182.843 8.87756 0.5
      vertex 182.733 8.77353 0.5
    endloop
  endfacet
  facet normal 0 0 -1
    outer loop
      vertex 182.04 9.96321 0.5
      vertex 183.071 10.2445 0.5
      vertex 182.057 9.89856 0.5
    endloop
  endfacet
  facet normal 0 0 -1
    outer loop
      vertex 181.986 9.43008 0.5
      vertex 182.733 8.77353 0.5
      vertex 182.608 8.68251 0.5
    endloop
  endfacet
  facet normal -0 0 -1
    outer loop
      vertex 183.071 10.2445 0.5
      vertex 182.04 9.96321 0.5
      vertex 183.012 10.3842 0.5
    endloop
  endfacet
  facet normal 0 0 -1
    outer loop
      vertex 181.949 9.38039 0.5
      vertex 182.608 8.68251 0.5
      vertex 182.468 8.60548 0.5
    endloop
  endfacet
  facet normal -0 0 -1
    outer loop
      vertex 183.012 10.3842 0.5
      vertex 182.04 9.96321 0.5
      vertex 182.936 10.5119 0.5
    endloop
  endfacet
  facet normal 0 0 -1
    outer loop
      vertex 181.905 9.33571 0.5
      vertex 182.468 8.60548 0.5
      vertex 182.313 8.54248 0.5
    endloop
  endfacet
  facet normal 0 0 -1
    outer loop
      vertex 182.016 10.0228 0.5
      vertex 182.936 10.5119 0.5
      vertex 182.04 9.96321 0.5
    endloop
  endfacet
  facet normal 0 0 -1
    outer loop
      vertex 181.855 9.29657 0.5
      vertex 182.313 8.54248 0.5
      vertex 182.143 8.49347 0.5
    endloop
  endfacet
  facet normal 0 0 -1
    outer loop
      vertex 183.139 9.57793 0.5
      vertex 182.067 9.67918 0.5
      vertex 182.07 9.75403 0.5
    endloop
  endfacet
  facet normal 0 0 -1
    outer loop
      vertex 181.986 10.0772 0.5
      vertex 182.843 10.6278 0.5
      vertex 182.016 10.0228 0.5
    endloop
  endfacet
  facet normal -0 0 -1
    outer loop
      vertex 182.936 10.5119 0.5
      vertex 182.016 10.0228 0.5
      vertex 182.843 10.6278 0.5
    endloop
  endfacet
  facet normal 0 0 -1
    outer loop
      vertex 183.113 9.41383 0.5
      vertex 182.057 9.60938 0.5
      vertex 182.067 9.67918 0.5
    endloop
  endfacet
  facet normal 0 0 -1
    outer loop
      vertex 183.071 9.26173 0.5
      vertex 182.04 9.54459 0.5
      vertex 182.057 9.60938 0.5
    endloop
  endfacet
  facet normal 0 0 -1
    outer loop
      vertex 182.936 8.99362 0.5
      vertex 182.016 9.48482 0.5
      vertex 182.04 9.54459 0.5
    endloop
  endfacet
  facet normal 0 0 -1
    outer loop
      vertex 182.843 8.87756 0.5
      vertex 181.986 9.43008 0.5
      vertex 182.016 9.48482 0.5
    endloop
  endfacet
  facet normal 0 0 -1
    outer loop
      vertex 181.799 9.26346 0.5
      vertex 182.143 8.49347 0.5
      vertex 181.959 8.45845 0.5
    endloop
  endfacet
  facet normal 0 0 -1
    outer loop
      vertex 182.608 8.68251 0.5
      vertex 181.949 9.38039 0.5
      vertex 181.986 9.43008 0.5
    endloop
  endfacet
  facet normal 0 0 -1
    outer loop
      vertex 182.468 8.60548 0.5
      vertex 181.905 9.33571 0.5
      vertex 181.949 9.38039 0.5
    endloop
  endfacet
  facet normal 0 0 -1
    outer loop
      vertex 182.313 8.54248 0.5
      vertex 181.855 9.29657 0.5
      vertex 181.905 9.33571 0.5
    endloop
  endfacet
  facet normal 0 0 -1
    outer loop
      vertex 182.143 8.49347 0.5
      vertex 181.799 9.26346 0.5
      vertex 181.855 9.29657 0.5
    endloop
  endfacet
  facet normal 0 0 -1
    outer loop
      vertex 181.671 9.21529 0.5
      vertex 181.959 8.45845 0.5
      vertex 181.76 8.43745 0.5
    endloop
  endfacet
  facet normal 0 0 -1
    outer loop
      vertex 181.959 8.45845 0.5
      vertex 181.738 9.23636 0.5
      vertex 181.799 9.26346 0.5
    endloop
  endfacet
  facet normal 0 0 -1
    outer loop
      vertex 181.959 8.45845 0.5
      vertex 181.671 9.21529 0.5
      vertex 181.738 9.23636 0.5
    endloop
  endfacet
  facet normal 0 0 -1
    outer loop
      vertex 181.76 8.43745 0.5
      vertex 181.598 9.20024 0.5
      vertex 181.671 9.21529 0.5
    endloop
  endfacet
  facet normal 0 0 -1
    outer loop
      vertex 181.547 8.43045 0.5
      vertex 181.598 9.20024 0.5
      vertex 181.76 8.43745 0.5
    endloop
  endfacet
  facet normal 0 0 -1
    outer loop
      vertex 181.547 8.43045 0.5
      vertex 181.519 9.19121 0.5
      vertex 181.598 9.20024 0.5
    endloop
  endfacet
  facet normal 0 0 -1
    outer loop
      vertex 181.547 8.43045 0.5
      vertex 181.436 9.18819 0.5
      vertex 181.519 9.19121 0.5
    endloop
  endfacet
  facet normal 0 0 -1
    outer loop
      vertex 180.858 8.43045 0.5
      vertex 181.436 9.18819 0.5
      vertex 181.547 8.43045 0.5
    endloop
  endfacet
  facet normal -0 0 -1
    outer loop
      vertex 181.436 9.18819 0.5
      vertex 180.858 8.43045 0.5
      vertex 180.858 9.18819 0.5
    endloop
  endfacet
  facet normal -0 0 -1
    outer loop
      vertex 182.843 10.6278 0.5
      vertex 181.986 10.0772 0.5
      vertex 182.733 10.7318 0.5
    endloop
  endfacet
  facet normal -0 0 -1
    outer loop
      vertex 182.733 10.7318 0.5
      vertex 181.986 10.0772 0.5
      vertex 182.608 10.8228 0.5
    endloop
  endfacet
  facet normal 0 0 -1
    outer loop
      vertex 181.949 10.1266 0.5
      vertex 182.608 10.8228 0.5
      vertex 181.986 10.0772 0.5
    endloop
  endfacet
  facet normal -0 0 -1
    outer loop
      vertex 182.608 10.8228 0.5
      vertex 181.949 10.1266 0.5
      vertex 182.468 10.8999 0.5
    endloop
  endfacet
  facet normal 0 0 -1
    outer loop
      vertex 181.905 10.171 0.5
      vertex 182.468 10.8999 0.5
      vertex 181.949 10.1266 0.5
    endloop
  endfacet
  facet normal -0 0 -1
    outer loop
      vertex 182.468 10.8999 0.5
      vertex 181.905 10.171 0.5
      vertex 182.313 10.9629 0.5
    endloop
  endfacet
  facet normal 0 0 -1
    outer loop
      vertex 181.855 10.2097 0.5
      vertex 182.313 10.9629 0.5
      vertex 181.905 10.171 0.5
    endloop
  endfacet
  facet normal -0 0 -1
    outer loop
      vertex 182.313 10.9629 0.5
      vertex 181.855 10.2097 0.5
      vertex 182.143 11.0119 0.5
    endloop
  endfacet
  facet normal 0 0 -1
    outer loop
      vertex 181.799 10.2426 0.5
      vertex 182.143 11.0119 0.5
      vertex 181.855 10.2097 0.5
    endloop
  endfacet
  facet normal -0 0 -1
    outer loop
      vertex 182.143 11.0119 0.5
      vertex 181.799 10.2426 0.5
      vertex 181.959 11.0469 0.5
    endloop
  endfacet
  facet normal 0 0 -1
    outer loop
      vertex 181.738 10.2694 0.5
      vertex 181.959 11.0469 0.5
      vertex 181.799 10.2426 0.5
    endloop
  endfacet
  facet normal 0 0 -1
    outer loop
      vertex 181.671 10.2903 0.5
      vertex 181.959 11.0469 0.5
      vertex 181.738 10.2694 0.5
    endloop
  endfacet
  facet normal -0 0 -1
    outer loop
      vertex 181.959 11.0469 0.5
      vertex 181.671 10.2903 0.5
      vertex 181.76 11.0679 0.5
    endloop
  endfacet
  facet normal 0 0 -1
    outer loop
      vertex 181.598 10.3052 0.5
      vertex 181.76 11.0679 0.5
      vertex 181.671 10.2903 0.5
    endloop
  endfacet
  facet normal 0 0 -1
    outer loop
      vertex 181.598 10.3052 0.5
      vertex 181.547 11.0749 0.5
      vertex 181.76 11.0679 0.5
    endloop
  endfacet
  facet normal 0 0 -1
    outer loop
      vertex 181.519 10.3142 0.5
      vertex 181.547 11.0749 0.5
      vertex 181.598 10.3052 0.5
    endloop
  endfacet
  facet normal 0 0 -1
    outer loop
      vertex 181.436 10.3172 0.5
      vertex 181.547 11.0749 0.5
      vertex 181.519 10.3142 0.5
    endloop
  endfacet
  facet normal 0 0 -1
    outer loop
      vertex 180.858 10.3172 0.5
      vertex 181.547 11.0749 0.5
      vertex 181.436 10.3172 0.5
    endloop
  endfacet
  facet normal 0 0 -1
    outer loop
      vertex 180.858 10.3172 0.5
      vertex 179.813 11.0749 0.5
      vertex 181.547 11.0749 0.5
    endloop
  endfacet
  facet normal 0 0 -1
    outer loop
      vertex 180.858 9.18819 0.5
      vertex 179.813 11.0749 0.5
      vertex 180.858 10.3172 0.5
    endloop
  endfacet
  facet normal 0 0 -1
    outer loop
      vertex 188.557 7.02501 0.5
      vertex 187.567 7.02501 0.5
      vertex 188.557 9.98708 0.5
    endloop
  endfacet
  facet normal 0 0 -1
    outer loop
      vertex 191.085 9.98708 0.5
      vertex 192.073 7.02501 0.5
      vertex 191.085 7.02501 0.5
    endloop
  endfacet
  facet normal 0 0 -1
    outer loop
      vertex 192.073 7.02501 0.5
      vertex 191.085 9.98708 0.5
      vertex 192.073 11.0749 0.5
    endloop
  endfacet
  facet normal 0 0 -1
    outer loop
      vertex 191.085 9.98708 0.5
      vertex 190.746 11.0749 0.5
      vertex 192.073 11.0749 0.5
    endloop
  endfacet
  facet normal 0 0 -1
    outer loop
      vertex 189.819 8.90736 0.5
      vertex 191.085 9.98708 0.5
      vertex 190.152 7.80325 0.5
    endloop
  endfacet
  facet normal -0 0 -1
    outer loop
      vertex 191.085 9.98708 0.5
      vertex 189.819 8.90736 0.5
      vertex 190.746 11.0749 0.5
    endloop
  endfacet
  facet normal 0 0 -1
    outer loop
      vertex 189.49 7.80325 0.5
      vertex 189.819 8.90736 0.5
      vertex 190.152 7.80325 0.5
    endloop
  endfacet
  facet normal 0 0 -1
    outer loop
      vertex 188.557 9.98708 0.5
      vertex 189.819 8.90736 0.5
      vertex 189.49 7.80325 0.5
    endloop
  endfacet
  facet normal 0 0 -1
    outer loop
      vertex 189.819 8.90736 0.5
      vertex 188.557 9.98708 0.5
      vertex 188.896 11.0749 0.5
    endloop
  endfacet
  facet normal 0 0 -1
    outer loop
      vertex 187.567 11.0749 0.5
      vertex 188.557 9.98708 0.5
      vertex 187.567 7.02501 0.5
    endloop
  endfacet
  facet normal 0 0 -1
    outer loop
      vertex 188.557 9.98708 0.5
      vertex 187.567 11.0749 0.5
      vertex 188.896 11.0749 0.5
    endloop
  endfacet
  facet normal 0 0 -1
    outer loop
      vertex 171.435 7.02501 0.5
      vertex 169.602 7.81349 0.5
      vertex 171.435 7.81349 0.5
    endloop
  endfacet
  facet normal 0 0 -1
    outer loop
      vertex 168.557 7.02501 0.5
      vertex 169.602 8.74277 0.5
      vertex 169.602 7.81349 0.5
    endloop
  endfacet
  facet normal 0 0 -1
    outer loop
      vertex 168.557 11.0749 0.5
      vertex 169.602 8.74277 0.5
      vertex 168.557 7.02501 0.5
    endloop
  endfacet
  facet normal 0 0 -1
    outer loop
      vertex 169.602 8.74277 0.5
      vertex 168.557 11.0749 0.5
      vertex 169.602 9.53123 0.5
    endloop
  endfacet
  facet normal 0 0 -1
    outer loop
      vertex 168.557 7.02501 0.5
      vertex 169.602 7.81349 0.5
      vertex 171.435 7.02501 0.5
    endloop
  endfacet
  facet normal 0 0 -1
    outer loop
      vertex 169.602 8.74277 0.5
      vertex 171.27 9.53123 0.5
      vertex 171.27 8.74277 0.5
    endloop
  endfacet
  facet normal -0 0 -1
    outer loop
      vertex 171.27 9.53123 0.5
      vertex 169.602 8.74277 0.5
      vertex 169.602 9.53123 0.5
    endloop
  endfacet
  facet normal 0 0 -1
    outer loop
      vertex 169.602 10.2864 0.5
      vertex 171.376 11.0749 0.5
      vertex 171.376 10.2864 0.5
    endloop
  endfacet
  facet normal 0 0 -1
    outer loop
      vertex 169.602 10.2864 0.5
      vertex 168.557 11.0749 0.5
      vertex 171.376 11.0749 0.5
    endloop
  endfacet
  facet normal 0 0 -1
    outer loop
      vertex 169.602 9.53123 0.5
      vertex 168.557 11.0749 0.5
      vertex 169.602 10.2864 0.5
    endloop
  endfacet
  facet normal 0 0 -1
    outer loop
      vertex 199.739 7.02501 0.5
      vertex 199.422 9.092 0.5
      vertex 200.827 7.02501 0.5
    endloop
  endfacet
  facet normal 0 -0 -1
    outer loop
      vertex 199.422 9.092 0.5
      vertex 199.739 7.02501 0.5
      vertex 198.792 8.40845 0.5
    endloop
  endfacet
  facet normal 0 0 -1
    outer loop
      vertex 199.422 9.092 0.5
      vertex 199.677 11.0749 0.5
      vertex 200.773 11.0749 0.5
    endloop
  endfacet
  facet normal 0 0 -1
    outer loop
      vertex 198.166 9.092 0.5
      vertex 199.422 9.092 0.5
      vertex 198.792 8.40845 0.5
    endloop
  endfacet
  facet normal 0 0 -1
    outer loop
      vertex 199.422 9.092 0.5
      vertex 198.792 9.77016 0.5
      vertex 199.677 11.0749 0.5
    endloop
  endfacet
  facet normal 0 0 -1
    outer loop
      vertex 199.422 9.092 0.5
      vertex 198.166 9.092 0.5
      vertex 198.792 9.77016 0.5
    endloop
  endfacet
  facet normal 0 0 -1
    outer loop
      vertex 197.854 7.02501 0.5
      vertex 198.166 9.092 0.5
      vertex 198.792 8.40845 0.5
    endloop
  endfacet
  facet normal 0 0 -1
    outer loop
      vertex 198.166 9.092 0.5
      vertex 197.854 7.02501 0.5
      vertex 196.761 7.02501 0.5
    endloop
  endfacet
  facet normal 0 0 -1
    outer loop
      vertex 198.166 9.092 0.5
      vertex 197.905 11.0749 0.5
      vertex 198.792 9.77016 0.5
    endloop
  endfacet
  facet normal -0 -0 -1
    outer loop
      vertex 197.905 11.0749 0.5
      vertex 198.166 9.092 0.5
      vertex 196.815 11.0749 0.5
    endloop
  endfacet
  facet normal 0 -1 0
    outer loop
      vertex 188.805 135.594 0
      vertex 190.11 135.594 0.5
      vertex 188.805 135.594 0.5
    endloop
  endfacet
  facet normal 0 -1 -0
    outer loop
      vertex 190.11 135.594 0.5
      vertex 188.805 135.594 0
      vertex 190.11 135.594 0
    endloop
  endfacet
  facet normal 1 -0 0
    outer loop
      vertex 188.805 130.531 0.5
      vertex 188.805 135.594 0
      vertex 188.805 135.594 0.5
    endloop
  endfacet
  facet normal 1 0 0
    outer loop
      vertex 188.805 135.594 0
      vertex 188.805 130.531 0.5
      vertex 188.805 130.531 0
    endloop
  endfacet
  facet normal 0 1 -0
    outer loop
      vertex 190.11 130.531 0
      vertex 188.805 130.531 0.5
      vertex 190.11 130.531 0.5
    endloop
  endfacet
  facet normal 0 1 0
    outer loop
      vertex 188.805 130.531 0.5
      vertex 190.11 130.531 0
      vertex 188.805 130.531 0
    endloop
  endfacet
  facet normal -1 0 0
    outer loop
      vertex 190.11 130.531 0
      vertex 190.11 135.594 0.5
      vertex 190.11 135.594 0
    endloop
  endfacet
  facet normal -1 -0 0
    outer loop
      vertex 190.11 135.594 0.5
      vertex 190.11 130.531 0
      vertex 190.11 130.531 0.5
    endloop
  endfacet
  facet normal 0 1 -0
    outer loop
      vertex 203.265 132.448 0
      vertex 202.896 132.448 0.5
      vertex 203.265 132.448 0.5
    endloop
  endfacet
  facet normal 0 1 0
    outer loop
      vertex 202.896 132.448 0.5
      vertex 203.265 132.448 0
      vertex 202.896 132.448 0
    endloop
  endfacet
  facet normal 0.0336887 0.999432 -0
    outer loop
      vertex 203.354 132.445 0
      vertex 203.265 132.448 0.5
      vertex 203.354 132.445 0.5
    endloop
  endfacet
  facet normal 0.0336887 0.999432 0
    outer loop
      vertex 203.265 132.448 0.5
      vertex 203.354 132.445 0
      vertex 203.265 132.448 0
    endloop
  endfacet
  facet normal 0.0959409 0.995387 -0
    outer loop
      vertex 203.437 132.437 0
      vertex 203.354 132.445 0.5
      vertex 203.437 132.437 0.5
    endloop
  endfacet
  facet normal 0.0959409 0.995387 0
    outer loop
      vertex 203.354 132.445 0.5
      vertex 203.437 132.437 0
      vertex 203.354 132.445 0
    endloop
  endfacet
  facet normal 0.176664 0.984271 -0
    outer loop
      vertex 203.515 132.423 0
      vertex 203.437 132.437 0.5
      vertex 203.515 132.423 0.5
    endloop
  endfacet
  facet normal 0.176664 0.984271 0
    outer loop
      vertex 203.437 132.437 0.5
      vertex 203.515 132.423 0
      vertex 203.437 132.437 0
    endloop
  endfacet
  facet normal 0.264235 0.964458 -0
    outer loop
      vertex 203.588 132.403 0
      vertex 203.515 132.423 0.5
      vertex 203.588 132.403 0.5
    endloop
  endfacet
  facet normal 0.264235 0.964458 0
    outer loop
      vertex 203.515 132.423 0.5
      vertex 203.588 132.403 0
      vertex 203.515 132.423 0
    endloop
  endfacet
  facet normal 0.357137 0.934052 -0
    outer loop
      vertex 203.656 132.377 0
      vertex 203.588 132.403 0.5
      vertex 203.656 132.377 0.5
    endloop
  endfacet
  facet normal 0.357137 0.934052 0
    outer loop
      vertex 203.588 132.403 0.5
      vertex 203.656 132.377 0
      vertex 203.588 132.403 0
    endloop
  endfacet
  facet normal 0.447214 0.894427 -0
    outer loop
      vertex 203.718 132.346 0
      vertex 203.656 132.377 0.5
      vertex 203.718 132.346 0.5
    endloop
  endfacet
  facet normal 0.447214 0.894427 0
    outer loop
      vertex 203.656 132.377 0.5
      vertex 203.718 132.346 0
      vertex 203.656 132.377 0
    endloop
  endfacet
  facet normal 0.544471 0.83878 -0
    outer loop
      vertex 203.775 132.309 0
      vertex 203.718 132.346 0.5
      vertex 203.775 132.309 0.5
    endloop
  endfacet
  facet normal 0.544471 0.83878 0
    outer loop
      vertex 203.718 132.346 0.5
      vertex 203.775 132.309 0
      vertex 203.718 132.346 0
    endloop
  endfacet
  facet normal 0.633238 0.773957 -0
    outer loop
      vertex 203.83 132.264 0
      vertex 203.775 132.309 0.5
      vertex 203.83 132.264 0.5
    endloop
  endfacet
  facet normal 0.633238 0.773957 0
    outer loop
      vertex 203.775 132.309 0.5
      vertex 203.83 132.264 0
      vertex 203.775 132.309 0
    endloop
  endfacet
  facet normal 0.70059 0.713564 0
    outer loop
      vertex 203.885 132.21 0.5
      vertex 203.83 132.264 0
      vertex 203.83 132.264 0.5
    endloop
  endfacet
  facet normal 0.70059 0.713564 0
    outer loop
      vertex 203.83 132.264 0
      vertex 203.885 132.21 0.5
      vertex 203.885 132.21 0
    endloop
  endfacet
  facet normal 0.76919 0.63902 0
    outer loop
      vertex 203.939 132.145 0.5
      vertex 203.885 132.21 0
      vertex 203.885 132.21 0.5
    endloop
  endfacet
  facet normal 0.76919 0.63902 0
    outer loop
      vertex 203.885 132.21 0
      vertex 203.939 132.145 0.5
      vertex 203.939 132.145 0
    endloop
  endfacet
  facet normal 0.807791 0.589469 0
    outer loop
      vertex 203.993 132.071 0.5
      vertex 203.939 132.145 0
      vertex 203.939 132.145 0.5
    endloop
  endfacet
  facet normal 0.807791 0.589469 0
    outer loop
      vertex 203.939 132.145 0
      vertex 203.993 132.071 0.5
      vertex 203.993 132.071 0
    endloop
  endfacet
  facet normal 0.841178 0.540758 0
    outer loop
      vertex 204.047 131.987 0.5
      vertex 203.993 132.071 0
      vertex 203.993 132.071 0.5
    endloop
  endfacet
  facet normal 0.841178 0.540758 0
    outer loop
      vertex 203.993 132.071 0
      vertex 204.047 131.987 0.5
      vertex 204.047 131.987 0
    endloop
  endfacet
  facet normal 0.868817 0.495133 0
    outer loop
      vertex 204.1 131.894 0.5
      vertex 204.047 131.987 0
      vertex 204.047 131.987 0.5
    endloop
  endfacet
  facet normal 0.868817 0.495133 0
    outer loop
      vertex 204.047 131.987 0
      vertex 204.1 131.894 0.5
      vertex 204.1 131.894 0
    endloop
  endfacet
  facet normal 0.887496 0.460815 0
    outer loop
      vertex 204.154 131.79 0.5
      vertex 204.1 131.894 0
      vertex 204.1 131.894 0.5
    endloop
  endfacet
  facet normal 0.887496 0.460815 0
    outer loop
      vertex 204.1 131.894 0
      vertex 204.154 131.79 0.5
      vertex 204.154 131.79 0
    endloop
  endfacet
  facet normal 0.897965 0.440067 0
    outer loop
      vertex 204.771 130.531 0.5
      vertex 204.154 131.79 0
      vertex 204.154 131.79 0.5
    endloop
  endfacet
  facet normal 0.897965 0.440067 0
    outer loop
      vertex 204.154 131.79 0
      vertex 204.771 130.531 0.5
      vertex 204.771 130.531 0
    endloop
  endfacet
  facet normal 0 1 -0
    outer loop
      vertex 206.161 130.531 0
      vertex 204.771 130.531 0.5
      vertex 206.161 130.531 0.5
    endloop
  endfacet
  facet normal 0 1 0
    outer loop
      vertex 204.771 130.531 0.5
      vertex 206.161 130.531 0
      vertex 204.771 130.531 0
    endloop
  endfacet
  facet normal -0.89703 -0.44197 0
    outer loop
      vertex 206.161 130.531 0
      vertex 205.452 131.97 0.5
      vertex 205.452 131.97 0
    endloop
  endfacet
  facet normal -0.89703 -0.44197 0
    outer loop
      vertex 205.452 131.97 0.5
      vertex 206.161 130.531 0
      vertex 206.161 130.531 0.5
    endloop
  endfacet
  facet normal -0.888426 -0.45902 0
    outer loop
      vertex 205.452 131.97 0
      vertex 205.39 132.09 0.5
      vertex 205.39 132.09 0
    endloop
  endfacet
  facet normal -0.888426 -0.45902 0
    outer loop
      vertex 205.39 132.09 0.5
      vertex 205.452 131.97 0
      vertex 205.452 131.97 0.5
    endloop
  endfacet
  facet normal -0.878195 -0.478303 0
    outer loop
      vertex 205.39 132.09 0
      vertex 205.329 132.202 0.5
      vertex 205.329 132.202 0
    endloop
  endfacet
  facet normal -0.878195 -0.478303 0
    outer loop
      vertex 205.329 132.202 0.5
      vertex 205.39 132.09 0
      vertex 205.39 132.09 0.5
    endloop
  endfacet
  facet normal -0.854522 -0.519415 0
    outer loop
      vertex 205.329 132.202 0
      vertex 205.267 132.304 0.5
      vertex 205.267 132.304 0
    endloop
  endfacet
  facet normal -0.854522 -0.519415 0
    outer loop
      vertex 205.267 132.304 0.5
      vertex 205.329 132.202 0
      vertex 205.329 132.202 0.5
    endloop
  endfacet
  facet normal -0.836177 -0.54846 0
    outer loop
      vertex 205.267 132.304 0
      vertex 205.206 132.397 0.5
      vertex 205.206 132.397 0
    endloop
  endfacet
  facet normal -0.836177 -0.54846 0
    outer loop
      vertex 205.206 132.397 0.5
      vertex 205.267 132.304 0
      vertex 205.267 132.304 0.5
    endloop
  endfacet
  facet normal -0.81244 -0.583045 0
    outer loop
      vertex 205.206 132.397 0
      vertex 205.145 132.482 0.5
      vertex 205.145 132.482 0
    endloop
  endfacet
  facet normal -0.81244 -0.583045 0
    outer loop
      vertex 205.145 132.482 0.5
      vertex 205.206 132.397 0
      vertex 205.206 132.397 0.5
    endloop
  endfacet
  facet normal -0.775797 -0.630982 0
    outer loop
      vertex 205.145 132.482 0
      vertex 205.084 132.557 0.5
      vertex 205.084 132.557 0
    endloop
  endfacet
  facet normal -0.775797 -0.630982 0
    outer loop
      vertex 205.084 132.557 0.5
      vertex 205.145 132.482 0
      vertex 205.145 132.482 0.5
    endloop
  endfacet
  facet normal -0.734377 -0.678742 0
    outer loop
      vertex 205.084 132.557 0
      vertex 205.023 132.623 0.5
      vertex 205.023 132.623 0
    endloop
  endfacet
  facet normal -0.734377 -0.678742 0
    outer loop
      vertex 205.023 132.623 0.5
      vertex 205.084 132.557 0
      vertex 205.084 132.557 0.5
    endloop
  endfacet
  facet normal -0.689062 -0.724703 0
    outer loop
      vertex 204.962 132.681 0
      vertex 205.023 132.623 0.5
      vertex 204.962 132.681 0.5
    endloop
  endfacet
  facet normal -0.689062 -0.724703 -0
    outer loop
      vertex 205.023 132.623 0.5
      vertex 204.962 132.681 0
      vertex 205.023 132.623 0
    endloop
  endfacet
  facet normal -0.630593 -0.776114 0
    outer loop
      vertex 204.898 132.733 0
      vertex 204.962 132.681 0.5
      vertex 204.898 132.733 0.5
    endloop
  endfacet
  facet normal -0.630593 -0.776114 -0
    outer loop
      vertex 204.962 132.681 0.5
      vertex 204.898 132.733 0
      vertex 204.962 132.681 0
    endloop
  endfacet
  facet normal -0.566007 -0.824401 0
    outer loop
      vertex 204.831 132.779 0
      vertex 204.898 132.733 0.5
      vertex 204.831 132.779 0.5
    endloop
  endfacet
  facet normal -0.566007 -0.824401 -0
    outer loop
      vertex 204.898 132.733 0.5
      vertex 204.831 132.779 0
      vertex 204.898 132.733 0
    endloop
  endfacet
  facet normal -0.50702 -0.861934 0
    outer loop
      vertex 204.763 132.819 0
      vertex 204.831 132.779 0.5
      vertex 204.763 132.819 0.5
    endloop
  endfacet
  facet normal -0.50702 -0.861934 -0
    outer loop
      vertex 204.831 132.779 0.5
      vertex 204.763 132.819 0
      vertex 204.831 132.779 0
    endloop
  endfacet
  facet normal -0.421487 -0.906835 0
    outer loop
      vertex 204.692 132.852 0
      vertex 204.763 132.819 0.5
      vertex 204.692 132.852 0.5
    endloop
  endfacet
  facet normal -0.421487 -0.906835 -0
    outer loop
      vertex 204.763 132.819 0.5
      vertex 204.692 132.852 0
      vertex 204.763 132.819 0
    endloop
  endfacet
  facet normal -0.346896 -0.937904 0
    outer loop
      vertex 204.619 132.879 0
      vertex 204.692 132.852 0.5
      vertex 204.619 132.879 0.5
    endloop
  endfacet
  facet normal -0.346896 -0.937904 -0
    outer loop
      vertex 204.692 132.852 0.5
      vertex 204.619 132.879 0
      vertex 204.692 132.852 0
    endloop
  endfacet
  facet normal -0.254493 -0.967075 0
    outer loop
      vertex 204.543 132.899 0
      vertex 204.619 132.879 0.5
      vertex 204.543 132.899 0.5
    endloop
  endfacet
  facet normal -0.254493 -0.967075 -0
    outer loop
      vertex 204.619 132.879 0.5
      vertex 204.543 132.899 0
      vertex 204.619 132.879 0
    endloop
  endfacet
  facet normal -0.328792 0.944402 0
    outer loop
      vertex 204.678 132.946 0
      vertex 204.543 132.899 0.5
      vertex 204.678 132.946 0.5
    endloop
  endfacet
  facet normal -0.328792 0.944402 0
    outer loop
      vertex 204.543 132.899 0.5
      vertex 204.678 132.946 0
      vertex 204.543 132.899 0
    endloop
  endfacet
  facet normal -0.399267 0.916835 0
    outer loop
      vertex 204.802 133 0
      vertex 204.678 132.946 0.5
      vertex 204.802 133 0.5
    endloop
  endfacet
  facet normal -0.399267 0.916835 0
    outer loop
      vertex 204.678 132.946 0.5
      vertex 204.802 133 0
      vertex 204.678 132.946 0
    endloop
  endfacet
  facet normal -0.468593 0.883414 0
    outer loop
      vertex 204.917 133.061 0
      vertex 204.802 133 0.5
      vertex 204.917 133.061 0.5
    endloop
  endfacet
  facet normal -0.468593 0.883414 0
    outer loop
      vertex 204.802 133 0.5
      vertex 204.917 133.061 0
      vertex 204.802 133 0
    endloop
  endfacet
  facet normal -0.547249 0.83697 0
    outer loop
      vertex 205.021 133.129 0
      vertex 204.917 133.061 0.5
      vertex 205.021 133.129 0.5
    endloop
  endfacet
  facet normal -0.547249 0.83697 0
    outer loop
      vertex 204.917 133.061 0.5
      vertex 205.021 133.129 0
      vertex 204.917 133.061 0
    endloop
  endfacet
  facet normal -0.619644 0.784883 0
    outer loop
      vertex 205.116 133.204 0
      vertex 205.021 133.129 0.5
      vertex 205.116 133.204 0.5
    endloop
  endfacet
  facet normal -0.619644 0.784883 0
    outer loop
      vertex 205.021 133.129 0.5
      vertex 205.116 133.204 0
      vertex 205.021 133.129 0
    endloop
  endfacet
  facet normal -0.694136 0.719844 0
    outer loop
      vertex 205.2 133.285 0
      vertex 205.116 133.204 0.5
      vertex 205.2 133.285 0.5
    endloop
  endfacet
  facet normal -0.694136 0.719844 0
    outer loop
      vertex 205.116 133.204 0.5
      vertex 205.2 133.285 0
      vertex 205.116 133.204 0
    endloop
  endfacet
  facet normal -0.768929 0.639334 0
    outer loop
      vertex 205.2 133.285 0
      vertex 205.274 133.374 0.5
      vertex 205.274 133.374 0
    endloop
  endfacet
  facet normal -0.768929 0.639334 0
    outer loop
      vertex 205.274 133.374 0.5
      vertex 205.2 133.285 0
      vertex 205.2 133.285 0.5
    endloop
  endfacet
  facet normal -0.825307 0.564684 0
    outer loop
      vertex 205.274 133.374 0
      vertex 205.339 133.469 0.5
      vertex 205.339 133.469 0
    endloop
  endfacet
  facet normal -0.825307 0.564684 0
    outer loop
      vertex 205.339 133.469 0.5
      vertex 205.274 133.374 0
      vertex 205.274 133.374 0.5
    endloop
  endfacet
  facet normal -0.885663 0.464328 0
    outer loop
      vertex 205.339 133.469 0
      vertex 205.393 133.572 0.5
      vertex 205.393 133.572 0
    endloop
  endfacet
  facet normal -0.885663 0.464328 0
    outer loop
      vertex 205.393 133.572 0.5
      vertex 205.339 133.469 0
      vertex 205.339 133.469 0.5
    endloop
  endfacet
  facet normal -0.929627 0.368501 0
    outer loop
      vertex 205.393 133.572 0
      vertex 205.437 133.683 0.5
      vertex 205.437 133.683 0
    endloop
  endfacet
  facet normal -0.929627 0.368501 0
    outer loop
      vertex 205.437 133.683 0.5
      vertex 205.393 133.572 0
      vertex 205.393 133.572 0.5
    endloop
  endfacet
  facet normal -0.958051 0.286597 0
    outer loop
      vertex 205.437 133.683 0
      vertex 205.472 133.8 0.5
      vertex 205.472 133.8 0
    endloop
  endfacet
  facet normal -0.958051 0.286597 0
    outer loop
      vertex 205.472 133.8 0.5
      vertex 205.437 133.683 0
      vertex 205.437 133.683 0.5
    endloop
  endfacet
  facet normal -0.980581 0.196116 0
    outer loop
      vertex 205.472 133.8 0
      vertex 205.497 133.925 0.5
      vertex 205.497 133.925 0
    endloop
  endfacet
  facet normal -0.980581 0.196116 0
    outer loop
      vertex 205.497 133.925 0.5
      vertex 205.472 133.8 0
      vertex 205.472 133.8 0.5
    endloop
  endfacet
  facet normal -0.9937 0.112071 0
    outer loop
      vertex 205.497 133.925 0
      vertex 205.512 134.058 0.5
      vertex 205.512 134.058 0
    endloop
  endfacet
  facet normal -0.9937 0.112071 0
    outer loop
      vertex 205.512 134.058 0.5
      vertex 205.497 133.925 0
      vertex 205.497 133.925 0.5
    endloop
  endfacet
  facet normal -0.999354 0.035948 0
    outer loop
      vertex 205.512 134.058 0
      vertex 205.517 134.197 0.5
      vertex 205.517 134.197 0
    endloop
  endfacet
  facet normal -0.999354 0.035948 0
    outer loop
      vertex 205.517 134.197 0.5
      vertex 205.512 134.058 0
      vertex 205.512 134.058 0.5
    endloop
  endfacet
  facet normal -0.998752 -0.0499376 0
    outer loop
      vertex 205.517 134.197 0
      vertex 205.507 134.397 0.5
      vertex 205.507 134.397 0
    endloop
  endfacet
  facet normal -0.998752 -0.0499376 0
    outer loop
      vertex 205.507 134.397 0.5
      vertex 205.517 134.197 0
      vertex 205.517 134.197 0.5
    endloop
  endfacet
  facet normal -0.988496 -0.151245 0
    outer loop
      vertex 205.507 134.397 0
      vertex 205.479 134.58 0.5
      vertex 205.479 134.58 0
    endloop
  endfacet
  facet normal -0.988496 -0.151245 0
    outer loop
      vertex 205.479 134.58 0.5
      vertex 205.507 134.397 0
      vertex 205.507 134.397 0.5
    endloop
  endfacet
  facet normal -0.961088 -0.276241 0
    outer loop
      vertex 205.479 134.58 0
      vertex 205.431 134.747 0.5
      vertex 205.431 134.747 0
    endloop
  endfacet
  facet normal -0.961088 -0.276241 0
    outer loop
      vertex 205.431 134.747 0.5
      vertex 205.479 134.58 0
      vertex 205.479 134.58 0.5
    endloop
  endfacet
  facet normal -0.915049 -0.403344 0
    outer loop
      vertex 205.431 134.747 0
      vertex 205.364 134.899 0.5
      vertex 205.364 134.899 0
    endloop
  endfacet
  facet normal -0.915049 -0.403344 0
    outer loop
      vertex 205.364 134.899 0.5
      vertex 205.431 134.747 0
      vertex 205.431 134.747 0.5
    endloop
  endfacet
  facet normal -0.847998 -0.529999 0
    outer loop
      vertex 205.364 134.899 0
      vertex 205.279 135.035 0.5
      vertex 205.279 135.035 0
    endloop
  endfacet
  facet normal -0.847998 -0.529999 0
    outer loop
      vertex 205.279 135.035 0.5
      vertex 205.364 134.899 0
      vertex 205.364 134.899 0.5
    endloop
  endfacet
  facet normal -0.749838 -0.661622 0
    outer loop
      vertex 205.279 135.035 0
      vertex 205.174 135.154 0.5
      vertex 205.174 135.154 0
    endloop
  endfacet
  facet normal -0.749838 -0.661622 0
    outer loop
      vertex 205.174 135.154 0.5
      vertex 205.279 135.035 0
      vertex 205.279 135.035 0.5
    endloop
  endfacet
  facet normal -0.642612 -0.766192 0
    outer loop
      vertex 205.05 135.258 0
      vertex 205.174 135.154 0.5
      vertex 205.05 135.258 0.5
    endloop
  endfacet
  facet normal -0.642612 -0.766192 -0
    outer loop
      vertex 205.174 135.154 0.5
      vertex 205.05 135.258 0
      vertex 205.174 135.154 0
    endloop
  endfacet
  facet normal -0.525744 -0.850643 0
    outer loop
      vertex 204.906 135.347 0
      vertex 205.05 135.258 0.5
      vertex 204.906 135.347 0.5
    endloop
  endfacet
  facet normal -0.525744 -0.850643 -0
    outer loop
      vertex 205.05 135.258 0.5
      vertex 204.906 135.347 0
      vertex 205.05 135.258 0
    endloop
  endfacet
  facet normal -0.411734 -0.911304 0
    outer loop
      vertex 204.74 135.422 0
      vertex 204.906 135.347 0.5
      vertex 204.74 135.422 0.5
    endloop
  endfacet
  facet normal -0.411734 -0.911304 -0
    outer loop
      vertex 204.906 135.347 0.5
      vertex 204.74 135.422 0
      vertex 204.906 135.347 0
    endloop
  endfacet
  facet normal -0.314705 -0.94919 0
    outer loop
      vertex 204.553 135.484 0
      vertex 204.74 135.422 0.5
      vertex 204.553 135.484 0.5
    endloop
  endfacet
  facet normal -0.314705 -0.94919 -0
    outer loop
      vertex 204.74 135.422 0.5
      vertex 204.553 135.484 0
      vertex 204.74 135.422 0
    endloop
  endfacet
  facet normal -0.222825 -0.974859 0
    outer loop
      vertex 204.343 135.532 0
      vertex 204.553 135.484 0.5
      vertex 204.343 135.532 0.5
    endloop
  endfacet
  facet normal -0.222825 -0.974859 -0
    outer loop
      vertex 204.553 135.484 0.5
      vertex 204.343 135.532 0
      vertex 204.553 135.484 0
    endloop
  endfacet
  facet normal -0.145617 -0.989341 0
    outer loop
      vertex 204.112 135.566 0
      vertex 204.343 135.532 0.5
      vertex 204.112 135.566 0.5
    endloop
  endfacet
  facet normal -0.145617 -0.989341 -0
    outer loop
      vertex 204.343 135.532 0.5
      vertex 204.112 135.566 0
      vertex 204.343 135.532 0
    endloop
  endfacet
  facet normal -0.0827195 -0.996573 0
    outer loop
      vertex 203.859 135.587 0
      vertex 204.112 135.566 0.5
      vertex 203.859 135.587 0.5
    endloop
  endfacet
  facet normal -0.0827195 -0.996573 -0
    outer loop
      vertex 204.112 135.566 0.5
      vertex 203.859 135.587 0
      vertex 204.112 135.566 0
    endloop
  endfacet
  facet normal -0.0254463 -0.999676 0
    outer loop
      vertex 203.584 135.594 0
      vertex 203.859 135.587 0.5
      vertex 203.584 135.594 0.5
    endloop
  endfacet
  facet normal -0.0254463 -0.999676 -0
    outer loop
      vertex 203.859 135.587 0.5
      vertex 203.584 135.594 0
      vertex 203.859 135.587 0
    endloop
  endfacet
  facet normal 0 -1 0
    outer loop
      vertex 201.59 135.594 0
      vertex 203.584 135.594 0.5
      vertex 201.59 135.594 0.5
    endloop
  endfacet
  facet normal 0 -1 -0
    outer loop
      vertex 203.584 135.594 0.5
      vertex 201.59 135.594 0
      vertex 203.584 135.594 0
    endloop
  endfacet
  facet normal 1 -0 0
    outer loop
      vertex 201.59 130.531 0.5
      vertex 201.59 135.594 0
      vertex 201.59 135.594 0.5
    endloop
  endfacet
  facet normal 1 0 0
    outer loop
      vertex 201.59 135.594 0
      vertex 201.59 130.531 0.5
      vertex 201.59 130.531 0
    endloop
  endfacet
  facet normal 0 1 -0
    outer loop
      vertex 202.896 130.531 0
      vertex 201.59 130.531 0.5
      vertex 202.896 130.531 0.5
    endloop
  endfacet
  facet normal 0 1 0
    outer loop
      vertex 201.59 130.531 0.5
      vertex 202.896 130.531 0
      vertex 201.59 130.531 0
    endloop
  endfacet
  facet normal -1 0 0
    outer loop
      vertex 202.896 130.531 0
      vertex 202.896 132.448 0.5
      vertex 202.896 132.448 0
    endloop
  endfacet
  facet normal -1 -0 0
    outer loop
      vertex 202.896 132.448 0.5
      vertex 202.896 130.531 0
      vertex 202.896 130.531 0.5
    endloop
  endfacet
  facet normal -1 0 0
    outer loop
      vertex 202.896 133.35 0
      vertex 202.896 134.646 0.5
      vertex 202.896 134.646 0
    endloop
  endfacet
  facet normal -1 -0 0
    outer loop
      vertex 202.896 134.646 0.5
      vertex 202.896 133.35 0
      vertex 202.896 133.35 0.5
    endloop
  endfacet
  facet normal 0 1 -0
    outer loop
      vertex 203.445 134.646 0
      vertex 202.896 134.646 0.5
      vertex 203.445 134.646 0.5
    endloop
  endfacet
  facet normal 0 1 0
    outer loop
      vertex 202.896 134.646 0.5
      vertex 203.445 134.646 0
      vertex 202.896 134.646 0
    endloop
  endfacet
  facet normal 0.0267761 0.999641 -0
    outer loop
      vertex 203.557 134.643 0
      vertex 203.445 134.646 0.5
      vertex 203.557 134.643 0.5
    endloop
  endfacet
  facet normal 0.0267761 0.999641 0
    outer loop
      vertex 203.445 134.646 0.5
      vertex 203.557 134.643 0
      vertex 203.445 134.646 0
    endloop
  endfacet
  facet normal 0.087047 0.996204 -0
    outer loop
      vertex 203.66 134.634 0
      vertex 203.557 134.643 0.5
      vertex 203.66 134.634 0.5
    endloop
  endfacet
  facet normal 0.087047 0.996204 0
    outer loop
      vertex 203.557 134.643 0.5
      vertex 203.66 134.634 0
      vertex 203.557 134.643 0
    endloop
  endfacet
  facet normal 0.157581 0.987506 -0
    outer loop
      vertex 203.754 134.619 0
      vertex 203.66 134.634 0.5
      vertex 203.754 134.619 0.5
    endloop
  endfacet
  facet normal 0.157581 0.987506 0
    outer loop
      vertex 203.66 134.634 0.5
      vertex 203.754 134.619 0
      vertex 203.66 134.634 0
    endloop
  endfacet
  facet normal 0.242536 0.970143 -0
    outer loop
      vertex 203.838 134.598 0
      vertex 203.754 134.619 0.5
      vertex 203.838 134.598 0.5
    endloop
  endfacet
  facet normal 0.242536 0.970143 0
    outer loop
      vertex 203.754 134.619 0.5
      vertex 203.838 134.598 0
      vertex 203.754 134.619 0
    endloop
  endfacet
  facet normal 0.349754 0.936842 -0
    outer loop
      vertex 203.913 134.57 0
      vertex 203.838 134.598 0.5
      vertex 203.913 134.57 0.5
    endloop
  endfacet
  facet normal 0.349754 0.936842 0
    outer loop
      vertex 203.838 134.598 0.5
      vertex 203.913 134.57 0
      vertex 203.838 134.598 0
    endloop
  endfacet
  facet normal 0.452692 0.891667 -0
    outer loop
      vertex 203.978 134.537 0
      vertex 203.913 134.57 0.5
      vertex 203.978 134.537 0.5
    endloop
  endfacet
  facet normal 0.452692 0.891667 0
    outer loop
      vertex 203.913 134.57 0.5
      vertex 203.978 134.537 0
      vertex 203.913 134.57 0
    endloop
  endfacet
  facet normal 0.578429 0.815733 -0
    outer loop
      vertex 204.033 134.498 0
      vertex 203.978 134.537 0.5
      vertex 204.033 134.498 0.5
    endloop
  endfacet
  facet normal 0.578429 0.815733 0
    outer loop
      vertex 203.978 134.537 0.5
      vertex 204.033 134.498 0
      vertex 203.978 134.537 0
    endloop
  endfacet
  facet normal 0.707107 0.707107 -0
    outer loop
      vertex 204.08 134.451 0
      vertex 204.033 134.498 0.5
      vertex 204.08 134.451 0.5
    endloop
  endfacet
  facet normal 0.707107 0.707107 0
    outer loop
      vertex 204.033 134.498 0.5
      vertex 204.08 134.451 0
      vertex 204.033 134.498 0
    endloop
  endfacet
  facet normal 0.808736 0.588172 0
    outer loop
      vertex 204.12 134.396 0.5
      vertex 204.08 134.451 0
      vertex 204.08 134.451 0.5
    endloop
  endfacet
  facet normal 0.808736 0.588172 0
    outer loop
      vertex 204.08 134.451 0
      vertex 204.12 134.396 0.5
      vertex 204.12 134.396 0
    endloop
  endfacet
  facet normal 0.882747 0.469849 0
    outer loop
      vertex 204.153 134.334 0.5
      vertex 204.12 134.396 0
      vertex 204.12 134.396 0.5
    endloop
  endfacet
  facet normal 0.882747 0.469849 0
    outer loop
      vertex 204.12 134.396 0
      vertex 204.153 134.334 0.5
      vertex 204.153 134.334 0
    endloop
  endfacet
  facet normal 0.939019 0.343866 0
    outer loop
      vertex 204.179 134.263 0.5
      vertex 204.153 134.334 0
      vertex 204.153 134.334 0.5
    endloop
  endfacet
  facet normal 0.939019 0.343866 0
    outer loop
      vertex 204.153 134.334 0
      vertex 204.179 134.263 0.5
      vertex 204.179 134.263 0
    endloop
  endfacet
  facet normal 0.974391 0.22486 0
    outer loop
      vertex 204.197 134.185 0.5
      vertex 204.179 134.263 0
      vertex 204.179 134.263 0.5
    endloop
  endfacet
  facet normal 0.974391 0.22486 0
    outer loop
      vertex 204.179 134.263 0
      vertex 204.197 134.185 0.5
      vertex 204.197 134.185 0
    endloop
  endfacet
  facet normal 0.992101 0.125438 0
    outer loop
      vertex 204.208 134.098 0.5
      vertex 204.197 134.185 0
      vertex 204.197 134.185 0.5
    endloop
  endfacet
  facet normal 0.992101 0.125438 0
    outer loop
      vertex 204.197 134.185 0
      vertex 204.208 134.098 0.5
      vertex 204.208 134.098 0
    endloop
  endfacet
  facet normal 0.999491 0.0318987 0
    outer loop
      vertex 204.211 134.004 0.5
      vertex 204.208 134.098 0
      vertex 204.208 134.098 0.5
    endloop
  endfacet
  facet normal 0.999491 0.0318987 0
    outer loop
      vertex 204.208 134.098 0
      vertex 204.211 134.004 0.5
      vertex 204.211 134.004 0
    endloop
  endfacet
  facet normal 0.999512 -0.0312348 0
    outer loop
      vertex 204.208 133.908 0.5
      vertex 204.211 134.004 0
      vertex 204.211 134.004 0.5
    endloop
  endfacet
  facet normal 0.999512 -0.0312348 0
    outer loop
      vertex 204.211 134.004 0
      vertex 204.208 133.908 0.5
      vertex 204.208 133.908 0
    endloop
  endfacet
  facet normal 0.992278 -0.124035 0
    outer loop
      vertex 204.197 133.82 0.5
      vertex 204.208 133.908 0
      vertex 204.208 133.908 0.5
    endloop
  endfacet
  facet normal 0.992278 -0.124035 0
    outer loop
      vertex 204.208 133.908 0
      vertex 204.197 133.82 0.5
      vertex 204.197 133.82 0
    endloop
  endfacet
  facet normal 0.975011 -0.222155 0
    outer loop
      vertex 204.179 133.741 0.5
      vertex 204.197 133.82 0
      vertex 204.197 133.82 0.5
    endloop
  endfacet
  facet normal 0.975011 -0.222155 0
    outer loop
      vertex 204.197 133.82 0
      vertex 204.179 133.741 0.5
      vertex 204.179 133.741 0
    endloop
  endfacet
  facet normal 0.940554 -0.339644 0
    outer loop
      vertex 204.153 133.669 0.5
      vertex 204.179 133.741 0
      vertex 204.179 133.741 0.5
    endloop
  endfacet
  facet normal 0.940554 -0.339644 0
    outer loop
      vertex 204.179 133.741 0
      vertex 204.153 133.669 0.5
      vertex 204.153 133.669 0
    endloop
  endfacet
  facet normal 0.885832 -0.464007 0
    outer loop
      vertex 204.12 133.606 0.5
      vertex 204.153 133.669 0
      vertex 204.153 133.669 0.5
    endloop
  endfacet
  facet normal 0.885832 -0.464007 0
    outer loop
      vertex 204.153 133.669 0
      vertex 204.12 133.606 0.5
      vertex 204.12 133.606 0
    endloop
  endfacet
  facet normal 0.813733 -0.581238 0
    outer loop
      vertex 204.08 133.55 0.5
      vertex 204.12 133.606 0
      vertex 204.12 133.606 0.5
    endloop
  endfacet
  facet normal 0.813733 -0.581238 0
    outer loop
      vertex 204.12 133.606 0
      vertex 204.08 133.55 0.5
      vertex 204.08 133.55 0
    endloop
  endfacet
  facet normal 0.707107 -0.707107 0
    outer loop
      vertex 204.033 133.503 0.5
      vertex 204.08 133.55 0
      vertex 204.08 133.55 0.5
    endloop
  endfacet
  facet normal 0.707107 -0.707107 0
    outer loop
      vertex 204.08 133.55 0
      vertex 204.033 133.503 0.5
      vertex 204.033 133.503 0
    endloop
  endfacet
  facet normal 0.597665 -0.801746 0
    outer loop
      vertex 203.978 133.462 0
      vertex 204.033 133.503 0.5
      vertex 203.978 133.462 0.5
    endloop
  endfacet
  facet normal 0.597665 -0.801746 0
    outer loop
      vertex 204.033 133.503 0.5
      vertex 203.978 133.462 0
      vertex 204.033 133.503 0
    endloop
  endfacet
  facet normal 0.463498 -0.886098 0
    outer loop
      vertex 203.913 133.428 0
      vertex 203.978 133.462 0.5
      vertex 203.913 133.428 0.5
    endloop
  endfacet
  facet normal 0.463498 -0.886098 0
    outer loop
      vertex 203.978 133.462 0.5
      vertex 203.913 133.428 0
      vertex 203.978 133.462 0
    endloop
  endfacet
  facet normal 0.349754 -0.936842 0
    outer loop
      vertex 203.838 133.4 0
      vertex 203.913 133.428 0.5
      vertex 203.838 133.4 0.5
    endloop
  endfacet
  facet normal 0.349754 -0.936842 0
    outer loop
      vertex 203.913 133.428 0.5
      vertex 203.838 133.4 0
      vertex 203.913 133.428 0
    endloop
  endfacet
  facet normal 0.253359 -0.967372 0
    outer loop
      vertex 203.754 133.378 0
      vertex 203.838 133.4 0.5
      vertex 203.754 133.378 0.5
    endloop
  endfacet
  facet normal 0.253359 -0.967372 0
    outer loop
      vertex 203.838 133.4 0.5
      vertex 203.754 133.378 0
      vertex 203.838 133.4 0
    endloop
  endfacet
  facet normal 0.157581 -0.987506 0
    outer loop
      vertex 203.66 133.363 0
      vertex 203.754 133.378 0.5
      vertex 203.66 133.363 0.5
    endloop
  endfacet
  facet normal 0.157581 -0.987506 0
    outer loop
      vertex 203.754 133.378 0.5
      vertex 203.66 133.363 0
      vertex 203.754 133.378 0
    endloop
  endfacet
  facet normal 0.087047 -0.996204 0
    outer loop
      vertex 203.557 133.354 0
      vertex 203.66 133.363 0.5
      vertex 203.557 133.354 0.5
    endloop
  endfacet
  facet normal 0.087047 -0.996204 0
    outer loop
      vertex 203.66 133.363 0.5
      vertex 203.557 133.354 0
      vertex 203.66 133.363 0
    endloop
  endfacet
  facet normal 0.0356915 -0.999363 0
    outer loop
      vertex 203.445 133.35 0
      vertex 203.557 133.354 0.5
      vertex 203.445 133.35 0.5
    endloop
  endfacet
  facet normal 0.0356915 -0.999363 0
    outer loop
      vertex 203.557 133.354 0.5
      vertex 203.445 133.35 0
      vertex 203.557 133.354 0
    endloop
  endfacet
  facet normal 0 -1 0
    outer loop
      vertex 202.896 133.35 0
      vertex 203.445 133.35 0.5
      vertex 202.896 133.35 0.5
    endloop
  endfacet
  facet normal 0 -1 -0
    outer loop
      vertex 203.445 133.35 0.5
      vertex 202.896 133.35 0
      vertex 203.445 133.35 0
    endloop
  endfacet
  facet normal 0 -1 0
    outer loop
      vertex 198.263 131.517 0
      vertex 200.555 131.517 0.5
      vertex 198.263 131.517 0.5
    endloop
  endfacet
  facet normal 0 -1 -0
    outer loop
      vertex 200.555 131.517 0.5
      vertex 198.263 131.517 0
      vertex 200.555 131.517 0
    endloop
  endfacet
  facet normal -1 0 0
    outer loop
      vertex 198.263 131.517 0
      vertex 198.263 132.678 0.5
      vertex 198.263 132.678 0
    endloop
  endfacet
  facet normal -1 -0 0
    outer loop
      vertex 198.263 132.678 0.5
      vertex 198.263 131.517 0
      vertex 198.263 131.517 0.5
    endloop
  endfacet
  facet normal 0 1 -0
    outer loop
      vertex 200.348 132.678 0
      vertex 198.263 132.678 0.5
      vertex 200.348 132.678 0.5
    endloop
  endfacet
  facet normal 0 1 0
    outer loop
      vertex 198.263 132.678 0.5
      vertex 200.348 132.678 0
      vertex 198.263 132.678 0
    endloop
  endfacet
  facet normal -1 0 0
    outer loop
      vertex 200.348 132.678 0
      vertex 200.348 133.664 0.5
      vertex 200.348 133.664 0
    endloop
  endfacet
  facet normal -1 -0 0
    outer loop
      vertex 200.348 133.664 0.5
      vertex 200.348 132.678 0
      vertex 200.348 132.678 0.5
    endloop
  endfacet
  facet normal 0 -1 0
    outer loop
      vertex 198.263 133.664 0
      vertex 200.348 133.664 0.5
      vertex 198.263 133.664 0.5
    endloop
  endfacet
  facet normal 0 -1 -0
    outer loop
      vertex 200.348 133.664 0.5
      vertex 198.263 133.664 0
      vertex 200.348 133.664 0
    endloop
  endfacet
  facet normal -1 0 0
    outer loop
      vertex 198.263 133.664 0
      vertex 198.263 134.608 0.5
      vertex 198.263 134.608 0
    endloop
  endfacet
  facet normal -1 -0 0
    outer loop
      vertex 198.263 134.608 0.5
      vertex 198.263 133.664 0
      vertex 198.263 133.664 0.5
    endloop
  endfacet
  facet normal 0 1 -0
    outer loop
      vertex 200.481 134.608 0
      vertex 198.263 134.608 0.5
      vertex 200.481 134.608 0.5
    endloop
  endfacet
  facet normal 0 1 0
    outer loop
      vertex 198.263 134.608 0.5
      vertex 200.481 134.608 0
      vertex 198.263 134.608 0
    endloop
  endfacet
  facet normal -1 0 0
    outer loop
      vertex 200.481 134.608 0
      vertex 200.481 135.594 0.5
      vertex 200.481 135.594 0
    endloop
  endfacet
  facet normal -1 -0 0
    outer loop
      vertex 200.481 135.594 0.5
      vertex 200.481 134.608 0
      vertex 200.481 134.608 0.5
    endloop
  endfacet
  facet normal 0 -1 0
    outer loop
      vertex 196.958 135.594 0
      vertex 200.481 135.594 0.5
      vertex 196.958 135.594 0.5
    endloop
  endfacet
  facet normal 0 -1 -0
    outer loop
      vertex 200.481 135.594 0.5
      vertex 196.958 135.594 0
      vertex 200.481 135.594 0
    endloop
  endfacet
  facet normal 1 -0 0
    outer loop
      vertex 196.958 130.531 0.5
      vertex 196.958 135.594 0
      vertex 196.958 135.594 0.5
    endloop
  endfacet
  facet normal 1 0 0
    outer loop
      vertex 196.958 135.594 0
      vertex 196.958 130.531 0.5
      vertex 196.958 130.531 0
    endloop
  endfacet
  facet normal 0 1 -0
    outer loop
      vertex 200.555 130.531 0
      vertex 196.958 130.531 0.5
      vertex 200.555 130.531 0.5
    endloop
  endfacet
  facet normal 0 1 0
    outer loop
      vertex 196.958 130.531 0.5
      vertex 200.555 130.531 0
      vertex 196.958 130.531 0
    endloop
  endfacet
  facet normal -1 0 0
    outer loop
      vertex 200.555 130.531 0
      vertex 200.555 131.517 0.5
      vertex 200.555 131.517 0
    endloop
  endfacet
  facet normal -1 -0 0
    outer loop
      vertex 200.555 131.517 0.5
      vertex 200.555 130.531 0
      vertex 200.555 130.531 0.5
    endloop
  endfacet
  facet normal -0.0344623 0.999406 0
    outer loop
      vertex 193.309 130.545 0
      vertex 193.019 130.535 0.5
      vertex 193.309 130.545 0.5
    endloop
  endfacet
  facet normal -0.0344623 0.999406 0
    outer loop
      vertex 193.019 130.535 0.5
      vertex 193.309 130.545 0
      vertex 193.019 130.535 0
    endloop
  endfacet
  facet normal -0.0595954 0.998223 0
    outer loop
      vertex 193.577 130.561 0
      vertex 193.309 130.545 0.5
      vertex 193.577 130.561 0.5
    endloop
  endfacet
  facet normal -0.0595954 0.998223 0
    outer loop
      vertex 193.309 130.545 0.5
      vertex 193.577 130.561 0
      vertex 193.309 130.545 0
    endloop
  endfacet
  facet normal -0.0978883 0.995197 0
    outer loop
      vertex 193.821 130.585 0
      vertex 193.577 130.561 0.5
      vertex 193.821 130.585 0.5
    endloop
  endfacet
  facet normal -0.0978883 0.995197 0
    outer loop
      vertex 193.577 130.561 0.5
      vertex 193.821 130.585 0
      vertex 193.577 130.561 0
    endloop
  endfacet
  facet normal -0.134513 0.990912 0
    outer loop
      vertex 194.042 130.615 0
      vertex 193.821 130.585 0.5
      vertex 194.042 130.615 0.5
    endloop
  endfacet
  facet normal -0.134513 0.990912 0
    outer loop
      vertex 193.821 130.585 0.5
      vertex 194.042 130.615 0
      vertex 193.821 130.585 0
    endloop
  endfacet
  facet normal -0.18459 0.982816 0
    outer loop
      vertex 194.239 130.652 0
      vertex 194.042 130.615 0.5
      vertex 194.239 130.652 0.5
    endloop
  endfacet
  facet normal -0.18459 0.982816 0
    outer loop
      vertex 194.042 130.615 0.5
      vertex 194.239 130.652 0
      vertex 194.042 130.615 0
    endloop
  endfacet
  facet normal -0.243839 0.969816 0
    outer loop
      vertex 194.414 130.696 0
      vertex 194.239 130.652 0.5
      vertex 194.414 130.696 0.5
    endloop
  endfacet
  facet normal -0.243839 0.969816 0
    outer loop
      vertex 194.239 130.652 0.5
      vertex 194.414 130.696 0
      vertex 194.239 130.652 0
    endloop
  endfacet
  facet normal -0.305428 0.952215 0
    outer loop
      vertex 194.573 130.747 0
      vertex 194.414 130.696 0.5
      vertex 194.573 130.747 0.5
    endloop
  endfacet
  facet normal -0.305428 0.952215 0
    outer loop
      vertex 194.414 130.696 0.5
      vertex 194.573 130.747 0
      vertex 194.414 130.696 0
    endloop
  endfacet
  facet normal -0.370344 0.928895 0
    outer loop
      vertex 194.726 130.808 0
      vertex 194.573 130.747 0.5
      vertex 194.726 130.808 0.5
    endloop
  endfacet
  facet normal -0.370344 0.928895 0
    outer loop
      vertex 194.573 130.747 0.5
      vertex 194.726 130.808 0
      vertex 194.573 130.747 0
    endloop
  endfacet
  facet normal -0.437331 0.899301 0
    outer loop
      vertex 194.872 130.879 0
      vertex 194.726 130.808 0.5
      vertex 194.872 130.879 0.5
    endloop
  endfacet
  facet normal -0.437331 0.899301 0
    outer loop
      vertex 194.726 130.808 0.5
      vertex 194.872 130.879 0
      vertex 194.726 130.808 0
    endloop
  endfacet
  facet normal -0.491442 0.87091 0
    outer loop
      vertex 195.012 130.958 0
      vertex 194.872 130.879 0.5
      vertex 195.012 130.958 0.5
    endloop
  endfacet
  facet normal -0.491442 0.87091 0
    outer loop
      vertex 194.872 130.879 0.5
      vertex 195.012 130.958 0
      vertex 194.872 130.879 0
    endloop
  endfacet
  facet normal -0.559041 0.82914 0
    outer loop
      vertex 195.144 131.047 0
      vertex 195.012 130.958 0.5
      vertex 195.144 131.047 0.5
    endloop
  endfacet
  facet normal -0.559041 0.82914 0
    outer loop
      vertex 195.012 130.958 0.5
      vertex 195.144 131.047 0
      vertex 195.012 130.958 0
    endloop
  endfacet
  facet normal -0.6148 0.788683 0
    outer loop
      vertex 195.271 131.146 0
      vertex 195.144 131.047 0.5
      vertex 195.271 131.146 0.5
    endloop
  endfacet
  facet normal -0.6148 0.788683 0
    outer loop
      vertex 195.144 131.047 0.5
      vertex 195.271 131.146 0
      vertex 195.144 131.047 0
    endloop
  endfacet
  facet normal -0.672053 0.740503 0
    outer loop
      vertex 195.39 131.254 0
      vertex 195.271 131.146 0.5
      vertex 195.39 131.254 0.5
    endloop
  endfacet
  facet normal -0.672053 0.740503 0
    outer loop
      vertex 195.271 131.146 0.5
      vertex 195.39 131.254 0
      vertex 195.271 131.146 0
    endloop
  endfacet
  facet normal -0.714213 0.699929 0
    outer loop
      vertex 195.39 131.254 0
      vertex 195.488 131.354 0.5
      vertex 195.488 131.354 0
    endloop
  endfacet
  facet normal -0.714213 0.699929 0
    outer loop
      vertex 195.488 131.354 0.5
      vertex 195.39 131.254 0
      vertex 195.39 131.254 0.5
    endloop
  endfacet
  facet normal -0.752577 0.658505 0
    outer loop
      vertex 195.488 131.354 0
      vertex 195.579 131.458 0.5
      vertex 195.579 131.458 0
    endloop
  endfacet
  facet normal -0.752577 0.658505 0
    outer loop
      vertex 195.579 131.458 0.5
      vertex 195.488 131.354 0
      vertex 195.488 131.354 0.5
    endloop
  endfacet
  facet normal -0.795599 0.605823 0
    outer loop
      vertex 195.579 131.458 0
      vertex 195.662 131.567 0.5
      vertex 195.662 131.567 0
    endloop
  endfacet
  facet normal -0.795599 0.605823 0
    outer loop
      vertex 195.662 131.567 0.5
      vertex 195.579 131.458 0
      vertex 195.579 131.458 0.5
    endloop
  endfacet
  facet normal -0.833183 0.552998 0
    outer loop
      vertex 195.662 131.567 0
      vertex 195.737 131.68 0.5
      vertex 195.737 131.68 0
    endloop
  endfacet
  facet normal -0.833183 0.552998 0
    outer loop
      vertex 195.737 131.68 0.5
      vertex 195.662 131.567 0
      vertex 195.662 131.567 0.5
    endloop
  endfacet
  facet normal -0.864582 0.502492 0
    outer loop
      vertex 195.737 131.68 0
      vertex 195.805 131.797 0.5
      vertex 195.805 131.797 0
    endloop
  endfacet
  facet normal -0.864582 0.502492 0
    outer loop
      vertex 195.805 131.797 0.5
      vertex 195.737 131.68 0
      vertex 195.737 131.68 0.5
    endloop
  endfacet
  facet normal -0.894427 0.447214 0
    outer loop
      vertex 195.805 131.797 0
      vertex 195.866 131.919 0.5
      vertex 195.866 131.919 0
    endloop
  endfacet
  facet normal -0.894427 0.447214 0
    outer loop
      vertex 195.866 131.919 0.5
      vertex 195.805 131.797 0
      vertex 195.805 131.797 0.5
    endloop
  endfacet
  facet normal -0.921773 0.38773 0
    outer loop
      vertex 195.866 131.919 0
      vertex 195.919 132.045 0.5
      vertex 195.919 132.045 0
    endloop
  endfacet
  facet normal -0.921773 0.38773 0
    outer loop
      vertex 195.919 132.045 0.5
      vertex 195.866 131.919 0
      vertex 195.866 131.919 0.5
    endloop
  endfacet
  facet normal -0.943521 0.331313 0
    outer loop
      vertex 195.919 132.045 0
      vertex 195.965 132.176 0.5
      vertex 195.965 132.176 0
    endloop
  endfacet
  facet normal -0.943521 0.331313 0
    outer loop
      vertex 195.965 132.176 0.5
      vertex 195.919 132.045 0
      vertex 195.919 132.045 0.5
    endloop
  endfacet
  facet normal -0.961257 0.275655 0
    outer loop
      vertex 195.965 132.176 0
      vertex 196.004 132.312 0.5
      vertex 196.004 132.312 0
    endloop
  endfacet
  facet normal -0.961257 0.275655 0
    outer loop
      vertex 196.004 132.312 0.5
      vertex 195.965 132.176 0
      vertex 195.965 132.176 0.5
    endloop
  endfacet
  facet normal -0.975201 0.221322 0
    outer loop
      vertex 196.004 132.312 0
      vertex 196.036 132.453 0.5
      vertex 196.036 132.453 0
    endloop
  endfacet
  facet normal -0.975201 0.221322 0
    outer loop
      vertex 196.036 132.453 0.5
      vertex 196.004 132.312 0
      vertex 196.004 132.312 0.5
    endloop
  endfacet
  facet normal -0.986757 0.162207 0
    outer loop
      vertex 196.036 132.453 0
      vertex 196.06 132.599 0.5
      vertex 196.06 132.599 0
    endloop
  endfacet
  facet normal -0.986757 0.162207 0
    outer loop
      vertex 196.06 132.599 0.5
      vertex 196.036 132.453 0
      vertex 196.036 132.453 0.5
    endloop
  endfacet
  facet normal -0.99297 0.118367 0
    outer loop
      vertex 196.06 132.599 0
      vertex 196.078 132.75 0.5
      vertex 196.078 132.75 0
    endloop
  endfacet
  facet normal -0.99297 0.118367 0
    outer loop
      vertex 196.078 132.75 0.5
      vertex 196.06 132.599 0
      vertex 196.06 132.599 0.5
    endloop
  endfacet
  facet normal -0.997523 0.0703382 0
    outer loop
      vertex 196.078 132.75 0
      vertex 196.089 132.906 0.5
      vertex 196.089 132.906 0
    endloop
  endfacet
  facet normal -0.997523 0.0703382 0
    outer loop
      vertex 196.089 132.906 0.5
      vertex 196.078 132.75 0
      vertex 196.078 132.75 0.5
    endloop
  endfacet
  facet normal -0.999829 0.0185153 0
    outer loop
      vertex 196.089 132.906 0
      vertex 196.092 133.068 0.5
      vertex 196.092 133.068 0
    endloop
  endfacet
  facet normal -0.999829 0.0185153 0
    outer loop
      vertex 196.092 133.068 0.5
      vertex 196.089 132.906 0
      vertex 196.089 132.906 0.5
    endloop
  endfacet
  facet normal -0.999822 -0.0188646 0
    outer loop
      vertex 196.092 133.068 0
      vertex 196.089 133.227 0.5
      vertex 196.089 133.227 0
    endloop
  endfacet
  facet normal -0.999822 -0.0188646 0
    outer loop
      vertex 196.089 133.227 0.5
      vertex 196.092 133.068 0
      vertex 196.092 133.068 0.5
    endloop
  endfacet
  facet normal -0.997459 -0.071247 0
    outer loop
      vertex 196.089 133.227 0
      vertex 196.078 133.381 0.5
      vertex 196.078 133.381 0
    endloop
  endfacet
  facet normal -0.997459 -0.071247 0
    outer loop
      vertex 196.078 133.381 0.5
      vertex 196.089 133.227 0
      vertex 196.089 133.227 0.5
    endloop
  endfacet
  facet normal -0.992877 -0.119145 0
    outer loop
      vertex 196.078 133.381 0
      vertex 196.06 133.531 0.5
      vertex 196.06 133.531 0
    endloop
  endfacet
  facet normal -0.992877 -0.119145 0
    outer loop
      vertex 196.06 133.531 0.5
      vertex 196.078 133.381 0
      vertex 196.078 133.381 0.5
    endloop
  endfacet
  facet normal -0.986577 -0.163296 0
    outer loop
      vertex 196.06 133.531 0
      vertex 196.036 133.676 0.5
      vertex 196.036 133.676 0
    endloop
  endfacet
  facet normal -0.986577 -0.163296 0
    outer loop
      vertex 196.036 133.676 0.5
      vertex 196.06 133.531 0
      vertex 196.06 133.531 0.5
    endloop
  endfacet
  facet normal -0.974859 -0.222825 0
    outer loop
      vertex 196.036 133.676 0
      vertex 196.004 133.816 0.5
      vertex 196.004 133.816 0
    endloop
  endfacet
  facet normal -0.974859 -0.222825 0
    outer loop
      vertex 196.004 133.816 0.5
      vertex 196.036 133.676 0
      vertex 196.036 133.676 0.5
    endloop
  endfacet
  facet normal -0.960714 -0.27754 0
    outer loop
      vertex 196.004 133.816 0
      vertex 195.965 133.951 0.5
      vertex 195.965 133.951 0
    endloop
  endfacet
  facet normal -0.960714 -0.27754 0
    outer loop
      vertex 195.965 133.951 0.5
      vertex 196.004 133.816 0
      vertex 196.004 133.816 0.5
    endloop
  endfacet
  facet normal -0.942722 -0.333579 0
    outer loop
      vertex 195.965 133.951 0
      vertex 195.919 134.081 0.5
      vertex 195.919 134.081 0
    endloop
  endfacet
  facet normal -0.942722 -0.333579 0
    outer loop
      vertex 195.919 134.081 0.5
      vertex 195.965 133.951 0
      vertex 195.965 133.951 0.5
    endloop
  endfacet
  facet normal -0.921773 -0.38773 0
    outer loop
      vertex 195.919 134.081 0
      vertex 195.866 134.207 0.5
      vertex 195.866 134.207 0
    endloop
  endfacet
  facet normal -0.921773 -0.38773 0
    outer loop
      vertex 195.866 134.207 0.5
      vertex 195.919 134.081 0
      vertex 195.919 134.081 0.5
    endloop
  endfacet
  facet normal -0.894427 -0.447214 0
    outer loop
      vertex 195.866 134.207 0
      vertex 195.805 134.329 0.5
      vertex 195.805 134.329 0
    endloop
  endfacet
  facet normal -0.894427 -0.447214 0
    outer loop
      vertex 195.805 134.329 0.5
      vertex 195.866 134.207 0
      vertex 195.866 134.207 0.5
    endloop
  endfacet
  facet normal -0.864582 -0.502492 0
    outer loop
      vertex 195.805 134.329 0
      vertex 195.737 134.446 0.5
      vertex 195.737 134.446 0
    endloop
  endfacet
  facet normal -0.864582 -0.502492 0
    outer loop
      vertex 195.737 134.446 0.5
      vertex 195.805 134.329 0
      vertex 195.805 134.329 0.5
    endloop
  endfacet
  facet normal -0.833183 -0.552998 0
    outer loop
      vertex 195.737 134.446 0
      vertex 195.662 134.559 0.5
      vertex 195.662 134.559 0
    endloop
  endfacet
  facet normal -0.833183 -0.552998 0
    outer loop
      vertex 195.662 134.559 0.5
      vertex 195.737 134.446 0
      vertex 195.737 134.446 0.5
    endloop
  endfacet
  facet normal -0.792897 -0.609356 0
    outer loop
      vertex 195.662 134.559 0
      vertex 195.579 134.667 0.5
      vertex 195.579 134.667 0
    endloop
  endfacet
  facet normal -0.792897 -0.609356 0
    outer loop
      vertex 195.579 134.667 0.5
      vertex 195.662 134.559 0
      vertex 195.662 134.559 0.5
    endloop
  endfacet
  facet normal -0.752577 -0.658505 0
    outer loop
      vertex 195.579 134.667 0
      vertex 195.488 134.771 0.5
      vertex 195.488 134.771 0
    endloop
  endfacet
  facet normal -0.752577 -0.658505 0
    outer loop
      vertex 195.488 134.771 0.5
      vertex 195.579 134.667 0
      vertex 195.579 134.667 0.5
    endloop
  endfacet
  facet normal -0.714213 -0.699929 0
    outer loop
      vertex 195.488 134.771 0
      vertex 195.39 134.871 0.5
      vertex 195.39 134.871 0
    endloop
  endfacet
  facet normal -0.714213 -0.699929 0
    outer loop
      vertex 195.39 134.871 0.5
      vertex 195.488 134.771 0
      vertex 195.488 134.771 0.5
    endloop
  endfacet
  facet normal -0.675158 -0.737673 0
    outer loop
      vertex 195.272 134.979 0
      vertex 195.39 134.871 0.5
      vertex 195.272 134.979 0.5
    endloop
  endfacet
  facet normal -0.675158 -0.737673 -0
    outer loop
      vertex 195.39 134.871 0.5
      vertex 195.272 134.979 0
      vertex 195.39 134.871 0
    endloop
  endfacet
  facet normal -0.616987 -0.786973 0
    outer loop
      vertex 195.147 135.077 0
      vertex 195.272 134.979 0.5
      vertex 195.147 135.077 0.5
    endloop
  endfacet
  facet normal -0.616987 -0.786973 -0
    outer loop
      vertex 195.272 134.979 0.5
      vertex 195.147 135.077 0
      vertex 195.272 134.979 0
    endloop
  endfacet
  facet normal -0.563337 -0.826227 0
    outer loop
      vertex 195.015 135.167 0
      vertex 195.147 135.077 0.5
      vertex 195.015 135.167 0.5
    endloop
  endfacet
  facet normal -0.563337 -0.826227 -0
    outer loop
      vertex 195.147 135.077 0.5
      vertex 195.015 135.167 0
      vertex 195.147 135.077 0
    endloop
  endfacet
  facet normal -0.496816 -0.867856 0
    outer loop
      vertex 194.877 135.246 0
      vertex 195.015 135.167 0.5
      vertex 194.877 135.246 0.5
    endloop
  endfacet
  facet normal -0.496816 -0.867856 -0
    outer loop
      vertex 195.015 135.167 0.5
      vertex 194.877 135.246 0
      vertex 195.015 135.167 0
    endloop
  endfacet
  facet normal -0.439765 -0.898113 0
    outer loop
      vertex 194.732 135.317 0
      vertex 194.877 135.246 0.5
      vertex 194.732 135.317 0.5
    endloop
  endfacet
  facet normal -0.439765 -0.898113 -0
    outer loop
      vertex 194.877 135.246 0.5
      vertex 194.732 135.317 0
      vertex 194.877 135.246 0
    endloop
  endfacet
  facet normal -0.372443 -0.928055 0
    outer loop
      vertex 194.58 135.378 0
      vertex 194.732 135.317 0.5
      vertex 194.58 135.378 0.5
    endloop
  endfacet
  facet normal -0.372443 -0.928055 -0
    outer loop
      vertex 194.732 135.317 0.5
      vertex 194.58 135.378 0
      vertex 194.732 135.317 0
    endloop
  endfacet
  facet normal -0.307179 -0.951652 0
    outer loop
      vertex 194.422 135.429 0
      vertex 194.58 135.378 0.5
      vertex 194.422 135.429 0.5
    endloop
  endfacet
  facet normal -0.307179 -0.951652 -0
    outer loop
      vertex 194.58 135.378 0.5
      vertex 194.422 135.429 0
      vertex 194.58 135.378 0
    endloop
  endfacet
  facet normal -0.246488 -0.969146 0
    outer loop
      vertex 194.249 135.473 0
      vertex 194.422 135.429 0.5
      vertex 194.249 135.473 0.5
    endloop
  endfacet
  facet normal -0.246488 -0.969146 -0
    outer loop
      vertex 194.422 135.429 0.5
      vertex 194.249 135.473 0
      vertex 194.422 135.429 0
    endloop
  endfacet
  facet normal -0.18459 -0.982816 0
    outer loop
      vertex 194.052 135.51 0
      vertex 194.249 135.473 0.5
      vertex 194.052 135.51 0.5
    endloop
  endfacet
  facet normal -0.18459 -0.982816 -0
    outer loop
      vertex 194.249 135.473 0.5
      vertex 194.052 135.51 0
      vertex 194.249 135.473 0
    endloop
  endfacet
  facet normal -0.133918 -0.990992 0
    outer loop
      vertex 193.83 135.54 0
      vertex 194.052 135.51 0.5
      vertex 193.83 135.54 0.5
    endloop
  endfacet
  facet normal -0.133918 -0.990992 -0
    outer loop
      vertex 194.052 135.51 0.5
      vertex 193.83 135.54 0
      vertex 194.052 135.51 0
    endloop
  endfacet
  facet normal -0.0934666 -0.995622 0
    outer loop
      vertex 193.585 135.563 0
      vertex 193.83 135.54 0.5
      vertex 193.585 135.563 0.5
    endloop
  endfacet
  facet normal -0.0934666 -0.995622 -0
    outer loop
      vertex 193.83 135.54 0.5
      vertex 193.585 135.563 0
      vertex 193.83 135.54 0
    endloop
  endfacet
  facet normal -0.0630712 -0.998009 0
    outer loop
      vertex 193.316 135.58 0
      vertex 193.585 135.563 0.5
      vertex 193.316 135.58 0.5
    endloop
  endfacet
  facet normal -0.0630712 -0.998009 -0
    outer loop
      vertex 193.585 135.563 0.5
      vertex 193.316 135.58 0
      vertex 193.585 135.563 0
    endloop
  endfacet
  facet normal -0.0339939 -0.999422 0
    outer loop
      vertex 193.022 135.59 0
      vertex 193.316 135.58 0.5
      vertex 193.022 135.59 0.5
    endloop
  endfacet
  facet normal -0.0339939 -0.999422 -0
    outer loop
      vertex 193.316 135.58 0.5
      vertex 193.022 135.59 0
      vertex 193.316 135.58 0
    endloop
  endfacet
  facet normal -0.0126173 -0.99992 0
    outer loop
      vertex 192.705 135.594 0
      vertex 193.022 135.59 0.5
      vertex 192.705 135.594 0.5
    endloop
  endfacet
  facet normal -0.0126173 -0.99992 -0
    outer loop
      vertex 193.022 135.59 0.5
      vertex 192.705 135.594 0
      vertex 193.022 135.59 0
    endloop
  endfacet
  facet normal 0 -1 0
    outer loop
      vertex 191.328 135.594 0
      vertex 192.705 135.594 0.5
      vertex 191.328 135.594 0.5
    endloop
  endfacet
  facet normal 0 -1 -0
    outer loop
      vertex 192.705 135.594 0.5
      vertex 191.328 135.594 0
      vertex 192.705 135.594 0
    endloop
  endfacet
  facet normal 1 -0 0
    outer loop
      vertex 191.328 130.531 0.5
      vertex 191.328 135.594 0
      vertex 191.328 135.594 0.5
    endloop
  endfacet
  facet normal 1 0 0
    outer loop
      vertex 191.328 135.594 0
      vertex 191.328 130.531 0.5
      vertex 191.328 130.531 0
    endloop
  endfacet
  facet normal 0 1 -0
    outer loop
      vertex 192.705 130.531 0
      vertex 191.328 130.531 0.5
      vertex 192.705 130.531 0.5
    endloop
  endfacet
  facet normal 0 1 0
    outer loop
      vertex 191.328 130.531 0.5
      vertex 192.705 130.531 0
      vertex 191.328 130.531 0
    endloop
  endfacet
  facet normal -0.0127378 0.999919 0
    outer loop
      vertex 193.019 130.535 0
      vertex 192.705 130.531 0.5
      vertex 193.019 130.535 0.5
    endloop
  endfacet
  facet normal -0.0127378 0.999919 0
    outer loop
      vertex 192.705 130.531 0.5
      vertex 193.019 130.535 0
      vertex 192.705 130.531 0
    endloop
  endfacet
  facet normal -1 0 0
    outer loop
      vertex 192.634 131.517 0
      vertex 192.634 134.608 0.5
      vertex 192.634 134.608 0
    endloop
  endfacet
  facet normal -1 -0 0
    outer loop
      vertex 192.634 134.608 0.5
      vertex 192.634 131.517 0
      vertex 192.634 131.517 0.5
    endloop
  endfacet
  facet normal 0 1 -0
    outer loop
      vertex 193.102 134.608 0
      vertex 192.634 134.608 0.5
      vertex 193.102 134.608 0.5
    endloop
  endfacet
  facet normal 0 1 0
    outer loop
      vertex 192.634 134.608 0.5
      vertex 193.102 134.608 0
      vertex 192.634 134.608 0
    endloop
  endfacet
  facet normal 0.0361754 0.999345 -0
    outer loop
      vertex 193.323 134.6 0
      vertex 193.102 134.608 0.5
      vertex 193.323 134.6 0.5
    endloop
  endfacet
  facet normal 0.0361754 0.999345 0
    outer loop
      vertex 193.102 134.608 0.5
      vertex 193.323 134.6 0
      vertex 193.102 134.608 0
    endloop
  endfacet
  facet normal 0.115171 0.993346 -0
    outer loop
      vertex 193.53 134.576 0
      vertex 193.323 134.6 0.5
      vertex 193.53 134.576 0.5
    endloop
  endfacet
  facet normal 0.115171 0.993346 0
    outer loop
      vertex 193.323 134.6 0.5
      vertex 193.53 134.576 0
      vertex 193.323 134.6 0
    endloop
  endfacet
  facet normal 0.20601 0.97855 -0
    outer loop
      vertex 193.72 134.536 0
      vertex 193.53 134.576 0.5
      vertex 193.72 134.536 0.5
    endloop
  endfacet
  facet normal 0.20601 0.97855 0
    outer loop
      vertex 193.53 134.576 0.5
      vertex 193.72 134.536 0
      vertex 193.53 134.576 0
    endloop
  endfacet
  facet normal 0.304776 0.952424 -0
    outer loop
      vertex 193.895 134.48 0
      vertex 193.72 134.536 0.5
      vertex 193.895 134.48 0.5
    endloop
  endfacet
  facet normal 0.304776 0.952424 0
    outer loop
      vertex 193.72 134.536 0.5
      vertex 193.895 134.48 0
      vertex 193.72 134.536 0
    endloop
  endfacet
  facet normal 0.417245 0.908794 -0
    outer loop
      vertex 194.054 134.407 0
      vertex 193.895 134.48 0.5
      vertex 194.054 134.407 0.5
    endloop
  endfacet
  facet normal 0.417245 0.908794 0
    outer loop
      vertex 193.895 134.48 0.5
      vertex 194.054 134.407 0
      vertex 193.895 134.48 0
    endloop
  endfacet
  facet normal 0.52145 0.853282 -0
    outer loop
      vertex 194.198 134.319 0
      vertex 194.054 134.407 0.5
      vertex 194.198 134.319 0.5
    endloop
  endfacet
  facet normal 0.52145 0.853282 0
    outer loop
      vertex 194.054 134.407 0.5
      vertex 194.198 134.319 0
      vertex 194.054 134.407 0
    endloop
  endfacet
  facet normal 0.634224 0.773149 -0
    outer loop
      vertex 194.326 134.214 0
      vertex 194.198 134.319 0.5
      vertex 194.326 134.214 0.5
    endloop
  endfacet
  facet normal 0.634224 0.773149 0
    outer loop
      vertex 194.198 134.319 0.5
      vertex 194.326 134.214 0
      vertex 194.198 134.319 0
    endloop
  endfacet
  facet normal 0.73126 0.682099 0
    outer loop
      vertex 194.437 134.095 0.5
      vertex 194.326 134.214 0
      vertex 194.326 134.214 0.5
    endloop
  endfacet
  facet normal 0.73126 0.682099 0
    outer loop
      vertex 194.326 134.214 0
      vertex 194.437 134.095 0.5
      vertex 194.437 134.095 0
    endloop
  endfacet
  facet normal 0.817806 0.575493 0
    outer loop
      vertex 194.532 133.96 0.5
      vertex 194.437 134.095 0
      vertex 194.437 134.095 0.5
    endloop
  endfacet
  facet normal 0.817806 0.575493 0
    outer loop
      vertex 194.437 134.095 0
      vertex 194.532 133.96 0.5
      vertex 194.532 133.96 0
    endloop
  endfacet
  facet normal 0.888385 0.459098 0
    outer loop
      vertex 194.609 133.811 0.5
      vertex 194.532 133.96 0
      vertex 194.532 133.96 0.5
    endloop
  endfacet
  facet normal 0.888385 0.459098 0
    outer loop
      vertex 194.532 133.96 0
      vertex 194.609 133.811 0.5
      vertex 194.609 133.811 0
    endloop
  endfacet
  facet normal 0.939123 0.343582 0
    outer loop
      vertex 194.669 133.647 0.5
      vertex 194.609 133.811 0
      vertex 194.609 133.811 0.5
    endloop
  endfacet
  facet normal 0.939123 0.343582 0
    outer loop
      vertex 194.609 133.811 0
      vertex 194.669 133.647 0.5
      vertex 194.669 133.647 0
    endloop
  endfacet
  facet normal 0.972039 0.234818 0
    outer loop
      vertex 194.712 133.469 0.5
      vertex 194.669 133.647 0
      vertex 194.669 133.647 0.5
    endloop
  endfacet
  facet normal 0.972039 0.234818 0
    outer loop
      vertex 194.669 133.647 0
      vertex 194.712 133.469 0.5
      vertex 194.712 133.469 0
    endloop
  endfacet
  facet normal 0.991799 0.127809 0
    outer loop
      vertex 194.737 133.275 0.5
      vertex 194.712 133.469 0
      vertex 194.712 133.469 0.5
    endloop
  endfacet
  facet normal 0.991799 0.127809 0
    outer loop
      vertex 194.712 133.469 0
      vertex 194.737 133.275 0.5
      vertex 194.737 133.275 0
    endloop
  endfacet
  facet normal 0.999056 0.0434372 0
    outer loop
      vertex 194.746 133.068 0.5
      vertex 194.737 133.275 0
      vertex 194.737 133.275 0.5
    endloop
  endfacet
  facet normal 0.999056 0.0434372 0
    outer loop
      vertex 194.737 133.275 0
      vertex 194.746 133.068 0.5
      vertex 194.746 133.068 0
    endloop
  endfacet
  facet normal 0.999074 -0.0430223 0
    outer loop
      vertex 194.737 132.859 0.5
      vertex 194.746 133.068 0
      vertex 194.746 133.068 0.5
    endloop
  endfacet
  facet normal 0.999074 -0.0430223 0
    outer loop
      vertex 194.746 133.068 0
      vertex 194.737 132.859 0.5
      vertex 194.737 132.859 0
    endloop
  endfacet
  facet normal 0.991799 -0.127809 0
    outer loop
      vertex 194.712 132.665 0.5
      vertex 194.737 132.859 0
      vertex 194.737 132.859 0.5
    endloop
  endfacet
  facet normal 0.991799 -0.127809 0
    outer loop
      vertex 194.737 132.859 0
      vertex 194.712 132.665 0.5
      vertex 194.712 132.665 0
    endloop
  endfacet
  facet normal 0.972632 -0.232351 0
    outer loop
      vertex 194.669 132.485 0.5
      vertex 194.712 132.665 0
      vertex 194.712 132.665 0.5
    endloop
  endfacet
  facet normal 0.972632 -0.232351 0
    outer loop
      vertex 194.712 132.665 0
      vertex 194.669 132.485 0.5
      vertex 194.669 132.485 0
    endloop
  endfacet
  facet normal 0.937954 -0.346759 0
    outer loop
      vertex 194.608 132.32 0.5
      vertex 194.669 132.485 0
      vertex 194.669 132.485 0.5
    endloop
  endfacet
  facet normal 0.937954 -0.346759 0
    outer loop
      vertex 194.669 132.485 0
      vertex 194.608 132.32 0.5
      vertex 194.608 132.32 0
    endloop
  endfacet
  facet normal 0.889632 -0.456678 0
    outer loop
      vertex 194.531 132.17 0.5
      vertex 194.608 132.32 0
      vertex 194.608 132.32 0.5
    endloop
  endfacet
  facet normal 0.889632 -0.456678 0
    outer loop
      vertex 194.608 132.32 0
      vertex 194.531 132.17 0.5
      vertex 194.531 132.17 0
    endloop
  endfacet
  facet normal 0.817806 -0.575493 0
    outer loop
      vertex 194.436 132.035 0.5
      vertex 194.531 132.17 0
      vertex 194.531 132.17 0.5
    endloop
  endfacet
  facet normal 0.817806 -0.575493 0
    outer loop
      vertex 194.531 132.17 0
      vertex 194.436 132.035 0.5
      vertex 194.436 132.035 0
    endloop
  endfacet
  facet normal 0.733873 -0.679287 0
    outer loop
      vertex 194.324 131.914 0.5
      vertex 194.436 132.035 0
      vertex 194.436 132.035 0.5
    endloop
  endfacet
  facet normal 0.733873 -0.679287 0
    outer loop
      vertex 194.436 132.035 0
      vertex 194.324 131.914 0.5
      vertex 194.324 131.914 0
    endloop
  endfacet
  facet normal 0.634224 -0.773149 0
    outer loop
      vertex 194.196 131.809 0
      vertex 194.324 131.914 0.5
      vertex 194.196 131.809 0.5
    endloop
  endfacet
  facet normal 0.634224 -0.773149 0
    outer loop
      vertex 194.324 131.914 0.5
      vertex 194.196 131.809 0
      vertex 194.324 131.914 0
    endloop
  endfacet
  facet normal 0.529999 -0.847998 0
    outer loop
      vertex 194.052 131.719 0
      vertex 194.196 131.809 0.5
      vertex 194.052 131.719 0.5
    endloop
  endfacet
  facet normal 0.529999 -0.847998 0
    outer loop
      vertex 194.196 131.809 0.5
      vertex 194.052 131.719 0
      vertex 194.196 131.809 0
    endloop
  endfacet
  facet normal 0.417245 -0.908794 0
    outer loop
      vertex 193.893 131.646 0
      vertex 194.052 131.719 0.5
      vertex 193.893 131.646 0.5
    endloop
  endfacet
  facet normal 0.417245 -0.908794 0
    outer loop
      vertex 194.052 131.719 0.5
      vertex 193.893 131.646 0
      vertex 194.052 131.719 0
    endloop
  endfacet
  facet normal 0.304776 -0.952424 0
    outer loop
      vertex 193.718 131.59 0
      vertex 193.893 131.646 0.5
      vertex 193.718 131.59 0.5
    endloop
  endfacet
  facet normal 0.304776 -0.952424 0
    outer loop
      vertex 193.893 131.646 0.5
      vertex 193.718 131.59 0
      vertex 193.893 131.646 0
    endloop
  endfacet
  facet normal 0.210934 -0.9775 0
    outer loop
      vertex 193.528 131.549 0
      vertex 193.718 131.59 0.5
      vertex 193.528 131.549 0.5
    endloop
  endfacet
  facet normal 0.210934 -0.9775 0
    outer loop
      vertex 193.718 131.59 0.5
      vertex 193.528 131.549 0
      vertex 193.718 131.59 0
    endloop
  endfacet
  facet normal 0.116279 -0.993217 0
    outer loop
      vertex 193.323 131.525 0
      vertex 193.528 131.549 0.5
      vertex 193.323 131.525 0.5
    endloop
  endfacet
  facet normal 0.116279 -0.993217 0
    outer loop
      vertex 193.528 131.549 0.5
      vertex 193.323 131.525 0
      vertex 193.528 131.549 0
    endloop
  endfacet
  facet normal 0.0361754 -0.999345 0
    outer loop
      vertex 193.102 131.517 0
      vertex 193.323 131.525 0.5
      vertex 193.102 131.517 0.5
    endloop
  endfacet
  facet normal 0.0361754 -0.999345 0
    outer loop
      vertex 193.323 131.525 0.5
      vertex 193.102 131.517 0
      vertex 193.323 131.525 0
    endloop
  endfacet
  facet normal 0 -1 0
    outer loop
      vertex 192.634 131.517 0
      vertex 193.102 131.517 0.5
      vertex 192.634 131.517 0.5
    endloop
  endfacet
  facet normal 0 -1 -0
    outer loop
      vertex 193.102 131.517 0.5
      vertex 192.634 131.517 0
      vertex 193.102 131.517 0
    endloop
  endfacet
  facet normal -0.034344 0.99941 0
    outer loop
      vertex 177.385 130.545 0
      vertex 177.094 130.535 0.5
      vertex 177.385 130.545 0.5
    endloop
  endfacet
  facet normal -0.034344 0.99941 0
    outer loop
      vertex 177.094 130.535 0.5
      vertex 177.385 130.545 0
      vertex 177.094 130.535 0
    endloop
  endfacet
  facet normal -0.0598178 0.998209 0
    outer loop
      vertex 177.652 130.561 0
      vertex 177.385 130.545 0.5
      vertex 177.652 130.561 0.5
    endloop
  endfacet
  facet normal -0.0598178 0.998209 0
    outer loop
      vertex 177.385 130.545 0.5
      vertex 177.652 130.561 0
      vertex 177.385 130.545 0
    endloop
  endfacet
  facet normal -0.0974925 0.995236 0
    outer loop
      vertex 177.897 130.585 0
      vertex 177.652 130.561 0.5
      vertex 177.897 130.585 0.5
    endloop
  endfacet
  facet normal -0.0974925 0.995236 0
    outer loop
      vertex 177.652 130.561 0.5
      vertex 177.897 130.585 0
      vertex 177.652 130.561 0
    endloop
  endfacet
  facet normal -0.135113 0.99083 0
    outer loop
      vertex 178.117 130.615 0
      vertex 177.897 130.585 0.5
      vertex 178.117 130.615 0.5
    endloop
  endfacet
  facet normal -0.135113 0.99083 0
    outer loop
      vertex 177.897 130.585 0.5
      vertex 178.117 130.615 0
      vertex 177.897 130.585 0
    endloop
  endfacet
  facet normal -0.183689 0.982984 0
    outer loop
      vertex 178.315 130.652 0
      vertex 178.117 130.615 0.5
      vertex 178.315 130.652 0.5
    endloop
  endfacet
  facet normal -0.183689 0.982984 0
    outer loop
      vertex 178.117 130.615 0.5
      vertex 178.315 130.652 0
      vertex 178.117 130.615 0
    endloop
  endfacet
  facet normal -0.245157 0.969483 0
    outer loop
      vertex 178.489 130.696 0
      vertex 178.315 130.652 0.5
      vertex 178.489 130.696 0.5
    endloop
  endfacet
  facet normal -0.245157 0.969483 0
    outer loop
      vertex 178.315 130.652 0.5
      vertex 178.489 130.696 0
      vertex 178.315 130.652 0
    endloop
  endfacet
  facet normal -0.303695 0.952769 0
    outer loop
      vertex 178.649 130.747 0
      vertex 178.489 130.696 0.5
      vertex 178.649 130.747 0.5
    endloop
  endfacet
  facet normal -0.303695 0.952769 0
    outer loop
      vertex 178.489 130.696 0.5
      vertex 178.649 130.747 0
      vertex 178.489 130.696 0
    endloop
  endfacet
  facet normal -0.370344 0.928895 0
    outer loop
      vertex 178.802 130.808 0
      vertex 178.649 130.747 0.5
      vertex 178.802 130.808 0.5
    endloop
  endfacet
  facet normal -0.370344 0.928895 0
    outer loop
      vertex 178.649 130.747 0.5
      vertex 178.802 130.808 0
      vertex 178.649 130.747 0
    endloop
  endfacet
  facet normal -0.437331 0.899301 0
    outer loop
      vertex 178.948 130.879 0
      vertex 178.802 130.808 0.5
      vertex 178.948 130.879 0.5
    endloop
  endfacet
  facet normal -0.437331 0.899301 0
    outer loop
      vertex 178.802 130.808 0.5
      vertex 178.948 130.879 0
      vertex 178.802 130.808 0
    endloop
  endfacet
  facet normal -0.494117 0.869395 0
    outer loop
      vertex 179.087 130.958 0
      vertex 178.948 130.879 0.5
      vertex 179.087 130.958 0.5
    endloop
  endfacet
  facet normal -0.494117 0.869395 0
    outer loop
      vertex 178.948 130.879 0.5
      vertex 179.087 130.958 0
      vertex 178.948 130.879 0
    endloop
  endfacet
  facet normal -0.556141 0.831088 0
    outer loop
      vertex 179.22 131.047 0
      vertex 179.087 130.958 0.5
      vertex 179.22 131.047 0.5
    endloop
  endfacet
  facet normal -0.556141 0.831088 0
    outer loop
      vertex 179.087 130.958 0.5
      vertex 179.22 131.047 0
      vertex 179.087 130.958 0
    endloop
  endfacet
  facet normal -0.617822 0.786318 0
    outer loop
      vertex 179.346 131.146 0
      vertex 179.22 131.047 0.5
      vertex 179.346 131.146 0.5
    endloop
  endfacet
  facet normal -0.617822 0.786318 0
    outer loop
      vertex 179.22 131.047 0.5
      vertex 179.346 131.146 0
      vertex 179.22 131.047 0
    endloop
  endfacet
  facet normal -0.668965 0.743294 0
    outer loop
      vertex 179.466 131.254 0
      vertex 179.346 131.146 0.5
      vertex 179.466 131.254 0.5
    endloop
  endfacet
  facet normal -0.668965 0.743294 0
    outer loop
      vertex 179.346 131.146 0.5
      vertex 179.466 131.254 0
      vertex 179.346 131.146 0
    endloop
  endfacet
  facet normal -0.714213 0.699929 0
    outer loop
      vertex 179.466 131.254 0
      vertex 179.564 131.354 0.5
      vertex 179.564 131.354 0
    endloop
  endfacet
  facet normal -0.714213 0.699929 0
    outer loop
      vertex 179.564 131.354 0.5
      vertex 179.466 131.254 0
      vertex 179.466 131.254 0.5
    endloop
  endfacet
  facet normal -0.756169 0.654377 0
    outer loop
      vertex 179.564 131.354 0
      vertex 179.654 131.458 0.5
      vertex 179.654 131.458 0
    endloop
  endfacet
  facet normal -0.756169 0.654377 0
    outer loop
      vertex 179.654 131.458 0.5
      vertex 179.564 131.354 0
      vertex 179.564 131.354 0.5
    endloop
  endfacet
  facet normal -0.795599 0.605823 0
    outer loop
      vertex 179.654 131.458 0
      vertex 179.737 131.567 0.5
      vertex 179.737 131.567 0
    endloop
  endfacet
  facet normal -0.795599 0.605823 0
    outer loop
      vertex 179.737 131.567 0.5
      vertex 179.654 131.458 0
      vertex 179.654 131.458 0.5
    endloop
  endfacet
  facet normal -0.829784 0.558085 0
    outer loop
      vertex 179.737 131.567 0
      vertex 179.813 131.68 0.5
      vertex 179.813 131.68 0
    endloop
  endfacet
  facet normal -0.829784 0.558085 0
    outer loop
      vertex 179.813 131.68 0.5
      vertex 179.737 131.567 0
      vertex 179.737 131.567 0.5
    endloop
  endfacet
  facet normal -0.864582 0.502492 0
    outer loop
      vertex 179.813 131.68 0
      vertex 179.881 131.797 0.5
      vertex 179.881 131.797 0
    endloop
  endfacet
  facet normal -0.864582 0.502492 0
    outer loop
      vertex 179.881 131.797 0.5
      vertex 179.813 131.68 0
      vertex 179.813 131.68 0.5
    endloop
  endfacet
  facet normal -0.894427 0.447214 0
    outer loop
      vertex 179.881 131.797 0
      vertex 179.942 131.919 0.5
      vertex 179.942 131.919 0
    endloop
  endfacet
  facet normal -0.894427 0.447214 0
    outer loop
      vertex 179.942 131.919 0.5
      vertex 179.881 131.797 0
      vertex 179.881 131.797 0.5
    endloop
  endfacet
  facet normal -0.921773 0.38773 0
    outer loop
      vertex 179.942 131.919 0
      vertex 179.995 132.045 0.5
      vertex 179.995 132.045 0
    endloop
  endfacet
  facet normal -0.921773 0.38773 0
    outer loop
      vertex 179.995 132.045 0.5
      vertex 179.942 131.919 0
      vertex 179.942 131.919 0.5
    endloop
  endfacet
  facet normal -0.943521 0.331313 0
    outer loop
      vertex 179.995 132.045 0
      vertex 180.041 132.176 0.5
      vertex 180.041 132.176 0
    endloop
  endfacet
  facet normal -0.943521 0.331313 0
    outer loop
      vertex 180.041 132.176 0.5
      vertex 179.995 132.045 0
      vertex 179.995 132.045 0.5
    endloop
  endfacet
  facet normal -0.961257 0.275655 0
    outer loop
      vertex 180.041 132.176 0
      vertex 180.08 132.312 0.5
      vertex 180.08 132.312 0
    endloop
  endfacet
  facet normal -0.961257 0.275655 0
    outer loop
      vertex 180.08 132.312 0.5
      vertex 180.041 132.176 0
      vertex 180.041 132.176 0.5
    endloop
  endfacet
  facet normal -0.976674 0.21473 0
    outer loop
      vertex 180.08 132.312 0
      vertex 180.111 132.453 0.5
      vertex 180.111 132.453 0
    endloop
  endfacet
  facet normal -0.976674 0.21473 0
    outer loop
      vertex 180.111 132.453 0.5
      vertex 180.08 132.312 0
      vertex 180.08 132.312 0.5
    endloop
  endfacet
  facet normal -0.985654 0.168776 0
    outer loop
      vertex 180.111 132.453 0
      vertex 180.136 132.599 0.5
      vertex 180.136 132.599 0
    endloop
  endfacet
  facet normal -0.985654 0.168776 0
    outer loop
      vertex 180.136 132.599 0.5
      vertex 180.111 132.453 0
      vertex 180.111 132.453 0.5
    endloop
  endfacet
  facet normal -0.99297 0.118367 0
    outer loop
      vertex 180.136 132.599 0
      vertex 180.154 132.75 0.5
      vertex 180.154 132.75 0
    endloop
  endfacet
  facet normal -0.99297 0.118367 0
    outer loop
      vertex 180.154 132.75 0.5
      vertex 180.136 132.599 0
      vertex 180.136 132.599 0.5
    endloop
  endfacet
  facet normal -0.997952 0.0639713 0
    outer loop
      vertex 180.154 132.75 0
      vertex 180.164 132.906 0.5
      vertex 180.164 132.906 0
    endloop
  endfacet
  facet normal -0.997952 0.0639713 0
    outer loop
      vertex 180.164 132.906 0.5
      vertex 180.154 132.75 0
      vertex 180.154 132.75 0.5
    endloop
  endfacet
  facet normal -0.999695 0.0246838 0
    outer loop
      vertex 180.164 132.906 0
      vertex 180.168 133.068 0.5
      vertex 180.168 133.068 0
    endloop
  endfacet
  facet normal -0.999695 0.0246838 0
    outer loop
      vertex 180.168 133.068 0.5
      vertex 180.164 132.906 0
      vertex 180.164 132.906 0.5
    endloop
  endfacet
  facet normal -0.999684 -0.0251493 0
    outer loop
      vertex 180.168 133.068 0
      vertex 180.164 133.227 0.5
      vertex 180.164 133.227 0
    endloop
  endfacet
  facet normal -0.999684 -0.0251493 0
    outer loop
      vertex 180.164 133.227 0.5
      vertex 180.168 133.068 0
      vertex 180.168 133.068 0.5
    endloop
  endfacet
  facet normal -0.997898 -0.0647986 0
    outer loop
      vertex 180.164 133.227 0
      vertex 180.154 133.381 0.5
      vertex 180.154 133.381 0
    endloop
  endfacet
  facet normal -0.997898 -0.0647986 0
    outer loop
      vertex 180.154 133.381 0.5
      vertex 180.164 133.227 0
      vertex 180.164 133.227 0.5
    endloop
  endfacet
  facet normal -0.992877 -0.119145 0
    outer loop
      vertex 180.154 133.381 0
      vertex 180.136 133.531 0.5
      vertex 180.136 133.531 0
    endloop
  endfacet
  facet normal -0.992877 -0.119145 0
    outer loop
      vertex 180.136 133.531 0.5
      vertex 180.154 133.381 0
      vertex 180.154 133.381 0.5
    endloop
  endfacet
  facet normal -0.98546 -0.169907 0
    outer loop
      vertex 180.136 133.531 0
      vertex 180.111 133.676 0.5
      vertex 180.111 133.676 0
    endloop
  endfacet
  facet normal -0.98546 -0.169907 0
    outer loop
      vertex 180.111 133.676 0.5
      vertex 180.136 133.531 0
      vertex 180.136 133.531 0.5
    endloop
  endfacet
  facet normal -0.976351 -0.216192 0
    outer loop
      vertex 180.111 133.676 0
      vertex 180.08 133.816 0.5
      vertex 180.08 133.816 0
    endloop
  endfacet
  facet normal -0.976351 -0.216192 0
    outer loop
      vertex 180.08 133.816 0.5
      vertex 180.111 133.676 0
      vertex 180.111 133.676 0.5
    endloop
  endfacet
  facet normal -0.960714 -0.27754 0
    outer loop
      vertex 180.08 133.816 0
      vertex 180.041 133.951 0.5
      vertex 180.041 133.951 0
    endloop
  endfacet
  facet normal -0.960714 -0.27754 0
    outer loop
      vertex 180.041 133.951 0.5
      vertex 180.08 133.816 0
      vertex 180.08 133.816 0.5
    endloop
  endfacet
  facet normal -0.942722 -0.333579 0
    outer loop
      vertex 180.041 133.951 0
      vertex 179.995 134.081 0.5
      vertex 179.995 134.081 0
    endloop
  endfacet
  facet normal -0.942722 -0.333579 0
    outer loop
      vertex 179.995 134.081 0.5
      vertex 180.041 133.951 0
      vertex 180.041 133.951 0.5
    endloop
  endfacet
  facet normal -0.921773 -0.38773 0
    outer loop
      vertex 179.995 134.081 0
      vertex 179.942 134.207 0.5
      vertex 179.942 134.207 0
    endloop
  endfacet
  facet normal -0.921773 -0.38773 0
    outer loop
      vertex 179.942 134.207 0.5
      vertex 179.995 134.081 0
      vertex 179.995 134.081 0.5
    endloop
  endfacet
  facet normal -0.894427 -0.447214 0
    outer loop
      vertex 179.942 134.207 0
      vertex 179.881 134.329 0.5
      vertex 179.881 134.329 0
    endloop
  endfacet
  facet normal -0.894427 -0.447214 0
    outer loop
      vertex 179.881 134.329 0.5
      vertex 179.942 134.207 0
      vertex 179.942 134.207 0.5
    endloop
  endfacet
  facet normal -0.864582 -0.502492 0
    outer loop
      vertex 179.881 134.329 0
      vertex 179.813 134.446 0.5
      vertex 179.813 134.446 0
    endloop
  endfacet
  facet normal -0.864582 -0.502492 0
    outer loop
      vertex 179.813 134.446 0.5
      vertex 179.881 134.329 0
      vertex 179.881 134.329 0.5
    endloop
  endfacet
  facet normal -0.829784 -0.558085 0
    outer loop
      vertex 179.813 134.446 0
      vertex 179.737 134.559 0.5
      vertex 179.737 134.559 0
    endloop
  endfacet
  facet normal -0.829784 -0.558085 0
    outer loop
      vertex 179.737 134.559 0.5
      vertex 179.813 134.446 0
      vertex 179.813 134.446 0.5
    endloop
  endfacet
  facet normal -0.792897 -0.609356 0
    outer loop
      vertex 179.737 134.559 0
      vertex 179.654 134.667 0.5
      vertex 179.654 134.667 0
    endloop
  endfacet
  facet normal -0.792897 -0.609356 0
    outer loop
      vertex 179.654 134.667 0.5
      vertex 179.737 134.559 0
      vertex 179.737 134.559 0.5
    endloop
  endfacet
  facet normal -0.756169 -0.654377 0
    outer loop
      vertex 179.654 134.667 0
      vertex 179.564 134.771 0.5
      vertex 179.564 134.771 0
    endloop
  endfacet
  facet normal -0.756169 -0.654377 0
    outer loop
      vertex 179.564 134.771 0.5
      vertex 179.654 134.667 0
      vertex 179.654 134.667 0.5
    endloop
  endfacet
  facet normal -0.714213 -0.699929 0
    outer loop
      vertex 179.564 134.771 0
      vertex 179.466 134.871 0.5
      vertex 179.466 134.871 0
    endloop
  endfacet
  facet normal -0.714213 -0.699929 0
    outer loop
      vertex 179.466 134.871 0.5
      vertex 179.564 134.771 0
      vertex 179.564 134.771 0.5
    endloop
  endfacet
  facet normal -0.672053 -0.740503 0
    outer loop
      vertex 179.347 134.979 0
      vertex 179.466 134.871 0.5
      vertex 179.347 134.979 0.5
    endloop
  endfacet
  facet normal -0.672053 -0.740503 -0
    outer loop
      vertex 179.466 134.871 0.5
      vertex 179.347 134.979 0
      vertex 179.466 134.871 0
    endloop
  endfacet
  facet normal -0.616987 -0.786973 0
    outer loop
      vertex 179.222 135.077 0
      vertex 179.347 134.979 0.5
      vertex 179.222 135.077 0.5
    endloop
  endfacet
  facet normal -0.616987 -0.786973 -0
    outer loop
      vertex 179.347 134.979 0.5
      vertex 179.222 135.077 0
      vertex 179.347 134.979 0
    endloop
  endfacet
  facet normal -0.563337 -0.826227 0
    outer loop
      vertex 179.09 135.167 0
      vertex 179.222 135.077 0.5
      vertex 179.09 135.167 0.5
    endloop
  endfacet
  facet normal -0.563337 -0.826227 -0
    outer loop
      vertex 179.222 135.077 0.5
      vertex 179.09 135.167 0
      vertex 179.222 135.077 0
    endloop
  endfacet
  facet normal -0.496816 -0.867856 0
    outer loop
      vertex 178.952 135.246 0
      vertex 179.09 135.167 0.5
      vertex 178.952 135.246 0.5
    endloop
  endfacet
  facet normal -0.496816 -0.867856 -0
    outer loop
      vertex 179.09 135.167 0.5
      vertex 178.952 135.246 0
      vertex 179.09 135.167 0
    endloop
  endfacet
  facet normal -0.439765 -0.898113 0
    outer loop
      vertex 178.807 135.317 0
      vertex 178.952 135.246 0.5
      vertex 178.807 135.317 0.5
    endloop
  endfacet
  facet normal -0.439765 -0.898113 -0
    outer loop
      vertex 178.952 135.246 0.5
      vertex 178.807 135.317 0
      vertex 178.952 135.246 0
    endloop
  endfacet
  facet normal -0.374565 -0.927201 0
    outer loop
      vertex 178.656 135.378 0
      vertex 178.807 135.317 0.5
      vertex 178.656 135.378 0.5
    endloop
  endfacet
  facet normal -0.374565 -0.927201 -0
    outer loop
      vertex 178.807 135.317 0.5
      vertex 178.656 135.378 0
      vertex 178.807 135.317 0
    endloop
  endfacet
  facet normal -0.307179 -0.951652 0
    outer loop
      vertex 178.498 135.429 0
      vertex 178.656 135.378 0.5
      vertex 178.498 135.429 0.5
    endloop
  endfacet
  facet normal -0.307179 -0.951652 -0
    outer loop
      vertex 178.656 135.378 0.5
      vertex 178.498 135.429 0
      vertex 178.656 135.378 0
    endloop
  endfacet
  facet normal -0.246488 -0.969146 0
    outer loop
      vertex 178.325 135.473 0
      vertex 178.498 135.429 0.5
      vertex 178.325 135.473 0.5
    endloop
  endfacet
  facet normal -0.246488 -0.969146 -0
    outer loop
      vertex 178.498 135.429 0.5
      vertex 178.325 135.473 0
      vertex 178.498 135.429 0
    endloop
  endfacet
  facet normal -0.183689 -0.982984 0
    outer loop
      vertex 178.127 135.51 0
      vertex 178.325 135.473 0.5
      vertex 178.127 135.51 0.5
    endloop
  endfacet
  facet normal -0.183689 -0.982984 -0
    outer loop
      vertex 178.325 135.473 0.5
      vertex 178.127 135.51 0
      vertex 178.325 135.473 0
    endloop
  endfacet
  facet normal -0.134513 -0.990912 0
    outer loop
      vertex 177.906 135.54 0
      vertex 178.127 135.51 0.5
      vertex 177.906 135.54 0.5
    endloop
  endfacet
  facet normal -0.134513 -0.990912 -0
    outer loop
      vertex 178.127 135.51 0.5
      vertex 177.906 135.54 0
      vertex 178.127 135.51 0
    endloop
  endfacet
  facet normal -0.0934666 -0.995622 0
    outer loop
      vertex 177.661 135.563 0
      vertex 177.906 135.54 0.5
      vertex 177.661 135.563 0.5
    endloop
  endfacet
  facet normal -0.0934666 -0.995622 -0
    outer loop
      vertex 177.906 135.54 0.5
      vertex 177.661 135.563 0
      vertex 177.906 135.54 0
    endloop
  endfacet
  facet normal -0.0628385 -0.998024 0
    outer loop
      vertex 177.391 135.58 0
      vertex 177.661 135.563 0.5
      vertex 177.391 135.58 0.5
    endloop
  endfacet
  facet normal -0.0628385 -0.998024 -0
    outer loop
      vertex 177.661 135.563 0.5
      vertex 177.391 135.58 0
      vertex 177.661 135.563 0
    endloop
  endfacet
  facet normal -0.0341098 -0.999418 0
    outer loop
      vertex 177.098 135.59 0
      vertex 177.391 135.58 0.5
      vertex 177.098 135.59 0.5
    endloop
  endfacet
  facet normal -0.0341098 -0.999418 -0
    outer loop
      vertex 177.391 135.58 0.5
      vertex 177.098 135.59 0
      vertex 177.391 135.58 0
    endloop
  endfacet
  facet normal -0.0126173 -0.99992 0
    outer loop
      vertex 176.781 135.594 0
      vertex 177.098 135.59 0.5
      vertex 176.781 135.594 0.5
    endloop
  endfacet
  facet normal -0.0126173 -0.99992 -0
    outer loop
      vertex 177.098 135.59 0.5
      vertex 176.781 135.594 0
      vertex 177.098 135.59 0
    endloop
  endfacet
  facet normal 0 -1 0
    outer loop
      vertex 175.404 135.594 0
      vertex 176.781 135.594 0.5
      vertex 175.404 135.594 0.5
    endloop
  endfacet
  facet normal 0 -1 -0
    outer loop
      vertex 176.781 135.594 0.5
      vertex 175.404 135.594 0
      vertex 176.781 135.594 0
    endloop
  endfacet
  facet normal 1 -0 0
    outer loop
      vertex 175.404 130.531 0.5
      vertex 175.404 135.594 0
      vertex 175.404 135.594 0.5
    endloop
  endfacet
  facet normal 1 0 0
    outer loop
      vertex 175.404 135.594 0
      vertex 175.404 130.531 0.5
      vertex 175.404 130.531 0
    endloop
  endfacet
  facet normal 0 1 -0
    outer loop
      vertex 176.781 130.531 0
      vertex 175.404 130.531 0.5
      vertex 176.781 130.531 0.5
    endloop
  endfacet
  facet normal 0 1 0
    outer loop
      vertex 175.404 130.531 0.5
      vertex 176.781 130.531 0
      vertex 175.404 130.531 0
    endloop
  endfacet
  facet normal -0.0127785 0.999918 0
    outer loop
      vertex 177.094 130.535 0
      vertex 176.781 130.531 0.5
      vertex 177.094 130.535 0.5
    endloop
  endfacet
  facet normal -0.0127785 0.999918 0
    outer loop
      vertex 176.781 130.531 0.5
      vertex 177.094 130.535 0
      vertex 176.781 130.531 0
    endloop
  endfacet
  facet normal -1 0 0
    outer loop
      vertex 176.709 131.517 0
      vertex 176.709 134.608 0.5
      vertex 176.709 134.608 0
    endloop
  endfacet
  facet normal -1 -0 0
    outer loop
      vertex 176.709 134.608 0.5
      vertex 176.709 131.517 0
      vertex 176.709 131.517 0.5
    endloop
  endfacet
  facet normal 0 1 -0
    outer loop
      vertex 177.177 134.608 0
      vertex 176.709 134.608 0.5
      vertex 177.177 134.608 0.5
    endloop
  endfacet
  facet normal 0 1 0
    outer loop
      vertex 176.709 134.608 0.5
      vertex 177.177 134.608 0
      vertex 176.709 134.608 0
    endloop
  endfacet
  facet normal 0.0360127 0.999351 -0
    outer loop
      vertex 177.399 134.6 0
      vertex 177.177 134.608 0.5
      vertex 177.399 134.6 0.5
    endloop
  endfacet
  facet normal 0.0360127 0.999351 0
    outer loop
      vertex 177.177 134.608 0.5
      vertex 177.399 134.6 0
      vertex 177.177 134.608 0
    endloop
  endfacet
  facet normal 0.115722 0.993282 -0
    outer loop
      vertex 177.605 134.576 0
      vertex 177.399 134.6 0.5
      vertex 177.605 134.576 0.5
    endloop
  endfacet
  facet normal 0.115722 0.993282 0
    outer loop
      vertex 177.399 134.6 0.5
      vertex 177.605 134.576 0
      vertex 177.399 134.6 0
    endloop
  endfacet
  facet normal 0.204977 0.978767 -0
    outer loop
      vertex 177.796 134.536 0
      vertex 177.605 134.576 0.5
      vertex 177.796 134.536 0.5
    endloop
  endfacet
  facet normal 0.204977 0.978767 0
    outer loop
      vertex 177.605 134.576 0.5
      vertex 177.796 134.536 0
      vertex 177.605 134.576 0
    endloop
  endfacet
  facet normal 0.304776 0.952424 -0
    outer loop
      vertex 177.971 134.48 0
      vertex 177.796 134.536 0.5
      vertex 177.971 134.48 0.5
    endloop
  endfacet
  facet normal 0.304776 0.952424 0
    outer loop
      vertex 177.796 134.536 0.5
      vertex 177.971 134.48 0
      vertex 177.796 134.536 0
    endloop
  endfacet
  facet normal 0.417245 0.908794 -0
    outer loop
      vertex 178.13 134.407 0
      vertex 177.971 134.48 0.5
      vertex 178.13 134.407 0.5
    endloop
  endfacet
  facet normal 0.417245 0.908794 0
    outer loop
      vertex 177.971 134.48 0.5
      vertex 178.13 134.407 0
      vertex 177.971 134.48 0
    endloop
  endfacet
  facet normal 0.524097 0.851658 -0
    outer loop
      vertex 178.273 134.319 0
      vertex 178.13 134.407 0.5
      vertex 178.273 134.319 0.5
    endloop
  endfacet
  facet normal 0.524097 0.851658 0
    outer loop
      vertex 178.13 134.407 0.5
      vertex 178.273 134.319 0
      vertex 178.13 134.407 0
    endloop
  endfacet
  facet normal 0.634224 0.773149 -0
    outer loop
      vertex 178.401 134.214 0
      vertex 178.273 134.319 0.5
      vertex 178.401 134.214 0.5
    endloop
  endfacet
  facet normal 0.634224 0.773149 0
    outer loop
      vertex 178.273 134.319 0.5
      vertex 178.401 134.214 0
      vertex 178.273 134.319 0
    endloop
  endfacet
  facet normal 0.7282 0.685365 0
    outer loop
      vertex 178.513 134.095 0.5
      vertex 178.401 134.214 0
      vertex 178.401 134.214 0.5
    endloop
  endfacet
  facet normal 0.7282 0.685365 0
    outer loop
      vertex 178.401 134.214 0
      vertex 178.513 134.095 0.5
      vertex 178.513 134.095 0
    endloop
  endfacet
  facet normal 0.820657 0.571421 0
    outer loop
      vertex 178.607 133.96 0.5
      vertex 178.513 134.095 0
      vertex 178.513 134.095 0.5
    endloop
  endfacet
  facet normal 0.820657 0.571421 0
    outer loop
      vertex 178.513 134.095 0
      vertex 178.607 133.96 0.5
      vertex 178.607 133.96 0
    endloop
  endfacet
  facet normal 0.888385 0.459098 0
    outer loop
      vertex 178.684 133.811 0.5
      vertex 178.607 133.96 0
      vertex 178.607 133.96 0.5
    endloop
  endfacet
  facet normal 0.888385 0.459098 0
    outer loop
      vertex 178.607 133.96 0
      vertex 178.684 133.811 0.5
      vertex 178.684 133.811 0
    endloop
  endfacet
  facet normal 0.939123 0.343582 0
    outer loop
      vertex 178.744 133.647 0.5
      vertex 178.684 133.811 0
      vertex 178.684 133.811 0.5
    endloop
  endfacet
  facet normal 0.939123 0.343582 0
    outer loop
      vertex 178.684 133.811 0
      vertex 178.744 133.647 0.5
      vertex 178.744 133.647 0
    endloop
  endfacet
  facet normal 0.972039 0.234818 0
    outer loop
      vertex 178.787 133.469 0.5
      vertex 178.744 133.647 0
      vertex 178.744 133.647 0.5
    endloop
  endfacet
  facet normal 0.972039 0.234818 0
    outer loop
      vertex 178.744 133.647 0
      vertex 178.787 133.469 0.5
      vertex 178.787 133.469 0
    endloop
  endfacet
  facet normal 0.991138 0.132833 0
    outer loop
      vertex 178.813 133.275 0.5
      vertex 178.787 133.469 0
      vertex 178.787 133.469 0.5
    endloop
  endfacet
  facet normal 0.991138 0.132833 0
    outer loop
      vertex 178.787 133.469 0
      vertex 178.813 133.275 0.5
      vertex 178.813 133.275 0
    endloop
  endfacet
  facet normal 0.999056 0.0434372 0
    outer loop
      vertex 178.822 133.068 0.5
      vertex 178.813 133.275 0
      vertex 178.813 133.275 0.5
    endloop
  endfacet
  facet normal 0.999056 0.0434372 0
    outer loop
      vertex 178.813 133.275 0
      vertex 178.822 133.068 0.5
      vertex 178.822 133.068 0
    endloop
  endfacet
  facet normal 0.999074 -0.0430223 0
    outer loop
      vertex 178.813 132.859 0.5
      vertex 178.822 133.068 0
      vertex 178.822 133.068 0.5
    endloop
  endfacet
  facet normal 0.999074 -0.0430223 0
    outer loop
      vertex 178.822 133.068 0
      vertex 178.813 132.859 0.5
      vertex 178.813 132.859 0
    endloop
  endfacet
  facet normal 0.991138 -0.132833 0
    outer loop
      vertex 178.787 132.665 0.5
      vertex 178.813 132.859 0
      vertex 178.813 132.859 0.5
    endloop
  endfacet
  facet normal 0.991138 -0.132833 0
    outer loop
      vertex 178.813 132.859 0
      vertex 178.787 132.665 0.5
      vertex 178.787 132.665 0
    endloop
  endfacet
  facet normal 0.972632 -0.232351 0
    outer loop
      vertex 178.744 132.485 0.5
      vertex 178.787 132.665 0
      vertex 178.787 132.665 0.5
    endloop
  endfacet
  facet normal 0.972632 -0.232351 0
    outer loop
      vertex 178.787 132.665 0
      vertex 178.744 132.485 0.5
      vertex 178.744 132.485 0
    endloop
  endfacet
  facet normal 0.939793 -0.341743 0
    outer loop
      vertex 178.684 132.32 0.5
      vertex 178.744 132.485 0
      vertex 178.744 132.485 0.5
    endloop
  endfacet
  facet normal 0.939793 -0.341743 0
    outer loop
      vertex 178.744 132.485 0
      vertex 178.684 132.32 0.5
      vertex 178.684 132.32 0
    endloop
  endfacet
  facet normal 0.887217 -0.461353 0
    outer loop
      vertex 178.606 132.17 0.5
      vertex 178.684 132.32 0
      vertex 178.684 132.32 0.5
    endloop
  endfacet
  facet normal 0.887217 -0.461353 0
    outer loop
      vertex 178.684 132.32 0
      vertex 178.606 132.17 0.5
      vertex 178.606 132.17 0
    endloop
  endfacet
  facet normal 0.820657 -0.571421 0
    outer loop
      vertex 178.512 132.035 0.5
      vertex 178.606 132.17 0
      vertex 178.606 132.17 0.5
    endloop
  endfacet
  facet normal 0.820657 -0.571421 0
    outer loop
      vertex 178.606 132.17 0
      vertex 178.512 132.035 0.5
      vertex 178.512 132.035 0
    endloop
  endfacet
  facet normal 0.733873 -0.679287 0
    outer loop
      vertex 178.4 131.914 0.5
      vertex 178.512 132.035 0
      vertex 178.512 132.035 0.5
    endloop
  endfacet
  facet normal 0.733873 -0.679287 0
    outer loop
      vertex 178.512 132.035 0
      vertex 178.4 131.914 0.5
      vertex 178.4 131.914 0
    endloop
  endfacet
  facet normal 0.631271 -0.775562 0
    outer loop
      vertex 178.271 131.809 0
      vertex 178.4 131.914 0.5
      vertex 178.271 131.809 0.5
    endloop
  endfacet
  facet normal 0.631271 -0.775562 0
    outer loop
      vertex 178.4 131.914 0.5
      vertex 178.271 131.809 0
      vertex 178.4 131.914 0
    endloop
  endfacet
  facet normal 0.529999 -0.847998 0
    outer loop
      vertex 178.127 131.719 0
      vertex 178.271 131.809 0.5
      vertex 178.127 131.719 0.5
    endloop
  endfacet
  facet normal 0.529999 -0.847998 0
    outer loop
      vertex 178.271 131.809 0.5
      vertex 178.127 131.719 0
      vertex 178.271 131.809 0
    endloop
  endfacet
  facet normal 0.417245 -0.908794 0
    outer loop
      vertex 177.968 131.646 0
      vertex 178.127 131.719 0.5
      vertex 177.968 131.646 0.5
    endloop
  endfacet
  facet normal 0.417245 -0.908794 0
    outer loop
      vertex 178.127 131.719 0.5
      vertex 177.968 131.646 0
      vertex 178.127 131.719 0
    endloop
  endfacet
  facet normal 0.306363 -0.951915 0
    outer loop
      vertex 177.794 131.59 0
      vertex 177.968 131.646 0.5
      vertex 177.794 131.59 0.5
    endloop
  endfacet
  facet normal 0.306363 -0.951915 0
    outer loop
      vertex 177.968 131.646 0.5
      vertex 177.794 131.59 0
      vertex 177.968 131.646 0
    endloop
  endfacet
  facet normal 0.210934 -0.9775 0
    outer loop
      vertex 177.604 131.549 0
      vertex 177.794 131.59 0.5
      vertex 177.604 131.549 0.5
    endloop
  endfacet
  facet normal 0.210934 -0.9775 0
    outer loop
      vertex 177.794 131.59 0.5
      vertex 177.604 131.549 0
      vertex 177.794 131.59 0
    endloop
  endfacet
  facet normal 0.115722 -0.993282 0
    outer loop
      vertex 177.398 131.525 0
      vertex 177.604 131.549 0.5
      vertex 177.398 131.525 0.5
    endloop
  endfacet
  facet normal 0.115722 -0.993282 0
    outer loop
      vertex 177.604 131.549 0.5
      vertex 177.398 131.525 0
      vertex 177.604 131.549 0
    endloop
  endfacet
  facet normal 0.0361754 -0.999345 0
    outer loop
      vertex 177.177 131.517 0
      vertex 177.398 131.525 0.5
      vertex 177.177 131.517 0.5
    endloop
  endfacet
  facet normal 0.0361754 -0.999345 0
    outer loop
      vertex 177.398 131.525 0.5
      vertex 177.177 131.517 0
      vertex 177.398 131.525 0
    endloop
  endfacet
  facet normal 0 -1 0
    outer loop
      vertex 176.709 131.517 0
      vertex 177.177 131.517 0.5
      vertex 176.709 131.517 0.5
    endloop
  endfacet
  facet normal 0 -1 -0
    outer loop
      vertex 177.177 131.517 0.5
      vertex 176.709 131.517 0
      vertex 177.177 131.517 0
    endloop
  endfacet
  facet normal 0 -1 0
    outer loop
      vertex 181.033 135.594 0
      vertex 182.339 135.594 0.5
      vertex 181.033 135.594 0.5
    endloop
  endfacet
  facet normal 0 -1 -0
    outer loop
      vertex 182.339 135.594 0.5
      vertex 181.033 135.594 0
      vertex 182.339 135.594 0
    endloop
  endfacet
  facet normal 1 -0 0
    outer loop
      vertex 181.033 130.531 0.5
      vertex 181.033 135.594 0
      vertex 181.033 135.594 0.5
    endloop
  endfacet
  facet normal 1 0 0
    outer loop
      vertex 181.033 135.594 0
      vertex 181.033 130.531 0.5
      vertex 181.033 130.531 0
    endloop
  endfacet
  facet normal 0 1 -0
    outer loop
      vertex 182.339 130.531 0
      vertex 181.033 130.531 0.5
      vertex 182.339 130.531 0.5
    endloop
  endfacet
  facet normal 0 1 0
    outer loop
      vertex 181.033 130.531 0.5
      vertex 182.339 130.531 0
      vertex 181.033 130.531 0
    endloop
  endfacet
  facet normal -1 0 0
    outer loop
      vertex 182.339 130.531 0
      vertex 182.339 135.594 0.5
      vertex 182.339 135.594 0
    endloop
  endfacet
  facet normal -1 -0 0
    outer loop
      vertex 182.339 135.594 0.5
      vertex 182.339 130.531 0
      vertex 182.339 130.531 0.5
    endloop
  endfacet
  facet normal 0 -1 0
    outer loop
      vertex 186.947 135.594 0
      vertex 188.259 135.594 0.5
      vertex 186.947 135.594 0.5
    endloop
  endfacet
  facet normal 0 -1 -0
    outer loop
      vertex 188.259 135.594 0.5
      vertex 186.947 135.594 0
      vertex 188.259 135.594 0
    endloop
  endfacet
  facet normal 0.941394 -0.33731 0
    outer loop
      vertex 185.608 131.857 0.5
      vertex 186.947 135.594 0
      vertex 186.947 135.594 0.5
    endloop
  endfacet
  facet normal 0.941394 -0.33731 0
    outer loop
      vertex 186.947 135.594 0
      vertex 185.608 131.857 0.5
      vertex 185.608 131.857 0
    endloop
  endfacet
  facet normal -0.941073 -0.338202 0
    outer loop
      vertex 185.608 131.857 0
      vertex 184.265 135.594 0.5
      vertex 184.265 135.594 0
    endloop
  endfacet
  facet normal -0.941073 -0.338202 0
    outer loop
      vertex 184.265 135.594 0.5
      vertex 185.608 131.857 0
      vertex 185.608 131.857 0.5
    endloop
  endfacet
  facet normal 0 -1 0
    outer loop
      vertex 182.953 135.594 0
      vertex 184.265 135.594 0.5
      vertex 182.953 135.594 0.5
    endloop
  endfacet
  facet normal 0 -1 -0
    outer loop
      vertex 184.265 135.594 0.5
      vertex 182.953 135.594 0
      vertex 184.265 135.594 0
    endloop
  endfacet
  facet normal 0.93776 0.347284 0
    outer loop
      vertex 184.828 130.531 0.5
      vertex 182.953 135.594 0
      vertex 182.953 135.594 0.5
    endloop
  endfacet
  facet normal 0.93776 0.347284 0
    outer loop
      vertex 182.953 135.594 0
      vertex 184.828 130.531 0.5
      vertex 184.828 130.531 0
    endloop
  endfacet
  facet normal 0 1 -0
    outer loop
      vertex 186.384 130.531 0
      vertex 184.828 130.531 0.5
      vertex 186.384 130.531 0.5
    endloop
  endfacet
  facet normal 0 1 0
    outer loop
      vertex 184.828 130.531 0.5
      vertex 186.384 130.531 0
      vertex 184.828 130.531 0
    endloop
  endfacet
  facet normal -0.93776 0.347284 0
    outer loop
      vertex 186.384 130.531 0
      vertex 188.259 135.594 0.5
      vertex 188.259 135.594 0
    endloop
  endfacet
  facet normal -0.93776 0.347284 0
    outer loop
      vertex 188.259 135.594 0.5
      vertex 186.384 130.531 0
      vertex 186.384 130.531 0.5
    endloop
  endfacet
  facet normal -0.323204 -0.946329 0
    outer loop
      vertex 168.3 131.823 0
      vertex 168.991 131.587 0.5
      vertex 168.3 131.823 0.5
    endloop
  endfacet
  facet normal -0.323204 -0.946329 -0
    outer loop
      vertex 168.991 131.587 0.5
      vertex 168.3 131.823 0
      vertex 168.991 131.587 0
    endloop
  endfacet
  facet normal -0.325653 0.945489 0
    outer loop
      vertex 168.991 133.831 0
      vertex 168.3 133.593 0.5
      vertex 168.991 133.831 0.5
    endloop
  endfacet
  facet normal -0.325653 0.945489 0
    outer loop
      vertex 168.3 133.593 0.5
      vertex 168.991 133.831 0
      vertex 168.3 133.593 0
    endloop
  endfacet
  facet normal -1 0 0
    outer loop
      vertex 168.991 133.831 0
      vertex 168.991 134.678 0.5
      vertex 168.991 134.678 0
    endloop
  endfacet
  facet normal -1 -0 0
    outer loop
      vertex 168.991 134.678 0.5
      vertex 168.991 133.831 0
      vertex 168.991 133.831 0.5
    endloop
  endfacet
  facet normal 0.339009 -0.940783 0
    outer loop
      vertex 168.3 134.429 0
      vertex 168.991 134.678 0.5
      vertex 168.3 134.429 0.5
    endloop
  endfacet
  facet normal 0.339009 -0.940783 0
    outer loop
      vertex 168.991 134.678 0.5
      vertex 168.3 134.429 0
      vertex 168.991 134.678 0
    endloop
  endfacet
  facet normal 0.340213 0.940348 -0
    outer loop
      vertex 168.991 130.739 0
      vertex 168.3 130.989 0.5
      vertex 168.991 130.739 0.5
    endloop
  endfacet
  facet normal 0.340213 0.940348 0
    outer loop
      vertex 168.3 130.989 0.5
      vertex 168.991 130.739 0
      vertex 168.3 130.989 0
    endloop
  endfacet
  facet normal -1 0 0
    outer loop
      vertex 168.991 130.739 0
      vertex 168.991 131.587 0.5
      vertex 168.991 131.587 0
    endloop
  endfacet
  facet normal -1 -0 0
    outer loop
      vertex 168.991 131.587 0.5
      vertex 168.991 130.739 0
      vertex 168.991 130.739 0.5
    endloop
  endfacet
  facet normal 0 -1 0
    outer loop
      vertex 169.967 133.024 0
      vertex 172.097 133.024 0.5
      vertex 169.967 133.024 0.5
    endloop
  endfacet
  facet normal 0 -1 -0
    outer loop
      vertex 172.097 133.024 0.5
      vertex 169.967 133.024 0
      vertex 172.097 133.024 0
    endloop
  endfacet
  facet normal 1 -0 0
    outer loop
      vertex 169.967 132.038 0.5
      vertex 169.967 133.024 0
      vertex 169.967 133.024 0.5
    endloop
  endfacet
  facet normal 1 0 0
    outer loop
      vertex 169.967 133.024 0
      vertex 169.967 132.038 0.5
      vertex 169.967 132.038 0
    endloop
  endfacet
  facet normal 0 1 -0
    outer loop
      vertex 172.097 132.038 0
      vertex 169.967 132.038 0.5
      vertex 172.097 132.038 0.5
    endloop
  endfacet
  facet normal 0 1 0
    outer loop
      vertex 169.967 132.038 0.5
      vertex 172.097 132.038 0
      vertex 169.967 132.038 0
    endloop
  endfacet
  facet normal -1 0 0
    outer loop
      vertex 172.097 132.038 0
      vertex 172.097 133.024 0.5
      vertex 172.097 133.024 0
    endloop
  endfacet
  facet normal -1 -0 0
    outer loop
      vertex 172.097 133.024 0.5
      vertex 172.097 132.038 0
      vertex 172.097 132.038 0.5
    endloop
  endfacet
  facet normal -0.127012 0.991901 0
    outer loop
      vertex 194.396 107.777 0
      vertex 194.232 107.756 0.5
      vertex 194.396 107.777 0.5
    endloop
  endfacet
  facet normal -0.127012 0.991901 0
    outer loop
      vertex 194.232 107.756 0.5
      vertex 194.396 107.777 0
      vertex 194.232 107.756 0
    endloop
  endfacet
  facet normal -0.222998 0.974819 0
    outer loop
      vertex 194.549 107.812 0
      vertex 194.396 107.777 0.5
      vertex 194.549 107.812 0.5
    endloop
  endfacet
  facet normal -0.222998 0.974819 0
    outer loop
      vertex 194.396 107.777 0.5
      vertex 194.549 107.812 0
      vertex 194.396 107.777 0
    endloop
  endfacet
  facet normal -0.324155 0.946004 0
    outer loop
      vertex 194.692 107.861 0
      vertex 194.549 107.812 0.5
      vertex 194.692 107.861 0.5
    endloop
  endfacet
  facet normal -0.324155 0.946004 0
    outer loop
      vertex 194.549 107.812 0.5
      vertex 194.692 107.861 0
      vertex 194.549 107.812 0
    endloop
  endfacet
  facet normal -0.43073 0.902481 0
    outer loop
      vertex 194.824 107.924 0
      vertex 194.692 107.861 0.5
      vertex 194.824 107.924 0.5
    endloop
  endfacet
  facet normal -0.43073 0.902481 0
    outer loop
      vertex 194.692 107.861 0.5
      vertex 194.824 107.924 0
      vertex 194.692 107.861 0
    endloop
  endfacet
  facet normal -0.533732 0.845654 0
    outer loop
      vertex 194.946 108.001 0
      vertex 194.824 107.924 0.5
      vertex 194.946 108.001 0.5
    endloop
  endfacet
  facet normal -0.533732 0.845654 0
    outer loop
      vertex 194.824 107.924 0.5
      vertex 194.946 108.001 0
      vertex 194.824 107.924 0
    endloop
  endfacet
  facet normal -0.630593 0.776114 0
    outer loop
      vertex 195.058 108.092 0
      vertex 194.946 108.001 0.5
      vertex 195.058 108.092 0.5
    endloop
  endfacet
  facet normal -0.630593 0.776114 0
    outer loop
      vertex 194.946 108.001 0.5
      vertex 195.058 108.092 0
      vertex 194.946 108.001 0
    endloop
  endfacet
  facet normal -0.721105 0.692826 0
    outer loop
      vertex 195.058 108.092 0
      vertex 195.156 108.194 0.5
      vertex 195.156 108.194 0
    endloop
  endfacet
  facet normal -0.721105 0.692826 0
    outer loop
      vertex 195.156 108.194 0.5
      vertex 195.058 108.092 0
      vertex 195.058 108.092 0.5
    endloop
  endfacet
  facet normal -0.8 0.6 0
    outer loop
      vertex 195.156 108.194 0
      vertex 195.24 108.306 0.5
      vertex 195.24 108.306 0
    endloop
  endfacet
  facet normal -0.8 0.6 0
    outer loop
      vertex 195.24 108.306 0.5
      vertex 195.156 108.194 0
      vertex 195.156 108.194 0.5
    endloop
  endfacet
  facet normal -0.868685 0.495366 0
    outer loop
      vertex 195.24 108.306 0
      vertex 195.309 108.427 0.5
      vertex 195.309 108.427 0
    endloop
  endfacet
  facet normal -0.868685 0.495366 0
    outer loop
      vertex 195.309 108.427 0.5
      vertex 195.24 108.306 0
      vertex 195.24 108.306 0.5
    endloop
  endfacet
  facet normal -0.926 0.377523 0
    outer loop
      vertex 195.309 108.427 0
      vertex 195.362 108.557 0.5
      vertex 195.362 108.557 0
    endloop
  endfacet
  facet normal -0.926 0.377523 0
    outer loop
      vertex 195.362 108.557 0.5
      vertex 195.309 108.427 0
      vertex 195.309 108.427 0.5
    endloop
  endfacet
  facet normal -0.965081 0.261951 0
    outer loop
      vertex 195.362 108.557 0
      vertex 195.4 108.697 0.5
      vertex 195.4 108.697 0
    endloop
  endfacet
  facet normal -0.965081 0.261951 0
    outer loop
      vertex 195.4 108.697 0.5
      vertex 195.362 108.557 0
      vertex 195.362 108.557 0.5
    endloop
  endfacet
  facet normal -0.988295 0.152556 0
    outer loop
      vertex 195.4 108.697 0
      vertex 195.423 108.846 0.5
      vertex 195.423 108.846 0
    endloop
  endfacet
  facet normal -0.988295 0.152556 0
    outer loop
      vertex 195.423 108.846 0.5
      vertex 195.4 108.697 0
      vertex 195.4 108.697 0.5
    endloop
  endfacet
  facet normal -0.99902 0.0442604 0
    outer loop
      vertex 195.423 108.846 0
      vertex 195.43 109.004 0.5
      vertex 195.43 109.004 0
    endloop
  endfacet
  facet normal -0.99902 0.0442604 0
    outer loop
      vertex 195.43 109.004 0.5
      vertex 195.423 108.846 0
      vertex 195.423 108.846 0.5
    endloop
  endfacet
  facet normal -0.998804 -0.0488925 0
    outer loop
      vertex 195.43 109.004 0
      vertex 195.423 109.147 0.5
      vertex 195.423 109.147 0
    endloop
  endfacet
  facet normal -0.998804 -0.0488925 0
    outer loop
      vertex 195.423 109.147 0.5
      vertex 195.43 109.004 0
      vertex 195.43 109.004 0.5
    endloop
  endfacet
  facet normal -0.989203 -0.146549 0
    outer loop
      vertex 195.423 109.147 0
      vertex 195.403 109.282 0.5
      vertex 195.403 109.282 0
    endloop
  endfacet
  facet normal -0.989203 -0.146549 0
    outer loop
      vertex 195.403 109.282 0.5
      vertex 195.423 109.147 0
      vertex 195.423 109.147 0.5
    endloop
  endfacet
  facet normal -0.965982 -0.258609 0
    outer loop
      vertex 195.403 109.282 0
      vertex 195.369 109.409 0.5
      vertex 195.369 109.409 0
    endloop
  endfacet
  facet normal -0.965982 -0.258609 0
    outer loop
      vertex 195.369 109.409 0.5
      vertex 195.403 109.282 0
      vertex 195.403 109.282 0.5
    endloop
  endfacet
  facet normal -0.927398 -0.374076 0
    outer loop
      vertex 195.369 109.409 0
      vertex 195.321 109.528 0.5
      vertex 195.321 109.528 0
    endloop
  endfacet
  facet normal -0.927398 -0.374076 0
    outer loop
      vertex 195.321 109.528 0.5
      vertex 195.369 109.409 0
      vertex 195.369 109.409 0.5
    endloop
  endfacet
  facet normal -0.876383 -0.481616 0
    outer loop
      vertex 195.321 109.528 0
      vertex 195.26 109.639 0.5
      vertex 195.26 109.639 0
    endloop
  endfacet
  facet normal -0.876383 -0.481616 0
    outer loop
      vertex 195.26 109.639 0.5
      vertex 195.321 109.528 0
      vertex 195.321 109.528 0.5
    endloop
  endfacet
  facet normal -0.808397 -0.588638 0
    outer loop
      vertex 195.26 109.639 0
      vertex 195.185 109.742 0.5
      vertex 195.185 109.742 0
    endloop
  endfacet
  facet normal -0.808397 -0.588638 0
    outer loop
      vertex 195.185 109.742 0.5
      vertex 195.26 109.639 0
      vertex 195.26 109.639 0.5
    endloop
  endfacet
  facet normal -0.733618 -0.679562 0
    outer loop
      vertex 195.185 109.742 0
      vertex 195.097 109.837 0.5
      vertex 195.097 109.837 0
    endloop
  endfacet
  facet normal -0.733618 -0.679562 0
    outer loop
      vertex 195.097 109.837 0.5
      vertex 195.185 109.742 0
      vertex 195.185 109.742 0.5
    endloop
  endfacet
  facet normal -0.643192 -0.765705 0
    outer loop
      vertex 194.997 109.921 0
      vertex 195.097 109.837 0.5
      vertex 194.997 109.921 0.5
    endloop
  endfacet
  facet normal -0.643192 -0.765705 -0
    outer loop
      vertex 195.097 109.837 0.5
      vertex 194.997 109.921 0
      vertex 195.097 109.837 0
    endloop
  endfacet
  facet normal -0.549332 -0.835604 0
    outer loop
      vertex 194.889 109.992 0
      vertex 194.997 109.921 0.5
      vertex 194.889 109.992 0.5
    endloop
  endfacet
  facet normal -0.549332 -0.835604 -0
    outer loop
      vertex 194.997 109.921 0.5
      vertex 194.889 109.992 0
      vertex 194.997 109.921 0
    endloop
  endfacet
  facet normal -0.450264 -0.892896 0
    outer loop
      vertex 194.772 110.051 0
      vertex 194.889 109.992 0.5
      vertex 194.772 110.051 0.5
    endloop
  endfacet
  facet normal -0.450264 -0.892896 -0
    outer loop
      vertex 194.889 109.992 0.5
      vertex 194.772 110.051 0
      vertex 194.889 109.992 0
    endloop
  endfacet
  facet normal -0.338719 -0.940887 0
    outer loop
      vertex 194.647 110.096 0
      vertex 194.772 110.051 0.5
      vertex 194.647 110.096 0.5
    endloop
  endfacet
  facet normal -0.338719 -0.940887 -0
    outer loop
      vertex 194.772 110.051 0.5
      vertex 194.647 110.096 0
      vertex 194.772 110.051 0
    endloop
  endfacet
  facet normal -0.239124 -0.970989 0
    outer loop
      vertex 194.513 110.129 0
      vertex 194.647 110.096 0.5
      vertex 194.513 110.129 0.5
    endloop
  endfacet
  facet normal -0.239124 -0.970989 -0
    outer loop
      vertex 194.647 110.096 0.5
      vertex 194.513 110.129 0
      vertex 194.647 110.096 0
    endloop
  endfacet
  facet normal -0.132621 -0.991167 0
    outer loop
      vertex 194.371 110.148 0
      vertex 194.513 110.129 0.5
      vertex 194.371 110.148 0.5
    endloop
  endfacet
  facet normal -0.132621 -0.991167 -0
    outer loop
      vertex 194.513 110.129 0.5
      vertex 194.371 110.148 0
      vertex 194.513 110.129 0
    endloop
  endfacet
  facet normal -0.0397038 -0.999211 0
    outer loop
      vertex 194.22 110.154 0
      vertex 194.371 110.148 0.5
      vertex 194.22 110.154 0.5
    endloop
  endfacet
  facet normal -0.0397038 -0.999211 -0
    outer loop
      vertex 194.371 110.148 0.5
      vertex 194.22 110.154 0
      vertex 194.371 110.148 0
    endloop
  endfacet
  facet normal 0.0163912 -0.999866 0
    outer loop
      vertex 194.159 110.153 0
      vertex 194.22 110.154 0.5
      vertex 194.159 110.153 0.5
    endloop
  endfacet
  facet normal 0.0163912 -0.999866 0
    outer loop
      vertex 194.22 110.154 0.5
      vertex 194.159 110.153 0
      vertex 194.22 110.154 0
    endloop
  endfacet
  facet normal 0.0499376 -0.998752 0
    outer loop
      vertex 194.099 110.15 0
      vertex 194.159 110.153 0.5
      vertex 194.099 110.15 0.5
    endloop
  endfacet
  facet normal 0.0499376 -0.998752 0
    outer loop
      vertex 194.159 110.153 0.5
      vertex 194.099 110.15 0
      vertex 194.159 110.153 0
    endloop
  endfacet
  facet normal 0.102899 -0.994692 0
    outer loop
      vertex 194.041 110.144 0
      vertex 194.099 110.15 0.5
      vertex 194.041 110.144 0.5
    endloop
  endfacet
  facet normal 0.102899 -0.994692 0
    outer loop
      vertex 194.099 110.15 0.5
      vertex 194.041 110.144 0
      vertex 194.099 110.15 0
    endloop
  endfacet
  facet normal 0.155963 -0.987763 0
    outer loop
      vertex 193.984 110.135 0
      vertex 194.041 110.144 0.5
      vertex 193.984 110.135 0.5
    endloop
  endfacet
  facet normal 0.155963 -0.987763 0
    outer loop
      vertex 194.041 110.144 0.5
      vertex 193.984 110.135 0
      vertex 194.041 110.144 0
    endloop
  endfacet
  facet normal 0.175791 -0.984428 0
    outer loop
      vertex 193.928 110.125 0
      vertex 193.984 110.135 0.5
      vertex 193.928 110.125 0.5
    endloop
  endfacet
  facet normal 0.175791 -0.984428 0
    outer loop
      vertex 193.984 110.135 0.5
      vertex 193.928 110.125 0
      vertex 193.984 110.135 0
    endloop
  endfacet
  facet normal 0.234054 -0.972224 0
    outer loop
      vertex 193.874 110.112 0
      vertex 193.928 110.125 0.5
      vertex 193.874 110.112 0.5
    endloop
  endfacet
  facet normal 0.234054 -0.972224 0
    outer loop
      vertex 193.928 110.125 0.5
      vertex 193.874 110.112 0
      vertex 193.928 110.125 0
    endloop
  endfacet
  facet normal 0.289005 -0.957328 0
    outer loop
      vertex 193.821 110.096 0
      vertex 193.874 110.112 0.5
      vertex 193.821 110.096 0.5
    endloop
  endfacet
  facet normal 0.289005 -0.957328 0
    outer loop
      vertex 193.874 110.112 0.5
      vertex 193.821 110.096 0
      vertex 193.874 110.112 0
    endloop
  endfacet
  facet normal 0.327111 -0.944986 0
    outer loop
      vertex 193.769 110.078 0
      vertex 193.821 110.096 0.5
      vertex 193.769 110.078 0.5
    endloop
  endfacet
  facet normal 0.327111 -0.944986 0
    outer loop
      vertex 193.821 110.096 0.5
      vertex 193.769 110.078 0
      vertex 193.821 110.096 0
    endloop
  endfacet
  facet normal 0.371391 -0.928477 0
    outer loop
      vertex 193.719 110.058 0
      vertex 193.769 110.078 0.5
      vertex 193.719 110.058 0.5
    endloop
  endfacet
  facet normal 0.371391 -0.928477 0
    outer loop
      vertex 193.769 110.078 0.5
      vertex 193.719 110.058 0
      vertex 193.769 110.078 0
    endloop
  endfacet
  facet normal 0.402739 -0.915315 0
    outer loop
      vertex 193.669 110.036 0
      vertex 193.719 110.058 0.5
      vertex 193.669 110.036 0.5
    endloop
  endfacet
  facet normal 0.402739 -0.915315 0
    outer loop
      vertex 193.719 110.058 0.5
      vertex 193.669 110.036 0
      vertex 193.719 110.058 0
    endloop
  endfacet
  facet normal 0.461934 -0.886914 0
    outer loop
      vertex 193.621 110.011 0
      vertex 193.669 110.036 0.5
      vertex 193.621 110.011 0.5
    endloop
  endfacet
  facet normal 0.461934 -0.886914 0
    outer loop
      vertex 193.669 110.036 0.5
      vertex 193.621 110.011 0
      vertex 193.669 110.036 0
    endloop
  endfacet
  facet normal 0.503871 -0.863779 0
    outer loop
      vertex 193.573 109.983 0
      vertex 193.621 110.011 0.5
      vertex 193.573 109.983 0.5
    endloop
  endfacet
  facet normal 0.503871 -0.863779 0
    outer loop
      vertex 193.621 110.011 0.5
      vertex 193.573 109.983 0
      vertex 193.621 110.011 0
    endloop
  endfacet
  facet normal 0.533301 -0.845926 0
    outer loop
      vertex 193.527 109.954 0
      vertex 193.573 109.983 0.5
      vertex 193.527 109.954 0.5
    endloop
  endfacet
  facet normal 0.533301 -0.845926 0
    outer loop
      vertex 193.573 109.983 0.5
      vertex 193.527 109.954 0
      vertex 193.573 109.983 0
    endloop
  endfacet
  facet normal 0.579524 -0.814955 0
    outer loop
      vertex 193.482 109.922 0
      vertex 193.527 109.954 0.5
      vertex 193.482 109.922 0.5
    endloop
  endfacet
  facet normal 0.579524 -0.814955 0
    outer loop
      vertex 193.527 109.954 0.5
      vertex 193.482 109.922 0
      vertex 193.527 109.954 0
    endloop
  endfacet
  facet normal -0.993585 0.113091 0
    outer loop
      vertex 193.482 109.922 0
      vertex 193.496 110.045 0.5
      vertex 193.496 110.045 0
    endloop
  endfacet
  facet normal -0.993585 0.113091 0
    outer loop
      vertex 193.496 110.045 0.5
      vertex 193.482 109.922 0
      vertex 193.482 109.922 0.5
    endloop
  endfacet
  facet normal -0.980249 0.197769 0
    outer loop
      vertex 193.496 110.045 0
      vertex 193.519 110.159 0.5
      vertex 193.519 110.159 0
    endloop
  endfacet
  facet normal -0.980249 0.197769 0
    outer loop
      vertex 193.519 110.159 0.5
      vertex 193.496 110.045 0
      vertex 193.496 110.045 0.5
    endloop
  endfacet
  facet normal -0.961524 0.274721 0
    outer loop
      vertex 193.519 110.159 0
      vertex 193.549 110.264 0.5
      vertex 193.549 110.264 0
    endloop
  endfacet
  facet normal -0.961524 0.274721 0
    outer loop
      vertex 193.549 110.264 0.5
      vertex 193.519 110.159 0
      vertex 193.519 110.159 0.5
    endloop
  endfacet
  facet normal -0.929807 0.368048 0
    outer loop
      vertex 193.549 110.264 0
      vertex 193.587 110.36 0.5
      vertex 193.587 110.36 0
    endloop
  endfacet
  facet normal -0.929807 0.368048 0
    outer loop
      vertex 193.587 110.36 0.5
      vertex 193.549 110.264 0
      vertex 193.549 110.264 0.5
    endloop
  endfacet
  facet normal -0.886225 0.463254 0
    outer loop
      vertex 193.587 110.36 0
      vertex 193.633 110.448 0.5
      vertex 193.633 110.448 0
    endloop
  endfacet
  facet normal -0.886225 0.463254 0
    outer loop
      vertex 193.633 110.448 0.5
      vertex 193.587 110.36 0
      vertex 193.587 110.36 0.5
    endloop
  endfacet
  facet normal -0.827124 0.56202 0
    outer loop
      vertex 193.633 110.448 0
      vertex 193.686 110.526 0.5
      vertex 193.686 110.526 0
    endloop
  endfacet
  facet normal -0.827124 0.56202 0
    outer loop
      vertex 193.686 110.526 0.5
      vertex 193.633 110.448 0
      vertex 193.633 110.448 0.5
    endloop
  endfacet
  facet normal -0.749204 0.66234 0
    outer loop
      vertex 193.686 110.526 0
      vertex 193.747 110.595 0.5
      vertex 193.747 110.595 0
    endloop
  endfacet
  facet normal -0.749204 0.66234 0
    outer loop
      vertex 193.747 110.595 0.5
      vertex 193.686 110.526 0
      vertex 193.686 110.526 0.5
    endloop
  endfacet
  facet normal -0.656179 0.754606 0
    outer loop
      vertex 193.816 110.655 0
      vertex 193.747 110.595 0.5
      vertex 193.816 110.655 0.5
    endloop
  endfacet
  facet normal -0.656179 0.754606 0
    outer loop
      vertex 193.747 110.595 0.5
      vertex 193.816 110.655 0
      vertex 193.747 110.595 0
    endloop
  endfacet
  facet normal -0.557219 0.830366 0
    outer loop
      vertex 193.892 110.706 0
      vertex 193.816 110.655 0.5
      vertex 193.892 110.706 0.5
    endloop
  endfacet
  facet normal -0.557219 0.830366 0
    outer loop
      vertex 193.816 110.655 0.5
      vertex 193.892 110.706 0
      vertex 193.816 110.655 0
    endloop
  endfacet
  facet normal -0.447214 0.894427 0
    outer loop
      vertex 193.976 110.748 0
      vertex 193.892 110.706 0.5
      vertex 193.976 110.748 0.5
    endloop
  endfacet
  facet normal -0.447214 0.894427 0
    outer loop
      vertex 193.892 110.706 0.5
      vertex 193.976 110.748 0
      vertex 193.892 110.706 0
    endloop
  endfacet
  facet normal -0.331735 0.943372 0
    outer loop
      vertex 194.067 110.78 0
      vertex 193.976 110.748 0.5
      vertex 194.067 110.78 0.5
    endloop
  endfacet
  facet normal -0.331735 0.943372 0
    outer loop
      vertex 193.976 110.748 0.5
      vertex 194.067 110.78 0
      vertex 193.976 110.748 0
    endloop
  endfacet
  facet normal -0.228486 0.973547 0
    outer loop
      vertex 194.165 110.803 0
      vertex 194.067 110.78 0.5
      vertex 194.165 110.803 0.5
    endloop
  endfacet
  facet normal -0.228486 0.973547 0
    outer loop
      vertex 194.067 110.78 0.5
      vertex 194.165 110.803 0
      vertex 194.067 110.78 0
    endloop
  endfacet
  facet normal -0.130938 0.991391 0
    outer loop
      vertex 194.271 110.817 0
      vertex 194.165 110.803 0.5
      vertex 194.271 110.817 0.5
    endloop
  endfacet
  facet normal -0.130938 0.991391 0
    outer loop
      vertex 194.165 110.803 0.5
      vertex 194.271 110.817 0
      vertex 194.165 110.803 0
    endloop
  endfacet
  facet normal -0.0442045 0.999023 0
    outer loop
      vertex 194.384 110.822 0
      vertex 194.271 110.817 0.5
      vertex 194.384 110.822 0.5
    endloop
  endfacet
  facet normal -0.0442045 0.999023 0
    outer loop
      vertex 194.271 110.817 0.5
      vertex 194.384 110.822 0
      vertex 194.271 110.817 0
    endloop
  endfacet
  facet normal 0.0185153 0.999829 -0
    outer loop
      vertex 194.438 110.821 0
      vertex 194.384 110.822 0.5
      vertex 194.438 110.821 0.5
    endloop
  endfacet
  facet normal 0.0185153 0.999829 0
    outer loop
      vertex 194.384 110.822 0.5
      vertex 194.438 110.821 0
      vertex 194.384 110.822 0
    endloop
  endfacet
  facet normal 0.0544645 0.998516 -0
    outer loop
      vertex 194.493 110.818 0
      vertex 194.438 110.821 0.5
      vertex 194.493 110.818 0.5
    endloop
  endfacet
  facet normal 0.0544645 0.998516 0
    outer loop
      vertex 194.438 110.821 0.5
      vertex 194.493 110.818 0
      vertex 194.438 110.821 0
    endloop
  endfacet
  facet normal 0.0905357 0.995893 -0
    outer loop
      vertex 194.548 110.813 0
      vertex 194.493 110.818 0.5
      vertex 194.548 110.813 0.5
    endloop
  endfacet
  facet normal 0.0905357 0.995893 0
    outer loop
      vertex 194.493 110.818 0.5
      vertex 194.548 110.813 0
      vertex 194.493 110.818 0
    endloop
  endfacet
  facet normal 0.141421 0.989949 -0
    outer loop
      vertex 194.604 110.805 0
      vertex 194.548 110.813 0.5
      vertex 194.604 110.805 0.5
    endloop
  endfacet
  facet normal 0.141421 0.989949 0
    outer loop
      vertex 194.548 110.813 0.5
      vertex 194.604 110.805 0
      vertex 194.548 110.813 0
    endloop
  endfacet
  facet normal 0.158678 0.98733 -0
    outer loop
      vertex 194.66 110.796 0
      vertex 194.604 110.805 0.5
      vertex 194.66 110.796 0.5
    endloop
  endfacet
  facet normal 0.158678 0.98733 0
    outer loop
      vertex 194.604 110.805 0.5
      vertex 194.66 110.796 0
      vertex 194.604 110.805 0
    endloop
  endfacet
  facet normal 0.192745 0.981249 -0
    outer loop
      vertex 194.716 110.785 0
      vertex 194.66 110.796 0.5
      vertex 194.716 110.785 0.5
    endloop
  endfacet
  facet normal 0.192745 0.981249 0
    outer loop
      vertex 194.66 110.796 0.5
      vertex 194.716 110.785 0
      vertex 194.66 110.796 0
    endloop
  endfacet
  facet normal 0.238525 0.971136 -0
    outer loop
      vertex 194.773 110.771 0
      vertex 194.716 110.785 0.5
      vertex 194.773 110.771 0.5
    endloop
  endfacet
  facet normal 0.238525 0.971136 0
    outer loop
      vertex 194.716 110.785 0.5
      vertex 194.773 110.771 0
      vertex 194.716 110.785 0
    endloop
  endfacet
  facet normal 0.270256 0.962788 -0
    outer loop
      vertex 194.83 110.755 0
      vertex 194.773 110.771 0.5
      vertex 194.83 110.755 0.5
    endloop
  endfacet
  facet normal 0.270256 0.962788 0
    outer loop
      vertex 194.773 110.771 0.5
      vertex 194.83 110.755 0
      vertex 194.773 110.771 0
    endloop
  endfacet
  facet normal 0.291807 0.956477 -0
    outer loop
      vertex 194.889 110.737 0
      vertex 194.83 110.755 0.5
      vertex 194.889 110.737 0.5
    endloop
  endfacet
  facet normal 0.291807 0.956477 0
    outer loop
      vertex 194.83 110.755 0.5
      vertex 194.889 110.737 0
      vertex 194.83 110.755 0
    endloop
  endfacet
  facet normal 0.321039 0.947066 -0
    outer loop
      vertex 194.948 110.717 0
      vertex 194.889 110.737 0.5
      vertex 194.948 110.717 0.5
    endloop
  endfacet
  facet normal 0.321039 0.947066 0
    outer loop
      vertex 194.889 110.737 0.5
      vertex 194.948 110.717 0
      vertex 194.889 110.737 0
    endloop
  endfacet
  facet normal 0.339265 0.940691 -0
    outer loop
      vertex 195.009 110.695 0
      vertex 194.948 110.717 0.5
      vertex 195.009 110.695 0.5
    endloop
  endfacet
  facet normal 0.339265 0.940691 0
    outer loop
      vertex 194.948 110.717 0.5
      vertex 195.009 110.695 0
      vertex 194.948 110.717 0
    endloop
  endfacet
  facet normal 0.373968 0.927441 -0
    outer loop
      vertex 195.071 110.67 0
      vertex 195.009 110.695 0.5
      vertex 195.071 110.67 0.5
    endloop
  endfacet
  facet normal 0.373968 0.927441 0
    outer loop
      vertex 195.009 110.695 0.5
      vertex 195.071 110.67 0
      vertex 195.009 110.695 0
    endloop
  endfacet
  facet normal 0.393919 0.919145 -0
    outer loop
      vertex 195.134 110.643 0
      vertex 195.071 110.67 0.5
      vertex 195.134 110.643 0.5
    endloop
  endfacet
  facet normal 0.393919 0.919145 0
    outer loop
      vertex 195.071 110.67 0.5
      vertex 195.134 110.643 0
      vertex 195.071 110.67 0
    endloop
  endfacet
  facet normal 0.41273 0.910853 -0
    outer loop
      vertex 195.198 110.614 0
      vertex 195.134 110.643 0.5
      vertex 195.198 110.614 0.5
    endloop
  endfacet
  facet normal 0.41273 0.910853 0
    outer loop
      vertex 195.134 110.643 0.5
      vertex 195.198 110.614 0
      vertex 195.134 110.643 0
    endloop
  endfacet
  facet normal -1 0 0
    outer loop
      vertex 195.198 110.614 0
      vertex 195.198 111.268 0.5
      vertex 195.198 111.268 0
    endloop
  endfacet
  facet normal -1 -0 0
    outer loop
      vertex 195.198 111.268 0.5
      vertex 195.198 110.614 0
      vertex 195.198 110.614 0.5
    endloop
  endfacet
  facet normal -0.30743 -0.951571 0
    outer loop
      vertex 195.133 111.289 0
      vertex 195.198 111.268 0.5
      vertex 195.133 111.289 0.5
    endloop
  endfacet
  facet normal -0.30743 -0.951571 -0
    outer loop
      vertex 195.198 111.268 0.5
      vertex 195.133 111.289 0
      vertex 195.198 111.268 0
    endloop
  endfacet
  facet normal -0.280567 -0.959834 0
    outer loop
      vertex 195.068 111.308 0
      vertex 195.133 111.289 0.5
      vertex 195.068 111.308 0.5
    endloop
  endfacet
  facet normal -0.280567 -0.959834 -0
    outer loop
      vertex 195.133 111.289 0.5
      vertex 195.068 111.308 0
      vertex 195.133 111.289 0
    endloop
  endfacet
  facet normal -0.270746 -0.962651 0
    outer loop
      vertex 195.004 111.326 0
      vertex 195.068 111.308 0.5
      vertex 195.004 111.326 0.5
    endloop
  endfacet
  facet normal -0.270746 -0.962651 -0
    outer loop
      vertex 195.068 111.308 0.5
      vertex 195.004 111.326 0
      vertex 195.068 111.308 0
    endloop
  endfacet
  facet normal -0.2356 -0.97185 0
    outer loop
      vertex 194.938 111.342 0
      vertex 195.004 111.326 0.5
      vertex 194.938 111.342 0.5
    endloop
  endfacet
  facet normal -0.2356 -0.97185 -0
    outer loop
      vertex 195.004 111.326 0.5
      vertex 194.938 111.342 0
      vertex 195.004 111.326 0
    endloop
  endfacet
  facet normal -0.22486 -0.974391 0
    outer loop
      vertex 194.873 111.357 0
      vertex 194.938 111.342 0.5
      vertex 194.873 111.357 0.5
    endloop
  endfacet
  facet normal -0.22486 -0.974391 -0
    outer loop
      vertex 194.938 111.342 0.5
      vertex 194.873 111.357 0
      vertex 194.938 111.342 0
    endloop
  endfacet
  facet normal -0.196116 -0.980581 0
    outer loop
      vertex 194.808 111.37 0
      vertex 194.873 111.357 0.5
      vertex 194.808 111.37 0.5
    endloop
  endfacet
  facet normal -0.196116 -0.980581 -0
    outer loop
      vertex 194.873 111.357 0.5
      vertex 194.808 111.37 0
      vertex 194.873 111.357 0
    endloop
  endfacet
  facet normal -0.178885 -0.98387 0
    outer loop
      vertex 194.742 111.382 0
      vertex 194.808 111.37 0.5
      vertex 194.742 111.382 0.5
    endloop
  endfacet
  facet normal -0.178885 -0.98387 -0
    outer loop
      vertex 194.808 111.37 0.5
      vertex 194.742 111.382 0
      vertex 194.808 111.37 0
    endloop
  endfacet
  facet normal -0.149805 -0.988716 0
    outer loop
      vertex 194.676 111.392 0
      vertex 194.742 111.382 0.5
      vertex 194.676 111.392 0.5
    endloop
  endfacet
  facet normal -0.149805 -0.988716 -0
    outer loop
      vertex 194.742 111.382 0.5
      vertex 194.676 111.392 0
      vertex 194.742 111.382 0
    endloop
  endfacet
  facet normal -0.133133 -0.991098 0
    outer loop
      vertex 194.609 111.401 0
      vertex 194.676 111.392 0.5
      vertex 194.609 111.401 0.5
    endloop
  endfacet
  facet normal -0.133133 -0.991098 -0
    outer loop
      vertex 194.676 111.392 0.5
      vertex 194.609 111.401 0
      vertex 194.676 111.392 0
    endloop
  endfacet
  facet normal -0.103912 -0.994586 0
    outer loop
      vertex 194.542 111.408 0
      vertex 194.609 111.401 0.5
      vertex 194.542 111.408 0.5
    endloop
  endfacet
  facet normal -0.103912 -0.994586 -0
    outer loop
      vertex 194.609 111.401 0.5
      vertex 194.542 111.408 0
      vertex 194.609 111.401 0
    endloop
  endfacet
  facet normal -0.0733314 -0.997308 0
    outer loop
      vertex 194.474 111.413 0
      vertex 194.542 111.408 0.5
      vertex 194.474 111.413 0.5
    endloop
  endfacet
  facet normal -0.0733314 -0.997308 -0
    outer loop
      vertex 194.542 111.408 0.5
      vertex 194.474 111.413 0
      vertex 194.542 111.408 0
    endloop
  endfacet
  facet normal -0.058722 -0.998274 0
    outer loop
      vertex 194.406 111.417 0
      vertex 194.474 111.413 0.5
      vertex 194.406 111.417 0.5
    endloop
  endfacet
  facet normal -0.058722 -0.998274 -0
    outer loop
      vertex 194.474 111.413 0.5
      vertex 194.406 111.417 0
      vertex 194.474 111.413 0
    endloop
  endfacet
  facet normal -0.0289733 -0.99958 0
    outer loop
      vertex 194.337 111.419 0
      vertex 194.406 111.417 0.5
      vertex 194.337 111.419 0.5
    endloop
  endfacet
  facet normal -0.0289733 -0.99958 -0
    outer loop
      vertex 194.406 111.417 0.5
      vertex 194.337 111.419 0
      vertex 194.406 111.417 0
    endloop
  endfacet
  facet normal -0.0142843 -0.999898 0
    outer loop
      vertex 194.267 111.42 0
      vertex 194.337 111.419 0.5
      vertex 194.267 111.42 0.5
    endloop
  endfacet
  facet normal -0.0142843 -0.999898 -0
    outer loop
      vertex 194.337 111.419 0.5
      vertex 194.267 111.42 0
      vertex 194.337 111.419 0
    endloop
  endfacet
  facet normal 0.0468967 -0.9989 0
    outer loop
      vertex 194.054 111.41 0
      vertex 194.267 111.42 0.5
      vertex 194.054 111.41 0.5
    endloop
  endfacet
  facet normal 0.0468967 -0.9989 0
    outer loop
      vertex 194.267 111.42 0.5
      vertex 194.054 111.41 0
      vertex 194.267 111.42 0
    endloop
  endfacet
  facet normal 0.152427 -0.988315 0
    outer loop
      vertex 193.853 111.379 0
      vertex 194.054 111.41 0.5
      vertex 193.853 111.379 0.5
    endloop
  endfacet
  facet normal 0.152427 -0.988315 0
    outer loop
      vertex 194.054 111.41 0.5
      vertex 193.853 111.379 0
      vertex 194.054 111.41 0
    endloop
  endfacet
  facet normal 0.263117 -0.964764 0
    outer loop
      vertex 193.666 111.328 0
      vertex 193.853 111.379 0.5
      vertex 193.666 111.328 0.5
    endloop
  endfacet
  facet normal 0.263117 -0.964764 0
    outer loop
      vertex 193.853 111.379 0.5
      vertex 193.666 111.328 0
      vertex 193.853 111.379 0
    endloop
  endfacet
  facet normal 0.384236 -0.923235 0
    outer loop
      vertex 193.493 111.256 0
      vertex 193.666 111.328 0.5
      vertex 193.493 111.256 0.5
    endloop
  endfacet
  facet normal 0.384236 -0.923235 0
    outer loop
      vertex 193.666 111.328 0.5
      vertex 193.493 111.256 0
      vertex 193.666 111.328 0
    endloop
  endfacet
  facet normal 0.498471 -0.866906 0
    outer loop
      vertex 193.333 111.164 0
      vertex 193.493 111.256 0.5
      vertex 193.333 111.164 0.5
    endloop
  endfacet
  facet normal 0.498471 -0.866906 0
    outer loop
      vertex 193.493 111.256 0.5
      vertex 193.333 111.164 0
      vertex 193.493 111.256 0
    endloop
  endfacet
  facet normal 0.60945 -0.792824 0
    outer loop
      vertex 193.186 111.051 0
      vertex 193.333 111.164 0.5
      vertex 193.186 111.051 0.5
    endloop
  endfacet
  facet normal 0.60945 -0.792824 0
    outer loop
      vertex 193.333 111.164 0.5
      vertex 193.186 111.051 0
      vertex 193.333 111.164 0
    endloop
  endfacet
  facet normal 0.707107 -0.707107 0
    outer loop
      vertex 193.053 110.918 0
      vertex 193.186 111.051 0.5
      vertex 193.053 110.918 0.5
    endloop
  endfacet
  facet normal 0.707107 -0.707107 0
    outer loop
      vertex 193.186 111.051 0.5
      vertex 193.053 110.918 0
      vertex 193.186 111.051 0
    endloop
  endfacet
  facet normal 0.790478 -0.61249 0
    outer loop
      vertex 192.936 110.767 0.5
      vertex 193.053 110.918 0
      vertex 193.053 110.918 0.5
    endloop
  endfacet
  facet normal 0.790478 -0.61249 0
    outer loop
      vertex 193.053 110.918 0
      vertex 192.936 110.767 0.5
      vertex 192.936 110.767 0
    endloop
  endfacet
  facet normal 0.856581 -0.516013 0
    outer loop
      vertex 192.836 110.601 0.5
      vertex 192.936 110.767 0
      vertex 192.936 110.767 0.5
    endloop
  endfacet
  facet normal 0.856581 -0.516013 0
    outer loop
      vertex 192.936 110.767 0
      vertex 192.836 110.601 0.5
      vertex 192.836 110.601 0
    endloop
  endfacet
  facet normal 0.913604 -0.406604 0
    outer loop
      vertex 192.755 110.419 0.5
      vertex 192.836 110.601 0
      vertex 192.836 110.601 0.5
    endloop
  endfacet
  facet normal 0.913604 -0.406604 0
    outer loop
      vertex 192.836 110.601 0
      vertex 192.755 110.419 0.5
      vertex 192.755 110.419 0
    endloop
  endfacet
  facet normal 0.95248 -0.3046 0
    outer loop
      vertex 192.692 110.222 0.5
      vertex 192.755 110.419 0
      vertex 192.755 110.419 0.5
    endloop
  endfacet
  facet normal 0.95248 -0.3046 0
    outer loop
      vertex 192.755 110.419 0
      vertex 192.692 110.222 0.5
      vertex 192.692 110.222 0
    endloop
  endfacet
  facet normal 0.978403 -0.206705 0
    outer loop
      vertex 192.647 110.009 0.5
      vertex 192.692 110.222 0
      vertex 192.692 110.222 0.5
    endloop
  endfacet
  facet normal 0.978403 -0.206705 0
    outer loop
      vertex 192.692 110.222 0
      vertex 192.647 110.009 0.5
      vertex 192.647 110.009 0
    endloop
  endfacet
  facet normal 0.993061 -0.117599 0
    outer loop
      vertex 192.62 109.781 0.5
      vertex 192.647 110.009 0
      vertex 192.647 110.009 0.5
    endloop
  endfacet
  facet normal 0.993061 -0.117599 0
    outer loop
      vertex 192.647 110.009 0
      vertex 192.62 109.781 0.5
      vertex 192.62 109.781 0
    endloop
  endfacet
  facet normal 0.999315 -0.0370117 0
    outer loop
      vertex 192.611 109.538 0.5
      vertex 192.62 109.781 0
      vertex 192.62 109.781 0.5
    endloop
  endfacet
  facet normal 0.999315 -0.0370117 0
    outer loop
      vertex 192.62 109.781 0
      vertex 192.611 109.538 0.5
      vertex 192.611 109.538 0
    endloop
  endfacet
  facet normal 0.999564 0.029523 0
    outer loop
      vertex 192.618 109.301 0.5
      vertex 192.611 109.538 0
      vertex 192.611 109.538 0.5
    endloop
  endfacet
  facet normal 0.999564 0.029523 0
    outer loop
      vertex 192.611 109.538 0
      vertex 192.618 109.301 0.5
      vertex 192.618 109.301 0
    endloop
  endfacet
  facet normal 0.994628 0.103513 0
    outer loop
      vertex 192.641 109.08 0.5
      vertex 192.618 109.301 0
      vertex 192.618 109.301 0.5
    endloop
  endfacet
  facet normal 0.994628 0.103513 0
    outer loop
      vertex 192.618 109.301 0
      vertex 192.641 109.08 0.5
      vertex 192.641 109.08 0
    endloop
  endfacet
  facet normal 0.982212 0.187776 0
    outer loop
      vertex 192.68 108.876 0.5
      vertex 192.641 109.08 0
      vertex 192.641 109.08 0.5
    endloop
  endfacet
  facet normal 0.982212 0.187776 0
    outer loop
      vertex 192.641 109.08 0
      vertex 192.68 108.876 0.5
      vertex 192.68 108.876 0
    endloop
  endfacet
  facet normal 0.961905 0.273384 0
    outer loop
      vertex 192.734 108.686 0.5
      vertex 192.68 108.876 0
      vertex 192.68 108.876 0.5
    endloop
  endfacet
  facet normal 0.961905 0.273384 0
    outer loop
      vertex 192.68 108.876 0
      vertex 192.734 108.686 0.5
      vertex 192.734 108.686 0
    endloop
  endfacet
  facet normal 0.926991 0.375083 0
    outer loop
      vertex 192.804 108.513 0.5
      vertex 192.734 108.686 0
      vertex 192.734 108.686 0.5
    endloop
  endfacet
  facet normal 0.926991 0.375083 0
    outer loop
      vertex 192.734 108.686 0
      vertex 192.804 108.513 0.5
      vertex 192.804 108.513 0
    endloop
  endfacet
  facet normal 0.87939 0.476103 0
    outer loop
      vertex 192.889 108.356 0.5
      vertex 192.804 108.513 0
      vertex 192.804 108.513 0.5
    endloop
  endfacet
  facet normal 0.87939 0.476103 0
    outer loop
      vertex 192.804 108.513 0
      vertex 192.889 108.356 0.5
      vertex 192.889 108.356 0
    endloop
  endfacet
  facet normal 0.815683 0.578499 0
    outer loop
      vertex 192.989 108.215 0.5
      vertex 192.889 108.356 0
      vertex 192.889 108.356 0.5
    endloop
  endfacet
  facet normal 0.815683 0.578499 0
    outer loop
      vertex 192.889 108.356 0
      vertex 192.989 108.215 0.5
      vertex 192.989 108.215 0
    endloop
  endfacet
  facet normal 0.733215 0.679997 0
    outer loop
      vertex 193.104 108.091 0.5
      vertex 192.989 108.215 0
      vertex 192.989 108.215 0.5
    endloop
  endfacet
  facet normal 0.733215 0.679997 0
    outer loop
      vertex 192.989 108.215 0
      vertex 193.104 108.091 0.5
      vertex 193.104 108.091 0
    endloop
  endfacet
  facet normal 0.633569 0.773686 -0
    outer loop
      vertex 193.231 107.987 0
      vertex 193.104 108.091 0.5
      vertex 193.231 107.987 0.5
    endloop
  endfacet
  facet normal 0.633569 0.773686 0
    outer loop
      vertex 193.104 108.091 0.5
      vertex 193.231 107.987 0
      vertex 193.104 108.091 0
    endloop
  endfacet
  facet normal 0.523418 0.852076 -0
    outer loop
      vertex 193.371 107.901 0
      vertex 193.231 107.987 0.5
      vertex 193.371 107.901 0.5
    endloop
  endfacet
  facet normal 0.523418 0.852076 0
    outer loop
      vertex 193.231 107.987 0.5
      vertex 193.371 107.901 0
      vertex 193.231 107.987 0
    endloop
  endfacet
  facet normal 0.401133 0.91602 -0
    outer loop
      vertex 193.524 107.834 0
      vertex 193.371 107.901 0.5
      vertex 193.524 107.834 0.5
    endloop
  endfacet
  facet normal 0.401133 0.91602 0
    outer loop
      vertex 193.371 107.901 0.5
      vertex 193.524 107.834 0
      vertex 193.371 107.901 0
    endloop
  endfacet
  facet normal 0.273951 0.961744 -0
    outer loop
      vertex 193.689 107.787 0
      vertex 193.524 107.834 0.5
      vertex 193.689 107.787 0.5
    endloop
  endfacet
  facet normal 0.273951 0.961744 0
    outer loop
      vertex 193.524 107.834 0.5
      vertex 193.689 107.787 0
      vertex 193.524 107.834 0
    endloop
  endfacet
  facet normal 0.160801 0.986987 -0
    outer loop
      vertex 193.867 107.758 0
      vertex 193.689 107.787 0.5
      vertex 193.867 107.758 0.5
    endloop
  endfacet
  facet normal 0.160801 0.986987 0
    outer loop
      vertex 193.689 107.787 0.5
      vertex 193.867 107.758 0
      vertex 193.689 107.787 0
    endloop
  endfacet
  facet normal 0.0470682 0.998892 -0
    outer loop
      vertex 194.058 107.749 0
      vertex 193.867 107.758 0.5
      vertex 194.058 107.749 0.5
    endloop
  endfacet
  facet normal 0.0470682 0.998892 0
    outer loop
      vertex 193.867 107.758 0.5
      vertex 194.058 107.749 0
      vertex 193.867 107.758 0
    endloop
  endfacet
  facet normal -0.0401974 0.999192 0
    outer loop
      vertex 194.232 107.756 0
      vertex 194.058 107.749 0.5
      vertex 194.232 107.756 0.5
    endloop
  endfacet
  facet normal -0.0401974 0.999192 0
    outer loop
      vertex 194.058 107.749 0.5
      vertex 194.232 107.756 0
      vertex 194.058 107.749 0
    endloop
  endfacet
  facet normal -0.161775 -0.986828 0
    outer loop
      vertex 193.941 108.335 0
      vertex 194.002 108.325 0.5
      vertex 193.941 108.335 0.5
    endloop
  endfacet
  facet normal -0.161775 -0.986828 -0
    outer loop
      vertex 194.002 108.325 0.5
      vertex 193.941 108.335 0
      vertex 194.002 108.325 0
    endloop
  endfacet
  facet normal -0.270256 -0.962788 0
    outer loop
      vertex 193.884 108.351 0
      vertex 193.941 108.335 0.5
      vertex 193.884 108.351 0.5
    endloop
  endfacet
  facet normal -0.270256 -0.962788 -0
    outer loop
      vertex 193.941 108.335 0.5
      vertex 193.884 108.351 0
      vertex 193.941 108.335 0
    endloop
  endfacet
  facet normal -0.396091 -0.918211 0
    outer loop
      vertex 193.833 108.373 0
      vertex 193.884 108.351 0.5
      vertex 193.833 108.373 0.5
    endloop
  endfacet
  facet normal -0.396091 -0.918211 -0
    outer loop
      vertex 193.884 108.351 0.5
      vertex 193.833 108.373 0
      vertex 193.884 108.351 0
    endloop
  endfacet
  facet normal -0.519947 -0.854199 0
    outer loop
      vertex 193.787 108.401 0
      vertex 193.833 108.373 0.5
      vertex 193.787 108.401 0.5
    endloop
  endfacet
  facet normal -0.519947 -0.854199 -0
    outer loop
      vertex 193.833 108.373 0.5
      vertex 193.787 108.401 0
      vertex 193.833 108.373 0
    endloop
  endfacet
  facet normal -0.640184 -0.768221 0
    outer loop
      vertex 193.745 108.436 0
      vertex 193.787 108.401 0.5
      vertex 193.745 108.436 0.5
    endloop
  endfacet
  facet normal -0.640184 -0.768221 -0
    outer loop
      vertex 193.787 108.401 0.5
      vertex 193.745 108.436 0
      vertex 193.787 108.401 0
    endloop
  endfacet
  facet normal -0.750359 -0.661031 0
    outer loop
      vertex 193.745 108.436 0
      vertex 193.708 108.478 0.5
      vertex 193.708 108.478 0
    endloop
  endfacet
  facet normal -0.750359 -0.661031 0
    outer loop
      vertex 193.708 108.478 0.5
      vertex 193.745 108.436 0
      vertex 193.745 108.436 0.5
    endloop
  endfacet
  facet normal -0.826599 -0.562791 0
    outer loop
      vertex 193.708 108.478 0
      vertex 193.676 108.525 0.5
      vertex 193.676 108.525 0
    endloop
  endfacet
  facet normal -0.826599 -0.562791 0
    outer loop
      vertex 193.676 108.525 0.5
      vertex 193.708 108.478 0
      vertex 193.708 108.478 0.5
    endloop
  endfacet
  facet normal -0.901002 -0.433816 0
    outer loop
      vertex 193.676 108.525 0
      vertex 193.65 108.579 0.5
      vertex 193.65 108.579 0
    endloop
  endfacet
  facet normal -0.901002 -0.433816 0
    outer loop
      vertex 193.65 108.579 0.5
      vertex 193.676 108.525 0
      vertex 193.676 108.525 0.5
    endloop
  endfacet
  facet normal -0.938876 -0.344255 0
    outer loop
      vertex 193.65 108.579 0
      vertex 193.628 108.639 0.5
      vertex 193.628 108.639 0
    endloop
  endfacet
  facet normal -0.938876 -0.344255 0
    outer loop
      vertex 193.628 108.639 0.5
      vertex 193.65 108.579 0
      vertex 193.65 108.579 0.5
    endloop
  endfacet
  facet normal -0.965755 -0.259457 0
    outer loop
      vertex 193.628 108.639 0
      vertex 193.61 108.706 0.5
      vertex 193.61 108.706 0
    endloop
  endfacet
  facet normal -0.965755 -0.259457 0
    outer loop
      vertex 193.61 108.706 0.5
      vertex 193.628 108.639 0
      vertex 193.628 108.639 0.5
    endloop
  endfacet
  facet normal -0.986757 -0.162207 0
    outer loop
      vertex 193.61 108.706 0
      vertex 193.598 108.779 0.5
      vertex 193.598 108.779 0
    endloop
  endfacet
  facet normal -0.986757 -0.162207 0
    outer loop
      vertex 193.598 108.779 0.5
      vertex 193.61 108.706 0
      vertex 193.61 108.706 0.5
    endloop
  endfacet
  facet normal -0.996097 -0.0882618 0
    outer loop
      vertex 193.598 108.779 0
      vertex 193.591 108.858 0.5
      vertex 193.591 108.858 0
    endloop
  endfacet
  facet normal -0.996097 -0.0882618 0
    outer loop
      vertex 193.591 108.858 0.5
      vertex 193.598 108.779 0
      vertex 193.598 108.779 0.5
    endloop
  endfacet
  facet normal -0.999392 -0.0348625 0
    outer loop
      vertex 193.591 108.858 0
      vertex 193.588 108.944 0.5
      vertex 193.588 108.944 0
    endloop
  endfacet
  facet normal -0.999392 -0.0348625 0
    outer loop
      vertex 193.588 108.944 0.5
      vertex 193.591 108.858 0
      vertex 193.591 108.858 0.5
    endloop
  endfacet
  facet normal -0.999378 0.0352722 0
    outer loop
      vertex 193.588 108.944 0
      vertex 193.591 109.029 0.5
      vertex 193.591 109.029 0
    endloop
  endfacet
  facet normal -0.999378 0.0352722 0
    outer loop
      vertex 193.591 109.029 0.5
      vertex 193.588 108.944 0
      vertex 193.588 108.944 0.5
    endloop
  endfacet
  facet normal -0.996194 0.087167 0
    outer loop
      vertex 193.591 109.029 0
      vertex 193.598 109.109 0.5
      vertex 193.598 109.109 0
    endloop
  endfacet
  facet normal -0.996194 0.087167 0
    outer loop
      vertex 193.598 109.109 0.5
      vertex 193.591 109.029 0
      vertex 193.591 109.029 0.5
    endloop
  endfacet
  facet normal -0.986757 0.162207 0
    outer loop
      vertex 193.598 109.109 0
      vertex 193.61 109.182 0.5
      vertex 193.61 109.182 0
    endloop
  endfacet
  facet normal -0.986757 0.162207 0
    outer loop
      vertex 193.61 109.182 0.5
      vertex 193.598 109.109 0
      vertex 193.598 109.109 0.5
    endloop
  endfacet
  facet normal -0.964764 0.263117 0
    outer loop
      vertex 193.61 109.182 0
      vertex 193.628 109.248 0.5
      vertex 193.628 109.248 0
    endloop
  endfacet
  facet normal -0.964764 0.263117 0
    outer loop
      vertex 193.628 109.248 0.5
      vertex 193.61 109.182 0
      vertex 193.61 109.182 0.5
    endloop
  endfacet
  facet normal -0.938876 0.344255 0
    outer loop
      vertex 193.628 109.248 0
      vertex 193.65 109.308 0.5
      vertex 193.65 109.308 0
    endloop
  endfacet
  facet normal -0.938876 0.344255 0
    outer loop
      vertex 193.65 109.308 0.5
      vertex 193.628 109.248 0
      vertex 193.628 109.248 0.5
    endloop
  endfacet
  facet normal -0.901002 0.433816 0
    outer loop
      vertex 193.65 109.308 0
      vertex 193.676 109.362 0.5
      vertex 193.676 109.362 0
    endloop
  endfacet
  facet normal -0.901002 0.433816 0
    outer loop
      vertex 193.676 109.362 0.5
      vertex 193.65 109.308 0
      vertex 193.65 109.308 0.5
    endloop
  endfacet
  facet normal -0.83205 0.5547 0
    outer loop
      vertex 193.676 109.362 0
      vertex 193.708 109.41 0.5
      vertex 193.708 109.41 0
    endloop
  endfacet
  facet normal -0.83205 0.5547 0
    outer loop
      vertex 193.708 109.41 0.5
      vertex 193.676 109.362 0
      vertex 193.676 109.362 0.5
    endloop
  endfacet
  facet normal -0.742393 0.669965 0
    outer loop
      vertex 193.708 109.41 0
      vertex 193.745 109.451 0.5
      vertex 193.745 109.451 0
    endloop
  endfacet
  facet normal -0.742393 0.669965 0
    outer loop
      vertex 193.745 109.451 0.5
      vertex 193.708 109.41 0
      vertex 193.708 109.41 0.5
    endloop
  endfacet
  facet normal -0.640184 0.768221 0
    outer loop
      vertex 193.787 109.486 0
      vertex 193.745 109.451 0.5
      vertex 193.787 109.486 0.5
    endloop
  endfacet
  facet normal -0.640184 0.768221 0
    outer loop
      vertex 193.745 109.451 0.5
      vertex 193.787 109.486 0
      vertex 193.745 109.451 0
    endloop
  endfacet
  facet normal -0.533301 0.845926 0
    outer loop
      vertex 193.833 109.515 0
      vertex 193.787 109.486 0.5
      vertex 193.833 109.515 0.5
    endloop
  endfacet
  facet normal -0.533301 0.845926 0
    outer loop
      vertex 193.787 109.486 0.5
      vertex 193.833 109.515 0
      vertex 193.787 109.486 0
    endloop
  endfacet
  facet normal -0.396091 0.918211 0
    outer loop
      vertex 193.884 109.537 0
      vertex 193.833 109.515 0.5
      vertex 193.884 109.537 0.5
    endloop
  endfacet
  facet normal -0.396091 0.918211 0
    outer loop
      vertex 193.833 109.515 0.5
      vertex 193.884 109.537 0
      vertex 193.833 109.515 0
    endloop
  endfacet
  facet normal -0.270256 0.962788 0
    outer loop
      vertex 193.941 109.553 0
      vertex 193.884 109.537 0.5
      vertex 193.941 109.553 0.5
    endloop
  endfacet
  facet normal -0.270256 0.962788 0
    outer loop
      vertex 193.884 109.537 0.5
      vertex 193.941 109.553 0
      vertex 193.884 109.537 0
    endloop
  endfacet
  facet normal -0.145961 0.98929 0
    outer loop
      vertex 194.002 109.562 0
      vertex 193.941 109.553 0.5
      vertex 194.002 109.562 0.5
    endloop
  endfacet
  facet normal -0.145961 0.98929 0
    outer loop
      vertex 193.941 109.553 0.5
      vertex 194.002 109.562 0
      vertex 193.941 109.553 0
    endloop
  endfacet
  facet normal -0.0454077 0.998969 0
    outer loop
      vertex 194.068 109.565 0
      vertex 194.002 109.562 0.5
      vertex 194.068 109.565 0.5
    endloop
  endfacet
  facet normal -0.0454077 0.998969 0
    outer loop
      vertex 194.002 109.562 0.5
      vertex 194.068 109.565 0
      vertex 194.002 109.562 0
    endloop
  endfacet
  facet normal 0.0447313 0.998999 -0
    outer loop
      vertex 194.135 109.562 0
      vertex 194.068 109.565 0.5
      vertex 194.135 109.562 0.5
    endloop
  endfacet
  facet normal 0.0447313 0.998999 0
    outer loop
      vertex 194.068 109.565 0.5
      vertex 194.135 109.562 0
      vertex 194.068 109.565 0
    endloop
  endfacet
  facet normal 0.145961 0.98929 -0
    outer loop
      vertex 194.196 109.553 0
      vertex 194.135 109.562 0.5
      vertex 194.196 109.553 0.5
    endloop
  endfacet
  facet normal 0.145961 0.98929 0
    outer loop
      vertex 194.135 109.562 0.5
      vertex 194.196 109.553 0
      vertex 194.135 109.562 0
    endloop
  endfacet
  facet normal 0.270256 0.962788 -0
    outer loop
      vertex 194.253 109.537 0
      vertex 194.196 109.553 0.5
      vertex 194.253 109.537 0.5
    endloop
  endfacet
  facet normal 0.270256 0.962788 0
    outer loop
      vertex 194.196 109.553 0.5
      vertex 194.253 109.537 0
      vertex 194.196 109.553 0
    endloop
  endfacet
  facet normal 0.38964 0.920967 -0
    outer loop
      vertex 194.305 109.515 0
      vertex 194.253 109.537 0.5
      vertex 194.305 109.515 0.5
    endloop
  endfacet
  facet normal 0.38964 0.920967 0
    outer loop
      vertex 194.253 109.537 0.5
      vertex 194.305 109.515 0
      vertex 194.253 109.537 0
    endloop
  endfacet
  facet normal 0.533301 0.845926 -0
    outer loop
      vertex 194.351 109.486 0
      vertex 194.305 109.515 0.5
      vertex 194.351 109.486 0.5
    endloop
  endfacet
  facet normal 0.533301 0.845926 0
    outer loop
      vertex 194.305 109.515 0.5
      vertex 194.351 109.486 0
      vertex 194.305 109.515 0
    endloop
  endfacet
  facet normal 0.640184 0.768221 -0
    outer loop
      vertex 194.393 109.451 0
      vertex 194.351 109.486 0.5
      vertex 194.393 109.451 0.5
    endloop
  endfacet
  facet normal 0.640184 0.768221 0
    outer loop
      vertex 194.351 109.486 0.5
      vertex 194.393 109.451 0
      vertex 194.351 109.486 0
    endloop
  endfacet
  facet normal 0.742393 0.669965 0
    outer loop
      vertex 194.43 109.41 0.5
      vertex 194.393 109.451 0
      vertex 194.393 109.451 0.5
    endloop
  endfacet
  facet normal 0.742393 0.669965 0
    outer loop
      vertex 194.393 109.451 0
      vertex 194.43 109.41 0.5
      vertex 194.43 109.41 0
    endloop
  endfacet
  facet normal 0.83205 0.5547 0
    outer loop
      vertex 194.462 109.362 0.5
      vertex 194.43 109.41 0
      vertex 194.43 109.41 0.5
    endloop
  endfacet
  facet normal 0.83205 0.5547 0
    outer loop
      vertex 194.43 109.41 0
      vertex 194.462 109.362 0.5
      vertex 194.462 109.362 0
    endloop
  endfacet
  facet normal 0.894427 0.447214 0
    outer loop
      vertex 194.489 109.308 0.5
      vertex 194.462 109.362 0
      vertex 194.462 109.362 0.5
    endloop
  endfacet
  facet normal 0.894427 0.447214 0
    outer loop
      vertex 194.462 109.362 0
      vertex 194.489 109.308 0.5
      vertex 194.489 109.308 0
    endloop
  endfacet
  facet normal 0.938876 0.344255 0
    outer loop
      vertex 194.511 109.248 0.5
      vertex 194.489 109.308 0
      vertex 194.489 109.308 0.5
    endloop
  endfacet
  facet normal 0.938876 0.344255 0
    outer loop
      vertex 194.489 109.308 0
      vertex 194.511 109.248 0.5
      vertex 194.511 109.248 0
    endloop
  endfacet
  facet normal 0.968392 0.249434 0
    outer loop
      vertex 194.528 109.182 0.5
      vertex 194.511 109.248 0
      vertex 194.511 109.248 0.5
    endloop
  endfacet
  facet normal 0.968392 0.249434 0
    outer loop
      vertex 194.511 109.248 0
      vertex 194.528 109.182 0.5
      vertex 194.528 109.182 0
    endloop
  endfacet
  facet normal 0.986757 0.162207 0
    outer loop
      vertex 194.54 109.109 0.5
      vertex 194.528 109.182 0
      vertex 194.528 109.182 0.5
    endloop
  endfacet
  facet normal 0.986757 0.162207 0
    outer loop
      vertex 194.528 109.182 0
      vertex 194.54 109.109 0.5
      vertex 194.54 109.109 0
    endloop
  endfacet
  facet normal 0.996194 0.087167 0
    outer loop
      vertex 194.547 109.029 0.5
      vertex 194.54 109.109 0
      vertex 194.54 109.109 0.5
    endloop
  endfacet
  facet normal 0.996194 0.087167 0
    outer loop
      vertex 194.54 109.109 0
      vertex 194.547 109.029 0.5
      vertex 194.547 109.029 0
    endloop
  endfacet
  facet normal 0.999378 0.0352722 0
    outer loop
      vertex 194.55 108.944 0.5
      vertex 194.547 109.029 0
      vertex 194.547 109.029 0.5
    endloop
  endfacet
  facet normal 0.999378 0.0352722 0
    outer loop
      vertex 194.547 109.029 0
      vertex 194.55 108.944 0.5
      vertex 194.55 108.944 0
    endloop
  endfacet
  facet normal 0.999392 -0.0348625 0
    outer loop
      vertex 194.547 108.858 0.5
      vertex 194.55 108.944 0
      vertex 194.55 108.944 0.5
    endloop
  endfacet
  facet normal 0.999392 -0.0348625 0
    outer loop
      vertex 194.55 108.944 0
      vertex 194.547 108.858 0.5
      vertex 194.547 108.858 0
    endloop
  endfacet
  facet normal 0.996097 -0.0882618 0
    outer loop
      vertex 194.54 108.779 0.5
      vertex 194.547 108.858 0
      vertex 194.547 108.858 0.5
    endloop
  endfacet
  facet normal 0.996097 -0.0882618 0
    outer loop
      vertex 194.547 108.858 0
      vertex 194.54 108.779 0.5
      vertex 194.54 108.779 0
    endloop
  endfacet
  facet normal 0.986757 -0.162207 0
    outer loop
      vertex 194.528 108.706 0.5
      vertex 194.54 108.779 0
      vertex 194.54 108.779 0.5
    endloop
  endfacet
  facet normal 0.986757 -0.162207 0
    outer loop
      vertex 194.54 108.779 0
      vertex 194.528 108.706 0.5
      vertex 194.528 108.706 0
    endloop
  endfacet
  facet normal 0.969286 -0.245938 0
    outer loop
      vertex 194.511 108.639 0.5
      vertex 194.528 108.706 0
      vertex 194.528 108.706 0.5
    endloop
  endfacet
  facet normal 0.969286 -0.245938 0
    outer loop
      vertex 194.528 108.706 0
      vertex 194.511 108.639 0.5
      vertex 194.511 108.639 0
    endloop
  endfacet
  facet normal 0.938876 -0.344255 0
    outer loop
      vertex 194.489 108.579 0.5
      vertex 194.511 108.639 0
      vertex 194.511 108.639 0.5
    endloop
  endfacet
  facet normal 0.938876 -0.344255 0
    outer loop
      vertex 194.511 108.639 0
      vertex 194.489 108.579 0.5
      vertex 194.489 108.579 0
    endloop
  endfacet
  facet normal 0.894427 -0.447214 0
    outer loop
      vertex 194.462 108.525 0.5
      vertex 194.489 108.579 0
      vertex 194.489 108.579 0.5
    endloop
  endfacet
  facet normal 0.894427 -0.447214 0
    outer loop
      vertex 194.489 108.579 0
      vertex 194.462 108.525 0.5
      vertex 194.462 108.525 0
    endloop
  endfacet
  facet normal 0.826599 -0.562791 0
    outer loop
      vertex 194.43 108.478 0.5
      vertex 194.462 108.525 0
      vertex 194.462 108.525 0.5
    endloop
  endfacet
  facet normal 0.826599 -0.562791 0
    outer loop
      vertex 194.462 108.525 0
      vertex 194.43 108.478 0.5
      vertex 194.43 108.478 0
    endloop
  endfacet
  facet normal 0.750359 -0.661031 0
    outer loop
      vertex 194.393 108.436 0.5
      vertex 194.43 108.478 0
      vertex 194.43 108.478 0.5
    endloop
  endfacet
  facet normal 0.750359 -0.661031 0
    outer loop
      vertex 194.43 108.478 0
      vertex 194.393 108.436 0.5
      vertex 194.393 108.436 0
    endloop
  endfacet
  facet normal 0.640184 -0.768221 0
    outer loop
      vertex 194.351 108.401 0
      vertex 194.393 108.436 0.5
      vertex 194.351 108.401 0.5
    endloop
  endfacet
  facet normal 0.640184 -0.768221 0
    outer loop
      vertex 194.393 108.436 0.5
      vertex 194.351 108.401 0
      vertex 194.393 108.436 0
    endloop
  endfacet
  facet normal 0.519947 -0.854199 0
    outer loop
      vertex 194.305 108.373 0
      vertex 194.351 108.401 0.5
      vertex 194.305 108.373 0.5
    endloop
  endfacet
  facet normal 0.519947 -0.854199 0
    outer loop
      vertex 194.351 108.401 0.5
      vertex 194.305 108.373 0
      vertex 194.351 108.401 0
    endloop
  endfacet
  facet normal 0.38964 -0.920967 0
    outer loop
      vertex 194.253 108.351 0
      vertex 194.305 108.373 0.5
      vertex 194.253 108.351 0.5
    endloop
  endfacet
  facet normal 0.38964 -0.920967 0
    outer loop
      vertex 194.305 108.373 0.5
      vertex 194.253 108.351 0
      vertex 194.305 108.373 0
    endloop
  endfacet
  facet normal 0.270256 -0.962788 0
    outer loop
      vertex 194.196 108.335 0
      vertex 194.253 108.351 0.5
      vertex 194.196 108.335 0.5
    endloop
  endfacet
  facet normal 0.270256 -0.962788 0
    outer loop
      vertex 194.253 108.351 0.5
      vertex 194.196 108.335 0
      vertex 194.253 108.351 0
    endloop
  endfacet
  facet normal 0.161775 -0.986828 0
    outer loop
      vertex 194.135 108.325 0
      vertex 194.196 108.335 0.5
      vertex 194.135 108.325 0.5
    endloop
  endfacet
  facet normal 0.161775 -0.986828 0
    outer loop
      vertex 194.196 108.335 0.5
      vertex 194.135 108.325 0
      vertex 194.196 108.335 0
    endloop
  endfacet
  facet normal 0.0447313 -0.998999 0
    outer loop
      vertex 194.068 108.322 0
      vertex 194.135 108.325 0.5
      vertex 194.068 108.322 0.5
    endloop
  endfacet
  facet normal 0.0447313 -0.998999 0
    outer loop
      vertex 194.135 108.325 0.5
      vertex 194.068 108.322 0
      vertex 194.135 108.325 0
    endloop
  endfacet
  facet normal -0.0454077 -0.998969 0
    outer loop
      vertex 194.002 108.325 0
      vertex 194.068 108.322 0.5
      vertex 194.002 108.325 0.5
    endloop
  endfacet
  facet normal -0.0454077 -0.998969 -0
    outer loop
      vertex 194.068 108.322 0.5
      vertex 194.002 108.325 0
      vertex 194.068 108.322 0
    endloop
  endfacet
  facet normal 0 -1 0
    outer loop
      vertex 191.247 108.45 0
      vertex 192.054 108.45 0.5
      vertex 191.247 108.45 0.5
    endloop
  endfacet
  facet normal 0 -1 -0
    outer loop
      vertex 192.054 108.45 0.5
      vertex 191.247 108.45 0
      vertex 192.054 108.45 0
    endloop
  endfacet
  facet normal -1 0 0
    outer loop
      vertex 191.247 108.45 0
      vertex 191.247 111.362 0.5
      vertex 191.247 111.362 0
    endloop
  endfacet
  facet normal -1 -0 0
    outer loop
      vertex 191.247 111.362 0.5
      vertex 191.247 108.45 0
      vertex 191.247 108.45 0.5
    endloop
  endfacet
  facet normal 0 -1 0
    outer loop
      vertex 190.378 111.362 0
      vertex 191.247 111.362 0.5
      vertex 190.378 111.362 0.5
    endloop
  endfacet
  facet normal 0 -1 -0
    outer loop
      vertex 191.247 111.362 0.5
      vertex 190.378 111.362 0
      vertex 191.247 111.362 0
    endloop
  endfacet
  facet normal 0.202055 -0.979374 0
    outer loop
      vertex 189.554 111.192 0
      vertex 190.378 111.362 0.5
      vertex 189.554 111.192 0.5
    endloop
  endfacet
  facet normal 0.202055 -0.979374 0
    outer loop
      vertex 190.378 111.362 0.5
      vertex 189.554 111.192 0
      vertex 190.378 111.362 0
    endloop
  endfacet
  facet normal 1 -0 0
    outer loop
      vertex 189.554 110.569 0.5
      vertex 189.554 111.192 0
      vertex 189.554 111.192 0.5
    endloop
  endfacet
  facet normal 1 0 0
    outer loop
      vertex 189.554 111.192 0
      vertex 189.554 110.569 0.5
      vertex 189.554 110.569 0
    endloop
  endfacet
  facet normal -0.200886 0.979615 0
    outer loop
      vertex 190.383 110.739 0
      vertex 189.554 110.569 0.5
      vertex 190.383 110.739 0.5
    endloop
  endfacet
  facet normal -0.200886 0.979615 0
    outer loop
      vertex 189.554 110.569 0.5
      vertex 190.383 110.739 0
      vertex 189.554 110.569 0
    endloop
  endfacet
  facet normal 1 -0 0
    outer loop
      vertex 190.383 108.45 0.5
      vertex 190.383 110.739 0
      vertex 190.383 110.739 0.5
    endloop
  endfacet
  facet normal 1 0 0
    outer loop
      vertex 190.383 110.739 0
      vertex 190.383 108.45 0.5
      vertex 190.383 108.45 0
    endloop
  endfacet
  facet normal 0 -1 0
    outer loop
      vertex 189.576 108.45 0
      vertex 190.383 108.45 0.5
      vertex 189.576 108.45 0.5
    endloop
  endfacet
  facet normal 0 -1 -0
    outer loop
      vertex 190.383 108.45 0.5
      vertex 189.576 108.45 0
      vertex 190.383 108.45 0
    endloop
  endfacet
  facet normal 1 -0 0
    outer loop
      vertex 189.576 107.818 0.5
      vertex 189.576 108.45 0
      vertex 189.576 108.45 0.5
    endloop
  endfacet
  facet normal 1 0 0
    outer loop
      vertex 189.576 108.45 0
      vertex 189.576 107.818 0.5
      vertex 189.576 107.818 0
    endloop
  endfacet
  facet normal 0 1 -0
    outer loop
      vertex 192.054 107.818 0
      vertex 189.576 107.818 0.5
      vertex 192.054 107.818 0.5
    endloop
  endfacet
  facet normal 0 1 0
    outer loop
      vertex 189.576 107.818 0.5
      vertex 192.054 107.818 0
      vertex 189.576 107.818 0
    endloop
  endfacet
  facet normal -1 0 0
    outer loop
      vertex 192.054 107.818 0
      vertex 192.054 108.45 0.5
      vertex 192.054 108.45 0
    endloop
  endfacet
  facet normal -1 -0 0
    outer loop
      vertex 192.054 108.45 0.5
      vertex 192.054 107.818 0
      vertex 192.054 107.818 0.5
    endloop
  endfacet
  facet normal -0.0885398 0.996073 0
    outer loop
      vertex 187.725 107.839 0
      vertex 187.545 107.823 0.5
      vertex 187.725 107.839 0.5
    endloop
  endfacet
  facet normal -0.0885398 0.996073 0
    outer loop
      vertex 187.545 107.823 0.5
      vertex 187.725 107.839 0
      vertex 187.545 107.823 0
    endloop
  endfacet
  facet normal -0.148923 0.988849 0
    outer loop
      vertex 187.891 107.864 0
      vertex 187.725 107.839 0.5
      vertex 187.891 107.864 0.5
    endloop
  endfacet
  facet normal -0.148923 0.988849 0
    outer loop
      vertex 187.725 107.839 0.5
      vertex 187.891 107.864 0
      vertex 187.725 107.839 0
    endloop
  endfacet
  facet normal -0.233373 0.972387 0
    outer loop
      vertex 188.041 107.9 0
      vertex 187.891 107.864 0.5
      vertex 188.041 107.9 0.5
    endloop
  endfacet
  facet normal -0.233373 0.972387 0
    outer loop
      vertex 187.891 107.864 0.5
      vertex 188.041 107.9 0
      vertex 187.891 107.864 0
    endloop
  endfacet
  facet normal -0.326633 0.945151 0
    outer loop
      vertex 188.177 107.947 0
      vertex 188.041 107.9 0.5
      vertex 188.177 107.947 0.5
    endloop
  endfacet
  facet normal -0.326633 0.945151 0
    outer loop
      vertex 188.041 107.9 0.5
      vertex 188.177 107.947 0
      vertex 188.041 107.9 0
    endloop
  endfacet
  facet normal -0.420009 0.90752 0
    outer loop
      vertex 188.298 108.003 0
      vertex 188.177 107.947 0.5
      vertex 188.298 108.003 0.5
    endloop
  endfacet
  facet normal -0.420009 0.90752 0
    outer loop
      vertex 188.177 107.947 0.5
      vertex 188.298 108.003 0
      vertex 188.177 107.947 0
    endloop
  endfacet
  facet normal -0.534293 0.845299 0
    outer loop
      vertex 188.404 108.07 0
      vertex 188.298 108.003 0.5
      vertex 188.404 108.07 0.5
    endloop
  endfacet
  facet normal -0.534293 0.845299 0
    outer loop
      vertex 188.298 108.003 0.5
      vertex 188.404 108.07 0
      vertex 188.298 108.003 0
    endloop
  endfacet
  facet normal -0.641823 0.766853 0
    outer loop
      vertex 188.496 108.147 0
      vertex 188.404 108.07 0.5
      vertex 188.496 108.147 0.5
    endloop
  endfacet
  facet normal -0.641823 0.766853 0
    outer loop
      vertex 188.404 108.07 0.5
      vertex 188.496 108.147 0
      vertex 188.404 108.07 0
    endloop
  endfacet
  facet normal -0.748347 0.663308 0
    outer loop
      vertex 188.496 108.147 0
      vertex 188.574 108.235 0.5
      vertex 188.574 108.235 0
    endloop
  endfacet
  facet normal -0.748347 0.663308 0
    outer loop
      vertex 188.574 108.235 0.5
      vertex 188.496 108.147 0
      vertex 188.496 108.147 0.5
    endloop
  endfacet
  facet normal -0.839798 0.5429 0
    outer loop
      vertex 188.574 108.235 0
      vertex 188.638 108.334 0.5
      vertex 188.638 108.334 0
    endloop
  endfacet
  facet normal -0.839798 0.5429 0
    outer loop
      vertex 188.638 108.334 0.5
      vertex 188.574 108.235 0
      vertex 188.574 108.235 0.5
    endloop
  endfacet
  facet normal -0.912078 0.410017 0
    outer loop
      vertex 188.638 108.334 0
      vertex 188.687 108.443 0.5
      vertex 188.687 108.443 0
    endloop
  endfacet
  facet normal -0.912078 0.410017 0
    outer loop
      vertex 188.687 108.443 0.5
      vertex 188.638 108.334 0
      vertex 188.638 108.334 0.5
    endloop
  endfacet
  facet normal -0.957826 0.287348 0
    outer loop
      vertex 188.687 108.443 0
      vertex 188.723 108.563 0.5
      vertex 188.723 108.563 0
    endloop
  endfacet
  facet normal -0.957826 0.287348 0
    outer loop
      vertex 188.723 108.563 0.5
      vertex 188.687 108.443 0
      vertex 188.687 108.443 0.5
    endloop
  endfacet
  facet normal -0.987203 0.159471 0
    outer loop
      vertex 188.723 108.563 0
      vertex 188.744 108.693 0.5
      vertex 188.744 108.693 0
    endloop
  endfacet
  facet normal -0.987203 0.159471 0
    outer loop
      vertex 188.744 108.693 0.5
      vertex 188.723 108.563 0
      vertex 188.723 108.563 0.5
    endloop
  endfacet
  facet normal -0.99877 0.0495843 0
    outer loop
      vertex 188.744 108.693 0
      vertex 188.751 108.834 0.5
      vertex 188.751 108.834 0
    endloop
  endfacet
  facet normal -0.99877 0.0495843 0
    outer loop
      vertex 188.751 108.834 0.5
      vertex 188.744 108.693 0
      vertex 188.744 108.693 0.5
    endloop
  endfacet
  facet normal -0.999491 -0.0318987 0
    outer loop
      vertex 188.751 108.834 0
      vertex 188.748 108.928 0.5
      vertex 188.748 108.928 0
    endloop
  endfacet
  facet normal -0.999491 -0.0318987 0
    outer loop
      vertex 188.748 108.928 0.5
      vertex 188.751 108.834 0
      vertex 188.751 108.834 0.5
    endloop
  endfacet
  facet normal -0.993747 -0.111657 0
    outer loop
      vertex 188.748 108.928 0
      vertex 188.738 109.017 0.5
      vertex 188.738 109.017 0
    endloop
  endfacet
  facet normal -0.993747 -0.111657 0
    outer loop
      vertex 188.738 109.017 0.5
      vertex 188.748 108.928 0
      vertex 188.748 108.928 0.5
    endloop
  endfacet
  facet normal -0.980581 -0.196116 0
    outer loop
      vertex 188.738 109.017 0
      vertex 188.721 109.102 0.5
      vertex 188.721 109.102 0
    endloop
  endfacet
  facet normal -0.980581 -0.196116 0
    outer loop
      vertex 188.721 109.102 0.5
      vertex 188.738 109.017 0
      vertex 188.738 109.017 0.5
    endloop
  endfacet
  facet normal -0.961971 -0.273152 0
    outer loop
      vertex 188.721 109.102 0
      vertex 188.698 109.183 0.5
      vertex 188.698 109.183 0
    endloop
  endfacet
  facet normal -0.961971 -0.273152 0
    outer loop
      vertex 188.698 109.183 0.5
      vertex 188.721 109.102 0
      vertex 188.721 109.102 0.5
    endloop
  endfacet
  facet normal -0.934293 -0.356506 0
    outer loop
      vertex 188.698 109.183 0
      vertex 188.669 109.259 0.5
      vertex 188.669 109.259 0
    endloop
  endfacet
  facet normal -0.934293 -0.356506 0
    outer loop
      vertex 188.669 109.259 0.5
      vertex 188.698 109.183 0
      vertex 188.698 109.183 0.5
    endloop
  endfacet
  facet normal -0.89197 -0.452094 0
    outer loop
      vertex 188.669 109.259 0
      vertex 188.632 109.332 0.5
      vertex 188.632 109.332 0
    endloop
  endfacet
  facet normal -0.89197 -0.452094 0
    outer loop
      vertex 188.632 109.332 0.5
      vertex 188.669 109.259 0
      vertex 188.669 109.259 0.5
    endloop
  endfacet
  facet normal -0.847287 -0.531135 0
    outer loop
      vertex 188.632 109.332 0
      vertex 188.59 109.399 0.5
      vertex 188.59 109.399 0
    endloop
  endfacet
  facet normal -0.847287 -0.531135 0
    outer loop
      vertex 188.59 109.399 0.5
      vertex 188.632 109.332 0
      vertex 188.632 109.332 0.5
    endloop
  endfacet
  facet normal -0.789352 -0.613941 0
    outer loop
      vertex 188.59 109.399 0
      vertex 188.541 109.462 0.5
      vertex 188.541 109.462 0
    endloop
  endfacet
  facet normal -0.789352 -0.613941 0
    outer loop
      vertex 188.541 109.462 0.5
      vertex 188.59 109.399 0
      vertex 188.59 109.399 0.5
    endloop
  endfacet
  facet normal -0.719619 -0.694369 0
    outer loop
      vertex 188.541 109.462 0
      vertex 188.486 109.519 0.5
      vertex 188.486 109.519 0
    endloop
  endfacet
  facet normal -0.719619 -0.694369 0
    outer loop
      vertex 188.486 109.519 0.5
      vertex 188.541 109.462 0
      vertex 188.541 109.462 0.5
    endloop
  endfacet
  facet normal -0.653954 -0.756535 0
    outer loop
      vertex 188.427 109.57 0
      vertex 188.486 109.519 0.5
      vertex 188.427 109.57 0.5
    endloop
  endfacet
  facet normal -0.653954 -0.756535 -0
    outer loop
      vertex 188.486 109.519 0.5
      vertex 188.427 109.57 0
      vertex 188.486 109.519 0
    endloop
  endfacet
  facet normal -0.56921 -0.822192 0
    outer loop
      vertex 188.362 109.615 0
      vertex 188.427 109.57 0.5
      vertex 188.362 109.615 0.5
    endloop
  endfacet
  facet normal -0.56921 -0.822192 -0
    outer loop
      vertex 188.427 109.57 0.5
      vertex 188.362 109.615 0
      vertex 188.427 109.57 0
    endloop
  endfacet
  facet normal -0.490844 -0.871248 0
    outer loop
      vertex 188.291 109.655 0
      vertex 188.362 109.615 0.5
      vertex 188.291 109.655 0.5
    endloop
  endfacet
  facet normal -0.490844 -0.871248 -0
    outer loop
      vertex 188.362 109.615 0.5
      vertex 188.291 109.655 0
      vertex 188.362 109.615 0
    endloop
  endfacet
  facet normal -0.398285 -0.917262 0
    outer loop
      vertex 188.215 109.688 0
      vertex 188.291 109.655 0.5
      vertex 188.215 109.688 0.5
    endloop
  endfacet
  facet normal -0.398285 -0.917262 -0
    outer loop
      vertex 188.291 109.655 0.5
      vertex 188.215 109.688 0
      vertex 188.291 109.655 0
    endloop
  endfacet
  facet normal -0.316228 -0.948683 0
    outer loop
      vertex 188.134 109.715 0
      vertex 188.215 109.688 0.5
      vertex 188.134 109.715 0.5
    endloop
  endfacet
  facet normal -0.316228 -0.948683 -0
    outer loop
      vertex 188.215 109.688 0.5
      vertex 188.134 109.715 0
      vertex 188.215 109.688 0
    endloop
  endfacet
  facet normal -0.393919 0.919145 0
    outer loop
      vertex 188.197 109.742 0
      vertex 188.134 109.715 0.5
      vertex 188.197 109.742 0.5
    endloop
  endfacet
  facet normal -0.393919 0.919145 0
    outer loop
      vertex 188.134 109.715 0.5
      vertex 188.197 109.742 0
      vertex 188.134 109.715 0
    endloop
  endfacet
  facet normal -0.465128 0.885243 0
    outer loop
      vertex 188.256 109.773 0
      vertex 188.197 109.742 0.5
      vertex 188.256 109.773 0.5
    endloop
  endfacet
  facet normal -0.465128 0.885243 0
    outer loop
      vertex 188.197 109.742 0.5
      vertex 188.256 109.773 0
      vertex 188.197 109.742 0
    endloop
  endfacet
  facet normal -0.536875 0.843661 0
    outer loop
      vertex 188.311 109.808 0
      vertex 188.256 109.773 0.5
      vertex 188.311 109.808 0.5
    endloop
  endfacet
  facet normal -0.536875 0.843661 0
    outer loop
      vertex 188.256 109.773 0.5
      vertex 188.311 109.808 0
      vertex 188.256 109.773 0
    endloop
  endfacet
  facet normal -0.605083 0.796162 0
    outer loop
      vertex 188.361 109.846 0
      vertex 188.311 109.808 0.5
      vertex 188.361 109.846 0.5
    endloop
  endfacet
  facet normal -0.605083 0.796162 0
    outer loop
      vertex 188.311 109.808 0.5
      vertex 188.361 109.846 0
      vertex 188.311 109.808 0
    endloop
  endfacet
  facet normal -0.674269 0.738485 0
    outer loop
      vertex 188.407 109.888 0
      vertex 188.361 109.846 0.5
      vertex 188.407 109.888 0.5
    endloop
  endfacet
  facet normal -0.674269 0.738485 0
    outer loop
      vertex 188.361 109.846 0.5
      vertex 188.407 109.888 0
      vertex 188.361 109.846 0
    endloop
  endfacet
  facet normal -0.753569 0.657369 0
    outer loop
      vertex 188.407 109.888 0
      vertex 188.448 109.935 0.5
      vertex 188.448 109.935 0
    endloop
  endfacet
  facet normal -0.753569 0.657369 0
    outer loop
      vertex 188.448 109.935 0.5
      vertex 188.407 109.888 0
      vertex 188.407 109.888 0.5
    endloop
  endfacet
  facet normal -0.803842 0.594843 0
    outer loop
      vertex 188.448 109.935 0
      vertex 188.485 109.985 0.5
      vertex 188.485 109.985 0
    endloop
  endfacet
  facet normal -0.803842 0.594843 0
    outer loop
      vertex 188.485 109.985 0.5
      vertex 188.448 109.935 0
      vertex 188.448 109.935 0.5
    endloop
  endfacet
  facet normal -0.856064 0.516869 0
    outer loop
      vertex 188.485 109.985 0
      vertex 188.517 110.038 0.5
      vertex 188.517 110.038 0
    endloop
  endfacet
  facet normal -0.856064 0.516869 0
    outer loop
      vertex 188.517 110.038 0.5
      vertex 188.485 109.985 0
      vertex 188.485 109.985 0.5
    endloop
  endfacet
  facet normal -0.903738 0.428086 0
    outer loop
      vertex 188.517 110.038 0
      vertex 188.544 110.095 0.5
      vertex 188.544 110.095 0
    endloop
  endfacet
  facet normal -0.903738 0.428086 0
    outer loop
      vertex 188.544 110.095 0.5
      vertex 188.517 110.038 0
      vertex 188.517 110.038 0.5
    endloop
  endfacet
  facet normal -0.931708 0.363208 0
    outer loop
      vertex 188.544 110.095 0
      vertex 188.567 110.154 0.5
      vertex 188.567 110.154 0
    endloop
  endfacet
  facet normal -0.931708 0.363208 0
    outer loop
      vertex 188.567 110.154 0.5
      vertex 188.544 110.095 0
      vertex 188.544 110.095 0.5
    endloop
  endfacet
  facet normal -0.965468 0.260523 0
    outer loop
      vertex 188.567 110.154 0
      vertex 188.584 110.217 0.5
      vertex 188.584 110.217 0
    endloop
  endfacet
  facet normal -0.965468 0.260523 0
    outer loop
      vertex 188.584 110.217 0.5
      vertex 188.567 110.154 0
      vertex 188.567 110.154 0.5
    endloop
  endfacet
  facet normal -0.98387 0.178885 0
    outer loop
      vertex 188.584 110.217 0
      vertex 188.596 110.283 0.5
      vertex 188.596 110.283 0
    endloop
  endfacet
  facet normal -0.98387 0.178885 0
    outer loop
      vertex 188.596 110.283 0.5
      vertex 188.584 110.217 0
      vertex 188.584 110.217 0.5
    endloop
  endfacet
  facet normal -0.993346 0.115171 0
    outer loop
      vertex 188.596 110.283 0
      vertex 188.604 110.352 0.5
      vertex 188.604 110.352 0
    endloop
  endfacet
  facet normal -0.993346 0.115171 0
    outer loop
      vertex 188.604 110.352 0.5
      vertex 188.596 110.283 0
      vertex 188.596 110.283 0.5
    endloop
  endfacet
  facet normal -0.999625 0.027387 0
    outer loop
      vertex 188.604 110.352 0
      vertex 188.606 110.425 0.5
      vertex 188.606 110.425 0
    endloop
  endfacet
  facet normal -0.999625 0.027387 0
    outer loop
      vertex 188.606 110.425 0.5
      vertex 188.604 110.352 0
      vertex 188.604 110.352 0.5
    endloop
  endfacet
  facet normal -0.998658 -0.0517823 0
    outer loop
      vertex 188.606 110.425 0
      vertex 188.599 110.56 0.5
      vertex 188.599 110.56 0
    endloop
  endfacet
  facet normal -0.998658 -0.0517823 0
    outer loop
      vertex 188.599 110.56 0.5
      vertex 188.606 110.425 0
      vertex 188.606 110.425 0.5
    endloop
  endfacet
  facet normal -0.987037 -0.160494 0
    outer loop
      vertex 188.599 110.56 0
      vertex 188.579 110.683 0.5
      vertex 188.579 110.683 0
    endloop
  endfacet
  facet normal -0.987037 -0.160494 0
    outer loop
      vertex 188.579 110.683 0.5
      vertex 188.599 110.56 0
      vertex 188.599 110.56 0.5
    endloop
  endfacet
  facet normal -0.957593 -0.288125 0
    outer loop
      vertex 188.579 110.683 0
      vertex 188.545 110.796 0.5
      vertex 188.545 110.796 0
    endloop
  endfacet
  facet normal -0.957593 -0.288125 0
    outer loop
      vertex 188.545 110.796 0.5
      vertex 188.579 110.683 0
      vertex 188.579 110.683 0.5
    endloop
  endfacet
  facet normal -0.90822 -0.418493 0
    outer loop
      vertex 188.545 110.796 0
      vertex 188.498 110.898 0.5
      vertex 188.498 110.898 0
    endloop
  endfacet
  facet normal -0.90822 -0.418493 0
    outer loop
      vertex 188.498 110.898 0.5
      vertex 188.545 110.796 0
      vertex 188.545 110.796 0.5
    endloop
  endfacet
  facet normal -0.830643 -0.556805 0
    outer loop
      vertex 188.498 110.898 0
      vertex 188.437 110.989 0.5
      vertex 188.437 110.989 0
    endloop
  endfacet
  facet normal -0.830643 -0.556805 0
    outer loop
      vertex 188.437 110.989 0.5
      vertex 188.498 110.898 0
      vertex 188.498 110.898 0.5
    endloop
  endfacet
  facet normal -0.738288 -0.674485 0
    outer loop
      vertex 188.437 110.989 0
      vertex 188.363 111.07 0.5
      vertex 188.363 111.07 0
    endloop
  endfacet
  facet normal -0.738288 -0.674485 0
    outer loop
      vertex 188.363 111.07 0.5
      vertex 188.437 110.989 0
      vertex 188.437 110.989 0.5
    endloop
  endfacet
  facet normal -0.617031 -0.786939 0
    outer loop
      vertex 188.275 111.139 0
      vertex 188.363 111.07 0.5
      vertex 188.275 111.139 0.5
    endloop
  endfacet
  facet normal -0.617031 -0.786939 -0
    outer loop
      vertex 188.363 111.07 0.5
      vertex 188.275 111.139 0
      vertex 188.363 111.07 0
    endloop
  endfacet
  facet normal -0.497046 -0.867724 0
    outer loop
      vertex 188.172 111.198 0
      vertex 188.275 111.139 0.5
      vertex 188.172 111.198 0.5
    endloop
  endfacet
  facet normal -0.497046 -0.867724 -0
    outer loop
      vertex 188.275 111.139 0.5
      vertex 188.172 111.198 0
      vertex 188.275 111.139 0
    endloop
  endfacet
  facet normal -0.387364 -0.921927 0
    outer loop
      vertex 188.053 111.248 0
      vertex 188.172 111.198 0.5
      vertex 188.053 111.248 0.5
    endloop
  endfacet
  facet normal -0.387364 -0.921927 -0
    outer loop
      vertex 188.172 111.198 0.5
      vertex 188.053 111.248 0
      vertex 188.172 111.198 0
    endloop
  endfacet
  facet normal -0.286706 -0.958019 0
    outer loop
      vertex 187.916 111.289 0
      vertex 188.053 111.248 0.5
      vertex 187.916 111.289 0.5
    endloop
  endfacet
  facet normal -0.286706 -0.958019 -0
    outer loop
      vertex 188.053 111.248 0.5
      vertex 187.916 111.289 0
      vertex 188.053 111.248 0
    endloop
  endfacet
  facet normal -0.20601 -0.97855 0
    outer loop
      vertex 187.764 111.321 0
      vertex 187.916 111.289 0.5
      vertex 187.764 111.321 0.5
    endloop
  endfacet
  facet normal -0.20601 -0.97855 -0
    outer loop
      vertex 187.916 111.289 0.5
      vertex 187.764 111.321 0
      vertex 187.916 111.289 0
    endloop
  endfacet
  facet normal -0.134073 -0.990972 0
    outer loop
      vertex 187.594 111.344 0
      vertex 187.764 111.321 0.5
      vertex 187.594 111.344 0.5
    endloop
  endfacet
  facet normal -0.134073 -0.990972 -0
    outer loop
      vertex 187.764 111.321 0.5
      vertex 187.594 111.344 0
      vertex 187.764 111.321 0
    endloop
  endfacet
  facet normal -0.0697224 -0.997566 0
    outer loop
      vertex 187.408 111.357 0
      vertex 187.594 111.344 0.5
      vertex 187.408 111.357 0.5
    endloop
  endfacet
  facet normal -0.0697224 -0.997566 -0
    outer loop
      vertex 187.594 111.344 0.5
      vertex 187.408 111.357 0
      vertex 187.594 111.344 0
    endloop
  endfacet
  facet normal -0.0247449 -0.999694 0
    outer loop
      vertex 187.206 111.362 0
      vertex 187.408 111.357 0.5
      vertex 187.206 111.362 0.5
    endloop
  endfacet
  facet normal -0.0247449 -0.999694 -0
    outer loop
      vertex 187.408 111.357 0.5
      vertex 187.206 111.362 0
      vertex 187.408 111.357 0
    endloop
  endfacet
  facet normal 0 -1 0
    outer loop
      vertex 185.834 111.362 0
      vertex 187.206 111.362 0.5
      vertex 185.834 111.362 0.5
    endloop
  endfacet
  facet normal 0 -1 -0
    outer loop
      vertex 187.206 111.362 0.5
      vertex 185.834 111.362 0
      vertex 187.206 111.362 0
    endloop
  endfacet
  facet normal 1 -0 0
    outer loop
      vertex 185.834 107.818 0.5
      vertex 185.834 111.362 0
      vertex 185.834 111.362 0.5
    endloop
  endfacet
  facet normal 1 0 0
    outer loop
      vertex 185.834 111.362 0
      vertex 185.834 107.818 0.5
      vertex 185.834 107.818 0
    endloop
  endfacet
  facet normal 0 1 -0
    outer loop
      vertex 187.351 107.818 0
      vertex 185.834 107.818 0.5
      vertex 187.351 107.818 0.5
    endloop
  endfacet
  facet normal 0 1 0
    outer loop
      vertex 185.834 107.818 0.5
      vertex 187.351 107.818 0
      vertex 185.834 107.818 0
    endloop
  endfacet
  facet normal -0.0257646 0.999668 0
    outer loop
      vertex 187.545 107.823 0
      vertex 187.351 107.818 0.5
      vertex 187.545 107.823 0.5
    endloop
  endfacet
  facet normal -0.0257646 0.999668 0
    outer loop
      vertex 187.351 107.818 0.5
      vertex 187.545 107.823 0
      vertex 187.351 107.818 0
    endloop
  endfacet
  facet normal -1 0 0
    outer loop
      vertex 186.748 109.991 0
      vertex 186.748 110.739 0.5
      vertex 186.748 110.739 0
    endloop
  endfacet
  facet normal -1 -0 0
    outer loop
      vertex 186.748 110.739 0.5
      vertex 186.748 109.991 0
      vertex 186.748 109.991 0.5
    endloop
  endfacet
  facet normal 0 1 -0
    outer loop
      vertex 187.253 110.739 0
      vertex 186.748 110.739 0.5
      vertex 187.253 110.739 0.5
    endloop
  endfacet
  facet normal 0 1 0
    outer loop
      vertex 186.748 110.739 0.5
      vertex 187.253 110.739 0
      vertex 186.748 110.739 0
    endloop
  endfacet
  facet normal 0.0333148 0.999445 -0
    outer loop
      vertex 187.313 110.737 0
      vertex 187.253 110.739 0.5
      vertex 187.313 110.737 0.5
    endloop
  endfacet
  facet normal 0.0333148 0.999445 0
    outer loop
      vertex 187.253 110.739 0.5
      vertex 187.313 110.737 0
      vertex 187.253 110.739 0
    endloop
  endfacet
  facet normal 0.108448 0.994102 -0
    outer loop
      vertex 187.368 110.731 0
      vertex 187.313 110.737 0.5
      vertex 187.368 110.731 0.5
    endloop
  endfacet
  facet normal 0.108448 0.994102 0
    outer loop
      vertex 187.313 110.737 0.5
      vertex 187.368 110.731 0
      vertex 187.313 110.737 0
    endloop
  endfacet
  facet normal 0.192414 0.981314 -0
    outer loop
      vertex 187.419 110.721 0
      vertex 187.368 110.731 0.5
      vertex 187.419 110.721 0.5
    endloop
  endfacet
  facet normal 0.192414 0.981314 0
    outer loop
      vertex 187.368 110.731 0.5
      vertex 187.419 110.721 0
      vertex 187.368 110.731 0
    endloop
  endfacet
  facet normal 0.266586 0.963811 -0
    outer loop
      vertex 187.466 110.708 0
      vertex 187.419 110.721 0.5
      vertex 187.466 110.708 0.5
    endloop
  endfacet
  facet normal 0.266586 0.963811 0
    outer loop
      vertex 187.419 110.721 0.5
      vertex 187.466 110.708 0
      vertex 187.419 110.721 0
    endloop
  endfacet
  facet normal 0.386138 0.922441 -0
    outer loop
      vertex 187.509 110.69 0
      vertex 187.466 110.708 0.5
      vertex 187.509 110.69 0.5
    endloop
  endfacet
  facet normal 0.386138 0.922441 0
    outer loop
      vertex 187.466 110.708 0.5
      vertex 187.509 110.69 0
      vertex 187.466 110.708 0
    endloop
  endfacet
  facet normal 0.483686 0.875242 -0
    outer loop
      vertex 187.547 110.669 0
      vertex 187.509 110.69 0.5
      vertex 187.547 110.669 0.5
    endloop
  endfacet
  facet normal 0.483686 0.875242 0
    outer loop
      vertex 187.509 110.69 0.5
      vertex 187.547 110.669 0
      vertex 187.509 110.69 0
    endloop
  endfacet
  facet normal 0.60745 0.794358 -0
    outer loop
      vertex 187.581 110.643 0
      vertex 187.547 110.669 0.5
      vertex 187.581 110.643 0.5
    endloop
  endfacet
  facet normal 0.60745 0.794358 0
    outer loop
      vertex 187.547 110.669 0.5
      vertex 187.581 110.643 0
      vertex 187.547 110.669 0
    endloop
  endfacet
  facet normal 0.707107 0.707107 -0
    outer loop
      vertex 187.61 110.614 0
      vertex 187.581 110.643 0.5
      vertex 187.61 110.614 0.5
    endloop
  endfacet
  facet normal 0.707107 0.707107 0
    outer loop
      vertex 187.581 110.643 0.5
      vertex 187.61 110.614 0
      vertex 187.581 110.643 0
    endloop
  endfacet
  facet normal 0.797092 0.603858 0
    outer loop
      vertex 187.635 110.581 0.5
      vertex 187.61 110.614 0
      vertex 187.61 110.614 0.5
    endloop
  endfacet
  facet normal 0.797092 0.603858 0
    outer loop
      vertex 187.61 110.614 0
      vertex 187.635 110.581 0.5
      vertex 187.635 110.581 0
    endloop
  endfacet
  facet normal 0.863779 0.503871 0
    outer loop
      vertex 187.656 110.545 0.5
      vertex 187.635 110.581 0
      vertex 187.635 110.581 0.5
    endloop
  endfacet
  facet normal 0.863779 0.503871 0
    outer loop
      vertex 187.635 110.581 0
      vertex 187.656 110.545 0.5
      vertex 187.656 110.545 0
    endloop
  endfacet
  facet normal 0.928477 0.371391 0
    outer loop
      vertex 187.672 110.505 0.5
      vertex 187.656 110.545 0
      vertex 187.656 110.545 0.5
    endloop
  endfacet
  facet normal 0.928477 0.371391 0
    outer loop
      vertex 187.656 110.545 0
      vertex 187.672 110.505 0.5
      vertex 187.672 110.505 0
    endloop
  endfacet
  facet normal 0.968803 0.247833 0
    outer loop
      vertex 187.683 110.462 0.5
      vertex 187.672 110.505 0
      vertex 187.672 110.505 0.5
    endloop
  endfacet
  facet normal 0.968803 0.247833 0
    outer loop
      vertex 187.672 110.505 0
      vertex 187.683 110.462 0.5
      vertex 187.683 110.462 0
    endloop
  endfacet
  facet normal 0.98909 0.147311 0
    outer loop
      vertex 187.69 110.415 0.5
      vertex 187.683 110.462 0
      vertex 187.683 110.462 0.5
    endloop
  endfacet
  facet normal 0.98909 0.147311 0
    outer loop
      vertex 187.683 110.462 0
      vertex 187.69 110.415 0.5
      vertex 187.69 110.415 0
    endloop
  endfacet
  facet normal 0.999201 0.039968 0
    outer loop
      vertex 187.692 110.365 0.5
      vertex 187.69 110.415 0
      vertex 187.69 110.415 0.5
    endloop
  endfacet
  facet normal 0.999201 0.039968 0
    outer loop
      vertex 187.69 110.415 0
      vertex 187.692 110.365 0.5
      vertex 187.692 110.365 0
    endloop
  endfacet
  facet normal 0.999232 -0.0391856 0
    outer loop
      vertex 187.69 110.314 0.5
      vertex 187.692 110.365 0
      vertex 187.692 110.365 0.5
    endloop
  endfacet
  facet normal 0.999232 -0.0391856 0
    outer loop
      vertex 187.692 110.365 0
      vertex 187.69 110.314 0.5
      vertex 187.69 110.314 0
    endloop
  endfacet
  facet normal 0.98909 -0.147311 0
    outer loop
      vertex 187.683 110.267 0.5
      vertex 187.69 110.314 0
      vertex 187.69 110.314 0.5
    endloop
  endfacet
  facet normal 0.98909 -0.147311 0
    outer loop
      vertex 187.69 110.314 0
      vertex 187.683 110.267 0.5
      vertex 187.683 110.267 0
    endloop
  endfacet
  facet normal 0.970143 -0.242536 0
    outer loop
      vertex 187.672 110.223 0.5
      vertex 187.683 110.267 0
      vertex 187.683 110.267 0.5
    endloop
  endfacet
  facet normal 0.970143 -0.242536 0
    outer loop
      vertex 187.683 110.267 0
      vertex 187.672 110.223 0.5
      vertex 187.672 110.223 0
    endloop
  endfacet
  facet normal 0.928477 -0.371391 0
    outer loop
      vertex 187.656 110.183 0.5
      vertex 187.672 110.223 0
      vertex 187.672 110.223 0.5
    endloop
  endfacet
  facet normal 0.928477 -0.371391 0
    outer loop
      vertex 187.672 110.223 0
      vertex 187.656 110.183 0.5
      vertex 187.656 110.183 0
    endloop
  endfacet
  facet normal 0.863779 -0.503871 0
    outer loop
      vertex 187.635 110.147 0.5
      vertex 187.656 110.183 0
      vertex 187.656 110.183 0.5
    endloop
  endfacet
  facet normal 0.863779 -0.503871 0
    outer loop
      vertex 187.656 110.183 0
      vertex 187.635 110.147 0.5
      vertex 187.635 110.147 0
    endloop
  endfacet
  facet normal 0.788024 -0.615644 0
    outer loop
      vertex 187.61 110.115 0.5
      vertex 187.635 110.147 0
      vertex 187.635 110.147 0.5
    endloop
  endfacet
  facet normal 0.788024 -0.615644 0
    outer loop
      vertex 187.635 110.147 0
      vertex 187.61 110.115 0.5
      vertex 187.61 110.115 0
    endloop
  endfacet
  facet normal 0.707107 -0.707107 0
    outer loop
      vertex 187.581 110.086 0
      vertex 187.61 110.115 0.5
      vertex 187.581 110.086 0.5
    endloop
  endfacet
  facet normal 0.707107 -0.707107 0
    outer loop
      vertex 187.61 110.115 0.5
      vertex 187.581 110.086 0
      vertex 187.61 110.115 0
    endloop
  endfacet
  facet normal 0.59239 -0.805651 0
    outer loop
      vertex 187.547 110.061 0
      vertex 187.581 110.086 0.5
      vertex 187.547 110.061 0.5
    endloop
  endfacet
  facet normal 0.59239 -0.805651 0
    outer loop
      vertex 187.581 110.086 0.5
      vertex 187.547 110.061 0
      vertex 187.581 110.086 0
    endloop
  endfacet
  facet normal 0.501036 -0.865426 0
    outer loop
      vertex 187.509 110.039 0
      vertex 187.547 110.061 0.5
      vertex 187.509 110.039 0.5
    endloop
  endfacet
  facet normal 0.501036 -0.865426 0
    outer loop
      vertex 187.547 110.061 0.5
      vertex 187.509 110.039 0
      vertex 187.547 110.061 0
    endloop
  endfacet
  facet normal 0.367659 -0.929961 0
    outer loop
      vertex 187.466 110.022 0
      vertex 187.509 110.039 0.5
      vertex 187.466 110.022 0.5
    endloop
  endfacet
  facet normal 0.367659 -0.929961 0
    outer loop
      vertex 187.509 110.039 0.5
      vertex 187.466 110.022 0
      vertex 187.509 110.039 0
    endloop
  endfacet
  facet normal 0.285477 -0.958386 0
    outer loop
      vertex 187.419 110.008 0
      vertex 187.466 110.022 0.5
      vertex 187.419 110.008 0.5
    endloop
  endfacet
  facet normal 0.285477 -0.958386 0
    outer loop
      vertex 187.466 110.022 0.5
      vertex 187.419 110.008 0
      vertex 187.466 110.022 0
    endloop
  endfacet
  facet normal 0.173785 -0.984784 0
    outer loop
      vertex 187.368 109.999 0
      vertex 187.419 110.008 0.5
      vertex 187.368 109.999 0.5
    endloop
  endfacet
  facet normal 0.173785 -0.984784 0
    outer loop
      vertex 187.419 110.008 0.5
      vertex 187.368 109.999 0
      vertex 187.419 110.008 0
    endloop
  endfacet
  facet normal 0.108448 -0.994102 0
    outer loop
      vertex 187.313 109.993 0
      vertex 187.368 109.999 0.5
      vertex 187.313 109.993 0.5
    endloop
  endfacet
  facet normal 0.108448 -0.994102 0
    outer loop
      vertex 187.368 109.999 0.5
      vertex 187.313 109.993 0
      vertex 187.368 109.999 0
    endloop
  endfacet
  facet normal 0.0333148 -0.999445 0
    outer loop
      vertex 187.253 109.991 0
      vertex 187.313 109.993 0.5
      vertex 187.253 109.991 0.5
    endloop
  endfacet
  facet normal 0.0333148 -0.999445 0
    outer loop
      vertex 187.313 109.993 0.5
      vertex 187.253 109.991 0
      vertex 187.313 109.993 0
    endloop
  endfacet
  facet normal 0 -1 0
    outer loop
      vertex 186.748 109.991 0
      vertex 187.253 109.991 0.5
      vertex 186.748 109.991 0.5
    endloop
  endfacet
  facet normal 0 -1 -0
    outer loop
      vertex 187.253 109.991 0.5
      vertex 186.748 109.991 0
      vertex 187.253 109.991 0
    endloop
  endfacet
  facet normal -1 0 0
    outer loop
      vertex 186.748 108.441 0
      vertex 186.748 109.368 0.5
      vertex 186.748 109.368 0
    endloop
  endfacet
  facet normal -1 -0 0
    outer loop
      vertex 186.748 109.368 0.5
      vertex 186.748 108.441 0
      vertex 186.748 108.441 0.5
    endloop
  endfacet
  facet normal 0 1 -0
    outer loop
      vertex 187.284 109.368 0
      vertex 186.748 109.368 0.5
      vertex 187.284 109.368 0.5
    endloop
  endfacet
  facet normal 0 1 0
    outer loop
      vertex 186.748 109.368 0.5
      vertex 187.284 109.368 0
      vertex 186.748 109.368 0
    endloop
  endfacet
  facet normal 0.0259653 0.999663 -0
    outer loop
      vertex 187.361 109.366 0
      vertex 187.284 109.368 0.5
      vertex 187.361 109.366 0.5
    endloop
  endfacet
  facet normal 0.0259653 0.999663 0
    outer loop
      vertex 187.284 109.368 0.5
      vertex 187.361 109.366 0
      vertex 187.284 109.368 0
    endloop
  endfacet
  facet normal 0.0995037 0.995037 -0
    outer loop
      vertex 187.431 109.359 0
      vertex 187.361 109.366 0.5
      vertex 187.431 109.359 0.5
    endloop
  endfacet
  facet normal 0.0995037 0.995037 0
    outer loop
      vertex 187.361 109.366 0.5
      vertex 187.431 109.359 0
      vertex 187.361 109.366 0
    endloop
  endfacet
  facet normal 0.181547 0.983382 -0
    outer loop
      vertex 187.496 109.347 0
      vertex 187.431 109.359 0.5
      vertex 187.496 109.347 0.5
    endloop
  endfacet
  facet normal 0.181547 0.983382 0
    outer loop
      vertex 187.431 109.359 0.5
      vertex 187.496 109.347 0
      vertex 187.431 109.359 0
    endloop
  endfacet
  facet normal 0.257663 0.966235 -0
    outer loop
      vertex 187.556 109.331 0
      vertex 187.496 109.347 0.5
      vertex 187.556 109.331 0.5
    endloop
  endfacet
  facet normal 0.257663 0.966235 0
    outer loop
      vertex 187.496 109.347 0.5
      vertex 187.556 109.331 0
      vertex 187.496 109.347 0
    endloop
  endfacet
  facet normal 0.368364 0.929682 -0
    outer loop
      vertex 187.609 109.31 0
      vertex 187.556 109.331 0.5
      vertex 187.609 109.31 0.5
    endloop
  endfacet
  facet normal 0.368364 0.929682 0
    outer loop
      vertex 187.556 109.331 0.5
      vertex 187.609 109.31 0
      vertex 187.556 109.331 0
    endloop
  endfacet
  facet normal 0.476283 0.879292 -0
    outer loop
      vertex 187.657 109.284 0
      vertex 187.609 109.31 0.5
      vertex 187.657 109.284 0.5
    endloop
  endfacet
  facet normal 0.476283 0.879292 0
    outer loop
      vertex 187.609 109.31 0.5
      vertex 187.657 109.284 0
      vertex 187.609 109.31 0
    endloop
  endfacet
  facet normal 0.593852 0.804574 -0
    outer loop
      vertex 187.699 109.253 0
      vertex 187.657 109.284 0.5
      vertex 187.699 109.253 0.5
    endloop
  endfacet
  facet normal 0.593852 0.804574 0
    outer loop
      vertex 187.657 109.284 0.5
      vertex 187.699 109.253 0
      vertex 187.657 109.284 0
    endloop
  endfacet
  facet normal 0.6872 0.726468 -0
    outer loop
      vertex 187.736 109.218 0
      vertex 187.699 109.253 0.5
      vertex 187.736 109.218 0.5
    endloop
  endfacet
  facet normal 0.6872 0.726468 0
    outer loop
      vertex 187.699 109.253 0.5
      vertex 187.736 109.218 0
      vertex 187.699 109.253 0
    endloop
  endfacet
  facet normal 0.790415 0.612572 0
    outer loop
      vertex 187.767 109.178 0.5
      vertex 187.736 109.218 0
      vertex 187.736 109.218 0.5
    endloop
  endfacet
  facet normal 0.790415 0.612572 0
    outer loop
      vertex 187.736 109.218 0
      vertex 187.767 109.178 0.5
      vertex 187.767 109.178 0
    endloop
  endfacet
  facet normal 0.874157 0.485643 0
    outer loop
      vertex 187.792 109.133 0.5
      vertex 187.767 109.178 0
      vertex 187.767 109.178 0.5
    endloop
  endfacet
  facet normal 0.874157 0.485643 0
    outer loop
      vertex 187.767 109.178 0
      vertex 187.792 109.133 0.5
      vertex 187.792 109.133 0
    endloop
  endfacet
  facet normal 0.925848 0.377897 0
    outer loop
      vertex 187.812 109.084 0.5
      vertex 187.792 109.133 0
      vertex 187.792 109.133 0.5
    endloop
  endfacet
  facet normal 0.925848 0.377897 0
    outer loop
      vertex 187.792 109.133 0
      vertex 187.812 109.084 0.5
      vertex 187.812 109.084 0
    endloop
  endfacet
  facet normal 0.967997 0.250962 0
    outer loop
      vertex 187.826 109.03 0.5
      vertex 187.812 109.084 0
      vertex 187.812 109.084 0.5
    endloop
  endfacet
  facet normal 0.967997 0.250962 0
    outer loop
      vertex 187.812 109.084 0
      vertex 187.826 109.03 0.5
      vertex 187.826 109.03 0
    endloop
  endfacet
  facet normal 0.990621 0.136637 0
    outer loop
      vertex 187.834 108.972 0.5
      vertex 187.826 109.03 0
      vertex 187.826 109.03 0.5
    endloop
  endfacet
  facet normal 0.990621 0.136637 0
    outer loop
      vertex 187.826 109.03 0
      vertex 187.834 108.972 0.5
      vertex 187.834 108.972 0
    endloop
  endfacet
  facet normal 0.998903 0.0468236 0
    outer loop
      vertex 187.837 108.908 0.5
      vertex 187.834 108.972 0
      vertex 187.834 108.972 0.5
    endloop
  endfacet
  facet normal 0.998903 0.0468236 0
    outer loop
      vertex 187.834 108.972 0
      vertex 187.837 108.908 0.5
      vertex 187.837 108.908 0
    endloop
  endfacet
  facet normal 0.998937 -0.0461048 0
    outer loop
      vertex 187.834 108.843 0.5
      vertex 187.837 108.908 0
      vertex 187.837 108.908 0.5
    endloop
  endfacet
  facet normal 0.998937 -0.0461048 0
    outer loop
      vertex 187.837 108.908 0
      vertex 187.834 108.843 0.5
      vertex 187.834 108.843 0
    endloop
  endfacet
  facet normal 0.990932 -0.134364 0
    outer loop
      vertex 187.826 108.784 0.5
      vertex 187.834 108.843 0
      vertex 187.834 108.843 0.5
    endloop
  endfacet
  facet normal 0.990932 -0.134364 0
    outer loop
      vertex 187.834 108.843 0
      vertex 187.826 108.784 0.5
      vertex 187.826 108.784 0
    endloop
  endfacet
  facet normal 0.969097 -0.246679 0
    outer loop
      vertex 187.812 108.729 0.5
      vertex 187.826 108.784 0
      vertex 187.826 108.784 0.5
    endloop
  endfacet
  facet normal 0.969097 -0.246679 0
    outer loop
      vertex 187.826 108.784 0
      vertex 187.812 108.729 0.5
      vertex 187.812 108.729 0
    endloop
  endfacet
  facet normal 0.930973 -0.365088 0
    outer loop
      vertex 187.792 108.678 0.5
      vertex 187.812 108.729 0
      vertex 187.812 108.729 0.5
    endloop
  endfacet
  facet normal 0.930973 -0.365088 0
    outer loop
      vertex 187.812 108.729 0
      vertex 187.792 108.678 0.5
      vertex 187.792 108.678 0
    endloop
  endfacet
  facet normal 0.865865 -0.500278 0
    outer loop
      vertex 187.766 108.633 0.5
      vertex 187.792 108.678 0
      vertex 187.792 108.678 0.5
    endloop
  endfacet
  facet normal 0.865865 -0.500278 0
    outer loop
      vertex 187.792 108.678 0
      vertex 187.766 108.633 0.5
      vertex 187.766 108.633 0
    endloop
  endfacet
  facet normal 0.790415 -0.612572 0
    outer loop
      vertex 187.735 108.593 0.5
      vertex 187.766 108.633 0
      vertex 187.766 108.633 0.5
    endloop
  endfacet
  facet normal 0.790415 -0.612572 0
    outer loop
      vertex 187.766 108.633 0
      vertex 187.735 108.593 0.5
      vertex 187.735 108.593 0
    endloop
  endfacet
  facet normal 0.697355 -0.716726 0
    outer loop
      vertex 187.698 108.557 0
      vertex 187.735 108.593 0.5
      vertex 187.698 108.557 0.5
    endloop
  endfacet
  facet normal 0.697355 -0.716726 0
    outer loop
      vertex 187.735 108.593 0.5
      vertex 187.698 108.557 0
      vertex 187.735 108.593 0
    endloop
  endfacet
  facet normal 0.593852 -0.804574 0
    outer loop
      vertex 187.656 108.526 0
      vertex 187.698 108.557 0.5
      vertex 187.656 108.526 0.5
    endloop
  endfacet
  facet normal 0.593852 -0.804574 0
    outer loop
      vertex 187.698 108.557 0.5
      vertex 187.656 108.526 0
      vertex 187.698 108.557 0
    endloop
  endfacet
  facet normal 0.476283 -0.879292 0
    outer loop
      vertex 187.608 108.5 0
      vertex 187.656 108.526 0.5
      vertex 187.608 108.5 0.5
    endloop
  endfacet
  facet normal 0.476283 -0.879292 0
    outer loop
      vertex 187.656 108.526 0.5
      vertex 187.608 108.5 0
      vertex 187.656 108.526 0
    endloop
  endfacet
  facet normal 0.362446 -0.932005 0
    outer loop
      vertex 187.554 108.479 0
      vertex 187.608 108.5 0.5
      vertex 187.554 108.479 0.5
    endloop
  endfacet
  facet normal 0.362446 -0.932005 0
    outer loop
      vertex 187.608 108.5 0.5
      vertex 187.554 108.479 0
      vertex 187.608 108.5 0
    endloop
  endfacet
  facet normal 0.276871 -0.960907 0
    outer loop
      vertex 187.495 108.462 0
      vertex 187.554 108.479 0.5
      vertex 187.495 108.462 0.5
    endloop
  endfacet
  facet normal 0.276871 -0.960907 0
    outer loop
      vertex 187.554 108.479 0.5
      vertex 187.495 108.462 0
      vertex 187.554 108.479 0
    endloop
  endfacet
  facet normal 0.181547 -0.983382 0
    outer loop
      vertex 187.43 108.45 0
      vertex 187.495 108.462 0.5
      vertex 187.43 108.45 0.5
    endloop
  endfacet
  facet normal 0.181547 -0.983382 0
    outer loop
      vertex 187.495 108.462 0.5
      vertex 187.43 108.45 0
      vertex 187.495 108.462 0
    endloop
  endfacet
  facet normal 0.0995037 -0.995037 0
    outer loop
      vertex 187.36 108.443 0
      vertex 187.43 108.45 0.5
      vertex 187.36 108.443 0.5
    endloop
  endfacet
  facet normal 0.0995037 -0.995037 0
    outer loop
      vertex 187.43 108.45 0.5
      vertex 187.36 108.443 0
      vertex 187.43 108.45 0
    endloop
  endfacet
  facet normal 0.0263067 -0.999654 0
    outer loop
      vertex 187.284 108.441 0
      vertex 187.36 108.443 0.5
      vertex 187.284 108.441 0.5
    endloop
  endfacet
  facet normal 0.0263067 -0.999654 0
    outer loop
      vertex 187.36 108.443 0.5
      vertex 187.284 108.441 0
      vertex 187.36 108.443 0
    endloop
  endfacet
  facet normal 0 -1 0
    outer loop
      vertex 186.748 108.441 0
      vertex 187.284 108.441 0.5
      vertex 186.748 108.441 0.5
    endloop
  endfacet
  facet normal 0 -1 -0
    outer loop
      vertex 187.284 108.441 0.5
      vertex 186.748 108.441 0
      vertex 187.284 108.441 0
    endloop
  endfacet
  facet normal -0.127778 0.991803 0
    outer loop
      vertex 226.044 62.9167 0
      vertex 225.881 62.8957 0.5
      vertex 226.044 62.9167 0.5
    endloop
  endfacet
  facet normal -0.127778 0.991803 0
    outer loop
      vertex 225.881 62.8957 0.5
      vertex 226.044 62.9167 0
      vertex 225.881 62.8957 0
    endloop
  endfacet
  facet normal -0.222998 0.974819 0
    outer loop
      vertex 226.197 62.9517 0
      vertex 226.044 62.9167 0.5
      vertex 226.197 62.9517 0.5
    endloop
  endfacet
  facet normal -0.222998 0.974819 0
    outer loop
      vertex 226.044 62.9167 0.5
      vertex 226.197 62.9517 0
      vertex 226.044 62.9167 0
    endloop
  endfacet
  facet normal -0.324155 0.946004 0
    outer loop
      vertex 226.34 63.0007 0
      vertex 226.197 62.9517 0.5
      vertex 226.34 63.0007 0.5
    endloop
  endfacet
  facet normal -0.324155 0.946004 0
    outer loop
      vertex 226.197 62.9517 0.5
      vertex 226.34 63.0007 0
      vertex 226.197 62.9517 0
    endloop
  endfacet
  facet normal -0.430172 0.902747 0
    outer loop
      vertex 226.472 63.0636 0
      vertex 226.34 63.0007 0.5
      vertex 226.472 63.0636 0.5
    endloop
  endfacet
  facet normal -0.430172 0.902747 0
    outer loop
      vertex 226.34 63.0007 0.5
      vertex 226.472 63.0636 0
      vertex 226.34 63.0007 0
    endloop
  endfacet
  facet normal -0.533732 0.845654 0
    outer loop
      vertex 226.594 63.1406 0
      vertex 226.472 63.0636 0.5
      vertex 226.594 63.1406 0.5
    endloop
  endfacet
  facet normal -0.533732 0.845654 0
    outer loop
      vertex 226.472 63.0636 0.5
      vertex 226.594 63.1406 0
      vertex 226.472 63.0636 0
    endloop
  endfacet
  facet normal -0.630593 0.776114 0
    outer loop
      vertex 226.706 63.2316 0
      vertex 226.594 63.1406 0.5
      vertex 226.706 63.2316 0.5
    endloop
  endfacet
  facet normal -0.630593 0.776114 0
    outer loop
      vertex 226.594 63.1406 0.5
      vertex 226.706 63.2316 0
      vertex 226.594 63.1406 0
    endloop
  endfacet
  facet normal -0.719281 0.69472 0
    outer loop
      vertex 226.706 63.2316 0
      vertex 226.805 63.3341 0.5
      vertex 226.805 63.3341 0
    endloop
  endfacet
  facet normal -0.719281 0.69472 0
    outer loop
      vertex 226.805 63.3341 0.5
      vertex 226.706 63.2316 0
      vertex 226.706 63.2316 0.5
    endloop
  endfacet
  facet normal -0.799485 0.600686 0
    outer loop
      vertex 226.805 63.3341 0
      vertex 226.889 63.4459 0.5
      vertex 226.889 63.4459 0
    endloop
  endfacet
  facet normal -0.799485 0.600686 0
    outer loop
      vertex 226.889 63.4459 0.5
      vertex 226.805 63.3341 0
      vertex 226.805 63.3341 0.5
    endloop
  endfacet
  facet normal -0.871941 0.489612 0
    outer loop
      vertex 226.889 63.4459 0
      vertex 226.957 63.567 0.5
      vertex 226.957 63.567 0
    endloop
  endfacet
  facet normal -0.871941 0.489612 0
    outer loop
      vertex 226.957 63.567 0.5
      vertex 226.889 63.4459 0
      vertex 226.889 63.4459 0.5
    endloop
  endfacet
  facet normal -0.926304 0.376777 0
    outer loop
      vertex 226.957 63.567 0
      vertex 227.01 63.6973 0.5
      vertex 227.01 63.6973 0
    endloop
  endfacet
  facet normal -0.926304 0.376777 0
    outer loop
      vertex 227.01 63.6973 0.5
      vertex 226.957 63.567 0
      vertex 226.957 63.567 0.5
    endloop
  endfacet
  facet normal -0.964891 0.262649 0
    outer loop
      vertex 227.01 63.6973 0
      vertex 227.048 63.8369 0.5
      vertex 227.048 63.8369 0
    endloop
  endfacet
  facet normal -0.964891 0.262649 0
    outer loop
      vertex 227.048 63.8369 0.5
      vertex 227.01 63.6973 0
      vertex 227.01 63.6973 0.5
    endloop
  endfacet
  facet normal -0.988264 0.152756 0
    outer loop
      vertex 227.048 63.8369 0
      vertex 227.071 63.9857 0.5
      vertex 227.071 63.9857 0
    endloop
  endfacet
  facet normal -0.988264 0.152756 0
    outer loop
      vertex 227.071 63.9857 0.5
      vertex 227.048 63.8369 0
      vertex 227.048 63.8369 0.5
    endloop
  endfacet
  facet normal -0.998722 0.0505362 0
    outer loop
      vertex 227.071 63.9857 0
      vertex 227.079 64.1438 0.5
      vertex 227.079 64.1438 0
    endloop
  endfacet
  facet normal -0.998722 0.0505362 0
    outer loop
      vertex 227.079 64.1438 0.5
      vertex 227.071 63.9857 0
      vertex 227.071 63.9857 0.5
    endloop
  endfacet
  facet normal -0.998806 -0.0488584 0
    outer loop
      vertex 227.079 64.1438 0
      vertex 227.072 64.2869 0.5
      vertex 227.072 64.2869 0
    endloop
  endfacet
  facet normal -0.998806 -0.0488584 0
    outer loop
      vertex 227.072 64.2869 0.5
      vertex 227.079 64.1438 0
      vertex 227.079 64.1438 0.5
    endloop
  endfacet
  facet normal -0.988116 -0.153707 0
    outer loop
      vertex 227.072 64.2869 0
      vertex 227.051 64.4219 0.5
      vertex 227.051 64.4219 0
    endloop
  endfacet
  facet normal -0.988116 -0.153707 0
    outer loop
      vertex 227.051 64.4219 0.5
      vertex 227.072 64.2869 0
      vertex 227.072 64.2869 0.5
    endloop
  endfacet
  facet normal -0.965982 -0.258609 0
    outer loop
      vertex 227.051 64.4219 0
      vertex 227.017 64.5489 0.5
      vertex 227.017 64.5489 0
    endloop
  endfacet
  facet normal -0.965982 -0.258609 0
    outer loop
      vertex 227.017 64.5489 0.5
      vertex 227.051 64.4219 0
      vertex 227.051 64.4219 0.5
    endloop
  endfacet
  facet normal -0.930085 -0.367344 0
    outer loop
      vertex 227.017 64.5489 0
      vertex 226.97 64.6679 0.5
      vertex 226.97 64.6679 0
    endloop
  endfacet
  facet normal -0.930085 -0.367344 0
    outer loop
      vertex 226.97 64.6679 0.5
      vertex 227.017 64.5489 0
      vertex 227.017 64.5489 0.5
    endloop
  endfacet
  facet normal -0.876199 -0.481949 0
    outer loop
      vertex 226.97 64.6679 0
      vertex 226.909 64.7788 0.5
      vertex 226.909 64.7788 0
    endloop
  endfacet
  facet normal -0.876199 -0.481949 0
    outer loop
      vertex 226.909 64.7788 0.5
      vertex 226.97 64.6679 0
      vertex 226.97 64.6679 0.5
    endloop
  endfacet
  facet normal -0.808124 -0.589012 0
    outer loop
      vertex 226.909 64.7788 0
      vertex 226.834 64.8817 0.5
      vertex 226.834 64.8817 0
    endloop
  endfacet
  facet normal -0.808124 -0.589012 0
    outer loop
      vertex 226.834 64.8817 0.5
      vertex 226.909 64.7788 0
      vertex 226.909 64.7788 0.5
    endloop
  endfacet
  facet normal -0.729057 -0.684453 0
    outer loop
      vertex 226.834 64.8817 0
      vertex 226.745 64.9765 0.5
      vertex 226.745 64.9765 0
    endloop
  endfacet
  facet normal -0.729057 -0.684453 0
    outer loop
      vertex 226.745 64.9765 0.5
      vertex 226.834 64.8817 0
      vertex 226.834 64.8817 0.5
    endloop
  endfacet
  facet normal -0.648763 -0.76099 0
    outer loop
      vertex 226.646 65.0609 0
      vertex 226.745 64.9765 0.5
      vertex 226.646 65.0609 0.5
    endloop
  endfacet
  facet normal -0.648763 -0.76099 -0
    outer loop
      vertex 226.745 64.9765 0.5
      vertex 226.646 65.0609 0
      vertex 226.745 64.9765 0
    endloop
  endfacet
  facet normal -0.547415 -0.836861 0
    outer loop
      vertex 226.537 65.1322 0
      vertex 226.646 65.0609 0.5
      vertex 226.537 65.1322 0.5
    endloop
  endfacet
  facet normal -0.547415 -0.836861 -0
    outer loop
      vertex 226.646 65.0609 0.5
      vertex 226.537 65.1322 0
      vertex 226.646 65.0609 0
    endloop
  endfacet
  facet normal -0.449676 -0.893192 0
    outer loop
      vertex 226.421 65.1906 0
      vertex 226.537 65.1322 0.5
      vertex 226.421 65.1906 0.5
    endloop
  endfacet
  facet normal -0.449676 -0.893192 -0
    outer loop
      vertex 226.537 65.1322 0.5
      vertex 226.421 65.1906 0
      vertex 226.537 65.1322 0
    endloop
  endfacet
  facet normal -0.342045 -0.939684 0
    outer loop
      vertex 226.296 65.2361 0
      vertex 226.421 65.1906 0.5
      vertex 226.296 65.2361 0.5
    endloop
  endfacet
  facet normal -0.342045 -0.939684 -0
    outer loop
      vertex 226.421 65.1906 0.5
      vertex 226.296 65.2361 0
      vertex 226.421 65.1906 0
    endloop
  endfacet
  facet normal -0.235019 -0.971991 0
    outer loop
      vertex 226.162 65.2685 0
      vertex 226.296 65.2361 0.5
      vertex 226.162 65.2685 0.5
    endloop
  endfacet
  facet normal -0.235019 -0.971991 -0
    outer loop
      vertex 226.296 65.2361 0.5
      vertex 226.162 65.2685 0
      vertex 226.296 65.2361 0
    endloop
  endfacet
  facet normal -0.135113 -0.99083 0
    outer loop
      vertex 226.019 65.288 0
      vertex 226.162 65.2685 0.5
      vertex 226.019 65.288 0.5
    endloop
  endfacet
  facet normal -0.135113 -0.99083 -0
    outer loop
      vertex 226.162 65.2685 0.5
      vertex 226.019 65.288 0
      vertex 226.162 65.2685 0
    endloop
  endfacet
  facet normal -0.0430065 -0.999075 0
    outer loop
      vertex 225.868 65.2945 0
      vertex 226.019 65.288 0.5
      vertex 225.868 65.2945 0.5
    endloop
  endfacet
  facet normal -0.0430065 -0.999075 -0
    outer loop
      vertex 226.019 65.288 0.5
      vertex 225.868 65.2945 0
      vertex 226.019 65.288 0
    endloop
  endfacet
  facet normal 0.0196683 -0.999807 0
    outer loop
      vertex 225.807 65.2933 0
      vertex 225.868 65.2945 0.5
      vertex 225.807 65.2933 0.5
    endloop
  endfacet
  facet normal 0.0196683 -0.999807 0
    outer loop
      vertex 225.868 65.2945 0.5
      vertex 225.807 65.2933 0
      vertex 225.868 65.2945 0
    endloop
  endfacet
  facet normal 0.0609037 -0.998144 0
    outer loop
      vertex 225.748 65.2897 0
      vertex 225.807 65.2933 0.5
      vertex 225.748 65.2897 0.5
    endloop
  endfacet
  facet normal 0.0609037 -0.998144 0
    outer loop
      vertex 225.807 65.2933 0.5
      vertex 225.748 65.2897 0
      vertex 225.807 65.2933 0
    endloop
  endfacet
  facet normal 0.0995037 -0.995037 0
    outer loop
      vertex 225.689 65.2838 0
      vertex 225.748 65.2897 0.5
      vertex 225.689 65.2838 0.5
    endloop
  endfacet
  facet normal 0.0995037 -0.995037 0
    outer loop
      vertex 225.748 65.2897 0.5
      vertex 225.689 65.2838 0
      vertex 225.748 65.2897 0
    endloop
  endfacet
  facet normal 0.144094 -0.989564 0
    outer loop
      vertex 225.632 65.2755 0
      vertex 225.689 65.2838 0.5
      vertex 225.632 65.2755 0.5
    endloop
  endfacet
  facet normal 0.144094 -0.989564 0
    outer loop
      vertex 225.689 65.2838 0.5
      vertex 225.632 65.2755 0
      vertex 225.689 65.2838 0
    endloop
  endfacet
  facet normal 0.190965 -0.981597 0
    outer loop
      vertex 225.577 65.2648 0
      vertex 225.632 65.2755 0.5
      vertex 225.577 65.2648 0.5
    endloop
  endfacet
  facet normal 0.190965 -0.981597 0
    outer loop
      vertex 225.632 65.2755 0.5
      vertex 225.577 65.2648 0
      vertex 225.632 65.2755 0
    endloop
  endfacet
  facet normal 0.2317 -0.972787 0
    outer loop
      vertex 225.522 65.2517 0
      vertex 225.577 65.2648 0.5
      vertex 225.522 65.2517 0.5
    endloop
  endfacet
  facet normal 0.2317 -0.972787 0
    outer loop
      vertex 225.577 65.2648 0.5
      vertex 225.522 65.2517 0
      vertex 225.577 65.2648 0
    endloop
  endfacet
  facet normal 0.279026 -0.960284 0
    outer loop
      vertex 225.469 65.2363 0
      vertex 225.522 65.2517 0.5
      vertex 225.469 65.2363 0.5
    endloop
  endfacet
  facet normal 0.279026 -0.960284 0
    outer loop
      vertex 225.522 65.2517 0.5
      vertex 225.469 65.2363 0
      vertex 225.522 65.2517 0
    endloop
  endfacet
  facet normal 0.331174 -0.94357 0
    outer loop
      vertex 225.418 65.2184 0
      vertex 225.469 65.2363 0.5
      vertex 225.418 65.2184 0.5
    endloop
  endfacet
  facet normal 0.331174 -0.94357 0
    outer loop
      vertex 225.469 65.2363 0.5
      vertex 225.418 65.2184 0
      vertex 225.469 65.2363 0
    endloop
  endfacet
  facet normal 0.366668 -0.930352 0
    outer loop
      vertex 225.367 65.1983 0
      vertex 225.418 65.2184 0.5
      vertex 225.367 65.1983 0.5
    endloop
  endfacet
  facet normal 0.366668 -0.930352 0
    outer loop
      vertex 225.418 65.2184 0.5
      vertex 225.367 65.1983 0
      vertex 225.418 65.2184 0
    endloop
  endfacet
  facet normal 0.418823 -0.908068 0
    outer loop
      vertex 225.318 65.1757 0
      vertex 225.367 65.1983 0.5
      vertex 225.318 65.1757 0.5
    endloop
  endfacet
  facet normal 0.418823 -0.908068 0
    outer loop
      vertex 225.367 65.1983 0.5
      vertex 225.318 65.1757 0
      vertex 225.367 65.1983 0
    endloop
  endfacet
  facet normal 0.45447 -0.890762 0
    outer loop
      vertex 225.269 65.1507 0
      vertex 225.318 65.1757 0.5
      vertex 225.269 65.1507 0.5
    endloop
  endfacet
  facet normal 0.45447 -0.890762 0
    outer loop
      vertex 225.318 65.1757 0.5
      vertex 225.269 65.1507 0
      vertex 225.318 65.1757 0
    endloop
  endfacet
  facet normal 0.502269 -0.864712 0
    outer loop
      vertex 225.222 65.1234 0
      vertex 225.269 65.1507 0.5
      vertex 225.222 65.1234 0.5
    endloop
  endfacet
  facet normal 0.502269 -0.864712 0
    outer loop
      vertex 225.269 65.1507 0.5
      vertex 225.222 65.1234 0
      vertex 225.269 65.1507 0
    endloop
  endfacet
  facet normal 0.532909 -0.846173 0
    outer loop
      vertex 225.175 65.0938 0
      vertex 225.222 65.1234 0.5
      vertex 225.175 65.0938 0.5
    endloop
  endfacet
  facet normal 0.532909 -0.846173 0
    outer loop
      vertex 225.222 65.1234 0.5
      vertex 225.175 65.0938 0
      vertex 225.222 65.1234 0
    endloop
  endfacet
  facet normal 0.580725 -0.8141 0
    outer loop
      vertex 225.13 65.0617 0
      vertex 225.175 65.0938 0.5
      vertex 225.13 65.0617 0.5
    endloop
  endfacet
  facet normal 0.580725 -0.8141 0
    outer loop
      vertex 225.175 65.0938 0.5
      vertex 225.13 65.0617 0
      vertex 225.175 65.0938 0
    endloop
  endfacet
  facet normal -0.992658 0.120957 0
    outer loop
      vertex 225.13 65.0617 0
      vertex 225.145 65.1848 0.5
      vertex 225.145 65.1848 0
    endloop
  endfacet
  facet normal -0.992658 0.120957 0
    outer loop
      vertex 225.145 65.1848 0.5
      vertex 225.13 65.0617 0
      vertex 225.13 65.0617 0.5
    endloop
  endfacet
  facet normal -0.981914 0.189326 0
    outer loop
      vertex 225.145 65.1848 0
      vertex 225.167 65.2989 0.5
      vertex 225.167 65.2989 0
    endloop
  endfacet
  facet normal -0.981914 0.189326 0
    outer loop
      vertex 225.167 65.2989 0.5
      vertex 225.145 65.1848 0
      vertex 225.145 65.1848 0.5
    endloop
  endfacet
  facet normal -0.961662 0.274238 0
    outer loop
      vertex 225.167 65.2989 0
      vertex 225.197 65.4041 0.5
      vertex 225.197 65.4041 0
    endloop
  endfacet
  facet normal -0.961662 0.274238 0
    outer loop
      vertex 225.197 65.4041 0.5
      vertex 225.167 65.2989 0
      vertex 225.167 65.2989 0.5
    endloop
  endfacet
  facet normal -0.930068 0.367387 0
    outer loop
      vertex 225.197 65.4041 0
      vertex 225.235 65.5003 0.5
      vertex 225.235 65.5003 0
    endloop
  endfacet
  facet normal -0.930068 0.367387 0
    outer loop
      vertex 225.235 65.5003 0.5
      vertex 225.197 65.4041 0
      vertex 225.197 65.4041 0.5
    endloop
  endfacet
  facet normal -0.884698 0.466164 0
    outer loop
      vertex 225.235 65.5003 0
      vertex 225.281 65.5876 0.5
      vertex 225.281 65.5876 0
    endloop
  endfacet
  facet normal -0.884698 0.466164 0
    outer loop
      vertex 225.281 65.5876 0.5
      vertex 225.235 65.5003 0
      vertex 225.235 65.5003 0.5
    endloop
  endfacet
  facet normal -0.822873 0.568225 0
    outer loop
      vertex 225.281 65.5876 0
      vertex 225.335 65.6658 0.5
      vertex 225.335 65.6658 0
    endloop
  endfacet
  facet normal -0.822873 0.568225 0
    outer loop
      vertex 225.335 65.6658 0.5
      vertex 225.281 65.5876 0
      vertex 225.281 65.5876 0.5
    endloop
  endfacet
  facet normal -0.750628 0.660726 0
    outer loop
      vertex 225.335 65.6658 0
      vertex 225.396 65.7351 0.5
      vertex 225.396 65.7351 0
    endloop
  endfacet
  facet normal -0.750628 0.660726 0
    outer loop
      vertex 225.396 65.7351 0.5
      vertex 225.335 65.6658 0
      vertex 225.335 65.6658 0.5
    endloop
  endfacet
  facet normal -0.657422 0.753523 0
    outer loop
      vertex 225.465 65.7953 0
      vertex 225.396 65.7351 0.5
      vertex 225.465 65.7953 0.5
    endloop
  endfacet
  facet normal -0.657422 0.753523 0
    outer loop
      vertex 225.396 65.7351 0.5
      vertex 225.465 65.7953 0
      vertex 225.396 65.7351 0
    endloop
  endfacet
  facet normal -0.556465 0.830871 0
    outer loop
      vertex 225.541 65.8462 0
      vertex 225.465 65.7953 0.5
      vertex 225.541 65.8462 0.5
    endloop
  endfacet
  facet normal -0.556465 0.830871 0
    outer loop
      vertex 225.465 65.7953 0.5
      vertex 225.541 65.8462 0
      vertex 225.465 65.7953 0
    endloop
  endfacet
  facet normal -0.448935 0.893564 0
    outer loop
      vertex 225.624 65.8879 0
      vertex 225.541 65.8462 0.5
      vertex 225.624 65.8879 0.5
    endloop
  endfacet
  facet normal -0.448935 0.893564 0
    outer loop
      vertex 225.541 65.8462 0.5
      vertex 225.624 65.8879 0
      vertex 225.541 65.8462 0
    endloop
  endfacet
  facet normal -0.335418 0.942069 0
    outer loop
      vertex 225.715 65.9203 0
      vertex 225.624 65.8879 0.5
      vertex 225.715 65.9203 0.5
    endloop
  endfacet
  facet normal -0.335418 0.942069 0
    outer loop
      vertex 225.624 65.8879 0.5
      vertex 225.715 65.9203 0
      vertex 225.624 65.8879 0
    endloop
  endfacet
  facet normal -0.230367 0.973104 0
    outer loop
      vertex 225.813 65.9435 0
      vertex 225.715 65.9203 0.5
      vertex 225.813 65.9435 0.5
    endloop
  endfacet
  facet normal -0.230367 0.973104 0
    outer loop
      vertex 225.715 65.9203 0.5
      vertex 225.813 65.9435 0
      vertex 225.715 65.9203 0
    endloop
  endfacet
  facet normal -0.130019 0.991512 0
    outer loop
      vertex 225.919 65.9574 0
      vertex 225.813 65.9435 0.5
      vertex 225.919 65.9574 0.5
    endloop
  endfacet
  facet normal -0.130019 0.991512 0
    outer loop
      vertex 225.813 65.9435 0.5
      vertex 225.919 65.9574 0
      vertex 225.813 65.9435 0
    endloop
  endfacet
  facet normal -0.0406743 0.999172 0
    outer loop
      vertex 226.032 65.962 0
      vertex 225.919 65.9574 0.5
      vertex 226.032 65.962 0.5
    endloop
  endfacet
  facet normal -0.0406743 0.999172 0
    outer loop
      vertex 225.919 65.9574 0.5
      vertex 226.032 65.962 0
      vertex 225.919 65.9574 0
    endloop
  endfacet
  facet normal 0.0185153 0.999829 -0
    outer loop
      vertex 226.086 65.961 0
      vertex 226.032 65.962 0.5
      vertex 226.086 65.961 0.5
    endloop
  endfacet
  facet normal 0.0185153 0.999829 0
    outer loop
      vertex 226.032 65.962 0.5
      vertex 226.086 65.961 0
      vertex 226.032 65.962 0
    endloop
  endfacet
  facet normal 0.0580836 0.998312 -0
    outer loop
      vertex 226.141 65.9578 0
      vertex 226.086 65.961 0.5
      vertex 226.141 65.9578 0.5
    endloop
  endfacet
  facet normal 0.0580836 0.998312 0
    outer loop
      vertex 226.086 65.961 0.5
      vertex 226.141 65.9578 0
      vertex 226.086 65.961 0
    endloop
  endfacet
  facet normal 0.0941257 0.99556 -0
    outer loop
      vertex 226.196 65.9526 0
      vertex 226.141 65.9578 0.5
      vertex 226.196 65.9526 0.5
    endloop
  endfacet
  facet normal 0.0941257 0.99556 0
    outer loop
      vertex 226.141 65.9578 0.5
      vertex 226.196 65.9526 0
      vertex 226.141 65.9578 0
    endloop
  endfacet
  facet normal 0.127522 0.991836 -0
    outer loop
      vertex 226.252 65.9454 0
      vertex 226.196 65.9526 0.5
      vertex 226.252 65.9454 0.5
    endloop
  endfacet
  facet normal 0.127522 0.991836 0
    outer loop
      vertex 226.196 65.9526 0.5
      vertex 226.252 65.9454 0
      vertex 226.196 65.9526 0
    endloop
  endfacet
  facet normal 0.165541 0.986203 -0
    outer loop
      vertex 226.308 65.936 0
      vertex 226.252 65.9454 0.5
      vertex 226.308 65.936 0.5
    endloop
  endfacet
  facet normal 0.165541 0.986203 0
    outer loop
      vertex 226.252 65.9454 0.5
      vertex 226.308 65.936 0
      vertex 226.252 65.9454 0
    endloop
  endfacet
  facet normal 0.19948 0.979902 -0
    outer loop
      vertex 226.364 65.9246 0
      vertex 226.308 65.936 0.5
      vertex 226.364 65.9246 0.5
    endloop
  endfacet
  facet normal 0.19948 0.979902 0
    outer loop
      vertex 226.308 65.936 0.5
      vertex 226.364 65.9246 0
      vertex 226.308 65.936 0
    endloop
  endfacet
  facet normal 0.230466 0.97308 -0
    outer loop
      vertex 226.421 65.9111 0
      vertex 226.364 65.9246 0.5
      vertex 226.421 65.9111 0.5
    endloop
  endfacet
  facet normal 0.230466 0.97308 0
    outer loop
      vertex 226.364 65.9246 0.5
      vertex 226.421 65.9111 0
      vertex 226.364 65.9246 0
    endloop
  endfacet
  facet normal 0.261286 0.965261 -0
    outer loop
      vertex 226.479 65.8954 0
      vertex 226.421 65.9111 0.5
      vertex 226.479 65.8954 0.5
    endloop
  endfacet
  facet normal 0.261286 0.965261 0
    outer loop
      vertex 226.421 65.9111 0.5
      vertex 226.479 65.8954 0
      vertex 226.421 65.9111 0
    endloop
  endfacet
  facet normal 0.294896 0.955529 -0
    outer loop
      vertex 226.537 65.8775 0
      vertex 226.479 65.8954 0.5
      vertex 226.537 65.8775 0.5
    endloop
  endfacet
  facet normal 0.294896 0.955529 0
    outer loop
      vertex 226.479 65.8954 0.5
      vertex 226.537 65.8775 0
      vertex 226.479 65.8954 0
    endloop
  endfacet
  facet normal 0.31907 0.947731 -0
    outer loop
      vertex 226.597 65.8573 0
      vertex 226.537 65.8775 0.5
      vertex 226.597 65.8573 0.5
    endloop
  endfacet
  facet normal 0.31907 0.947731 0
    outer loop
      vertex 226.537 65.8775 0.5
      vertex 226.597 65.8573 0
      vertex 226.537 65.8775 0
    endloop
  endfacet
  facet normal 0.346062 0.938212 -0
    outer loop
      vertex 226.658 65.8348 0
      vertex 226.597 65.8573 0.5
      vertex 226.658 65.8348 0.5
    endloop
  endfacet
  facet normal 0.346062 0.938212 0
    outer loop
      vertex 226.597 65.8573 0.5
      vertex 226.658 65.8348 0
      vertex 226.597 65.8573 0
    endloop
  endfacet
  facet normal 0.376621 0.926367 -0
    outer loop
      vertex 226.719 65.81 0
      vertex 226.658 65.8348 0.5
      vertex 226.719 65.81 0.5
    endloop
  endfacet
  facet normal 0.376621 0.926367 0
    outer loop
      vertex 226.658 65.8348 0.5
      vertex 226.719 65.81 0
      vertex 226.658 65.8348 0
    endloop
  endfacet
  facet normal 0.393919 0.919145 -0
    outer loop
      vertex 226.782 65.783 0
      vertex 226.719 65.81 0.5
      vertex 226.782 65.783 0.5
    endloop
  endfacet
  facet normal 0.393919 0.919145 0
    outer loop
      vertex 226.719 65.81 0.5
      vertex 226.782 65.783 0
      vertex 226.719 65.81 0
    endloop
  endfacet
  facet normal 0.416263 0.909244 -0
    outer loop
      vertex 226.846 65.7537 0
      vertex 226.782 65.783 0.5
      vertex 226.846 65.7537 0.5
    endloop
  endfacet
  facet normal 0.416263 0.909244 0
    outer loop
      vertex 226.782 65.783 0.5
      vertex 226.846 65.7537 0
      vertex 226.782 65.783 0
    endloop
  endfacet
  facet normal -1 0 0
    outer loop
      vertex 226.846 65.7537 0
      vertex 226.846 66.4077 0.5
      vertex 226.846 66.4077 0
    endloop
  endfacet
  facet normal -1 -0 0
    outer loop
      vertex 226.846 66.4077 0.5
      vertex 226.846 65.7537 0
      vertex 226.846 65.7537 0.5
    endloop
  endfacet
  facet normal -0.31177 -0.950157 0
    outer loop
      vertex 226.782 66.4287 0
      vertex 226.846 66.4077 0.5
      vertex 226.782 66.4287 0.5
    endloop
  endfacet
  facet normal -0.31177 -0.950157 -0
    outer loop
      vertex 226.846 66.4077 0.5
      vertex 226.782 66.4287 0
      vertex 226.846 66.4077 0
    endloop
  endfacet
  facet normal -0.287348 -0.957826 0
    outer loop
      vertex 226.717 66.4482 0
      vertex 226.782 66.4287 0.5
      vertex 226.717 66.4482 0.5
    endloop
  endfacet
  facet normal -0.287348 -0.957826 -0
    outer loop
      vertex 226.782 66.4287 0.5
      vertex 226.717 66.4482 0
      vertex 226.782 66.4287 0
    endloop
  endfacet
  facet normal -0.264122 -0.964489 0
    outer loop
      vertex 226.652 66.466 0
      vertex 226.717 66.4482 0.5
      vertex 226.652 66.466 0.5
    endloop
  endfacet
  facet normal -0.264122 -0.964489 -0
    outer loop
      vertex 226.717 66.4482 0.5
      vertex 226.652 66.466 0
      vertex 226.717 66.4482 0
    endloop
  endfacet
  facet normal -0.243238 -0.969967 0
    outer loop
      vertex 226.587 66.4823 0
      vertex 226.652 66.466 0.5
      vertex 226.587 66.4823 0.5
    endloop
  endfacet
  facet normal -0.243238 -0.969967 -0
    outer loop
      vertex 226.652 66.466 0.5
      vertex 226.587 66.4823 0
      vertex 226.652 66.466 0
    endloop
  endfacet
  facet normal -0.22201 -0.975044 0
    outer loop
      vertex 226.522 66.4971 0
      vertex 226.587 66.4823 0.5
      vertex 226.522 66.4971 0.5
    endloop
  endfacet
  facet normal -0.22201 -0.975044 -0
    outer loop
      vertex 226.587 66.4823 0.5
      vertex 226.522 66.4971 0
      vertex 226.587 66.4823 0
    endloop
  endfacet
  facet normal -0.196116 -0.980581 0
    outer loop
      vertex 226.456 66.5103 0
      vertex 226.522 66.4971 0.5
      vertex 226.456 66.5103 0.5
    endloop
  endfacet
  facet normal -0.196116 -0.980581 -0
    outer loop
      vertex 226.522 66.4971 0.5
      vertex 226.456 66.5103 0
      vertex 226.522 66.4971 0
    endloop
  endfacet
  facet normal -0.174551 -0.984648 0
    outer loop
      vertex 226.39 66.522 0
      vertex 226.456 66.5103 0.5
      vertex 226.39 66.522 0.5
    endloop
  endfacet
  facet normal -0.174551 -0.984648 -0
    outer loop
      vertex 226.456 66.5103 0.5
      vertex 226.39 66.522 0
      vertex 226.456 66.5103 0
    endloop
  endfacet
  facet normal -0.151269 -0.988493 0
    outer loop
      vertex 226.324 66.5321 0
      vertex 226.39 66.522 0.5
      vertex 226.324 66.5321 0.5
    endloop
  endfacet
  facet normal -0.151269 -0.988493 -0
    outer loop
      vertex 226.39 66.522 0.5
      vertex 226.324 66.5321 0
      vertex 226.39 66.522 0
    endloop
  endfacet
  facet normal -0.127733 -0.991809 0
    outer loop
      vertex 226.258 66.5406 0
      vertex 226.324 66.5321 0.5
      vertex 226.258 66.5406 0.5
    endloop
  endfacet
  facet normal -0.127733 -0.991809 -0
    outer loop
      vertex 226.324 66.5321 0.5
      vertex 226.258 66.5406 0
      vertex 226.324 66.5321 0
    endloop
  endfacet
  facet normal -0.1024 -0.994743 0
    outer loop
      vertex 226.19 66.5476 0
      vertex 226.258 66.5406 0.5
      vertex 226.19 66.5476 0.5
    endloop
  endfacet
  facet normal -0.1024 -0.994743 -0
    outer loop
      vertex 226.258 66.5406 0.5
      vertex 226.19 66.5476 0
      vertex 226.258 66.5406 0
    endloop
  endfacet
  facet normal -0.0818144 -0.996648 0
    outer loop
      vertex 226.123 66.5531 0
      vertex 226.19 66.5476 0.5
      vertex 226.123 66.5531 0.5
    endloop
  endfacet
  facet normal -0.0818144 -0.996648 -0
    outer loop
      vertex 226.19 66.5476 0.5
      vertex 226.123 66.5531 0
      vertex 226.19 66.5476 0
    endloop
  endfacet
  facet normal -0.0564317 -0.998406 0
    outer loop
      vertex 226.054 66.557 0
      vertex 226.123 66.5531 0.5
      vertex 226.054 66.557 0.5
    endloop
  endfacet
  facet normal -0.0564317 -0.998406 -0
    outer loop
      vertex 226.123 66.5531 0.5
      vertex 226.054 66.557 0
      vertex 226.123 66.5531 0
    endloop
  endfacet
  facet normal -0.0333148 -0.999445 0
    outer loop
      vertex 225.985 66.5593 0
      vertex 226.054 66.557 0.5
      vertex 225.985 66.5593 0.5
    endloop
  endfacet
  facet normal -0.0333148 -0.999445 -0
    outer loop
      vertex 226.054 66.557 0.5
      vertex 225.985 66.5593 0
      vertex 226.054 66.557 0
    endloop
  endfacet
  facet normal -0.0115934 -0.999933 0
    outer loop
      vertex 225.916 66.5601 0
      vertex 225.985 66.5593 0.5
      vertex 225.916 66.5601 0.5
    endloop
  endfacet
  facet normal -0.0115934 -0.999933 -0
    outer loop
      vertex 225.985 66.5593 0.5
      vertex 225.916 66.5601 0
      vertex 225.985 66.5593 0
    endloop
  endfacet
  facet normal 0.0480752 -0.998844 0
    outer loop
      vertex 225.702 66.5498 0
      vertex 225.916 66.5601 0.5
      vertex 225.702 66.5498 0.5
    endloop
  endfacet
  facet normal 0.0480752 -0.998844 0
    outer loop
      vertex 225.916 66.5601 0.5
      vertex 225.702 66.5498 0
      vertex 225.916 66.5601 0
    endloop
  endfacet
  facet normal 0.151723 -0.988423 0
    outer loop
      vertex 225.502 66.5191 0
      vertex 225.702 66.5498 0.5
      vertex 225.502 66.5191 0.5
    endloop
  endfacet
  facet normal 0.151723 -0.988423 0
    outer loop
      vertex 225.702 66.5498 0.5
      vertex 225.502 66.5191 0
      vertex 225.702 66.5498 0
    endloop
  endfacet
  facet normal 0.264077 -0.964501 0
    outer loop
      vertex 225.315 66.4679 0
      vertex 225.502 66.5191 0.5
      vertex 225.315 66.4679 0.5
    endloop
  endfacet
  facet normal 0.264077 -0.964501 0
    outer loop
      vertex 225.502 66.5191 0.5
      vertex 225.315 66.4679 0
      vertex 225.502 66.5191 0
    endloop
  endfacet
  facet normal 0.38099 -0.924579 0
    outer loop
      vertex 225.141 66.3962 0
      vertex 225.315 66.4679 0.5
      vertex 225.141 66.3962 0.5
    endloop
  endfacet
  facet normal 0.38099 -0.924579 0
    outer loop
      vertex 225.315 66.4679 0.5
      vertex 225.141 66.3962 0
      vertex 225.315 66.4679 0
    endloop
  endfacet
  facet normal 0.499285 -0.866438 0
    outer loop
      vertex 224.981 66.304 0
      vertex 225.141 66.3962 0.5
      vertex 224.981 66.304 0.5
    endloop
  endfacet
  facet normal 0.499285 -0.866438 0
    outer loop
      vertex 225.141 66.3962 0.5
      vertex 224.981 66.304 0
      vertex 225.141 66.3962 0
    endloop
  endfacet
  facet normal 0.611046 -0.791595 0
    outer loop
      vertex 224.835 66.1913 0
      vertex 224.981 66.304 0.5
      vertex 224.835 66.1913 0.5
    endloop
  endfacet
  facet normal 0.611046 -0.791595 0
    outer loop
      vertex 224.981 66.304 0.5
      vertex 224.835 66.1913 0
      vertex 224.981 66.304 0
    endloop
  endfacet
  facet normal 0.707638 -0.706575 0
    outer loop
      vertex 224.702 66.0581 0
      vertex 224.835 66.1913 0.5
      vertex 224.702 66.0581 0.5
    endloop
  endfacet
  facet normal 0.707638 -0.706575 0
    outer loop
      vertex 224.835 66.1913 0.5
      vertex 224.702 66.0581 0
      vertex 224.835 66.1913 0
    endloop
  endfacet
  facet normal 0.788143 -0.615492 0
    outer loop
      vertex 224.584 65.907 0.5
      vertex 224.702 66.0581 0
      vertex 224.702 66.0581 0.5
    endloop
  endfacet
  facet normal 0.788143 -0.615492 0
    outer loop
      vertex 224.702 66.0581 0
      vertex 224.584 65.907 0.5
      vertex 224.584 65.907 0
    endloop
  endfacet
  facet normal 0.859401 -0.511302 0
    outer loop
      vertex 224.485 65.7406 0.5
      vertex 224.584 65.907 0
      vertex 224.584 65.907 0.5
    endloop
  endfacet
  facet normal 0.859401 -0.511302 0
    outer loop
      vertex 224.584 65.907 0
      vertex 224.485 65.7406 0.5
      vertex 224.485 65.7406 0
    endloop
  endfacet
  facet normal 0.913438 -0.406977 0
    outer loop
      vertex 224.404 65.5588 0.5
      vertex 224.485 65.7406 0
      vertex 224.485 65.7406 0.5
    endloop
  endfacet
  facet normal 0.913438 -0.406977 0
    outer loop
      vertex 224.485 65.7406 0
      vertex 224.404 65.5588 0.5
      vertex 224.404 65.5588 0
    endloop
  endfacet
  facet normal 0.951116 -0.308835 0
    outer loop
      vertex 224.34 65.3617 0.5
      vertex 224.404 65.5588 0
      vertex 224.404 65.5588 0.5
    endloop
  endfacet
  facet normal 0.951116 -0.308835 0
    outer loop
      vertex 224.404 65.5588 0
      vertex 224.34 65.3617 0.5
      vertex 224.34 65.3617 0
    endloop
  endfacet
  facet normal 0.978305 -0.20717 0
    outer loop
      vertex 224.295 65.1492 0.5
      vertex 224.34 65.3617 0
      vertex 224.34 65.3617 0.5
    endloop
  endfacet
  facet normal 0.978305 -0.20717 0
    outer loop
      vertex 224.34 65.3617 0
      vertex 224.295 65.1492 0.5
      vertex 224.295 65.1492 0
    endloop
  endfacet
  facet normal 0.993055 -0.11765 0
    outer loop
      vertex 224.268 64.9213 0.5
      vertex 224.295 65.1492 0
      vertex 224.295 65.1492 0.5
    endloop
  endfacet
  facet normal 0.993055 -0.11765 0
    outer loop
      vertex 224.295 65.1492 0
      vertex 224.268 64.9213 0.5
      vertex 224.268 64.9213 0
    endloop
  endfacet
  facet normal 0.999316 -0.0369813 0
    outer loop
      vertex 224.259 64.6781 0.5
      vertex 224.268 64.9213 0
      vertex 224.268 64.9213 0.5
    endloop
  endfacet
  facet normal 0.999316 -0.0369813 0
    outer loop
      vertex 224.268 64.9213 0
      vertex 224.259 64.6781 0.5
      vertex 224.259 64.6781 0
    endloop
  endfacet
  facet normal 0.99943 0.0337645 0
    outer loop
      vertex 224.267 64.4413 0.5
      vertex 224.259 64.6781 0
      vertex 224.259 64.6781 0.5
    endloop
  endfacet
  facet normal 0.99943 0.0337645 0
    outer loop
      vertex 224.259 64.6781 0
      vertex 224.267 64.4413 0.5
      vertex 224.267 64.4413 0
    endloop
  endfacet
  facet normal 0.994623 0.10356 0
    outer loop
      vertex 224.29 64.2204 0.5
      vertex 224.267 64.4413 0
      vertex 224.267 64.4413 0.5
    endloop
  endfacet
  facet normal 0.994623 0.10356 0
    outer loop
      vertex 224.267 64.4413 0
      vertex 224.29 64.2204 0.5
      vertex 224.29 64.2204 0
    endloop
  endfacet
  facet normal 0.982364 0.18698 0
    outer loop
      vertex 224.329 64.0155 0.5
      vertex 224.29 64.2204 0
      vertex 224.29 64.2204 0.5
    endloop
  endfacet
  facet normal 0.982364 0.18698 0
    outer loop
      vertex 224.29 64.2204 0
      vertex 224.329 64.0155 0.5
      vertex 224.329 64.0155 0
    endloop
  endfacet
  facet normal 0.961524 0.274721 0
    outer loop
      vertex 224.383 63.8265 0.5
      vertex 224.329 64.0155 0
      vertex 224.329 64.0155 0.5
    endloop
  endfacet
  facet normal 0.961524 0.274721 0
    outer loop
      vertex 224.329 64.0155 0
      vertex 224.383 63.8265 0.5
      vertex 224.383 63.8265 0
    endloop
  endfacet
  facet normal 0.92892 0.37028 0
    outer loop
      vertex 224.452 63.6534 0.5
      vertex 224.383 63.8265 0
      vertex 224.383 63.8265 0.5
    endloop
  endfacet
  facet normal 0.92892 0.37028 0
    outer loop
      vertex 224.383 63.8265 0
      vertex 224.452 63.6534 0.5
      vertex 224.452 63.6534 0
    endloop
  endfacet
  facet normal 0.879517 0.475868 0
    outer loop
      vertex 224.537 63.4963 0.5
      vertex 224.452 63.6534 0
      vertex 224.452 63.6534 0.5
    endloop
  endfacet
  facet normal 0.879517 0.475868 0
    outer loop
      vertex 224.452 63.6534 0
      vertex 224.537 63.4963 0.5
      vertex 224.537 63.4963 0
    endloop
  endfacet
  facet normal 0.813344 0.581783 0
    outer loop
      vertex 224.638 63.3551 0.5
      vertex 224.537 63.4963 0
      vertex 224.537 63.4963 0.5
    endloop
  endfacet
  facet normal 0.813344 0.581783 0
    outer loop
      vertex 224.537 63.4963 0
      vertex 224.638 63.3551 0.5
      vertex 224.638 63.3551 0
    endloop
  endfacet
  facet normal 0.735623 0.677391 0
    outer loop
      vertex 224.752 63.2313 0.5
      vertex 224.638 63.3551 0
      vertex 224.638 63.3551 0.5
    endloop
  endfacet
  facet normal 0.735623 0.677391 0
    outer loop
      vertex 224.638 63.3551 0
      vertex 224.752 63.2313 0.5
      vertex 224.752 63.2313 0
    endloop
  endfacet
  facet normal 0.636112 0.771597 -0
    outer loop
      vertex 224.879 63.1266 0
      vertex 224.752 63.2313 0.5
      vertex 224.879 63.1266 0.5
    endloop
  endfacet
  facet normal 0.636112 0.771597 0
    outer loop
      vertex 224.752 63.2313 0.5
      vertex 224.879 63.1266 0
      vertex 224.752 63.2313 0
    endloop
  endfacet
  facet normal 0.521647 0.853161 -0
    outer loop
      vertex 225.019 63.041 0
      vertex 224.879 63.1266 0.5
      vertex 225.019 63.041 0.5
    endloop
  endfacet
  facet normal 0.521647 0.853161 0
    outer loop
      vertex 224.879 63.1266 0.5
      vertex 225.019 63.041 0
      vertex 224.879 63.1266 0
    endloop
  endfacet
  facet normal 0.399121 0.916898 -0
    outer loop
      vertex 225.172 62.9744 0
      vertex 225.019 63.041 0.5
      vertex 225.172 62.9744 0.5
    endloop
  endfacet
  facet normal 0.399121 0.916898 0
    outer loop
      vertex 225.019 63.041 0.5
      vertex 225.172 62.9744 0
      vertex 225.019 63.041 0
    endloop
  endfacet
  facet normal 0.275639 0.961261 -0
    outer loop
      vertex 225.338 62.9268 0
      vertex 225.172 62.9744 0.5
      vertex 225.338 62.9268 0.5
    endloop
  endfacet
  facet normal 0.275639 0.961261 0
    outer loop
      vertex 225.172 62.9744 0.5
      vertex 225.338 62.9268 0
      vertex 225.172 62.9744 0
    endloop
  endfacet
  facet normal 0.158639 0.987337 -0
    outer loop
      vertex 225.516 62.8982 0
      vertex 225.338 62.9268 0.5
      vertex 225.516 62.8982 0.5
    endloop
  endfacet
  facet normal 0.158639 0.987337 0
    outer loop
      vertex 225.338 62.9268 0.5
      vertex 225.516 62.8982 0
      vertex 225.338 62.9268 0
    endloop
  endfacet
  facet normal 0.0496768 0.998765 -0
    outer loop
      vertex 225.707 62.8887 0
      vertex 225.516 62.8982 0.5
      vertex 225.707 62.8887 0.5
    endloop
  endfacet
  facet normal 0.0496768 0.998765 0
    outer loop
      vertex 225.516 62.8982 0.5
      vertex 225.707 62.8887 0
      vertex 225.516 62.8982 0
    endloop
  endfacet
  facet normal -0.0401974 0.999192 0
    outer loop
      vertex 225.881 62.8957 0
      vertex 225.707 62.8887 0.5
      vertex 225.881 62.8957 0.5
    endloop
  endfacet
  facet normal -0.0401974 0.999192 0
    outer loop
      vertex 225.707 62.8887 0.5
      vertex 225.881 62.8957 0
      vertex 225.707 62.8887 0
    endloop
  endfacet
  facet normal -0.155464 -0.987842 0
    outer loop
      vertex 225.589 63.4749 0
      vertex 225.65 63.4653 0.5
      vertex 225.589 63.4749 0.5
    endloop
  endfacet
  facet normal -0.155464 -0.987842 -0
    outer loop
      vertex 225.65 63.4653 0.5
      vertex 225.589 63.4749 0
      vertex 225.65 63.4653 0
    endloop
  endfacet
  facet normal -0.271542 -0.962427 0
    outer loop
      vertex 225.533 63.4907 0
      vertex 225.589 63.4749 0.5
      vertex 225.533 63.4907 0.5
    endloop
  endfacet
  facet normal -0.271542 -0.962427 -0
    outer loop
      vertex 225.589 63.4749 0.5
      vertex 225.533 63.4907 0
      vertex 225.589 63.4749 0
    endloop
  endfacet
  facet normal -0.392638 -0.919693 0
    outer loop
      vertex 225.481 63.5129 0
      vertex 225.533 63.4907 0.5
      vertex 225.481 63.5129 0.5
    endloop
  endfacet
  facet normal -0.392638 -0.919693 -0
    outer loop
      vertex 225.533 63.4907 0.5
      vertex 225.481 63.5129 0
      vertex 225.533 63.4907 0
    endloop
  endfacet
  facet normal -0.526673 -0.850068 0
    outer loop
      vertex 225.435 63.5414 0
      vertex 225.481 63.5129 0.5
      vertex 225.435 63.5414 0.5
    endloop
  endfacet
  facet normal -0.526673 -0.850068 -0
    outer loop
      vertex 225.481 63.5129 0.5
      vertex 225.435 63.5414 0
      vertex 225.481 63.5129 0
    endloop
  endfacet
  facet normal -0.639103 -0.769121 0
    outer loop
      vertex 225.393 63.5763 0
      vertex 225.435 63.5414 0.5
      vertex 225.393 63.5763 0.5
    endloop
  endfacet
  facet normal -0.639103 -0.769121 -0
    outer loop
      vertex 225.435 63.5414 0.5
      vertex 225.393 63.5763 0
      vertex 225.435 63.5414 0
    endloop
  endfacet
  facet normal -0.753819 -0.657082 0
    outer loop
      vertex 225.393 63.5763 0
      vertex 225.357 63.6176 0.5
      vertex 225.357 63.6176 0
    endloop
  endfacet
  facet normal -0.753819 -0.657082 0
    outer loop
      vertex 225.357 63.6176 0.5
      vertex 225.393 63.5763 0
      vertex 225.393 63.5763 0.5
    endloop
  endfacet
  facet normal -0.829354 -0.558723 0
    outer loop
      vertex 225.357 63.6176 0
      vertex 225.325 63.6651 0.5
      vertex 225.325 63.6651 0
    endloop
  endfacet
  facet normal -0.829354 -0.558723 0
    outer loop
      vertex 225.325 63.6651 0.5
      vertex 225.357 63.6176 0
      vertex 225.357 63.6176 0.5
    endloop
  endfacet
  facet normal -0.894427 -0.447214 0
    outer loop
      vertex 225.325 63.6651 0
      vertex 225.298 63.7191 0.5
      vertex 225.298 63.7191 0
    endloop
  endfacet
  facet normal -0.894427 -0.447214 0
    outer loop
      vertex 225.298 63.7191 0.5
      vertex 225.325 63.6651 0
      vertex 225.325 63.6651 0.5
    endloop
  endfacet
  facet normal -0.939246 -0.343246 0
    outer loop
      vertex 225.298 63.7191 0
      vertex 225.276 63.7793 0.5
      vertex 225.276 63.7793 0
    endloop
  endfacet
  facet normal -0.939246 -0.343246 0
    outer loop
      vertex 225.276 63.7793 0.5
      vertex 225.298 63.7191 0
      vertex 225.298 63.7191 0.5
    endloop
  endfacet
  facet normal -0.968933 -0.247325 0
    outer loop
      vertex 225.276 63.7793 0
      vertex 225.259 63.8459 0.5
      vertex 225.259 63.8459 0
    endloop
  endfacet
  facet normal -0.968933 -0.247325 0
    outer loop
      vertex 225.259 63.8459 0.5
      vertex 225.276 63.7793 0
      vertex 225.276 63.7793 0.5
    endloop
  endfacet
  facet normal -0.986757 -0.162207 0
    outer loop
      vertex 225.259 63.8459 0
      vertex 225.247 63.9189 0.5
      vertex 225.247 63.9189 0
    endloop
  endfacet
  facet normal -0.986757 -0.162207 0
    outer loop
      vertex 225.247 63.9189 0.5
      vertex 225.259 63.8459 0
      vertex 225.259 63.8459 0.5
    endloop
  endfacet
  facet normal -0.994937 -0.100499 0
    outer loop
      vertex 225.247 63.9189 0
      vertex 225.239 63.9981 0.5
      vertex 225.239 63.9981 0
    endloop
  endfacet
  facet normal -0.994937 -0.100499 0
    outer loop
      vertex 225.239 63.9981 0.5
      vertex 225.247 63.9189 0
      vertex 225.247 63.9189 0.5
    endloop
  endfacet
  facet normal -0.999728 -0.0233309 0
    outer loop
      vertex 225.239 63.9981 0
      vertex 225.237 64.0838 0.5
      vertex 225.237 64.0838 0
    endloop
  endfacet
  facet normal -0.999728 -0.0233309 0
    outer loop
      vertex 225.237 64.0838 0.5
      vertex 225.239 63.9981 0
      vertex 225.239 63.9981 0.5
    endloop
  endfacet
  facet normal -0.999727 0.0233581 0
    outer loop
      vertex 225.237 64.0838 0
      vertex 225.239 64.1694 0.5
      vertex 225.239 64.1694 0
    endloop
  endfacet
  facet normal -0.999727 0.0233581 0
    outer loop
      vertex 225.239 64.1694 0.5
      vertex 225.237 64.0838 0
      vertex 225.237 64.0838 0.5
    endloop
  endfacet
  facet normal -0.99495 0.100373 0
    outer loop
      vertex 225.239 64.1694 0
      vertex 225.247 64.2487 0.5
      vertex 225.247 64.2487 0
    endloop
  endfacet
  facet normal -0.99495 0.100373 0
    outer loop
      vertex 225.247 64.2487 0.5
      vertex 225.239 64.1694 0
      vertex 225.239 64.1694 0.5
    endloop
  endfacet
  facet normal -0.986721 0.162423 0
    outer loop
      vertex 225.247 64.2487 0
      vertex 225.259 64.3216 0.5
      vertex 225.259 64.3216 0
    endloop
  endfacet
  facet normal -0.986721 0.162423 0
    outer loop
      vertex 225.259 64.3216 0.5
      vertex 225.247 64.2487 0
      vertex 225.247 64.2487 0.5
    endloop
  endfacet
  facet normal -0.968933 0.247325 0
    outer loop
      vertex 225.259 64.3216 0
      vertex 225.276 64.3882 0.5
      vertex 225.276 64.3882 0
    endloop
  endfacet
  facet normal -0.968933 0.247325 0
    outer loop
      vertex 225.276 64.3882 0.5
      vertex 225.259 64.3216 0
      vertex 225.259 64.3216 0.5
    endloop
  endfacet
  facet normal -0.939429 0.342744 0
    outer loop
      vertex 225.276 64.3882 0
      vertex 225.298 64.4485 0.5
      vertex 225.298 64.4485 0
    endloop
  endfacet
  facet normal -0.939429 0.342744 0
    outer loop
      vertex 225.298 64.4485 0.5
      vertex 225.276 64.3882 0
      vertex 225.276 64.3882 0.5
    endloop
  endfacet
  facet normal -0.894095 0.447877 0
    outer loop
      vertex 225.298 64.4485 0
      vertex 225.325 64.5024 0.5
      vertex 225.325 64.5024 0
    endloop
  endfacet
  facet normal -0.894095 0.447877 0
    outer loop
      vertex 225.325 64.5024 0.5
      vertex 225.298 64.4485 0
      vertex 225.298 64.4485 0.5
    endloop
  endfacet
  facet normal -0.829898 0.557915 0
    outer loop
      vertex 225.325 64.5024 0
      vertex 225.357 64.55 0.5
      vertex 225.357 64.55 0
    endloop
  endfacet
  facet normal -0.829898 0.557915 0
    outer loop
      vertex 225.357 64.55 0.5
      vertex 225.325 64.5024 0
      vertex 225.325 64.5024 0.5
    endloop
  endfacet
  facet normal -0.753029 0.657987 0
    outer loop
      vertex 225.357 64.55 0
      vertex 225.393 64.5912 0.5
      vertex 225.393 64.5912 0
    endloop
  endfacet
  facet normal -0.753029 0.657987 0
    outer loop
      vertex 225.393 64.5912 0.5
      vertex 225.357 64.55 0
      vertex 225.357 64.55 0.5
    endloop
  endfacet
  facet normal -0.639103 0.769121 0
    outer loop
      vertex 225.435 64.6261 0
      vertex 225.393 64.5912 0.5
      vertex 225.435 64.6261 0.5
    endloop
  endfacet
  facet normal -0.639103 0.769121 0
    outer loop
      vertex 225.393 64.5912 0.5
      vertex 225.435 64.6261 0
      vertex 225.393 64.5912 0
    endloop
  endfacet
  facet normal -0.526673 0.850068 0
    outer loop
      vertex 225.481 64.6546 0
      vertex 225.435 64.6261 0.5
      vertex 225.481 64.6546 0.5
    endloop
  endfacet
  facet normal -0.526673 0.850068 0
    outer loop
      vertex 225.435 64.6261 0.5
      vertex 225.481 64.6546 0
      vertex 225.435 64.6261 0
    endloop
  endfacet
  facet normal -0.392638 0.919693 0
    outer loop
      vertex 225.533 64.6768 0
      vertex 225.481 64.6546 0.5
      vertex 225.533 64.6768 0.5
    endloop
  endfacet
  facet normal -0.392638 0.919693 0
    outer loop
      vertex 225.481 64.6546 0.5
      vertex 225.533 64.6768 0
      vertex 225.481 64.6546 0
    endloop
  endfacet
  facet normal -0.273133 0.961976 0
    outer loop
      vertex 225.589 64.6927 0
      vertex 225.533 64.6768 0.5
      vertex 225.589 64.6927 0.5
    endloop
  endfacet
  facet normal -0.273133 0.961976 0
    outer loop
      vertex 225.533 64.6768 0.5
      vertex 225.589 64.6927 0
      vertex 225.533 64.6768 0
    endloop
  endfacet
  facet normal -0.153883 0.988089 0
    outer loop
      vertex 225.65 64.7022 0
      vertex 225.589 64.6927 0.5
      vertex 225.65 64.7022 0.5
    endloop
  endfacet
  facet normal -0.153883 0.988089 0
    outer loop
      vertex 225.589 64.6927 0.5
      vertex 225.65 64.7022 0
      vertex 225.589 64.6927 0
    endloop
  endfacet
  facet normal -0.048428 0.998827 0
    outer loop
      vertex 225.716 64.7054 0
      vertex 225.65 64.7022 0.5
      vertex 225.716 64.7054 0.5
    endloop
  endfacet
  facet normal -0.048428 0.998827 0
    outer loop
      vertex 225.65 64.7022 0.5
      vertex 225.716 64.7054 0
      vertex 225.65 64.7022 0
    endloop
  endfacet
  facet normal 0.0477068 0.998861 -0
    outer loop
      vertex 225.783 64.7022 0
      vertex 225.716 64.7054 0.5
      vertex 225.783 64.7022 0.5
    endloop
  endfacet
  facet normal 0.0477068 0.998861 0
    outer loop
      vertex 225.716 64.7054 0.5
      vertex 225.783 64.7022 0
      vertex 225.716 64.7054 0
    endloop
  endfacet
  facet normal 0.151458 0.988464 -0
    outer loop
      vertex 225.845 64.6927 0
      vertex 225.783 64.7022 0.5
      vertex 225.845 64.6927 0.5
    endloop
  endfacet
  facet normal 0.151458 0.988464 0
    outer loop
      vertex 225.783 64.7022 0.5
      vertex 225.845 64.6927 0
      vertex 225.783 64.7022 0
    endloop
  endfacet
  facet normal 0.273133 0.961976 -0
    outer loop
      vertex 225.901 64.6768 0
      vertex 225.845 64.6927 0.5
      vertex 225.901 64.6768 0.5
    endloop
  endfacet
  facet normal 0.273133 0.961976 0
    outer loop
      vertex 225.845 64.6927 0.5
      vertex 225.901 64.6768 0
      vertex 225.845 64.6927 0
    endloop
  endfacet
  facet normal 0.392638 0.919693 -0
    outer loop
      vertex 225.953 64.6546 0
      vertex 225.901 64.6768 0.5
      vertex 225.953 64.6546 0.5
    endloop
  endfacet
  facet normal 0.392638 0.919693 0
    outer loop
      vertex 225.901 64.6768 0.5
      vertex 225.953 64.6546 0
      vertex 225.901 64.6768 0
    endloop
  endfacet
  facet normal 0.518503 0.855076 -0
    outer loop
      vertex 226 64.6261 0
      vertex 225.953 64.6546 0.5
      vertex 226 64.6261 0.5
    endloop
  endfacet
  facet normal 0.518503 0.855076 0
    outer loop
      vertex 225.953 64.6546 0.5
      vertex 226 64.6261 0
      vertex 225.953 64.6546 0
    endloop
  endfacet
  facet normal 0.639103 0.769121 -0
    outer loop
      vertex 226.042 64.5912 0
      vertex 226 64.6261 0.5
      vertex 226.042 64.5912 0.5
    endloop
  endfacet
  facet normal 0.639103 0.769121 0
    outer loop
      vertex 226 64.6261 0.5
      vertex 226.042 64.5912 0
      vertex 226 64.6261 0
    endloop
  endfacet
  facet normal 0.753029 0.657987 0
    outer loop
      vertex 226.078 64.55 0.5
      vertex 226.042 64.5912 0
      vertex 226.042 64.5912 0.5
    endloop
  endfacet
  facet normal 0.753029 0.657987 0
    outer loop
      vertex 226.042 64.5912 0
      vertex 226.078 64.55 0.5
      vertex 226.078 64.55 0
    endloop
  endfacet
  facet normal 0.829898 0.557915 0
    outer loop
      vertex 226.11 64.5024 0.5
      vertex 226.078 64.55 0
      vertex 226.078 64.55 0.5
    endloop
  endfacet
  facet normal 0.829898 0.557915 0
    outer loop
      vertex 226.078 64.55 0
      vertex 226.11 64.5024 0.5
      vertex 226.11 64.5024 0
    endloop
  endfacet
  facet normal 0.894095 0.447877 0
    outer loop
      vertex 226.137 64.4485 0.5
      vertex 226.11 64.5024 0
      vertex 226.11 64.5024 0.5
    endloop
  endfacet
  facet normal 0.894095 0.447877 0
    outer loop
      vertex 226.11 64.5024 0
      vertex 226.137 64.4485 0.5
      vertex 226.137 64.4485 0
    endloop
  endfacet
  facet normal 0.939429 0.342744 0
    outer loop
      vertex 226.159 64.3882 0.5
      vertex 226.137 64.4485 0
      vertex 226.137 64.4485 0.5
    endloop
  endfacet
  facet normal 0.939429 0.342744 0
    outer loop
      vertex 226.137 64.4485 0
      vertex 226.159 64.3882 0.5
      vertex 226.159 64.3882 0
    endloop
  endfacet
  facet normal 0.968933 0.247325 0
    outer loop
      vertex 226.176 64.3216 0.5
      vertex 226.159 64.3882 0
      vertex 226.159 64.3882 0.5
    endloop
  endfacet
  facet normal 0.968933 0.247325 0
    outer loop
      vertex 226.159 64.3882 0
      vertex 226.176 64.3216 0.5
      vertex 226.176 64.3216 0
    endloop
  endfacet
  facet normal 0.986721 0.162423 0
    outer loop
      vertex 226.188 64.2487 0.5
      vertex 226.176 64.3216 0
      vertex 226.176 64.3216 0.5
    endloop
  endfacet
  facet normal 0.986721 0.162423 0
    outer loop
      vertex 226.176 64.3216 0
      vertex 226.188 64.2487 0.5
      vertex 226.188 64.2487 0
    endloop
  endfacet
  facet normal 0.99495 0.100373 0
    outer loop
      vertex 226.196 64.1694 0.5
      vertex 226.188 64.2487 0
      vertex 226.188 64.2487 0.5
    endloop
  endfacet
  facet normal 0.99495 0.100373 0
    outer loop
      vertex 226.188 64.2487 0
      vertex 226.196 64.1694 0.5
      vertex 226.196 64.1694 0
    endloop
  endfacet
  facet normal 0.999727 0.0233581 0
    outer loop
      vertex 226.198 64.0838 0.5
      vertex 226.196 64.1694 0
      vertex 226.196 64.1694 0.5
    endloop
  endfacet
  facet normal 0.999727 0.0233581 0
    outer loop
      vertex 226.196 64.1694 0
      vertex 226.198 64.0838 0.5
      vertex 226.198 64.0838 0
    endloop
  endfacet
  facet normal 0.999728 -0.0233309 0
    outer loop
      vertex 226.196 63.9981 0.5
      vertex 226.198 64.0838 0
      vertex 226.198 64.0838 0.5
    endloop
  endfacet
  facet normal 0.999728 -0.0233309 0
    outer loop
      vertex 226.198 64.0838 0
      vertex 226.196 63.9981 0.5
      vertex 226.196 63.9981 0
    endloop
  endfacet
  facet normal 0.994937 -0.100499 0
    outer loop
      vertex 226.188 63.9189 0.5
      vertex 226.196 63.9981 0
      vertex 226.196 63.9981 0.5
    endloop
  endfacet
  facet normal 0.994937 -0.100499 0
    outer loop
      vertex 226.196 63.9981 0
      vertex 226.188 63.9189 0.5
      vertex 226.188 63.9189 0
    endloop
  endfacet
  facet normal 0.986757 -0.162207 0
    outer loop
      vertex 226.176 63.8459 0.5
      vertex 226.188 63.9189 0
      vertex 226.188 63.9189 0.5
    endloop
  endfacet
  facet normal 0.986757 -0.162207 0
    outer loop
      vertex 226.188 63.9189 0
      vertex 226.176 63.8459 0.5
      vertex 226.176 63.8459 0
    endloop
  endfacet
  facet normal 0.968933 -0.247325 0
    outer loop
      vertex 226.159 63.7793 0.5
      vertex 226.176 63.8459 0
      vertex 226.176 63.8459 0.5
    endloop
  endfacet
  facet normal 0.968933 -0.247325 0
    outer loop
      vertex 226.176 63.8459 0
      vertex 226.159 63.7793 0.5
      vertex 226.159 63.7793 0
    endloop
  endfacet
  facet normal 0.939246 -0.343246 0
    outer loop
      vertex 226.137 63.7191 0.5
      vertex 226.159 63.7793 0
      vertex 226.159 63.7793 0.5
    endloop
  endfacet
  facet normal 0.939246 -0.343246 0
    outer loop
      vertex 226.159 63.7793 0
      vertex 226.137 63.7191 0.5
      vertex 226.137 63.7191 0
    endloop
  endfacet
  facet normal 0.894427 -0.447214 0
    outer loop
      vertex 226.11 63.6651 0.5
      vertex 226.137 63.7191 0
      vertex 226.137 63.7191 0.5
    endloop
  endfacet
  facet normal 0.894427 -0.447214 0
    outer loop
      vertex 226.137 63.7191 0
      vertex 226.11 63.6651 0.5
      vertex 226.11 63.6651 0
    endloop
  endfacet
  facet normal 0.829354 -0.558723 0
    outer loop
      vertex 226.078 63.6176 0.5
      vertex 226.11 63.6651 0
      vertex 226.11 63.6651 0.5
    endloop
  endfacet
  facet normal 0.829354 -0.558723 0
    outer loop
      vertex 226.11 63.6651 0
      vertex 226.078 63.6176 0.5
      vertex 226.078 63.6176 0
    endloop
  endfacet
  facet normal 0.753819 -0.657082 0
    outer loop
      vertex 226.042 63.5763 0.5
      vertex 226.078 63.6176 0
      vertex 226.078 63.6176 0.5
    endloop
  endfacet
  facet normal 0.753819 -0.657082 0
    outer loop
      vertex 226.078 63.6176 0
      vertex 226.042 63.5763 0.5
      vertex 226.042 63.5763 0
    endloop
  endfacet
  facet normal 0.639103 -0.769121 0
    outer loop
      vertex 226 63.5414 0
      vertex 226.042 63.5763 0.5
      vertex 226 63.5414 0.5
    endloop
  endfacet
  facet normal 0.639103 -0.769121 0
    outer loop
      vertex 226.042 63.5763 0.5
      vertex 226 63.5414 0
      vertex 226.042 63.5763 0
    endloop
  endfacet
  facet normal 0.518503 -0.855076 0
    outer loop
      vertex 225.953 63.5129 0
      vertex 226 63.5414 0.5
      vertex 225.953 63.5129 0.5
    endloop
  endfacet
  facet normal 0.518503 -0.855076 0
    outer loop
      vertex 226 63.5414 0.5
      vertex 225.953 63.5129 0
      vertex 226 63.5414 0
    endloop
  endfacet
  facet normal 0.392638 -0.919693 0
    outer loop
      vertex 225.901 63.4907 0
      vertex 225.953 63.5129 0.5
      vertex 225.901 63.4907 0.5
    endloop
  endfacet
  facet normal 0.392638 -0.919693 0
    outer loop
      vertex 225.953 63.5129 0.5
      vertex 225.901 63.4907 0
      vertex 225.953 63.5129 0
    endloop
  endfacet
  facet normal 0.271542 -0.962427 0
    outer loop
      vertex 225.845 63.4749 0
      vertex 225.901 63.4907 0.5
      vertex 225.845 63.4749 0.5
    endloop
  endfacet
  facet normal 0.271542 -0.962427 0
    outer loop
      vertex 225.901 63.4907 0.5
      vertex 225.845 63.4749 0
      vertex 225.901 63.4907 0
    endloop
  endfacet
  facet normal 0.153015 -0.988224 0
    outer loop
      vertex 225.783 63.4653 0
      vertex 225.845 63.4749 0.5
      vertex 225.783 63.4653 0.5
    endloop
  endfacet
  facet normal 0.153015 -0.988224 0
    outer loop
      vertex 225.845 63.4749 0.5
      vertex 225.783 63.4653 0
      vertex 225.845 63.4749 0
    endloop
  endfacet
  facet normal 0.0462192 -0.998931 0
    outer loop
      vertex 225.716 63.4622 0
      vertex 225.783 63.4653 0.5
      vertex 225.716 63.4622 0.5
    endloop
  endfacet
  facet normal 0.0462192 -0.998931 0
    outer loop
      vertex 225.783 63.4653 0.5
      vertex 225.716 63.4622 0
      vertex 225.783 63.4653 0
    endloop
  endfacet
  facet normal -0.046918 -0.998899 0
    outer loop
      vertex 225.65 63.4653 0
      vertex 225.716 63.4622 0.5
      vertex 225.65 63.4653 0.5
    endloop
  endfacet
  facet normal -0.046918 -0.998899 -0
    outer loop
      vertex 225.716 63.4622 0.5
      vertex 225.65 63.4653 0
      vertex 225.716 63.4622 0
    endloop
  endfacet
  facet normal -0.0852441 0.99636 0
    outer loop
      vertex 222.677 62.9787 0
      vertex 222.497 62.9633 0.5
      vertex 222.677 62.9787 0.5
    endloop
  endfacet
  facet normal -0.0852441 0.99636 0
    outer loop
      vertex 222.497 62.9633 0.5
      vertex 222.677 62.9787 0
      vertex 222.497 62.9633 0
    endloop
  endfacet
  facet normal -0.153902 0.988086 0
    outer loop
      vertex 222.842 63.0044 0
      vertex 222.677 62.9787 0.5
      vertex 222.842 63.0044 0.5
    endloop
  endfacet
  facet normal -0.153902 0.988086 0
    outer loop
      vertex 222.677 62.9787 0.5
      vertex 222.842 63.0044 0
      vertex 222.677 62.9787 0
    endloop
  endfacet
  facet normal -0.231301 0.972882 0
    outer loop
      vertex 222.993 63.0403 0
      vertex 222.842 63.0044 0.5
      vertex 222.993 63.0403 0.5
    endloop
  endfacet
  facet normal -0.231301 0.972882 0
    outer loop
      vertex 222.842 63.0044 0.5
      vertex 222.993 63.0403 0
      vertex 222.842 63.0044 0
    endloop
  endfacet
  facet normal -0.324414 0.945915 0
    outer loop
      vertex 223.128 63.0866 0
      vertex 222.993 63.0403 0.5
      vertex 223.128 63.0866 0.5
    endloop
  endfacet
  facet normal -0.324414 0.945915 0
    outer loop
      vertex 222.993 63.0403 0.5
      vertex 223.128 63.0866 0
      vertex 222.993 63.0403 0
    endloop
  endfacet
  facet normal -0.420237 0.907414 0
    outer loop
      vertex 223.25 63.1431 0
      vertex 223.128 63.0866 0.5
      vertex 223.25 63.1431 0.5
    endloop
  endfacet
  facet normal -0.420237 0.907414 0
    outer loop
      vertex 223.128 63.0866 0.5
      vertex 223.25 63.1431 0
      vertex 223.128 63.0866 0
    endloop
  endfacet
  facet normal -0.533152 0.84602 0
    outer loop
      vertex 223.356 63.2099 0
      vertex 223.25 63.1431 0.5
      vertex 223.356 63.2099 0.5
    endloop
  endfacet
  facet normal -0.533152 0.84602 0
    outer loop
      vertex 223.25 63.1431 0.5
      vertex 223.356 63.2099 0
      vertex 223.25 63.1431 0
    endloop
  endfacet
  facet normal -0.642801 0.766033 0
    outer loop
      vertex 223.448 63.2871 0
      vertex 223.356 63.2099 0.5
      vertex 223.448 63.2871 0.5
    endloop
  endfacet
  facet normal -0.642801 0.766033 0
    outer loop
      vertex 223.356 63.2099 0.5
      vertex 223.448 63.2871 0
      vertex 223.356 63.2099 0
    endloop
  endfacet
  facet normal -0.747972 0.66373 0
    outer loop
      vertex 223.448 63.2871 0
      vertex 223.526 63.375 0.5
      vertex 223.526 63.375 0
    endloop
  endfacet
  facet normal -0.747972 0.66373 0
    outer loop
      vertex 223.526 63.375 0.5
      vertex 223.448 63.2871 0
      vertex 223.448 63.2871 0.5
    endloop
  endfacet
  facet normal -0.842427 0.538811 0
    outer loop
      vertex 223.526 63.375 0
      vertex 223.589 63.4735 0.5
      vertex 223.589 63.4735 0
    endloop
  endfacet
  facet normal -0.842427 0.538811 0
    outer loop
      vertex 223.589 63.4735 0.5
      vertex 223.526 63.375 0
      vertex 223.526 63.375 0.5
    endloop
  endfacet
  facet normal -0.909367 0.415996 0
    outer loop
      vertex 223.589 63.4735 0
      vertex 223.639 63.5828 0.5
      vertex 223.639 63.5828 0
    endloop
  endfacet
  facet normal -0.909367 0.415996 0
    outer loop
      vertex 223.639 63.5828 0.5
      vertex 223.589 63.4735 0
      vertex 223.589 63.4735 0.5
    endloop
  endfacet
  facet normal -0.959937 0.280215 0
    outer loop
      vertex 223.639 63.5828 0
      vertex 223.674 63.7027 0.5
      vertex 223.674 63.7027 0
    endloop
  endfacet
  facet normal -0.959937 0.280215 0
    outer loop
      vertex 223.674 63.7027 0.5
      vertex 223.639 63.5828 0
      vertex 223.639 63.5828 0.5
    endloop
  endfacet
  facet normal -0.987299 0.158876 0
    outer loop
      vertex 223.674 63.7027 0
      vertex 223.695 63.8332 0.5
      vertex 223.695 63.8332 0
    endloop
  endfacet
  facet normal -0.987299 0.158876 0
    outer loop
      vertex 223.695 63.8332 0.5
      vertex 223.674 63.7027 0
      vertex 223.674 63.7027 0.5
    endloop
  endfacet
  facet normal -0.998773 0.0495143 0
    outer loop
      vertex 223.695 63.8332 0
      vertex 223.702 63.9744 0.5
      vertex 223.702 63.9744 0
    endloop
  endfacet
  facet normal -0.998773 0.0495143 0
    outer loop
      vertex 223.702 63.9744 0.5
      vertex 223.695 63.8332 0
      vertex 223.695 63.8332 0.5
    endloop
  endfacet
  facet normal -0.999486 -0.0320691 0
    outer loop
      vertex 223.702 63.9744 0
      vertex 223.699 64.0679 0.5
      vertex 223.699 64.0679 0
    endloop
  endfacet
  facet normal -0.999486 -0.0320691 0
    outer loop
      vertex 223.699 64.0679 0.5
      vertex 223.702 63.9744 0
      vertex 223.702 63.9744 0.5
    endloop
  endfacet
  facet normal -0.993788 -0.111286 0
    outer loop
      vertex 223.699 64.0679 0
      vertex 223.689 64.1572 0.5
      vertex 223.689 64.1572 0
    endloop
  endfacet
  facet normal -0.993788 -0.111286 0
    outer loop
      vertex 223.689 64.1572 0.5
      vertex 223.699 64.0679 0
      vertex 223.699 64.0679 0.5
    endloop
  endfacet
  facet normal -0.982701 -0.185197 0
    outer loop
      vertex 223.689 64.1572 0
      vertex 223.673 64.2421 0.5
      vertex 223.673 64.2421 0
    endloop
  endfacet
  facet normal -0.982701 -0.185197 0
    outer loop
      vertex 223.673 64.2421 0.5
      vertex 223.689 64.1572 0
      vertex 223.689 64.1572 0.5
    endloop
  endfacet
  facet normal -0.961793 -0.273778 0
    outer loop
      vertex 223.673 64.2421 0
      vertex 223.65 64.3229 0.5
      vertex 223.65 64.3229 0
    endloop
  endfacet
  facet normal -0.961793 -0.273778 0
    outer loop
      vertex 223.65 64.3229 0.5
      vertex 223.673 64.2421 0
      vertex 223.673 64.2421 0.5
    endloop
  endfacet
  facet normal -0.930811 -0.365502 0
    outer loop
      vertex 223.65 64.3229 0
      vertex 223.62 64.3993 0.5
      vertex 223.62 64.3993 0
    endloop
  endfacet
  facet normal -0.930811 -0.365502 0
    outer loop
      vertex 223.62 64.3993 0.5
      vertex 223.65 64.3229 0
      vertex 223.65 64.3229 0.5
    endloop
  endfacet
  facet normal -0.894922 -0.446222 0
    outer loop
      vertex 223.62 64.3993 0
      vertex 223.584 64.4715 0.5
      vertex 223.584 64.4715 0
    endloop
  endfacet
  facet normal -0.894922 -0.446222 0
    outer loop
      vertex 223.584 64.4715 0.5
      vertex 223.62 64.3993 0
      vertex 223.62 64.3993 0.5
    endloop
  endfacet
  facet normal -0.845193 -0.534461 0
    outer loop
      vertex 223.584 64.4715 0
      vertex 223.541 64.5395 0.5
      vertex 223.541 64.5395 0
    endloop
  endfacet
  facet normal -0.845193 -0.534461 0
    outer loop
      vertex 223.541 64.5395 0.5
      vertex 223.584 64.4715 0
      vertex 223.584 64.4715 0.5
    endloop
  endfacet
  facet normal -0.788405 -0.615157 0
    outer loop
      vertex 223.541 64.5395 0
      vertex 223.492 64.6023 0.5
      vertex 223.492 64.6023 0
    endloop
  endfacet
  facet normal -0.788405 -0.615157 0
    outer loop
      vertex 223.492 64.6023 0.5
      vertex 223.541 64.5395 0
      vertex 223.541 64.5395 0.5
    endloop
  endfacet
  facet normal -0.725953 -0.687745 0
    outer loop
      vertex 223.492 64.6023 0
      vertex 223.438 64.6593 0.5
      vertex 223.438 64.6593 0
    endloop
  endfacet
  facet normal -0.725953 -0.687745 0
    outer loop
      vertex 223.438 64.6593 0.5
      vertex 223.492 64.6023 0
      vertex 223.492 64.6023 0.5
    endloop
  endfacet
  facet normal -0.647648 -0.761939 0
    outer loop
      vertex 223.378 64.7103 0
      vertex 223.438 64.6593 0.5
      vertex 223.378 64.7103 0.5
    endloop
  endfacet
  facet normal -0.647648 -0.761939 -0
    outer loop
      vertex 223.438 64.6593 0.5
      vertex 223.378 64.7103 0
      vertex 223.438 64.6593 0
    endloop
  endfacet
  facet normal -0.570064 -0.8216 0
    outer loop
      vertex 223.313 64.7554 0
      vertex 223.378 64.7103 0.5
      vertex 223.313 64.7554 0.5
    endloop
  endfacet
  facet normal -0.570064 -0.8216 -0
    outer loop
      vertex 223.378 64.7103 0.5
      vertex 223.313 64.7554 0
      vertex 223.378 64.7103 0
    endloop
  endfacet
  facet normal -0.488603 -0.872506 0
    outer loop
      vertex 223.243 64.7946 0
      vertex 223.313 64.7554 0.5
      vertex 223.243 64.7946 0.5
    endloop
  endfacet
  facet normal -0.488603 -0.872506 -0
    outer loop
      vertex 223.313 64.7554 0.5
      vertex 223.243 64.7946 0
      vertex 223.313 64.7554 0
    endloop
  endfacet
  facet normal -0.401325 -0.915936 0
    outer loop
      vertex 223.167 64.8279 0
      vertex 223.243 64.7946 0.5
      vertex 223.167 64.8279 0.5
    endloop
  endfacet
  facet normal -0.401325 -0.915936 -0
    outer loop
      vertex 223.243 64.7946 0.5
      vertex 223.167 64.8279 0
      vertex 223.243 64.7946 0
    endloop
  endfacet
  facet normal -0.316922 -0.948452 0
    outer loop
      vertex 223.085 64.8553 0
      vertex 223.167 64.8279 0.5
      vertex 223.085 64.8553 0.5
    endloop
  endfacet
  facet normal -0.316922 -0.948452 -0
    outer loop
      vertex 223.167 64.8279 0.5
      vertex 223.085 64.8553 0
      vertex 223.167 64.8279 0
    endloop
  endfacet
  facet normal -0.387477 0.921879 0
    outer loop
      vertex 223.149 64.8822 0
      vertex 223.085 64.8553 0.5
      vertex 223.149 64.8822 0.5
    endloop
  endfacet
  facet normal -0.387477 0.921879 0
    outer loop
      vertex 223.085 64.8553 0.5
      vertex 223.149 64.8822 0
      vertex 223.085 64.8553 0
    endloop
  endfacet
  facet normal -0.463951 0.885861 0
    outer loop
      vertex 223.208 64.9131 0
      vertex 223.149 64.8822 0.5
      vertex 223.208 64.9131 0.5
    endloop
  endfacet
  facet normal -0.463951 0.885861 0
    outer loop
      vertex 223.149 64.8822 0.5
      vertex 223.208 64.9131 0
      vertex 223.149 64.8822 0
    endloop
  endfacet
  facet normal -0.532487 0.846438 0
    outer loop
      vertex 223.263 64.9477 0
      vertex 223.208 64.9131 0.5
      vertex 223.263 64.9477 0.5
    endloop
  endfacet
  facet normal -0.532487 0.846438 0
    outer loop
      vertex 223.208 64.9131 0.5
      vertex 223.263 64.9477 0
      vertex 223.208 64.9131 0
    endloop
  endfacet
  facet normal -0.610094 0.792329 0
    outer loop
      vertex 223.313 64.9862 0
      vertex 223.263 64.9477 0.5
      vertex 223.313 64.9862 0.5
    endloop
  endfacet
  facet normal -0.610094 0.792329 0
    outer loop
      vertex 223.263 64.9477 0.5
      vertex 223.313 64.9862 0
      vertex 223.263 64.9477 0
    endloop
  endfacet
  facet normal -0.676883 0.73609 0
    outer loop
      vertex 223.359 65.0285 0
      vertex 223.313 64.9862 0.5
      vertex 223.359 65.0285 0.5
    endloop
  endfacet
  facet normal -0.676883 0.73609 0
    outer loop
      vertex 223.313 64.9862 0.5
      vertex 223.359 65.0285 0
      vertex 223.313 64.9862 0
    endloop
  endfacet
  facet normal -0.74723 0.664565 0
    outer loop
      vertex 223.359 65.0285 0
      vertex 223.4 65.0746 0.5
      vertex 223.4 65.0746 0
    endloop
  endfacet
  facet normal -0.74723 0.664565 0
    outer loop
      vertex 223.4 65.0746 0.5
      vertex 223.359 65.0285 0
      vertex 223.359 65.0285 0.5
    endloop
  endfacet
  facet normal -0.803272 0.595612 0
    outer loop
      vertex 223.4 65.0746 0
      vertex 223.437 65.1245 0.5
      vertex 223.437 65.1245 0
    endloop
  endfacet
  facet normal -0.803272 0.595612 0
    outer loop
      vertex 223.437 65.1245 0.5
      vertex 223.4 65.0746 0
      vertex 223.4 65.0746 0.5
    endloop
  endfacet
  facet normal -0.8582 0.513316 0
    outer loop
      vertex 223.437 65.1245 0
      vertex 223.469 65.178 0.5
      vertex 223.469 65.178 0
    endloop
  endfacet
  facet normal -0.8582 0.513316 0
    outer loop
      vertex 223.469 65.178 0.5
      vertex 223.437 65.1245 0
      vertex 223.437 65.1245 0.5
    endloop
  endfacet
  facet normal -0.902566 0.430552 0
    outer loop
      vertex 223.469 65.178 0
      vertex 223.496 65.2346 0.5
      vertex 223.496 65.2346 0
    endloop
  endfacet
  facet normal -0.902566 0.430552 0
    outer loop
      vertex 223.496 65.2346 0.5
      vertex 223.469 65.178 0
      vertex 223.469 65.178 0.5
    endloop
  endfacet
  facet normal -0.938316 0.345778 0
    outer loop
      vertex 223.496 65.2346 0
      vertex 223.518 65.2943 0.5
      vertex 223.518 65.2943 0
    endloop
  endfacet
  facet normal -0.938316 0.345778 0
    outer loop
      vertex 223.518 65.2943 0.5
      vertex 223.496 65.2346 0
      vertex 223.496 65.2346 0.5
    endloop
  endfacet
  facet normal -0.965363 0.260909 0
    outer loop
      vertex 223.518 65.2943 0
      vertex 223.535 65.3572 0.5
      vertex 223.535 65.3572 0
    endloop
  endfacet
  facet normal -0.965363 0.260909 0
    outer loop
      vertex 223.535 65.3572 0.5
      vertex 223.518 65.2943 0
      vertex 223.518 65.2943 0.5
    endloop
  endfacet
  facet normal -0.981148 0.193256 0
    outer loop
      vertex 223.535 65.3572 0
      vertex 223.548 65.4232 0.5
      vertex 223.548 65.4232 0
    endloop
  endfacet
  facet normal -0.981148 0.193256 0
    outer loop
      vertex 223.548 65.4232 0.5
      vertex 223.535 65.3572 0
      vertex 223.535 65.3572 0.5
    endloop
  endfacet
  facet normal -0.994923 0.100642 0
    outer loop
      vertex 223.548 65.4232 0
      vertex 223.555 65.4924 0.5
      vertex 223.555 65.4924 0
    endloop
  endfacet
  facet normal -0.994923 0.100642 0
    outer loop
      vertex 223.555 65.4924 0.5
      vertex 223.548 65.4232 0
      vertex 223.548 65.4232 0.5
    endloop
  endfacet
  facet normal -0.99914 0.0414581 0
    outer loop
      vertex 223.555 65.4924 0
      vertex 223.558 65.5647 0.5
      vertex 223.558 65.5647 0
    endloop
  endfacet
  facet normal -0.99914 0.0414581 0
    outer loop
      vertex 223.558 65.5647 0.5
      vertex 223.555 65.4924 0
      vertex 223.555 65.4924 0.5
    endloop
  endfacet
  facet normal -0.998654 -0.0518589 0
    outer loop
      vertex 223.558 65.5647 0
      vertex 223.551 65.6995 0.5
      vertex 223.551 65.6995 0
    endloop
  endfacet
  facet normal -0.998654 -0.0518589 0
    outer loop
      vertex 223.551 65.6995 0.5
      vertex 223.558 65.5647 0
      vertex 223.558 65.5647 0.5
    endloop
  endfacet
  facet normal -0.987221 -0.159358 0
    outer loop
      vertex 223.551 65.6995 0
      vertex 223.531 65.8234 0.5
      vertex 223.531 65.8234 0
    endloop
  endfacet
  facet normal -0.987221 -0.159358 0
    outer loop
      vertex 223.531 65.8234 0.5
      vertex 223.551 65.6995 0
      vertex 223.551 65.6995 0.5
    endloop
  endfacet
  facet normal -0.957593 -0.288125 0
    outer loop
      vertex 223.531 65.8234 0
      vertex 223.497 65.9364 0.5
      vertex 223.497 65.9364 0
    endloop
  endfacet
  facet normal -0.957593 -0.288125 0
    outer loop
      vertex 223.497 65.9364 0.5
      vertex 223.531 65.8234 0
      vertex 223.531 65.8234 0.5
    endloop
  endfacet
  facet normal -0.90822 -0.418493 0
    outer loop
      vertex 223.497 65.9364 0
      vertex 223.45 66.0384 0.5
      vertex 223.45 66.0384 0
    endloop
  endfacet
  facet normal -0.90822 -0.418493 0
    outer loop
      vertex 223.45 66.0384 0.5
      vertex 223.497 65.9364 0
      vertex 223.497 65.9364 0.5
    endloop
  endfacet
  facet normal -0.830926 -0.556383 0
    outer loop
      vertex 223.45 66.0384 0
      vertex 223.389 66.1295 0.5
      vertex 223.389 66.1295 0
    endloop
  endfacet
  facet normal -0.830926 -0.556383 0
    outer loop
      vertex 223.389 66.1295 0.5
      vertex 223.45 66.0384 0
      vertex 223.45 66.0384 0.5
    endloop
  endfacet
  facet normal -0.729963 -0.683486 0
    outer loop
      vertex 223.389 66.1295 0
      vertex 223.314 66.2096 0.5
      vertex 223.314 66.2096 0
    endloop
  endfacet
  facet normal -0.729963 -0.683486 0
    outer loop
      vertex 223.314 66.2096 0.5
      vertex 223.389 66.1295 0
      vertex 223.389 66.1295 0.5
    endloop
  endfacet
  facet normal -0.622499 -0.782621 0
    outer loop
      vertex 223.227 66.2788 0
      vertex 223.314 66.2096 0.5
      vertex 223.227 66.2788 0.5
    endloop
  endfacet
  facet normal -0.622499 -0.782621 -0
    outer loop
      vertex 223.314 66.2096 0.5
      vertex 223.227 66.2788 0
      vertex 223.314 66.2096 0
    endloop
  endfacet
  facet normal -0.498313 -0.866997 0
    outer loop
      vertex 223.124 66.338 0
      vertex 223.227 66.2788 0.5
      vertex 223.124 66.338 0.5
    endloop
  endfacet
  facet normal -0.498313 -0.866997 -0
    outer loop
      vertex 223.227 66.2788 0.5
      vertex 223.124 66.338 0
      vertex 223.227 66.2788 0
    endloop
  endfacet
  facet normal -0.384615 -0.923077 0
    outer loop
      vertex 223.004 66.388 0
      vertex 223.124 66.338 0.5
      vertex 223.004 66.388 0.5
    endloop
  endfacet
  facet normal -0.384615 -0.923077 -0
    outer loop
      vertex 223.124 66.338 0.5
      vertex 223.004 66.388 0
      vertex 223.124 66.338 0
    endloop
  endfacet
  facet normal -0.288639 -0.957438 0
    outer loop
      vertex 222.868 66.429 0
      vertex 223.004 66.388 0.5
      vertex 222.868 66.429 0.5
    endloop
  endfacet
  facet normal -0.288639 -0.957438 -0
    outer loop
      vertex 223.004 66.388 0.5
      vertex 222.868 66.429 0
      vertex 223.004 66.388 0
    endloop
  endfacet
  facet normal -0.204108 -0.978948 0
    outer loop
      vertex 222.715 66.4609 0
      vertex 222.868 66.429 0.5
      vertex 222.715 66.4609 0.5
    endloop
  endfacet
  facet normal -0.204108 -0.978948 -0
    outer loop
      vertex 222.868 66.429 0.5
      vertex 222.715 66.4609 0
      vertex 222.868 66.429 0
    endloop
  endfacet
  facet normal -0.133124 -0.991099 0
    outer loop
      vertex 222.546 66.4836 0
      vertex 222.715 66.4609 0.5
      vertex 222.546 66.4836 0.5
    endloop
  endfacet
  facet normal -0.133124 -0.991099 -0
    outer loop
      vertex 222.715 66.4609 0.5
      vertex 222.546 66.4836 0
      vertex 222.715 66.4609 0
    endloop
  endfacet
  facet normal -0.0734569 -0.997298 0
    outer loop
      vertex 222.36 66.4973 0
      vertex 222.546 66.4836 0.5
      vertex 222.36 66.4973 0.5
    endloop
  endfacet
  facet normal -0.0734569 -0.997298 -0
    outer loop
      vertex 222.546 66.4836 0.5
      vertex 222.36 66.4973 0
      vertex 222.546 66.4836 0
    endloop
  endfacet
  facet normal -0.022162 -0.999754 0
    outer loop
      vertex 222.157 66.5018 0
      vertex 222.36 66.4973 0.5
      vertex 222.157 66.5018 0.5
    endloop
  endfacet
  facet normal -0.022162 -0.999754 -0
    outer loop
      vertex 222.36 66.4973 0.5
      vertex 222.157 66.5018 0
      vertex 222.36 66.4973 0
    endloop
  endfacet
  facet normal 0 -1 0
    outer loop
      vertex 220.786 66.5018 0
      vertex 222.157 66.5018 0.5
      vertex 220.786 66.5018 0.5
    endloop
  endfacet
  facet normal 0 -1 -0
    outer loop
      vertex 222.157 66.5018 0.5
      vertex 220.786 66.5018 0
      vertex 222.157 66.5018 0
    endloop
  endfacet
  facet normal 1 -0 0
    outer loop
      vertex 220.786 62.9582 0.5
      vertex 220.786 66.5018 0
      vertex 220.786 66.5018 0.5
    endloop
  endfacet
  facet normal 1 0 0
    outer loop
      vertex 220.786 66.5018 0
      vertex 220.786 62.9582 0.5
      vertex 220.786 62.9582 0
    endloop
  endfacet
  facet normal 0 1 -0
    outer loop
      vertex 222.302 62.9582 0
      vertex 220.786 62.9582 0.5
      vertex 222.302 62.9582 0.5
    endloop
  endfacet
  facet normal 0 1 0
    outer loop
      vertex 220.786 62.9582 0.5
      vertex 222.302 62.9582 0
      vertex 220.786 62.9582 0
    endloop
  endfacet
  facet normal -0.0261449 0.999658 0
    outer loop
      vertex 222.497 62.9633 0
      vertex 222.302 62.9582 0.5
      vertex 222.497 62.9633 0.5
    endloop
  endfacet
  facet normal -0.0261449 0.999658 0
    outer loop
      vertex 222.302 62.9582 0.5
      vertex 222.497 62.9633 0
      vertex 222.302 62.9582 0
    endloop
  endfacet
  facet normal -1 0 0
    outer loop
      vertex 221.699 65.131 0
      vertex 221.699 65.8791 0.5
      vertex 221.699 65.8791 0
    endloop
  endfacet
  facet normal -1 -0 0
    outer loop
      vertex 221.699 65.8791 0.5
      vertex 221.699 65.131 0
      vertex 221.699 65.131 0.5
    endloop
  endfacet
  facet normal 0 1 -0
    outer loop
      vertex 222.205 65.8791 0
      vertex 221.699 65.8791 0.5
      vertex 222.205 65.8791 0.5
    endloop
  endfacet
  facet normal 0 1 0
    outer loop
      vertex 221.699 65.8791 0.5
      vertex 222.205 65.8791 0
      vertex 221.699 65.8791 0
    endloop
  endfacet
  facet normal 0.0321867 0.999482 -0
    outer loop
      vertex 222.264 65.8772 0
      vertex 222.205 65.8791 0.5
      vertex 222.264 65.8772 0.5
    endloop
  endfacet
  facet normal 0.0321867 0.999482 0
    outer loop
      vertex 222.205 65.8791 0.5
      vertex 222.264 65.8772 0
      vertex 222.205 65.8791 0
    endloop
  endfacet
  facet normal 0.104777 0.994496 -0
    outer loop
      vertex 222.32 65.8713 0
      vertex 222.264 65.8772 0.5
      vertex 222.32 65.8713 0.5
    endloop
  endfacet
  facet normal 0.104777 0.994496 0
    outer loop
      vertex 222.264 65.8772 0.5
      vertex 222.32 65.8713 0
      vertex 222.264 65.8772 0
    endloop
  endfacet
  facet normal 0.188705 0.982034 -0
    outer loop
      vertex 222.371 65.8615 0
      vertex 222.32 65.8713 0.5
      vertex 222.371 65.8615 0.5
    endloop
  endfacet
  facet normal 0.188705 0.982034 0
    outer loop
      vertex 222.32 65.8713 0.5
      vertex 222.371 65.8615 0
      vertex 222.32 65.8713 0
    endloop
  endfacet
  facet normal 0.279843 0.960046 -0
    outer loop
      vertex 222.418 65.8478 0
      vertex 222.371 65.8615 0.5
      vertex 222.418 65.8478 0.5
    endloop
  endfacet
  facet normal 0.279843 0.960046 0
    outer loop
      vertex 222.371 65.8615 0.5
      vertex 222.418 65.8478 0
      vertex 222.371 65.8615 0
    endloop
  endfacet
  facet normal 0.386486 0.922295 -0
    outer loop
      vertex 222.46 65.8302 0
      vertex 222.418 65.8478 0.5
      vertex 222.46 65.8302 0.5
    endloop
  endfacet
  facet normal 0.386486 0.922295 0
    outer loop
      vertex 222.418 65.8478 0.5
      vertex 222.46 65.8302 0
      vertex 222.418 65.8478 0
    endloop
  endfacet
  facet normal 0.492435 0.870349 -0
    outer loop
      vertex 222.498 65.8087 0
      vertex 222.46 65.8302 0.5
      vertex 222.498 65.8087 0.5
    endloop
  endfacet
  facet normal 0.492435 0.870349 0
    outer loop
      vertex 222.46 65.8302 0.5
      vertex 222.498 65.8087 0
      vertex 222.46 65.8302 0
    endloop
  endfacet
  facet normal 0.6 0.8 -0
    outer loop
      vertex 222.532 65.7832 0
      vertex 222.498 65.8087 0.5
      vertex 222.532 65.7832 0.5
    endloop
  endfacet
  facet normal 0.6 0.8 0
    outer loop
      vertex 222.498 65.8087 0.5
      vertex 222.532 65.7832 0
      vertex 222.498 65.8087 0
    endloop
  endfacet
  facet normal 0.696258 0.717792 -0
    outer loop
      vertex 222.562 65.7541 0
      vertex 222.532 65.7832 0.5
      vertex 222.562 65.7541 0.5
    endloop
  endfacet
  facet normal 0.696258 0.717792 0
    outer loop
      vertex 222.532 65.7832 0.5
      vertex 222.562 65.7541 0
      vertex 222.532 65.7832 0
    endloop
  endfacet
  facet normal 0.794427 0.60736 0
    outer loop
      vertex 222.587 65.7214 0.5
      vertex 222.562 65.7541 0
      vertex 222.562 65.7541 0.5
    endloop
  endfacet
  facet normal 0.794427 0.60736 0
    outer loop
      vertex 222.562 65.7541 0
      vertex 222.587 65.7214 0.5
      vertex 222.587 65.7214 0
    endloop
  endfacet
  facet normal 0.875295 0.483589 0
    outer loop
      vertex 222.607 65.6852 0.5
      vertex 222.587 65.7214 0
      vertex 222.587 65.7214 0.5
    endloop
  endfacet
  facet normal 0.875295 0.483589 0
    outer loop
      vertex 222.587 65.7214 0
      vertex 222.607 65.6852 0.5
      vertex 222.607 65.6852 0
    endloop
  endfacet
  facet normal 0.927832 0.372998 0
    outer loop
      vertex 222.623 65.6454 0.5
      vertex 222.607 65.6852 0
      vertex 222.607 65.6852 0.5
    endloop
  endfacet
  facet normal 0.927832 0.372998 0
    outer loop
      vertex 222.607 65.6852 0
      vertex 222.623 65.6454 0.5
      vertex 222.623 65.6454 0
    endloop
  endfacet
  facet normal 0.963518 0.267644 0
    outer loop
      vertex 222.635 65.6022 0.5
      vertex 222.623 65.6454 0
      vertex 222.623 65.6454 0.5
    endloop
  endfacet
  facet normal 0.963518 0.267644 0
    outer loop
      vertex 222.623 65.6454 0
      vertex 222.635 65.6022 0.5
      vertex 222.635 65.6022 0
    endloop
  endfacet
  facet normal 0.988998 0.147927 0
    outer loop
      vertex 222.642 65.5554 0.5
      vertex 222.635 65.6022 0
      vertex 222.635 65.6022 0.5
    endloop
  endfacet
  facet normal 0.988998 0.147927 0
    outer loop
      vertex 222.635 65.6022 0
      vertex 222.642 65.5554 0.5
      vertex 222.642 65.5554 0
    endloop
  endfacet
  facet normal 0.999214 0.0396513 0
    outer loop
      vertex 222.644 65.505 0.5
      vertex 222.642 65.5554 0
      vertex 222.642 65.5554 0.5
    endloop
  endfacet
  facet normal 0.999214 0.0396513 0
    outer loop
      vertex 222.642 65.5554 0
      vertex 222.644 65.505 0.5
      vertex 222.644 65.505 0
    endloop
  endfacet
  facet normal 0.999229 -0.0392624 0
    outer loop
      vertex 222.642 65.4541 0.5
      vertex 222.644 65.505 0
      vertex 222.644 65.505 0.5
    endloop
  endfacet
  facet normal 0.999229 -0.0392624 0
    outer loop
      vertex 222.644 65.505 0
      vertex 222.642 65.4541 0.5
      vertex 222.642 65.4541 0
    endloop
  endfacet
  facet normal 0.989226 -0.146397 0
    outer loop
      vertex 222.635 65.4068 0.5
      vertex 222.642 65.4541 0
      vertex 222.642 65.4541 0.5
    endloop
  endfacet
  facet normal 0.989226 -0.146397 0
    outer loop
      vertex 222.642 65.4541 0
      vertex 222.635 65.4068 0.5
      vertex 222.635 65.4068 0
    endloop
  endfacet
  facet normal 0.963993 -0.265929 0
    outer loop
      vertex 222.623 65.3633 0.5
      vertex 222.635 65.4068 0
      vertex 222.635 65.4068 0.5
    endloop
  endfacet
  facet normal 0.963993 -0.265929 0
    outer loop
      vertex 222.635 65.4068 0
      vertex 222.623 65.3633 0.5
      vertex 222.623 65.3633 0
    endloop
  endfacet
  facet normal 0.928155 -0.372193 0
    outer loop
      vertex 222.607 65.3234 0.5
      vertex 222.623 65.3633 0
      vertex 222.623 65.3633 0.5
    endloop
  endfacet
  facet normal 0.928155 -0.372193 0
    outer loop
      vertex 222.623 65.3633 0
      vertex 222.607 65.3234 0.5
      vertex 222.607 65.3234 0
    endloop
  endfacet
  facet normal 0.875859 -0.482567 0
    outer loop
      vertex 222.587 65.2871 0.5
      vertex 222.607 65.3234 0
      vertex 222.607 65.3234 0.5
    endloop
  endfacet
  facet normal 0.875859 -0.482567 0
    outer loop
      vertex 222.607 65.3234 0
      vertex 222.587 65.2871 0.5
      vertex 222.587 65.2871 0
    endloop
  endfacet
  facet normal 0.793528 -0.608534 0
    outer loop
      vertex 222.562 65.2545 0.5
      vertex 222.587 65.2871 0
      vertex 222.587 65.2871 0.5
    endloop
  endfacet
  facet normal 0.793528 -0.608534 0
    outer loop
      vertex 222.587 65.2871 0
      vertex 222.562 65.2545 0.5
      vertex 222.562 65.2545 0
    endloop
  endfacet
  facet normal 0.692532 -0.721387 0
    outer loop
      vertex 222.532 65.2257 0
      vertex 222.562 65.2545 0.5
      vertex 222.532 65.2257 0.5
    endloop
  endfacet
  facet normal 0.692532 -0.721387 0
    outer loop
      vertex 222.562 65.2545 0.5
      vertex 222.532 65.2257 0
      vertex 222.562 65.2545 0
    endloop
  endfacet
  facet normal 0.595454 -0.80339 0
    outer loop
      vertex 222.498 65.2005 0
      vertex 222.532 65.2257 0.5
      vertex 222.498 65.2005 0.5
    endloop
  endfacet
  facet normal 0.595454 -0.80339 0
    outer loop
      vertex 222.532 65.2257 0.5
      vertex 222.498 65.2005 0
      vertex 222.532 65.2257 0
    endloop
  endfacet
  facet normal 0.487203 -0.873289 0
    outer loop
      vertex 222.46 65.1793 0
      vertex 222.498 65.2005 0.5
      vertex 222.46 65.1793 0.5
    endloop
  endfacet
  facet normal 0.487203 -0.873289 0
    outer loop
      vertex 222.498 65.2005 0.5
      vertex 222.46 65.1793 0
      vertex 222.498 65.2005 0
    endloop
  endfacet
  facet normal 0.38274 -0.923856 0
    outer loop
      vertex 222.418 65.1619 0
      vertex 222.46 65.1793 0.5
      vertex 222.418 65.1619 0.5
    endloop
  endfacet
  facet normal 0.38274 -0.923856 0
    outer loop
      vertex 222.46 65.1793 0.5
      vertex 222.418 65.1619 0
      vertex 222.46 65.1793 0
    endloop
  endfacet
  facet normal 0.277959 -0.960593 0
    outer loop
      vertex 222.371 65.1483 0
      vertex 222.418 65.1619 0.5
      vertex 222.371 65.1483 0.5
    endloop
  endfacet
  facet normal 0.277959 -0.960593 0
    outer loop
      vertex 222.418 65.1619 0.5
      vertex 222.371 65.1483 0
      vertex 222.418 65.1619 0
    endloop
  endfacet
  facet normal 0.184987 -0.982741 0
    outer loop
      vertex 222.32 65.1387 0
      vertex 222.371 65.1483 0.5
      vertex 222.32 65.1387 0.5
    endloop
  endfacet
  facet normal 0.184987 -0.982741 0
    outer loop
      vertex 222.371 65.1483 0.5
      vertex 222.32 65.1387 0
      vertex 222.371 65.1483 0
    endloop
  endfacet
  facet normal 0.10302 -0.994679 0
    outer loop
      vertex 222.264 65.1329 0
      vertex 222.32 65.1387 0.5
      vertex 222.264 65.1329 0.5
    endloop
  endfacet
  facet normal 0.10302 -0.994679 0
    outer loop
      vertex 222.32 65.1387 0.5
      vertex 222.264 65.1329 0
      vertex 222.32 65.1387 0
    endloop
  endfacet
  facet normal 0.0321867 -0.999482 0
    outer loop
      vertex 222.205 65.131 0
      vertex 222.264 65.1329 0.5
      vertex 222.205 65.131 0.5
    endloop
  endfacet
  facet normal 0.0321867 -0.999482 0
    outer loop
      vertex 222.264 65.1329 0.5
      vertex 222.205 65.131 0
      vertex 222.264 65.1329 0
    endloop
  endfacet
  facet normal 0 -1 0
    outer loop
      vertex 221.699 65.131 0
      vertex 222.205 65.131 0.5
      vertex 221.699 65.131 0.5
    endloop
  endfacet
  facet normal 0 -1 -0
    outer loop
      vertex 222.205 65.131 0.5
      vertex 221.699 65.131 0
      vertex 222.205 65.131 0
    endloop
  endfacet
  facet normal -1 0 0
    outer loop
      vertex 221.699 63.5809 0
      vertex 221.699 64.5082 0.5
      vertex 221.699 64.5082 0
    endloop
  endfacet
  facet normal -1 -0 0
    outer loop
      vertex 221.699 64.5082 0.5
      vertex 221.699 63.5809 0
      vertex 221.699 63.5809 0.5
    endloop
  endfacet
  facet normal 0 1 -0
    outer loop
      vertex 222.236 64.5082 0
      vertex 221.699 64.5082 0.5
      vertex 222.236 64.5082 0.5
    endloop
  endfacet
  facet normal 0 1 0
    outer loop
      vertex 221.699 64.5082 0.5
      vertex 222.236 64.5082 0
      vertex 221.699 64.5082 0
    endloop
  endfacet
  facet normal 0.0302493 0.999542 -0
    outer loop
      vertex 222.312 64.5059 0
      vertex 222.236 64.5082 0.5
      vertex 222.312 64.5059 0.5
    endloop
  endfacet
  facet normal 0.0302493 0.999542 0
    outer loop
      vertex 222.236 64.5082 0.5
      vertex 222.312 64.5059 0
      vertex 222.236 64.5082 0
    endloop
  endfacet
  facet normal 0.0981158 0.995175 -0
    outer loop
      vertex 222.383 64.4989 0
      vertex 222.312 64.5059 0.5
      vertex 222.383 64.4989 0.5
    endloop
  endfacet
  facet normal 0.0981158 0.995175 0
    outer loop
      vertex 222.312 64.5059 0.5
      vertex 222.383 64.4989 0
      vertex 222.312 64.5059 0
    endloop
  endfacet
  facet normal 0.178619 0.983918 -0
    outer loop
      vertex 222.448 64.4871 0
      vertex 222.383 64.4989 0.5
      vertex 222.448 64.4871 0.5
    endloop
  endfacet
  facet normal 0.178619 0.983918 0
    outer loop
      vertex 222.383 64.4989 0.5
      vertex 222.448 64.4871 0
      vertex 222.383 64.4989 0
    endloop
  endfacet
  facet normal 0.267812 0.963471 -0
    outer loop
      vertex 222.507 64.4707 0
      vertex 222.448 64.4871 0.5
      vertex 222.507 64.4707 0.5
    endloop
  endfacet
  facet normal 0.267812 0.963471 0
    outer loop
      vertex 222.448 64.4871 0.5
      vertex 222.507 64.4707 0
      vertex 222.448 64.4871 0
    endloop
  endfacet
  facet normal 0.365439 0.930835 -0
    outer loop
      vertex 222.561 64.4495 0
      vertex 222.507 64.4707 0.5
      vertex 222.561 64.4495 0.5
    endloop
  endfacet
  facet normal 0.365439 0.930835 0
    outer loop
      vertex 222.507 64.4707 0.5
      vertex 222.561 64.4495 0
      vertex 222.507 64.4707 0
    endloop
  endfacet
  facet normal 0.473443 0.880824 -0
    outer loop
      vertex 222.609 64.4237 0
      vertex 222.561 64.4495 0.5
      vertex 222.609 64.4237 0.5
    endloop
  endfacet
  facet normal 0.473443 0.880824 0
    outer loop
      vertex 222.561 64.4495 0.5
      vertex 222.609 64.4237 0
      vertex 222.561 64.4495 0
    endloop
  endfacet
  facet normal 0.587599 0.809152 -0
    outer loop
      vertex 222.651 64.3932 0
      vertex 222.609 64.4237 0.5
      vertex 222.651 64.3932 0.5
    endloop
  endfacet
  facet normal 0.587599 0.809152 0
    outer loop
      vertex 222.609 64.4237 0.5
      vertex 222.651 64.3932 0
      vertex 222.609 64.4237 0
    endloop
  endfacet
  facet normal 0.689264 0.72451 -0
    outer loop
      vertex 222.688 64.358 0
      vertex 222.651 64.3932 0.5
      vertex 222.688 64.358 0.5
    endloop
  endfacet
  facet normal 0.689264 0.72451 0
    outer loop
      vertex 222.651 64.3932 0.5
      vertex 222.688 64.358 0
      vertex 222.651 64.3932 0
    endloop
  endfacet
  facet normal 0.799278 0.600961 0
    outer loop
      vertex 222.718 64.3181 0.5
      vertex 222.688 64.358 0
      vertex 222.688 64.358 0.5
    endloop
  endfacet
  facet normal 0.799278 0.600961 0
    outer loop
      vertex 222.688 64.358 0
      vertex 222.718 64.3181 0.5
      vertex 222.718 64.3181 0
    endloop
  endfacet
  facet normal 0.863919 0.50363 0
    outer loop
      vertex 222.744 64.2735 0.5
      vertex 222.718 64.3181 0
      vertex 222.718 64.3181 0.5
    endloop
  endfacet
  facet normal 0.863919 0.50363 0
    outer loop
      vertex 222.718 64.3181 0
      vertex 222.744 64.2735 0.5
      vertex 222.744 64.2735 0
    endloop
  endfacet
  facet normal 0.933101 0.359613 0
    outer loop
      vertex 222.763 64.2242 0.5
      vertex 222.744 64.2735 0
      vertex 222.744 64.2735 0.5
    endloop
  endfacet
  facet normal 0.933101 0.359613 0
    outer loop
      vertex 222.744 64.2735 0
      vertex 222.763 64.2242 0.5
      vertex 222.763 64.2242 0
    endloop
  endfacet
  facet normal 0.967997 0.250962 0
    outer loop
      vertex 222.777 64.1702 0.5
      vertex 222.763 64.2242 0
      vertex 222.763 64.2242 0.5
    endloop
  endfacet
  facet normal 0.967997 0.250962 0
    outer loop
      vertex 222.763 64.2242 0
      vertex 222.777 64.1702 0.5
      vertex 222.777 64.1702 0
    endloop
  endfacet
  facet normal 0.988449 0.151551 0
    outer loop
      vertex 222.786 64.1115 0.5
      vertex 222.777 64.1702 0
      vertex 222.777 64.1702 0.5
    endloop
  endfacet
  facet normal 0.988449 0.151551 0
    outer loop
      vertex 222.777 64.1702 0
      vertex 222.786 64.1115 0.5
      vertex 222.786 64.1115 0
    endloop
  endfacet
  facet normal 0.998882 0.0472657 0
    outer loop
      vertex 222.789 64.0481 0.5
      vertex 222.786 64.1115 0
      vertex 222.786 64.1115 0.5
    endloop
  endfacet
  facet normal 0.998882 0.0472657 0
    outer loop
      vertex 222.786 64.1115 0
      vertex 222.789 64.0481 0.5
      vertex 222.789 64.0481 0
    endloop
  endfacet
  facet normal 0.998923 -0.0463896 0
    outer loop
      vertex 222.786 63.9835 0.5
      vertex 222.789 64.0481 0
      vertex 222.789 64.0481 0.5
    endloop
  endfacet
  facet normal 0.998923 -0.0463896 0
    outer loop
      vertex 222.789 64.0481 0
      vertex 222.786 63.9835 0.5
      vertex 222.786 63.9835 0
    endloop
  endfacet
  facet normal 0.9889 -0.148583 0
    outer loop
      vertex 222.777 63.9236 0.5
      vertex 222.786 63.9835 0
      vertex 222.786 63.9835 0.5
    endloop
  endfacet
  facet normal 0.9889 -0.148583 0
    outer loop
      vertex 222.786 63.9835 0
      vertex 222.777 63.9236 0.5
      vertex 222.777 63.9236 0
    endloop
  endfacet
  facet normal 0.969097 -0.246679 0
    outer loop
      vertex 222.763 63.8686 0.5
      vertex 222.777 63.9236 0
      vertex 222.777 63.9236 0.5
    endloop
  endfacet
  facet normal 0.969097 -0.246679 0
    outer loop
      vertex 222.777 63.9236 0
      vertex 222.763 63.8686 0.5
      vertex 222.763 63.8686 0
    endloop
  endfacet
  facet normal 0.928732 -0.370751 0
    outer loop
      vertex 222.743 63.8185 0.5
      vertex 222.763 63.8686 0
      vertex 222.763 63.8686 0.5
    endloop
  endfacet
  facet normal 0.928732 -0.370751 0
    outer loop
      vertex 222.763 63.8686 0
      vertex 222.743 63.8185 0.5
      vertex 222.743 63.8185 0
    endloop
  endfacet
  facet normal 0.875521 -0.48318 0
    outer loop
      vertex 222.718 63.7732 0.5
      vertex 222.743 63.8185 0
      vertex 222.743 63.8185 0.5
    endloop
  endfacet
  facet normal 0.875521 -0.48318 0
    outer loop
      vertex 222.743 63.8185 0
      vertex 222.718 63.7732 0.5
      vertex 222.718 63.7732 0
    endloop
  endfacet
  facet normal 0.794079 -0.607814 0
    outer loop
      vertex 222.687 63.7327 0.5
      vertex 222.718 63.7732 0
      vertex 222.718 63.7732 0.5
    endloop
  endfacet
  facet normal 0.794079 -0.607814 0
    outer loop
      vertex 222.718 63.7732 0
      vertex 222.687 63.7327 0.5
      vertex 222.687 63.7327 0
    endloop
  endfacet
  facet normal 0.693342 -0.720608 0
    outer loop
      vertex 222.65 63.6971 0
      vertex 222.687 63.7327 0.5
      vertex 222.65 63.6971 0.5
    endloop
  endfacet
  facet normal 0.693342 -0.720608 0
    outer loop
      vertex 222.687 63.7327 0.5
      vertex 222.65 63.6971 0
      vertex 222.687 63.7327 0
    endloop
  endfacet
  facet normal 0.582311 -0.812966 0
    outer loop
      vertex 222.607 63.6663 0
      vertex 222.65 63.6971 0.5
      vertex 222.607 63.6663 0.5
    endloop
  endfacet
  facet normal 0.582311 -0.812966 0
    outer loop
      vertex 222.65 63.6971 0.5
      vertex 222.607 63.6663 0
      vertex 222.65 63.6971 0
    endloop
  endfacet
  facet normal 0.477698 -0.878524 0
    outer loop
      vertex 222.559 63.6402 0
      vertex 222.607 63.6663 0.5
      vertex 222.559 63.6402 0.5
    endloop
  endfacet
  facet normal 0.477698 -0.878524 0
    outer loop
      vertex 222.607 63.6663 0.5
      vertex 222.559 63.6402 0
      vertex 222.607 63.6663 0
    endloop
  endfacet
  facet normal 0.374405 -0.927265 0
    outer loop
      vertex 222.506 63.6188 0
      vertex 222.559 63.6402 0.5
      vertex 222.506 63.6188 0.5
    endloop
  endfacet
  facet normal 0.374405 -0.927265 0
    outer loop
      vertex 222.559 63.6402 0.5
      vertex 222.506 63.6188 0
      vertex 222.559 63.6402 0
    endloop
  endfacet
  facet normal 0.27084 -0.962624 0
    outer loop
      vertex 222.447 63.6022 0
      vertex 222.506 63.6188 0.5
      vertex 222.447 63.6022 0.5
    endloop
  endfacet
  facet normal 0.27084 -0.962624 0
    outer loop
      vertex 222.506 63.6188 0.5
      vertex 222.447 63.6022 0
      vertex 222.506 63.6188 0
    endloop
  endfacet
  facet normal 0.178619 -0.983918 0
    outer loop
      vertex 222.382 63.5904 0
      vertex 222.447 63.6022 0.5
      vertex 222.382 63.5904 0.5
    endloop
  endfacet
  facet normal 0.178619 -0.983918 0
    outer loop
      vertex 222.447 63.6022 0.5
      vertex 222.382 63.5904 0
      vertex 222.447 63.6022 0
    endloop
  endfacet
  facet normal 0.100911 -0.994895 0
    outer loop
      vertex 222.312 63.5833 0
      vertex 222.382 63.5904 0.5
      vertex 222.312 63.5833 0.5
    endloop
  endfacet
  facet normal 0.100911 -0.994895 0
    outer loop
      vertex 222.382 63.5904 0.5
      vertex 222.312 63.5833 0
      vertex 222.382 63.5904 0
    endloop
  endfacet
  facet normal 0.0315632 -0.999502 0
    outer loop
      vertex 222.236 63.5809 0
      vertex 222.312 63.5833 0.5
      vertex 222.236 63.5809 0.5
    endloop
  endfacet
  facet normal 0.0315632 -0.999502 0
    outer loop
      vertex 222.312 63.5833 0.5
      vertex 222.236 63.5809 0
      vertex 222.312 63.5833 0
    endloop
  endfacet
  facet normal 0 -1 0
    outer loop
      vertex 221.699 63.5809 0
      vertex 222.236 63.5809 0.5
      vertex 221.699 63.5809 0.5
    endloop
  endfacet
  facet normal 0 -1 -0
    outer loop
      vertex 222.236 63.5809 0.5
      vertex 221.699 63.5809 0
      vertex 222.236 63.5809 0
    endloop
  endfacet
  facet normal -0.0846946 0.996407 0
    outer loop
      vertex 209.267 6.97125 0
      vertex 209.041 6.95204 0.5
      vertex 209.267 6.97125 0.5
    endloop
  endfacet
  facet normal -0.0846946 0.996407 0
    outer loop
      vertex 209.041 6.95204 0.5
      vertex 209.267 6.97125 0
      vertex 209.041 6.95204 0
    endloop
  endfacet
  facet normal -0.150642 0.988588 0
    outer loop
      vertex 209.477 7.00325 0
      vertex 209.267 6.97125 0.5
      vertex 209.477 7.00325 0.5
    endloop
  endfacet
  facet normal -0.150642 0.988588 0
    outer loop
      vertex 209.267 6.97125 0.5
      vertex 209.477 7.00325 0
      vertex 209.267 6.97125 0
    endloop
  endfacet
  facet normal -0.227326 0.973819 0
    outer loop
      vertex 209.669 7.04807 0
      vertex 209.477 7.00325 0.5
      vertex 209.669 7.04807 0.5
    endloop
  endfacet
  facet normal -0.227326 0.973819 0
    outer loop
      vertex 209.477 7.00325 0.5
      vertex 209.669 7.04807 0
      vertex 209.477 7.00325 0
    endloop
  endfacet
  facet normal -0.312643 0.949871 0
    outer loop
      vertex 209.844 7.10567 0
      vertex 209.669 7.04807 0.5
      vertex 209.844 7.10567 0.5
    endloop
  endfacet
  facet normal -0.312643 0.949871 0
    outer loop
      vertex 209.669 7.04807 0.5
      vertex 209.844 7.10567 0
      vertex 209.669 7.04807 0
    endloop
  endfacet
  facet normal -0.406997 0.91343 0
    outer loop
      vertex 210.002 7.17607 0
      vertex 209.844 7.10567 0.5
      vertex 210.002 7.17607 0.5
    endloop
  endfacet
  facet normal -0.406997 0.91343 0
    outer loop
      vertex 209.844 7.10567 0.5
      vertex 210.002 7.17607 0
      vertex 209.844 7.10567 0
    endloop
  endfacet
  facet normal -0.51097 0.859599 0
    outer loop
      vertex 210.142 7.25929 0
      vertex 210.002 7.17607 0.5
      vertex 210.142 7.25929 0.5
    endloop
  endfacet
  facet normal -0.51097 0.859599 0
    outer loop
      vertex 210.002 7.17607 0.5
      vertex 210.142 7.25929 0
      vertex 210.002 7.17607 0
    endloop
  endfacet
  facet normal -0.616435 0.787406 0
    outer loop
      vertex 210.264 7.3548 0
      vertex 210.142 7.25929 0.5
      vertex 210.264 7.3548 0.5
    endloop
  endfacet
  facet normal -0.616435 0.787406 0
    outer loop
      vertex 210.142 7.25929 0.5
      vertex 210.264 7.3548 0
      vertex 210.142 7.25929 0
    endloop
  endfacet
  facet normal -0.718095 0.695945 0
    outer loop
      vertex 210.264 7.3548 0
      vertex 210.368 7.46211 0.5
      vertex 210.368 7.46211 0
    endloop
  endfacet
  facet normal -0.718095 0.695945 0
    outer loop
      vertex 210.368 7.46211 0.5
      vertex 210.264 7.3548 0
      vertex 210.264 7.3548 0.5
    endloop
  endfacet
  facet normal -0.817264 0.576263 0
    outer loop
      vertex 210.368 7.46211 0
      vertex 210.452 7.58124 0.5
      vertex 210.452 7.58124 0
    endloop
  endfacet
  facet normal -0.817264 0.576263 0
    outer loop
      vertex 210.452 7.58124 0.5
      vertex 210.368 7.46211 0
      vertex 210.368 7.46211 0.5
    endloop
  endfacet
  facet normal -0.892963 0.45013 0
    outer loop
      vertex 210.452 7.58124 0
      vertex 210.518 7.71217 0.5
      vertex 210.518 7.71217 0
    endloop
  endfacet
  facet normal -0.892963 0.45013 0
    outer loop
      vertex 210.518 7.71217 0.5
      vertex 210.452 7.58124 0
      vertex 210.452 7.58124 0.5
    endloop
  endfacet
  facet normal -0.949822 0.312792 0
    outer loop
      vertex 210.518 7.71217 0
      vertex 210.565 7.85489 0.5
      vertex 210.565 7.85489 0
    endloop
  endfacet
  facet normal -0.949822 0.312792 0
    outer loop
      vertex 210.565 7.85489 0.5
      vertex 210.518 7.71217 0
      vertex 210.518 7.71217 0.5
    endloop
  endfacet
  facet normal -0.982845 0.184434 0
    outer loop
      vertex 210.565 7.85489 0
      vertex 210.594 8.00943 0.5
      vertex 210.594 8.00943 0
    endloop
  endfacet
  facet normal -0.982845 0.184434 0
    outer loop
      vertex 210.594 8.00943 0.5
      vertex 210.565 7.85489 0
      vertex 210.565 7.85489 0.5
    endloop
  endfacet
  facet normal -0.998539 0.054027 0
    outer loop
      vertex 210.594 8.00943 0
      vertex 210.603 8.17577 0.5
      vertex 210.603 8.17577 0
    endloop
  endfacet
  facet normal -0.998539 0.054027 0
    outer loop
      vertex 210.603 8.17577 0.5
      vertex 210.594 8.00943 0
      vertex 210.594 8.00943 0.5
    endloop
  endfacet
  facet normal -0.999371 -0.0354701 0
    outer loop
      vertex 210.603 8.17577 0
      vertex 210.599 8.28847 0.5
      vertex 210.599 8.28847 0
    endloop
  endfacet
  facet normal -0.999371 -0.0354701 0
    outer loop
      vertex 210.599 8.28847 0.5
      vertex 210.603 8.17577 0
      vertex 210.603 8.17577 0.5
    endloop
  endfacet
  facet normal -0.992685 -0.120731 0
    outer loop
      vertex 210.599 8.28847 0
      vertex 210.586 8.39536 0.5
      vertex 210.586 8.39536 0
    endloop
  endfacet
  facet normal -0.992685 -0.120731 0
    outer loop
      vertex 210.586 8.39536 0.5
      vertex 210.599 8.28847 0
      vertex 210.599 8.28847 0.5
    endloop
  endfacet
  facet normal -0.977111 -0.212731 0
    outer loop
      vertex 210.586 8.39536 0
      vertex 210.564 8.49641 0.5
      vertex 210.564 8.49641 0
    endloop
  endfacet
  facet normal -0.977111 -0.212731 0
    outer loop
      vertex 210.564 8.49641 0.5
      vertex 210.586 8.39536 0
      vertex 210.586 8.39536 0.5
    endloop
  endfacet
  facet normal -0.953791 -0.30047 0
    outer loop
      vertex 210.564 8.49641 0
      vertex 210.534 8.59164 0.5
      vertex 210.534 8.59164 0
    endloop
  endfacet
  facet normal -0.953791 -0.30047 0
    outer loop
      vertex 210.534 8.59164 0.5
      vertex 210.564 8.49641 0
      vertex 210.564 8.49641 0.5
    endloop
  endfacet
  facet normal -0.912866 -0.408259 0
    outer loop
      vertex 210.534 8.59164 0
      vertex 210.494 8.68108 0.5
      vertex 210.494 8.68108 0
    endloop
  endfacet
  facet normal -0.912866 -0.408259 0
    outer loop
      vertex 210.494 8.68108 0.5
      vertex 210.534 8.59164 0
      vertex 210.534 8.59164 0.5
    endloop
  endfacet
  facet normal -0.871637 -0.490152 0
    outer loop
      vertex 210.494 8.68108 0
      vertex 210.447 8.76466 0.5
      vertex 210.447 8.76466 0
    endloop
  endfacet
  facet normal -0.871637 -0.490152 0
    outer loop
      vertex 210.447 8.76466 0.5
      vertex 210.494 8.68108 0
      vertex 210.494 8.68108 0.5
    endloop
  endfacet
  facet normal -0.806632 -0.591053 0
    outer loop
      vertex 210.447 8.76466 0
      vertex 210.39 8.84245 0.5
      vertex 210.39 8.84245 0
    endloop
  endfacet
  facet normal -0.806632 -0.591053 0
    outer loop
      vertex 210.39 8.84245 0.5
      vertex 210.447 8.76466 0
      vertex 210.447 8.76466 0.5
    endloop
  endfacet
  facet normal -0.740735 -0.671798 0
    outer loop
      vertex 210.39 8.84245 0
      vertex 210.325 8.91412 0.5
      vertex 210.325 8.91412 0
    endloop
  endfacet
  facet normal -0.740735 -0.671798 0
    outer loop
      vertex 210.325 8.91412 0.5
      vertex 210.39 8.84245 0
      vertex 210.39 8.84245 0.5
    endloop
  endfacet
  facet normal -0.666875 -0.745169 0
    outer loop
      vertex 210.252 8.97945 0
      vertex 210.325 8.91412 0.5
      vertex 210.252 8.97945 0.5
    endloop
  endfacet
  facet normal -0.666875 -0.745169 -0
    outer loop
      vertex 210.325 8.91412 0.5
      vertex 210.252 8.97945 0
      vertex 210.325 8.91412 0
    endloop
  endfacet
  facet normal -0.588178 -0.808732 0
    outer loop
      vertex 210.171 9.03836 0
      vertex 210.252 8.97945 0.5
      vertex 210.171 9.03836 0.5
    endloop
  endfacet
  facet normal -0.588178 -0.808732 -0
    outer loop
      vertex 210.252 8.97945 0.5
      vertex 210.171 9.03836 0
      vertex 210.252 8.97945 0
    endloop
  endfacet
  facet normal -0.512845 -0.858481 0
    outer loop
      vertex 210.083 9.09093 0
      vertex 210.171 9.03836 0.5
      vertex 210.083 9.09093 0.5
    endloop
  endfacet
  facet normal -0.512845 -0.858481 -0
    outer loop
      vertex 210.171 9.03836 0.5
      vertex 210.083 9.09093 0
      vertex 210.171 9.03836 0
    endloop
  endfacet
  facet normal -0.42993 -0.902862 0
    outer loop
      vertex 209.986 9.13712 0
      vertex 210.083 9.09093 0.5
      vertex 209.986 9.13712 0.5
    endloop
  endfacet
  facet normal -0.42993 -0.902862 -0
    outer loop
      vertex 210.083 9.09093 0.5
      vertex 209.986 9.13712 0
      vertex 210.083 9.09093 0
    endloop
  endfacet
  facet normal -0.354595 -0.93502 0
    outer loop
      vertex 209.881 9.17694 0
      vertex 209.986 9.13712 0.5
      vertex 209.881 9.17694 0.5
    endloop
  endfacet
  facet normal -0.354595 -0.93502 -0
    outer loop
      vertex 209.986 9.13712 0.5
      vertex 209.881 9.17694 0
      vertex 209.986 9.13712 0
    endloop
  endfacet
  facet normal -0.283843 -0.958871 0
    outer loop
      vertex 209.768 9.21039 0
      vertex 209.881 9.17694 0.5
      vertex 209.768 9.21039 0.5
    endloop
  endfacet
  facet normal -0.283843 -0.958871 -0
    outer loop
      vertex 209.881 9.17694 0.5
      vertex 209.768 9.21039 0
      vertex 209.881 9.17694 0
    endloop
  endfacet
  facet normal -0.276681 0.960962 0
    outer loop
      vertex 209.869 9.23947 0
      vertex 209.768 9.21039 0.5
      vertex 209.869 9.23947 0.5
    endloop
  endfacet
  facet normal -0.276681 0.960962 0
    outer loop
      vertex 209.768 9.21039 0.5
      vertex 209.869 9.23947 0
      vertex 209.768 9.21039 0
    endloop
  endfacet
  facet normal -0.348338 0.937369 0
    outer loop
      vertex 209.962 9.27403 0
      vertex 209.869 9.23947 0.5
      vertex 209.962 9.27403 0.5
    endloop
  endfacet
  facet normal -0.348338 0.937369 0
    outer loop
      vertex 209.869 9.23947 0.5
      vertex 209.962 9.27403 0
      vertex 209.869 9.23947 0
    endloop
  endfacet
  facet normal -0.418078 0.908411 0
    outer loop
      vertex 210.049 9.31407 0
      vertex 209.962 9.27403 0.5
      vertex 210.049 9.31407 0.5
    endloop
  endfacet
  facet normal -0.418078 0.908411 0
    outer loop
      vertex 209.962 9.27403 0.5
      vertex 210.049 9.31407 0
      vertex 209.962 9.27403 0
    endloop
  endfacet
  facet normal -0.499254 0.866456 0
    outer loop
      vertex 210.128 9.35959 0
      vertex 210.049 9.31407 0.5
      vertex 210.128 9.35959 0.5
    endloop
  endfacet
  facet normal -0.499254 0.866456 0
    outer loop
      vertex 210.049 9.31407 0.5
      vertex 210.128 9.35959 0
      vertex 210.049 9.31407 0
    endloop
  endfacet
  facet normal -0.583325 0.812239 0
    outer loop
      vertex 210.199 9.41058 0
      vertex 210.128 9.35959 0.5
      vertex 210.199 9.41058 0.5
    endloop
  endfacet
  facet normal -0.583325 0.812239 0
    outer loop
      vertex 210.128 9.35959 0.5
      vertex 210.199 9.41058 0
      vertex 210.128 9.35959 0
    endloop
  endfacet
  facet normal -0.65577 0.75496 0
    outer loop
      vertex 210.264 9.46704 0
      vertex 210.199 9.41058 0.5
      vertex 210.264 9.46704 0.5
    endloop
  endfacet
  facet normal -0.65577 0.75496 0
    outer loop
      vertex 210.199 9.41058 0.5
      vertex 210.264 9.46704 0
      vertex 210.199 9.41058 0
    endloop
  endfacet
  facet normal -0.735895 0.677095 0
    outer loop
      vertex 210.264 9.46704 0
      vertex 210.321 9.52899 0.5
      vertex 210.321 9.52899 0
    endloop
  endfacet
  facet normal -0.735895 0.677095 0
    outer loop
      vertex 210.321 9.52899 0.5
      vertex 210.264 9.46704 0
      vertex 210.264 9.46704 0.5
    endloop
  endfacet
  facet normal -0.802796 0.596254 0
    outer loop
      vertex 210.321 9.52899 0
      vertex 210.371 9.59631 0.5
      vertex 210.371 9.59631 0
    endloop
  endfacet
  facet normal -0.802796 0.596254 0
    outer loop
      vertex 210.371 9.59631 0.5
      vertex 210.321 9.52899 0
      vertex 210.321 9.52899 0.5
    endloop
  endfacet
  facet normal -0.86556 0.500806 0
    outer loop
      vertex 210.371 9.59631 0
      vertex 210.413 9.6689 0.5
      vertex 210.413 9.6689 0
    endloop
  endfacet
  facet normal -0.86556 0.500806 0
    outer loop
      vertex 210.413 9.6689 0.5
      vertex 210.371 9.59631 0
      vertex 210.371 9.59631 0.5
    endloop
  endfacet
  facet normal -0.916376 0.400318 0
    outer loop
      vertex 210.413 9.6689 0
      vertex 210.447 9.74673 0.5
      vertex 210.447 9.74673 0
    endloop
  endfacet
  facet normal -0.916376 0.400318 0
    outer loop
      vertex 210.447 9.74673 0.5
      vertex 210.413 9.6689 0
      vertex 210.413 9.6689 0.5
    endloop
  endfacet
  facet normal -0.951048 0.309042 0
    outer loop
      vertex 210.447 9.74673 0
      vertex 210.474 9.82982 0.5
      vertex 210.474 9.82982 0
    endloop
  endfacet
  facet normal -0.951048 0.309042 0
    outer loop
      vertex 210.474 9.82982 0.5
      vertex 210.447 9.74673 0
      vertex 210.447 9.74673 0.5
    endloop
  endfacet
  facet normal -0.977648 0.210247 0
    outer loop
      vertex 210.474 9.82982 0
      vertex 210.493 9.91817 0.5
      vertex 210.493 9.91817 0
    endloop
  endfacet
  facet normal -0.977648 0.210247 0
    outer loop
      vertex 210.493 9.91817 0.5
      vertex 210.474 9.82982 0
      vertex 210.474 9.82982 0.5
    endloop
  endfacet
  facet normal -0.993169 0.116681 0
    outer loop
      vertex 210.493 9.91817 0
      vertex 210.504 10.0118 0.5
      vertex 210.504 10.0118 0
    endloop
  endfacet
  facet normal -0.993169 0.116681 0
    outer loop
      vertex 210.504 10.0118 0.5
      vertex 210.493 9.91817 0
      vertex 210.493 9.91817 0.5
    endloop
  endfacet
  facet normal -0.999181 0.0404527 0
    outer loop
      vertex 210.504 10.0118 0
      vertex 210.508 10.1106 0.5
      vertex 210.508 10.1106 0
    endloop
  endfacet
  facet normal -0.999181 0.0404527 0
    outer loop
      vertex 210.508 10.1106 0.5
      vertex 210.504 10.0118 0
      vertex 210.504 10.0118 0.5
    endloop
  endfacet
  facet normal -0.998447 -0.0557014 0
    outer loop
      vertex 210.508 10.1106 0
      vertex 210.5 10.254 0.5
      vertex 210.5 10.254 0
    endloop
  endfacet
  facet normal -0.998447 -0.0557014 0
    outer loop
      vertex 210.5 10.254 0.5
      vertex 210.508 10.1106 0
      vertex 210.508 10.1106 0.5
    endloop
  endfacet
  facet normal -0.984059 -0.177842 0
    outer loop
      vertex 210.5 10.254 0
      vertex 210.476 10.3868 0.5
      vertex 210.476 10.3868 0
    endloop
  endfacet
  facet normal -0.984059 -0.177842 0
    outer loop
      vertex 210.476 10.3868 0.5
      vertex 210.5 10.254 0
      vertex 210.5 10.254 0.5
    endloop
  endfacet
  facet normal -0.95023 -0.311551 0
    outer loop
      vertex 210.476 10.3868 0
      vertex 210.436 10.5088 0.5
      vertex 210.436 10.5088 0
    endloop
  endfacet
  facet normal -0.95023 -0.311551 0
    outer loop
      vertex 210.436 10.5088 0.5
      vertex 210.476 10.3868 0
      vertex 210.476 10.3868 0.5
    endloop
  endfacet
  facet normal -0.893463 -0.449137 0
    outer loop
      vertex 210.436 10.5088 0
      vertex 210.38 10.6202 0.5
      vertex 210.38 10.6202 0
    endloop
  endfacet
  facet normal -0.893463 -0.449137 0
    outer loop
      vertex 210.38 10.6202 0.5
      vertex 210.436 10.5088 0
      vertex 210.436 10.5088 0.5
    endloop
  endfacet
  facet normal -0.81346 -0.58162 0
    outer loop
      vertex 210.38 10.6202 0
      vertex 210.308 10.7209 0.5
      vertex 210.308 10.7209 0
    endloop
  endfacet
  facet normal -0.81346 -0.58162 0
    outer loop
      vertex 210.308 10.7209 0.5
      vertex 210.38 10.6202 0
      vertex 210.38 10.6202 0.5
    endloop
  endfacet
  facet normal -0.715007 -0.699118 0
    outer loop
      vertex 210.308 10.7209 0
      vertex 210.22 10.8109 0.5
      vertex 210.22 10.8109 0
    endloop
  endfacet
  facet normal -0.715007 -0.699118 0
    outer loop
      vertex 210.22 10.8109 0.5
      vertex 210.308 10.7209 0
      vertex 210.308 10.7209 0.5
    endloop
  endfacet
  facet normal -0.606343 -0.795203 0
    outer loop
      vertex 210.116 10.8902 0
      vertex 210.22 10.8109 0.5
      vertex 210.116 10.8902 0.5
    endloop
  endfacet
  facet normal -0.606343 -0.795203 -0
    outer loop
      vertex 210.22 10.8109 0.5
      vertex 210.116 10.8902 0
      vertex 210.22 10.8109 0
    endloop
  endfacet
  facet normal -0.49684 -0.867842 0
    outer loop
      vertex 209.996 10.9589 0
      vertex 210.116 10.8902 0.5
      vertex 209.996 10.9589 0.5
    endloop
  endfacet
  facet normal -0.49684 -0.867842 -0
    outer loop
      vertex 210.116 10.8902 0.5
      vertex 209.996 10.9589 0
      vertex 210.116 10.8902 0
    endloop
  endfacet
  facet normal -0.392858 -0.919599 0
    outer loop
      vertex 209.86 11.017 0
      vertex 209.996 10.9589 0.5
      vertex 209.86 11.017 0.5
    endloop
  endfacet
  facet normal -0.392858 -0.919599 -0
    outer loop
      vertex 209.996 10.9589 0.5
      vertex 209.86 11.017 0
      vertex 209.996 10.9589 0
    endloop
  endfacet
  facet normal -0.297067 -0.954857 0
    outer loop
      vertex 209.707 11.0646 0
      vertex 209.86 11.017 0.5
      vertex 209.707 11.0646 0.5
    endloop
  endfacet
  facet normal -0.297067 -0.954857 -0
    outer loop
      vertex 209.86 11.017 0.5
      vertex 209.707 11.0646 0
      vertex 209.86 11.017 0
    endloop
  endfacet
  facet normal -0.213869 -0.976862 0
    outer loop
      vertex 209.538 11.1016 0
      vertex 209.707 11.0646 0.5
      vertex 209.538 11.1016 0.5
    endloop
  endfacet
  facet normal -0.213869 -0.976862 -0
    outer loop
      vertex 209.707 11.0646 0.5
      vertex 209.538 11.1016 0
      vertex 209.707 11.0646 0
    endloop
  endfacet
  facet normal -0.141272 -0.989971 0
    outer loop
      vertex 209.353 11.128 0
      vertex 209.538 11.1016 0.5
      vertex 209.353 11.128 0.5
    endloop
  endfacet
  facet normal -0.141272 -0.989971 -0
    outer loop
      vertex 209.538 11.1016 0.5
      vertex 209.353 11.128 0
      vertex 209.538 11.1016 0
    endloop
  endfacet
  facet normal -0.0788581 -0.996886 0
    outer loop
      vertex 209.152 11.1439 0
      vertex 209.353 11.128 0.5
      vertex 209.152 11.1439 0.5
    endloop
  endfacet
  facet normal -0.0788581 -0.996886 -0
    outer loop
      vertex 209.353 11.128 0.5
      vertex 209.152 11.1439 0
      vertex 209.353 11.128 0
    endloop
  endfacet
  facet normal -0.0244167 -0.999702 0
    outer loop
      vertex 208.935 11.1492 0
      vertex 209.152 11.1439 0.5
      vertex 208.935 11.1492 0.5
    endloop
  endfacet
  facet normal -0.0244167 -0.999702 -0
    outer loop
      vertex 209.152 11.1439 0.5
      vertex 208.935 11.1492 0
      vertex 209.152 11.1439 0
    endloop
  endfacet
  facet normal 0.0107137 -0.999943 0
    outer loop
      vertex 208.851 11.1483 0
      vertex 208.935 11.1492 0.5
      vertex 208.851 11.1483 0.5
    endloop
  endfacet
  facet normal 0.0107137 -0.999943 0
    outer loop
      vertex 208.935 11.1492 0.5
      vertex 208.851 11.1483 0
      vertex 208.935 11.1492 0
    endloop
  endfacet
  facet normal 0.0321263 -0.999484 0
    outer loop
      vertex 208.767 11.1456 0
      vertex 208.851 11.1483 0.5
      vertex 208.767 11.1456 0.5
    endloop
  endfacet
  facet normal 0.0321263 -0.999484 0
    outer loop
      vertex 208.851 11.1483 0.5
      vertex 208.767 11.1456 0
      vertex 208.851 11.1483 0
    endloop
  endfacet
  facet normal 0.0516955 -0.998663 0
    outer loop
      vertex 208.682 11.1412 0
      vertex 208.767 11.1456 0.5
      vertex 208.682 11.1412 0.5
    endloop
  endfacet
  facet normal 0.0516955 -0.998663 0
    outer loop
      vertex 208.767 11.1456 0.5
      vertex 208.682 11.1412 0
      vertex 208.767 11.1456 0
    endloop
  endfacet
  facet normal 0.0739149 -0.997265 0
    outer loop
      vertex 208.597 11.1349 0
      vertex 208.682 11.1412 0.5
      vertex 208.597 11.1349 0.5
    endloop
  endfacet
  facet normal 0.0739149 -0.997265 0
    outer loop
      vertex 208.682 11.1412 0.5
      vertex 208.597 11.1349 0
      vertex 208.682 11.1412 0
    endloop
  endfacet
  facet normal 0.0914753 -0.995807 0
    outer loop
      vertex 208.511 11.127 0
      vertex 208.597 11.1349 0.5
      vertex 208.511 11.127 0.5
    endloop
  endfacet
  facet normal 0.0914753 -0.995807 0
    outer loop
      vertex 208.597 11.1349 0.5
      vertex 208.511 11.127 0
      vertex 208.597 11.1349 0
    endloop
  endfacet
  facet normal 0.113221 -0.99357 0
    outer loop
      vertex 208.425 11.1172 0
      vertex 208.511 11.127 0.5
      vertex 208.425 11.1172 0.5
    endloop
  endfacet
  facet normal 0.113221 -0.99357 0
    outer loop
      vertex 208.511 11.127 0.5
      vertex 208.425 11.1172 0
      vertex 208.511 11.127 0
    endloop
  endfacet
  facet normal 0.132164 -0.991228 0
    outer loop
      vertex 208.338 11.1056 0
      vertex 208.425 11.1172 0.5
      vertex 208.338 11.1056 0.5
    endloop
  endfacet
  facet normal 0.132164 -0.991228 0
    outer loop
      vertex 208.425 11.1172 0.5
      vertex 208.338 11.1056 0
      vertex 208.425 11.1172 0
    endloop
  endfacet
  facet normal 0.151118 -0.988516 0
    outer loop
      vertex 208.251 11.0923 0
      vertex 208.338 11.1056 0.5
      vertex 208.251 11.0923 0.5
    endloop
  endfacet
  facet normal 0.151118 -0.988516 0
    outer loop
      vertex 208.338 11.1056 0.5
      vertex 208.251 11.0923 0
      vertex 208.338 11.1056 0
    endloop
  endfacet
  facet normal 0.171007 -0.98527 0
    outer loop
      vertex 208.164 11.0772 0
      vertex 208.251 11.0923 0.5
      vertex 208.164 11.0772 0.5
    endloop
  endfacet
  facet normal 0.171007 -0.98527 0
    outer loop
      vertex 208.251 11.0923 0.5
      vertex 208.164 11.0772 0
      vertex 208.251 11.0923 0
    endloop
  endfacet
  facet normal 0.190688 -0.981651 0
    outer loop
      vertex 208.077 11.0603 0
      vertex 208.164 11.0772 0.5
      vertex 208.077 11.0603 0.5
    endloop
  endfacet
  facet normal 0.190688 -0.981651 0
    outer loop
      vertex 208.164 11.0772 0.5
      vertex 208.077 11.0603 0
      vertex 208.164 11.0772 0
    endloop
  endfacet
  facet normal 0.206795 -0.978384 0
    outer loop
      vertex 207.989 11.0417 0
      vertex 208.077 11.0603 0.5
      vertex 207.989 11.0417 0.5
    endloop
  endfacet
  facet normal 0.206795 -0.978384 0
    outer loop
      vertex 208.077 11.0603 0.5
      vertex 207.989 11.0417 0
      vertex 208.077 11.0603 0
    endloop
  endfacet
  facet normal 0.22583 -0.974167 0
    outer loop
      vertex 207.901 11.0213 0
      vertex 207.989 11.0417 0.5
      vertex 207.901 11.0213 0.5
    endloop
  endfacet
  facet normal 0.22583 -0.974167 0
    outer loop
      vertex 207.989 11.0417 0.5
      vertex 207.901 11.0213 0
      vertex 207.989 11.0417 0
    endloop
  endfacet
  facet normal 0.244609 -0.969622 0
    outer loop
      vertex 207.813 10.9991 0
      vertex 207.901 11.0213 0.5
      vertex 207.813 10.9991 0.5
    endloop
  endfacet
  facet normal 0.244609 -0.969622 0
    outer loop
      vertex 207.901 11.0213 0.5
      vertex 207.813 10.9991 0
      vertex 207.901 11.0213 0
    endloop
  endfacet
  facet normal 0.263117 -0.964764 0
    outer loop
      vertex 207.725 10.9751 0
      vertex 207.813 10.9991 0.5
      vertex 207.725 10.9751 0.5
    endloop
  endfacet
  facet normal 0.263117 -0.964764 0
    outer loop
      vertex 207.813 10.9991 0.5
      vertex 207.725 10.9751 0
      vertex 207.813 10.9991 0
    endloop
  endfacet
  facet normal 1 -0 0
    outer loop
      vertex 207.725 10.2096 0.5
      vertex 207.725 10.9751 0
      vertex 207.725 10.9751 0.5
    endloop
  endfacet
  facet normal 1 0 0
    outer loop
      vertex 207.725 10.9751 0
      vertex 207.725 10.2096 0.5
      vertex 207.725 10.2096 0
    endloop
  endfacet
  facet normal -0.387662 0.921802 0
    outer loop
      vertex 207.798 10.2403 0
      vertex 207.725 10.2096 0.5
      vertex 207.798 10.2403 0.5
    endloop
  endfacet
  facet normal -0.387662 0.921802 0
    outer loop
      vertex 207.725 10.2096 0.5
      vertex 207.798 10.2403 0
      vertex 207.725 10.2096 0
    endloop
  endfacet
  facet normal -0.363678 0.931525 0
    outer loop
      vertex 207.871 10.2688 0
      vertex 207.798 10.2403 0.5
      vertex 207.871 10.2688 0.5
    endloop
  endfacet
  facet normal -0.363678 0.931525 0
    outer loop
      vertex 207.798 10.2403 0.5
      vertex 207.871 10.2688 0
      vertex 207.798 10.2403 0
    endloop
  endfacet
  facet normal -0.337806 0.941216 0
    outer loop
      vertex 207.944 10.295 0
      vertex 207.871 10.2688 0.5
      vertex 207.944 10.295 0.5
    endloop
  endfacet
  facet normal -0.337806 0.941216 0
    outer loop
      vertex 207.871 10.2688 0.5
      vertex 207.944 10.295 0
      vertex 207.871 10.2688 0
    endloop
  endfacet
  facet normal -0.313495 0.94959 0
    outer loop
      vertex 208.017 10.3191 0
      vertex 207.944 10.295 0.5
      vertex 208.017 10.3191 0.5
    endloop
  endfacet
  facet normal -0.313495 0.94959 0
    outer loop
      vertex 207.944 10.295 0.5
      vertex 208.017 10.3191 0
      vertex 207.944 10.295 0
    endloop
  endfacet
  facet normal -0.282587 0.959242 0
    outer loop
      vertex 208.091 10.3409 0
      vertex 208.017 10.3191 0.5
      vertex 208.091 10.3409 0.5
    endloop
  endfacet
  facet normal -0.282587 0.959242 0
    outer loop
      vertex 208.017 10.3191 0.5
      vertex 208.091 10.3409 0
      vertex 208.017 10.3191 0
    endloop
  endfacet
  facet normal -0.259309 0.965794 0
    outer loop
      vertex 208.164 10.3605 0
      vertex 208.091 10.3409 0.5
      vertex 208.164 10.3605 0.5
    endloop
  endfacet
  facet normal -0.259309 0.965794 0
    outer loop
      vertex 208.091 10.3409 0.5
      vertex 208.164 10.3605 0
      vertex 208.091 10.3409 0
    endloop
  endfacet
  facet normal -0.228893 0.973452 0
    outer loop
      vertex 208.238 10.3779 0
      vertex 208.164 10.3605 0.5
      vertex 208.238 10.3779 0.5
    endloop
  endfacet
  facet normal -0.228893 0.973452 0
    outer loop
      vertex 208.164 10.3605 0.5
      vertex 208.238 10.3779 0
      vertex 208.164 10.3605 0
    endloop
  endfacet
  facet normal -0.202561 0.97927 0
    outer loop
      vertex 208.311 10.393 0
      vertex 208.238 10.3779 0.5
      vertex 208.311 10.393 0.5
    endloop
  endfacet
  facet normal -0.202561 0.97927 0
    outer loop
      vertex 208.238 10.3779 0.5
      vertex 208.311 10.393 0
      vertex 208.238 10.3779 0
    endloop
  endfacet
  facet normal -0.170442 0.985368 0
    outer loop
      vertex 208.385 10.4058 0
      vertex 208.311 10.393 0.5
      vertex 208.385 10.4058 0.5
    endloop
  endfacet
  facet normal -0.170442 0.985368 0
    outer loop
      vertex 208.311 10.393 0.5
      vertex 208.385 10.4058 0
      vertex 208.311 10.393 0
    endloop
  endfacet
  facet normal -0.14237 0.989813 0
    outer loop
      vertex 208.458 10.4163 0
      vertex 208.385 10.4058 0.5
      vertex 208.458 10.4163 0.5
    endloop
  endfacet
  facet normal -0.14237 0.989813 0
    outer loop
      vertex 208.385 10.4058 0.5
      vertex 208.458 10.4163 0
      vertex 208.385 10.4058 0
    endloop
  endfacet
  facet normal -0.111795 0.993731 0
    outer loop
      vertex 208.53 10.4244 0
      vertex 208.458 10.4163 0.5
      vertex 208.53 10.4244 0.5
    endloop
  endfacet
  facet normal -0.111795 0.993731 0
    outer loop
      vertex 208.458 10.4163 0.5
      vertex 208.53 10.4244 0
      vertex 208.458 10.4163 0
    endloop
  endfacet
  facet normal -0.0805592 0.99675 0
    outer loop
      vertex 208.603 10.4303 0
      vertex 208.53 10.4244 0.5
      vertex 208.603 10.4303 0.5
    endloop
  endfacet
  facet normal -0.0805592 0.99675 0
    outer loop
      vertex 208.53 10.4244 0.5
      vertex 208.603 10.4303 0
      vertex 208.53 10.4244 0
    endloop
  endfacet
  facet normal -0.0471697 0.998887 0
    outer loop
      vertex 208.675 10.4337 0
      vertex 208.603 10.4303 0.5
      vertex 208.675 10.4337 0.5
    endloop
  endfacet
  facet normal -0.0471697 0.998887 0
    outer loop
      vertex 208.603 10.4303 0.5
      vertex 208.675 10.4337 0
      vertex 208.603 10.4303 0
    endloop
  endfacet
  facet normal -0.0164361 0.999865 0
    outer loop
      vertex 208.748 10.4349 0
      vertex 208.675 10.4337 0.5
      vertex 208.748 10.4349 0.5
    endloop
  endfacet
  facet normal -0.0164361 0.999865 0
    outer loop
      vertex 208.675 10.4337 0.5
      vertex 208.748 10.4349 0
      vertex 208.675 10.4337 0
    endloop
  endfacet
  facet normal 0.027649 0.999618 -0
    outer loop
      vertex 208.842 10.4323 0
      vertex 208.748 10.4349 0.5
      vertex 208.842 10.4323 0.5
    endloop
  endfacet
  facet normal 0.027649 0.999618 0
    outer loop
      vertex 208.748 10.4349 0.5
      vertex 208.842 10.4323 0
      vertex 208.748 10.4349 0
    endloop
  endfacet
  facet normal 0.0882902 0.996095 -0
    outer loop
      vertex 208.93 10.4245 0
      vertex 208.842 10.4323 0.5
      vertex 208.93 10.4245 0.5
    endloop
  endfacet
  facet normal 0.0882902 0.996095 0
    outer loop
      vertex 208.842 10.4323 0.5
      vertex 208.93 10.4245 0
      vertex 208.842 10.4323 0
    endloop
  endfacet
  facet normal 0.156581 0.987665 -0
    outer loop
      vertex 209.012 10.4115 0
      vertex 208.93 10.4245 0.5
      vertex 209.012 10.4115 0.5
    endloop
  endfacet
  facet normal 0.156581 0.987665 0
    outer loop
      vertex 208.93 10.4245 0.5
      vertex 209.012 10.4115 0
      vertex 208.93 10.4245 0
    endloop
  endfacet
  facet normal 0.231678 0.972792 -0
    outer loop
      vertex 209.088 10.3934 0
      vertex 209.012 10.4115 0.5
      vertex 209.088 10.3934 0.5
    endloop
  endfacet
  facet normal 0.231678 0.972792 0
    outer loop
      vertex 209.012 10.4115 0.5
      vertex 209.088 10.3934 0
      vertex 209.012 10.4115 0
    endloop
  endfacet
  facet normal 0.321164 0.947023 -0
    outer loop
      vertex 209.157 10.37 0
      vertex 209.088 10.3934 0.5
      vertex 209.157 10.37 0.5
    endloop
  endfacet
  facet normal 0.321164 0.947023 0
    outer loop
      vertex 209.088 10.3934 0.5
      vertex 209.157 10.37 0
      vertex 209.088 10.3934 0
    endloop
  endfacet
  facet normal 0.413367 0.910564 -0
    outer loop
      vertex 209.22 10.3414 0
      vertex 209.157 10.37 0.5
      vertex 209.22 10.3414 0.5
    endloop
  endfacet
  facet normal 0.413367 0.910564 0
    outer loop
      vertex 209.157 10.37 0.5
      vertex 209.22 10.3414 0
      vertex 209.157 10.37 0
    endloop
  endfacet
  facet normal 0.510051 0.860144 -0
    outer loop
      vertex 209.277 10.3076 0
      vertex 209.22 10.3414 0.5
      vertex 209.277 10.3076 0.5
    endloop
  endfacet
  facet normal 0.510051 0.860144 0
    outer loop
      vertex 209.22 10.3414 0.5
      vertex 209.277 10.3076 0
      vertex 209.22 10.3414 0
    endloop
  endfacet
  facet normal 0.617822 0.786318 -0
    outer loop
      vertex 209.326 10.2691 0
      vertex 209.277 10.3076 0.5
      vertex 209.326 10.2691 0.5
    endloop
  endfacet
  facet normal 0.617822 0.786318 0
    outer loop
      vertex 209.277 10.3076 0.5
      vertex 209.326 10.2691 0
      vertex 209.277 10.3076 0
    endloop
  endfacet
  facet normal 0.713746 0.700405 0
    outer loop
      vertex 209.368 10.2263 0.5
      vertex 209.326 10.2691 0
      vertex 209.326 10.2691 0.5
    endloop
  endfacet
  facet normal 0.713746 0.700405 0
    outer loop
      vertex 209.326 10.2691 0
      vertex 209.368 10.2263 0.5
      vertex 209.368 10.2263 0
    endloop
  endfacet
  facet normal 0.802651 0.596449 0
    outer loop
      vertex 209.403 10.1792 0.5
      vertex 209.368 10.2263 0
      vertex 209.368 10.2263 0.5
    endloop
  endfacet
  facet normal 0.802651 0.596449 0
    outer loop
      vertex 209.368 10.2263 0
      vertex 209.403 10.1792 0.5
      vertex 209.403 10.1792 0
    endloop
  endfacet
  facet normal 0.892687 0.450677 0
    outer loop
      vertex 209.429 10.1277 0.5
      vertex 209.403 10.1792 0
      vertex 209.403 10.1792 0.5
    endloop
  endfacet
  facet normal 0.892687 0.450677 0
    outer loop
      vertex 209.403 10.1792 0
      vertex 209.429 10.1277 0.5
      vertex 209.429 10.1277 0
    endloop
  endfacet
  facet normal 0.941167 0.337942 0
    outer loop
      vertex 209.449 10.072 0.5
      vertex 209.429 10.1277 0
      vertex 209.429 10.1277 0.5
    endloop
  endfacet
  facet normal 0.941167 0.337942 0
    outer loop
      vertex 209.429 10.1277 0
      vertex 209.449 10.072 0.5
      vertex 209.449 10.072 0
    endloop
  endfacet
  facet normal 0.98366 0.180038 0
    outer loop
      vertex 209.46 10.0119 0.5
      vertex 209.449 10.072 0
      vertex 209.449 10.072 0.5
    endloop
  endfacet
  facet normal 0.98366 0.180038 0
    outer loop
      vertex 209.449 10.072 0
      vertex 209.46 10.0119 0.5
      vertex 209.46 10.0119 0
    endloop
  endfacet
  facet normal 0.998076 0.0620019 0
    outer loop
      vertex 209.464 9.94751 0.5
      vertex 209.46 10.0119 0
      vertex 209.46 10.0119 0.5
    endloop
  endfacet
  facet normal 0.998076 0.0620019 0
    outer loop
      vertex 209.46 10.0119 0
      vertex 209.464 9.94751 0.5
      vertex 209.464 9.94751 0
    endloop
  endfacet
  facet normal 0.998339 -0.0576076 0
    outer loop
      vertex 209.46 9.87819 0.5
      vertex 209.464 9.94751 0
      vertex 209.464 9.94751 0.5
    endloop
  endfacet
  facet normal 0.998339 -0.0576076 0
    outer loop
      vertex 209.464 9.94751 0
      vertex 209.46 9.87819 0.5
      vertex 209.46 9.87819 0
    endloop
  endfacet
  facet normal 0.982909 -0.184094 0
    outer loop
      vertex 209.448 9.81412 0.5
      vertex 209.46 9.87819 0
      vertex 209.46 9.87819 0.5
    endloop
  endfacet
  facet normal 0.982909 -0.184094 0
    outer loop
      vertex 209.46 9.87819 0
      vertex 209.448 9.81412 0.5
      vertex 209.448 9.81412 0
    endloop
  endfacet
  facet normal 0.94675 -0.321969 0
    outer loop
      vertex 209.428 9.75531 0.5
      vertex 209.448 9.81412 0
      vertex 209.448 9.81412 0.5
    endloop
  endfacet
  facet normal 0.94675 -0.321969 0
    outer loop
      vertex 209.448 9.81412 0
      vertex 209.428 9.75531 0.5
      vertex 209.428 9.75531 0
    endloop
  endfacet
  facet normal 0.892989 -0.450078 0
    outer loop
      vertex 209.401 9.70174 0.5
      vertex 209.428 9.75531 0
      vertex 209.428 9.75531 0.5
    endloop
  endfacet
  facet normal 0.892989 -0.450078 0
    outer loop
      vertex 209.428 9.75531 0
      vertex 209.401 9.70174 0.5
      vertex 209.401 9.70174 0
    endloop
  endfacet
  facet normal 0.809923 -0.586536 0
    outer loop
      vertex 209.366 9.65341 0.5
      vertex 209.401 9.70174 0
      vertex 209.401 9.70174 0.5
    endloop
  endfacet
  facet normal 0.809923 -0.586536 0
    outer loop
      vertex 209.401 9.70174 0
      vertex 209.366 9.65341 0.5
      vertex 209.366 9.65341 0
    endloop
  endfacet
  facet normal 0.699514 -0.714619 0
    outer loop
      vertex 209.322 9.61034 0
      vertex 209.366 9.65341 0.5
      vertex 209.322 9.61034 0.5
    endloop
  endfacet
  facet normal 0.699514 -0.714619 0
    outer loop
      vertex 209.366 9.65341 0.5
      vertex 209.322 9.61034 0
      vertex 209.366 9.65341 0
    endloop
  endfacet
  facet normal 0.595758 -0.803164 0
    outer loop
      vertex 209.271 9.57251 0
      vertex 209.322 9.61034 0.5
      vertex 209.271 9.57251 0.5
    endloop
  endfacet
  facet normal 0.595758 -0.803164 0
    outer loop
      vertex 209.322 9.61034 0.5
      vertex 209.271 9.57251 0
      vertex 209.322 9.61034 0
    endloop
  endfacet
  facet normal 0.484535 -0.874772 0
    outer loop
      vertex 209.212 9.53983 0
      vertex 209.271 9.57251 0.5
      vertex 209.212 9.53983 0.5
    endloop
  endfacet
  facet normal 0.484535 -0.874772 0
    outer loop
      vertex 209.271 9.57251 0.5
      vertex 209.212 9.53983 0
      vertex 209.271 9.57251 0
    endloop
  endfacet
  facet normal 0.381478 -0.924378 0
    outer loop
      vertex 209.145 9.51218 0
      vertex 209.212 9.53983 0.5
      vertex 209.145 9.51218 0.5
    endloop
  endfacet
  facet normal 0.381478 -0.924378 0
    outer loop
      vertex 209.212 9.53983 0.5
      vertex 209.145 9.51218 0
      vertex 209.212 9.53983 0
    endloop
  endfacet
  facet normal 0.28538 -0.958414 0
    outer loop
      vertex 209.069 9.48955 0
      vertex 209.145 9.51218 0.5
      vertex 209.069 9.48955 0.5
    endloop
  endfacet
  facet normal 0.28538 -0.958414 0
    outer loop
      vertex 209.145 9.51218 0.5
      vertex 209.069 9.48955 0
      vertex 209.145 9.51218 0
    endloop
  endfacet
  facet normal 0.207549 -0.978225 0
    outer loop
      vertex 208.986 9.47194 0
      vertex 209.069 9.48955 0.5
      vertex 208.986 9.47194 0.5
    endloop
  endfacet
  facet normal 0.207549 -0.978225 0
    outer loop
      vertex 209.069 9.48955 0.5
      vertex 208.986 9.47194 0
      vertex 209.069 9.48955 0
    endloop
  endfacet
  facet normal 0.135373 -0.990795 0
    outer loop
      vertex 208.894 9.45937 0
      vertex 208.986 9.47194 0.5
      vertex 208.894 9.45937 0.5
    endloop
  endfacet
  facet normal 0.135373 -0.990795 0
    outer loop
      vertex 208.986 9.47194 0.5
      vertex 208.894 9.45937 0
      vertex 208.986 9.47194 0
    endloop
  endfacet
  facet normal 0.0751866 -0.997169 0
    outer loop
      vertex 208.794 9.45183 0
      vertex 208.894 9.45937 0.5
      vertex 208.794 9.45183 0.5
    endloop
  endfacet
  facet normal 0.0751866 -0.997169 0
    outer loop
      vertex 208.894 9.45937 0.5
      vertex 208.794 9.45183 0
      vertex 208.894 9.45937 0
    endloop
  endfacet
  facet normal 0.0231131 -0.999733 0
    outer loop
      vertex 208.685 9.44931 0
      vertex 208.794 9.45183 0.5
      vertex 208.685 9.44931 0.5
    endloop
  endfacet
  facet normal 0.0231131 -0.999733 0
    outer loop
      vertex 208.794 9.45183 0.5
      vertex 208.685 9.44931 0
      vertex 208.794 9.45183 0
    endloop
  endfacet
  facet normal 0 -1 0
    outer loop
      vertex 208.246 9.44931 0
      vertex 208.685 9.44931 0.5
      vertex 208.246 9.44931 0.5
    endloop
  endfacet
  facet normal 0 -1 -0
    outer loop
      vertex 208.685 9.44931 0.5
      vertex 208.246 9.44931 0
      vertex 208.685 9.44931 0
    endloop
  endfacet
  facet normal 1 -0 0
    outer loop
      vertex 208.246 8.77605 0.5
      vertex 208.246 9.44931 0
      vertex 208.246 9.44931 0.5
    endloop
  endfacet
  facet normal 1 0 0
    outer loop
      vertex 208.246 9.44931 0
      vertex 208.246 8.77605 0.5
      vertex 208.246 8.77605 0
    endloop
  endfacet
  facet normal 0 1 -0
    outer loop
      vertex 208.664 8.77605 0
      vertex 208.246 8.77605 0.5
      vertex 208.664 8.77605 0.5
    endloop
  endfacet
  facet normal 0 1 0
    outer loop
      vertex 208.246 8.77605 0.5
      vertex 208.664 8.77605 0
      vertex 208.246 8.77605 0
    endloop
  endfacet
  facet normal 0.0239276 0.999714 -0
    outer loop
      vertex 208.786 8.77313 0
      vertex 208.664 8.77605 0.5
      vertex 208.786 8.77313 0.5
    endloop
  endfacet
  facet normal 0.0239276 0.999714 0
    outer loop
      vertex 208.664 8.77605 0.5
      vertex 208.786 8.77313 0
      vertex 208.664 8.77605 0
    endloop
  endfacet
  facet normal 0.0770271 0.997029 -0
    outer loop
      vertex 208.899 8.7644 0
      vertex 208.786 8.77313 0.5
      vertex 208.899 8.7644 0.5
    endloop
  endfacet
  facet normal 0.0770271 0.997029 0
    outer loop
      vertex 208.786 8.77313 0.5
      vertex 208.899 8.7644 0
      vertex 208.786 8.77313 0
    endloop
  endfacet
  facet normal 0.138461 0.990368 -0
    outer loop
      vertex 209.003 8.74986 0
      vertex 208.899 8.7644 0.5
      vertex 209.003 8.74986 0.5
    endloop
  endfacet
  facet normal 0.138461 0.990368 0
    outer loop
      vertex 208.899 8.7644 0.5
      vertex 209.003 8.74986 0
      vertex 208.899 8.7644 0
    endloop
  endfacet
  facet normal 0.209656 0.977775 -0
    outer loop
      vertex 209.098 8.72949 0
      vertex 209.003 8.74986 0.5
      vertex 209.098 8.72949 0.5
    endloop
  endfacet
  facet normal 0.209656 0.977775 0
    outer loop
      vertex 209.003 8.74986 0.5
      vertex 209.098 8.72949 0
      vertex 209.003 8.74986 0
    endloop
  endfacet
  facet normal 0.288156 0.957584 -0
    outer loop
      vertex 209.185 8.70331 0
      vertex 209.098 8.72949 0.5
      vertex 209.185 8.70331 0.5
    endloop
  endfacet
  facet normal 0.288156 0.957584 0
    outer loop
      vertex 209.098 8.72949 0.5
      vertex 209.185 8.70331 0
      vertex 209.098 8.72949 0
    endloop
  endfacet
  facet normal 0.379556 0.925169 -0
    outer loop
      vertex 209.263 8.67131 0
      vertex 209.185 8.70331 0.5
      vertex 209.263 8.67131 0.5
    endloop
  endfacet
  facet normal 0.379556 0.925169 0
    outer loop
      vertex 209.185 8.70331 0.5
      vertex 209.263 8.67131 0
      vertex 209.185 8.70331 0
    endloop
  endfacet
  facet normal 0.480748 0.876859 -0
    outer loop
      vertex 209.332 8.63348 0
      vertex 209.263 8.67131 0.5
      vertex 209.332 8.63348 0.5
    endloop
  endfacet
  facet normal 0.480748 0.876859 0
    outer loop
      vertex 209.263 8.67131 0.5
      vertex 209.332 8.63348 0
      vertex 209.263 8.67131 0
    endloop
  endfacet
  facet normal 0.586702 0.809803 -0
    outer loop
      vertex 209.392 8.59001 0
      vertex 209.332 8.63348 0.5
      vertex 209.392 8.59001 0.5
    endloop
  endfacet
  facet normal 0.586702 0.809803 0
    outer loop
      vertex 209.332 8.63348 0.5
      vertex 209.392 8.59001 0
      vertex 209.332 8.63348 0
    endloop
  endfacet
  facet normal 0.692532 0.721387 -0
    outer loop
      vertex 209.443 8.54105 0
      vertex 209.392 8.59001 0.5
      vertex 209.443 8.54105 0.5
    endloop
  endfacet
  facet normal 0.692532 0.721387 0
    outer loop
      vertex 209.392 8.59001 0.5
      vertex 209.443 8.54105 0
      vertex 209.392 8.59001 0
    endloop
  endfacet
  facet normal 0.791812 0.610764 0
    outer loop
      vertex 209.485 8.4866 0.5
      vertex 209.443 8.54105 0
      vertex 209.443 8.54105 0.5
    endloop
  endfacet
  facet normal 0.791812 0.610764 0
    outer loop
      vertex 209.443 8.54105 0
      vertex 209.485 8.4866 0.5
      vertex 209.485 8.4866 0
    endloop
  endfacet
  facet normal 0.882092 0.471077 0
    outer loop
      vertex 209.517 8.42668 0.5
      vertex 209.485 8.4866 0
      vertex 209.485 8.4866 0.5
    endloop
  endfacet
  facet normal 0.882092 0.471077 0
    outer loop
      vertex 209.485 8.4866 0
      vertex 209.517 8.42668 0.5
      vertex 209.517 8.42668 0
    endloop
  endfacet
  facet normal 0.94341 0.331628 0
    outer loop
      vertex 209.54 8.36125 0.5
      vertex 209.517 8.42668 0
      vertex 209.517 8.42668 0.5
    endloop
  endfacet
  facet normal 0.94341 0.331628 0
    outer loop
      vertex 209.517 8.42668 0
      vertex 209.54 8.36125 0.5
      vertex 209.54 8.36125 0
    endloop
  endfacet
  facet normal 0.981052 0.193747 0
    outer loop
      vertex 209.554 8.29036 0.5
      vertex 209.54 8.36125 0
      vertex 209.54 8.36125 0.5
    endloop
  endfacet
  facet normal 0.981052 0.193747 0
    outer loop
      vertex 209.54 8.36125 0
      vertex 209.554 8.29036 0.5
      vertex 209.554 8.29036 0
    endloop
  endfacet
  facet normal 0.997865 0.0653138 0
    outer loop
      vertex 209.559 8.21397 0.5
      vertex 209.554 8.29036 0
      vertex 209.554 8.29036 0.5
    endloop
  endfacet
  facet normal 0.997865 0.0653138 0
    outer loop
      vertex 209.554 8.29036 0
      vertex 209.559 8.21397 0.5
      vertex 209.559 8.21397 0
    endloop
  endfacet
  facet normal 0.997741 -0.0671789 0
    outer loop
      vertex 209.554 8.13971 0.5
      vertex 209.559 8.21397 0
      vertex 209.559 8.21397 0.5
    endloop
  endfacet
  facet normal 0.997741 -0.0671789 0
    outer loop
      vertex 209.559 8.21397 0
      vertex 209.554 8.13971 0.5
      vertex 209.554 8.13971 0
    endloop
  endfacet
  facet normal 0.982784 -0.18476 0
    outer loop
      vertex 209.541 8.07056 0.5
      vertex 209.554 8.13971 0
      vertex 209.554 8.13971 0.5
    endloop
  endfacet
  facet normal 0.982784 -0.18476 0
    outer loop
      vertex 209.554 8.13971 0
      vertex 209.541 8.07056 0.5
      vertex 209.541 8.07056 0
    endloop
  endfacet
  facet normal 0.941176 -0.337918 0
    outer loop
      vertex 209.518 8.0065 0.5
      vertex 209.541 8.07056 0
      vertex 209.541 8.07056 0.5
    endloop
  endfacet
  facet normal 0.941176 -0.337918 0
    outer loop
      vertex 209.541 8.07056 0
      vertex 209.518 8.0065 0.5
      vertex 209.518 8.0065 0
    endloop
  endfacet
  facet normal 0.885114 -0.465375 0
    outer loop
      vertex 209.487 7.94754 0.5
      vertex 209.518 8.0065 0
      vertex 209.518 8.0065 0.5
    endloop
  endfacet
  facet normal 0.885114 -0.465375 0
    outer loop
      vertex 209.518 8.0065 0
      vertex 209.487 7.94754 0.5
      vertex 209.487 7.94754 0
    endloop
  endfacet
  facet normal 0.795689 -0.605705 0
    outer loop
      vertex 209.446 7.89368 0.5
      vertex 209.487 7.94754 0
      vertex 209.487 7.94754 0.5
    endloop
  endfacet
  facet normal 0.795689 -0.605705 0
    outer loop
      vertex 209.487 7.94754 0
      vertex 209.446 7.89368 0.5
      vertex 209.446 7.89368 0
    endloop
  endfacet
  facet normal 0.698247 -0.715857 0
    outer loop
      vertex 209.396 7.84491 0
      vertex 209.446 7.89368 0.5
      vertex 209.396 7.84491 0.5
    endloop
  endfacet
  facet normal 0.698247 -0.715857 0
    outer loop
      vertex 209.446 7.89368 0.5
      vertex 209.396 7.84491 0
      vertex 209.446 7.89368 0
    endloop
  endfacet
  facet normal 0.60141 -0.798941 0
    outer loop
      vertex 209.338 7.80125 0
      vertex 209.396 7.84491 0.5
      vertex 209.338 7.80125 0.5
    endloop
  endfacet
  facet normal 0.60141 -0.798941 0
    outer loop
      vertex 209.396 7.84491 0.5
      vertex 209.338 7.80125 0
      vertex 209.396 7.84491 0
    endloop
  endfacet
  facet normal 0.495203 -0.868777 0
    outer loop
      vertex 209.271 7.76306 0
      vertex 209.338 7.80125 0.5
      vertex 209.271 7.76306 0.5
    endloop
  endfacet
  facet normal 0.495203 -0.868777 0
    outer loop
      vertex 209.338 7.80125 0.5
      vertex 209.271 7.76306 0
      vertex 209.338 7.80125 0
    endloop
  endfacet
  facet normal 0.395544 -0.918447 0
    outer loop
      vertex 209.196 7.73076 0
      vertex 209.271 7.76306 0.5
      vertex 209.196 7.73076 0.5
    endloop
  endfacet
  facet normal 0.395544 -0.918447 0
    outer loop
      vertex 209.271 7.76306 0.5
      vertex 209.196 7.73076 0
      vertex 209.271 7.76306 0
    endloop
  endfacet
  facet normal 0.303526 -0.952823 0
    outer loop
      vertex 209.113 7.70432 0
      vertex 209.196 7.73076 0.5
      vertex 209.113 7.70432 0.5
    endloop
  endfacet
  facet normal 0.303526 -0.952823 0
    outer loop
      vertex 209.196 7.73076 0.5
      vertex 209.113 7.70432 0
      vertex 209.196 7.73076 0
    endloop
  endfacet
  facet normal 0.220379 -0.975414 0
    outer loop
      vertex 209.022 7.68376 0
      vertex 209.113 7.70432 0.5
      vertex 209.022 7.68376 0.5
    endloop
  endfacet
  facet normal 0.220379 -0.975414 0
    outer loop
      vertex 209.113 7.70432 0.5
      vertex 209.022 7.68376 0
      vertex 209.113 7.70432 0
    endloop
  endfacet
  facet normal 0.146679 -0.989184 0
    outer loop
      vertex 208.923 7.66908 0
      vertex 209.022 7.68376 0.5
      vertex 208.923 7.66908 0.5
    endloop
  endfacet
  facet normal 0.146679 -0.989184 0
    outer loop
      vertex 209.022 7.68376 0.5
      vertex 208.923 7.66908 0
      vertex 209.022 7.68376 0
    endloop
  endfacet
  facet normal 0.0821513 -0.99662 0
    outer loop
      vertex 208.816 7.66026 0
      vertex 208.923 7.66908 0.5
      vertex 208.816 7.66026 0.5
    endloop
  endfacet
  facet normal 0.0821513 -0.99662 0
    outer loop
      vertex 208.923 7.66908 0.5
      vertex 208.816 7.66026 0
      vertex 208.923 7.66908 0
    endloop
  endfacet
  facet normal 0.0256933 -0.99967 0
    outer loop
      vertex 208.702 7.65733 0
      vertex 208.816 7.66026 0.5
      vertex 208.702 7.65733 0.5
    endloop
  endfacet
  facet normal 0.0256933 -0.99967 0
    outer loop
      vertex 208.816 7.66026 0.5
      vertex 208.702 7.65733 0
      vertex 208.816 7.66026 0
    endloop
  endfacet
  facet normal -0.0191215 -0.999817 0
    outer loop
      vertex 208.622 7.65886 0
      vertex 208.702 7.65733 0.5
      vertex 208.622 7.65886 0.5
    endloop
  endfacet
  facet normal -0.0191215 -0.999817 -0
    outer loop
      vertex 208.702 7.65733 0.5
      vertex 208.622 7.65886 0
      vertex 208.702 7.65733 0
    endloop
  endfacet
  facet normal -0.056453 -0.998405 0
    outer loop
      vertex 208.541 7.66344 0
      vertex 208.622 7.65886 0.5
      vertex 208.541 7.66344 0.5
    endloop
  endfacet
  facet normal -0.056453 -0.998405 -0
    outer loop
      vertex 208.622 7.65886 0.5
      vertex 208.541 7.66344 0
      vertex 208.622 7.65886 0
    endloop
  endfacet
  facet normal -0.0939042 -0.995581 0
    outer loop
      vertex 208.46 7.67108 0
      vertex 208.541 7.66344 0.5
      vertex 208.46 7.67108 0.5
    endloop
  endfacet
  facet normal -0.0939042 -0.995581 -0
    outer loop
      vertex 208.541 7.66344 0.5
      vertex 208.46 7.67108 0
      vertex 208.541 7.66344 0
    endloop
  endfacet
  facet normal -0.131081 -0.991372 0
    outer loop
      vertex 208.379 7.68179 0
      vertex 208.46 7.67108 0.5
      vertex 208.379 7.68179 0.5
    endloop
  endfacet
  facet normal -0.131081 -0.991372 -0
    outer loop
      vertex 208.46 7.67108 0.5
      vertex 208.379 7.68179 0
      vertex 208.46 7.67108 0
    endloop
  endfacet
  facet normal -0.167595 -0.985856 0
    outer loop
      vertex 208.298 7.69556 0
      vertex 208.379 7.68179 0.5
      vertex 208.298 7.69556 0.5
    endloop
  endfacet
  facet normal -0.167595 -0.985856 -0
    outer loop
      vertex 208.379 7.68179 0.5
      vertex 208.298 7.69556 0
      vertex 208.379 7.68179 0
    endloop
  endfacet
  facet normal -0.200824 -0.979627 0
    outer loop
      vertex 208.216 7.71237 0
      vertex 208.298 7.69556 0.5
      vertex 208.216 7.71237 0.5
    endloop
  endfacet
  facet normal -0.200824 -0.979627 -0
    outer loop
      vertex 208.298 7.69556 0.5
      vertex 208.216 7.71237 0
      vertex 208.298 7.69556 0
    endloop
  endfacet
  facet normal -0.23293 -0.972494 0
    outer loop
      vertex 208.133 7.73225 0
      vertex 208.216 7.71237 0.5
      vertex 208.133 7.73225 0.5
    endloop
  endfacet
  facet normal -0.23293 -0.972494 -0
    outer loop
      vertex 208.216 7.71237 0.5
      vertex 208.133 7.73225 0
      vertex 208.216 7.71237 0
    endloop
  endfacet
  facet normal -0.268758 -0.963208 0
    outer loop
      vertex 208.051 7.75513 0
      vertex 208.133 7.73225 0.5
      vertex 208.051 7.75513 0.5
    endloop
  endfacet
  facet normal -0.268758 -0.963208 -0
    outer loop
      vertex 208.133 7.73225 0.5
      vertex 208.051 7.75513 0
      vertex 208.133 7.73225 0
    endloop
  endfacet
  facet normal -0.297148 -0.954831 0
    outer loop
      vertex 207.968 7.78096 0
      vertex 208.051 7.75513 0.5
      vertex 207.968 7.78096 0.5
    endloop
  endfacet
  facet normal -0.297148 -0.954831 -0
    outer loop
      vertex 208.051 7.75513 0.5
      vertex 207.968 7.78096 0
      vertex 208.051 7.75513 0
    endloop
  endfacet
  facet normal -0.327408 -0.944883 0
    outer loop
      vertex 207.885 7.80972 0
      vertex 207.968 7.78096 0.5
      vertex 207.885 7.80972 0.5
    endloop
  endfacet
  facet normal -0.327408 -0.944883 -0
    outer loop
      vertex 207.968 7.78096 0.5
      vertex 207.885 7.80972 0
      vertex 207.968 7.78096 0
    endloop
  endfacet
  facet normal -0.357085 -0.934072 0
    outer loop
      vertex 207.802 7.84145 0
      vertex 207.885 7.80972 0.5
      vertex 207.802 7.84145 0.5
    endloop
  endfacet
  facet normal -0.357085 -0.934072 -0
    outer loop
      vertex 207.885 7.80972 0.5
      vertex 207.802 7.84145 0
      vertex 207.885 7.80972 0
    endloop
  endfacet
  facet normal -0.385342 -0.922774 0
    outer loop
      vertex 207.719 7.87611 0
      vertex 207.802 7.84145 0.5
      vertex 207.719 7.87611 0.5
    endloop
  endfacet
  facet normal -0.385342 -0.922774 -0
    outer loop
      vertex 207.802 7.84145 0.5
      vertex 207.719 7.87611 0
      vertex 207.802 7.84145 0
    endloop
  endfacet
  facet normal -0.408738 -0.912652 0
    outer loop
      vertex 207.635 7.91373 0
      vertex 207.719 7.87611 0.5
      vertex 207.635 7.91373 0.5
    endloop
  endfacet
  facet normal -0.408738 -0.912652 -0
    outer loop
      vertex 207.719 7.87611 0.5
      vertex 207.635 7.91373 0
      vertex 207.719 7.87611 0
    endloop
  endfacet
  facet normal -0.434734 -0.900559 0
    outer loop
      vertex 207.551 7.95428 0
      vertex 207.635 7.91373 0.5
      vertex 207.551 7.95428 0.5
    endloop
  endfacet
  facet normal -0.434734 -0.900559 -0
    outer loop
      vertex 207.635 7.91373 0.5
      vertex 207.551 7.95428 0
      vertex 207.635 7.91373 0
    endloop
  endfacet
  facet normal 1 -0 0
    outer loop
      vertex 207.551 7.14789 0.5
      vertex 207.551 7.95428 0
      vertex 207.551 7.95428 0.5
    endloop
  endfacet
  facet normal 1 0 0
    outer loop
      vertex 207.551 7.95428 0
      vertex 207.551 7.14789 0.5
      vertex 207.551 7.14789 0
    endloop
  endfacet
  facet normal 0.301826 0.953363 -0
    outer loop
      vertex 207.639 7.12003 0
      vertex 207.551 7.14789 0.5
      vertex 207.639 7.12003 0.5
    endloop
  endfacet
  facet normal 0.301826 0.953363 0
    outer loop
      vertex 207.551 7.14789 0.5
      vertex 207.639 7.12003 0
      vertex 207.551 7.14789 0
    endloop
  endfacet
  facet normal 0.281239 0.959638 -0
    outer loop
      vertex 207.727 7.09424 0
      vertex 207.639 7.12003 0.5
      vertex 207.727 7.09424 0.5
    endloop
  endfacet
  facet normal 0.281239 0.959638 0
    outer loop
      vertex 207.639 7.12003 0.5
      vertex 207.727 7.09424 0
      vertex 207.639 7.12003 0
    endloop
  endfacet
  facet normal 0.260461 0.965484 -0
    outer loop
      vertex 207.815 7.0705 0
      vertex 207.727 7.09424 0.5
      vertex 207.815 7.0705 0.5
    endloop
  endfacet
  facet normal 0.260461 0.965484 0
    outer loop
      vertex 207.727 7.09424 0.5
      vertex 207.815 7.0705 0
      vertex 207.727 7.09424 0
    endloop
  endfacet
  facet normal 0.236572 0.971614 -0
    outer loop
      vertex 207.904 7.04883 0
      vertex 207.815 7.0705 0.5
      vertex 207.904 7.04883 0.5
    endloop
  endfacet
  facet normal 0.236572 0.971614 0
    outer loop
      vertex 207.815 7.0705 0.5
      vertex 207.904 7.04883 0
      vertex 207.815 7.0705 0
    endloop
  endfacet
  facet normal 0.215176 0.976575 -0
    outer loop
      vertex 207.993 7.02922 0
      vertex 207.904 7.04883 0.5
      vertex 207.993 7.02922 0.5
    endloop
  endfacet
  facet normal 0.215176 0.976575 0
    outer loop
      vertex 207.904 7.04883 0.5
      vertex 207.993 7.02922 0
      vertex 207.904 7.04883 0
    endloop
  endfacet
  facet normal 0.193253 0.981149 -0
    outer loop
      vertex 208.082 7.01169 0
      vertex 207.993 7.02922 0.5
      vertex 208.082 7.01169 0.5
    endloop
  endfacet
  facet normal 0.193253 0.981149 0
    outer loop
      vertex 207.993 7.02922 0.5
      vertex 208.082 7.01169 0
      vertex 207.993 7.02922 0
    endloop
  endfacet
  facet normal 0.171467 0.98519 -0
    outer loop
      vertex 208.171 6.9962 0
      vertex 208.082 7.01169 0.5
      vertex 208.171 6.9962 0.5
    endloop
  endfacet
  facet normal 0.171467 0.98519 0
    outer loop
      vertex 208.082 7.01169 0.5
      vertex 208.171 6.9962 0
      vertex 208.082 7.01169 0
    endloop
  endfacet
  facet normal 0.147373 0.989081 -0
    outer loop
      vertex 208.261 6.98279 0
      vertex 208.171 6.9962 0.5
      vertex 208.261 6.98279 0.5
    endloop
  endfacet
  facet normal 0.147373 0.989081 0
    outer loop
      vertex 208.171 6.9962 0.5
      vertex 208.261 6.98279 0
      vertex 208.171 6.9962 0
    endloop
  endfacet
  facet normal 0.126394 0.99198 -0
    outer loop
      vertex 208.35 6.97145 0
      vertex 208.261 6.98279 0.5
      vertex 208.35 6.97145 0.5
    endloop
  endfacet
  facet normal 0.126394 0.99198 0
    outer loop
      vertex 208.261 6.98279 0.5
      vertex 208.35 6.97145 0
      vertex 208.261 6.98279 0
    endloop
  endfacet
  facet normal 0.102677 0.994715 -0
    outer loop
      vertex 208.44 6.96216 0
      vertex 208.35 6.97145 0.5
      vertex 208.44 6.96216 0.5
    endloop
  endfacet
  facet normal 0.102677 0.994715 0
    outer loop
      vertex 208.35 6.97145 0.5
      vertex 208.44 6.96216 0
      vertex 208.35 6.97145 0
    endloop
  endfacet
  facet normal 0.080858 0.996726 -0
    outer loop
      vertex 208.529 6.95494 0
      vertex 208.44 6.96216 0.5
      vertex 208.529 6.95494 0.5
    endloop
  endfacet
  facet normal 0.080858 0.996726 0
    outer loop
      vertex 208.44 6.96216 0.5
      vertex 208.529 6.95494 0
      vertex 208.44 6.96216 0
    endloop
  endfacet
  facet normal 0.0579921 0.998317 -0
    outer loop
      vertex 208.618 6.94977 0
      vertex 208.529 6.95494 0.5
      vertex 208.618 6.94977 0.5
    endloop
  endfacet
  facet normal 0.0579921 0.998317 0
    outer loop
      vertex 208.529 6.95494 0.5
      vertex 208.618 6.94977 0
      vertex 208.529 6.95494 0
    endloop
  endfacet
  facet normal 0.034586 0.999402 -0
    outer loop
      vertex 208.707 6.94669 0
      vertex 208.618 6.94977 0.5
      vertex 208.707 6.94669 0.5
    endloop
  endfacet
  facet normal 0.034586 0.999402 0
    outer loop
      vertex 208.618 6.94977 0.5
      vertex 208.707 6.94669 0
      vertex 208.618 6.94977 0
    endloop
  endfacet
  facet normal 0.0115548 0.999933 -0
    outer loop
      vertex 208.797 6.94565 0
      vertex 208.707 6.94669 0.5
      vertex 208.797 6.94565 0.5
    endloop
  endfacet
  facet normal 0.0115548 0.999933 0
    outer loop
      vertex 208.707 6.94669 0.5
      vertex 208.797 6.94565 0
      vertex 208.707 6.94669 0
    endloop
  endfacet
  facet normal -0.0261795 0.999657 0
    outer loop
      vertex 209.041 6.95204 0
      vertex 208.797 6.94565 0.5
      vertex 209.041 6.95204 0.5
    endloop
  endfacet
  facet normal -0.0261795 0.999657 0
    outer loop
      vertex 208.797 6.94565 0.5
      vertex 209.041 6.95204 0
      vertex 208.797 6.94565 0
    endloop
  endfacet
  facet normal -0.0460622 0.998939 0
    outer loop
      vertex 205.451 6.9534 0
      vertex 205.325 6.94759 0.5
      vertex 205.451 6.9534 0.5
    endloop
  endfacet
  facet normal -0.0460622 0.998939 0
    outer loop
      vertex 205.325 6.94759 0.5
      vertex 205.451 6.9534 0
      vertex 205.325 6.94759 0
    endloop
  endfacet
  facet normal -0.0773674 0.997003 0
    outer loop
      vertex 205.576 6.9631 0
      vertex 205.451 6.9534 0.5
      vertex 205.576 6.9631 0.5
    endloop
  endfacet
  facet normal -0.0773674 0.997003 0
    outer loop
      vertex 205.451 6.9534 0.5
      vertex 205.576 6.9631 0
      vertex 205.451 6.9534 0
    endloop
  endfacet
  facet normal -0.108865 0.994057 0
    outer loop
      vertex 205.7 6.97668 0
      vertex 205.576 6.9631 0.5
      vertex 205.7 6.97668 0.5
    endloop
  endfacet
  facet normal -0.108865 0.994057 0
    outer loop
      vertex 205.576 6.9631 0.5
      vertex 205.7 6.97668 0
      vertex 205.576 6.9631 0
    endloop
  endfacet
  facet normal -0.140542 0.990075 0
    outer loop
      vertex 205.823 6.99414 0
      vertex 205.7 6.97668 0.5
      vertex 205.823 6.99414 0.5
    endloop
  endfacet
  facet normal -0.140542 0.990075 0
    outer loop
      vertex 205.7 6.97668 0.5
      vertex 205.823 6.99414 0
      vertex 205.7 6.97668 0
    endloop
  endfacet
  facet normal -0.172224 0.985058 0
    outer loop
      vertex 205.945 7.01547 0
      vertex 205.823 6.99414 0.5
      vertex 205.945 7.01547 0.5
    endloop
  endfacet
  facet normal -0.172224 0.985058 0
    outer loop
      vertex 205.823 6.99414 0.5
      vertex 205.945 7.01547 0
      vertex 205.823 6.99414 0
    endloop
  endfacet
  facet normal -0.204122 0.978945 0
    outer loop
      vertex 206.066 7.0407 0
      vertex 205.945 7.01547 0.5
      vertex 206.066 7.0407 0.5
    endloop
  endfacet
  facet normal -0.204122 0.978945 0
    outer loop
      vertex 205.945 7.01547 0.5
      vertex 206.066 7.0407 0
      vertex 205.945 7.01547 0
    endloop
  endfacet
  facet normal -0.237462 0.971397 0
    outer loop
      vertex 206.185 7.06979 0
      vertex 206.066 7.0407 0.5
      vertex 206.185 7.06979 0.5
    endloop
  endfacet
  facet normal -0.237462 0.971397 0
    outer loop
      vertex 206.066 7.0407 0.5
      vertex 206.185 7.06979 0
      vertex 206.066 7.0407 0
    endloop
  endfacet
  facet normal -0.267151 0.963655 0
    outer loop
      vertex 206.304 7.10278 0
      vertex 206.185 7.06979 0.5
      vertex 206.304 7.10278 0.5
    endloop
  endfacet
  facet normal -0.267151 0.963655 0
    outer loop
      vertex 206.185 7.06979 0.5
      vertex 206.304 7.10278 0
      vertex 206.185 7.06979 0
    endloop
  endfacet
  facet normal -0.300558 0.953764 0
    outer loop
      vertex 206.421 7.13965 0
      vertex 206.304 7.10278 0.5
      vertex 206.421 7.13965 0.5
    endloop
  endfacet
  facet normal -0.300558 0.953764 0
    outer loop
      vertex 206.304 7.10278 0.5
      vertex 206.421 7.13965 0
      vertex 206.304 7.10278 0
    endloop
  endfacet
  facet normal -0.331365 0.943503 0
    outer loop
      vertex 206.537 7.18039 0
      vertex 206.421 7.13965 0.5
      vertex 206.537 7.18039 0.5
    endloop
  endfacet
  facet normal -0.331365 0.943503 0
    outer loop
      vertex 206.421 7.13965 0.5
      vertex 206.537 7.18039 0
      vertex 206.421 7.13965 0
    endloop
  endfacet
  facet normal -0.364479 0.931211 0
    outer loop
      vertex 206.651 7.22501 0
      vertex 206.537 7.18039 0.5
      vertex 206.651 7.22501 0.5
    endloop
  endfacet
  facet normal -0.364479 0.931211 0
    outer loop
      vertex 206.537 7.18039 0.5
      vertex 206.651 7.22501 0
      vertex 206.537 7.18039 0
    endloop
  endfacet
  facet normal -0.391482 0.920186 0
    outer loop
      vertex 206.765 7.27351 0
      vertex 206.651 7.22501 0.5
      vertex 206.765 7.27351 0.5
    endloop
  endfacet
  facet normal -0.391482 0.920186 0
    outer loop
      vertex 206.651 7.22501 0.5
      vertex 206.765 7.27351 0
      vertex 206.651 7.22501 0
    endloop
  endfacet
  facet normal -0.423572 0.905863 0
    outer loop
      vertex 206.877 7.32588 0
      vertex 206.765 7.27351 0.5
      vertex 206.877 7.32588 0.5
    endloop
  endfacet
  facet normal -0.423572 0.905863 0
    outer loop
      vertex 206.765 7.27351 0.5
      vertex 206.877 7.32588 0
      vertex 206.765 7.27351 0
    endloop
  endfacet
  facet normal -1 0 0
    outer loop
      vertex 206.877 7.32588 0
      vertex 206.877 9.27267 0.5
      vertex 206.877 9.27267 0
    endloop
  endfacet
  facet normal -1 -0 0
    outer loop
      vertex 206.877 9.27267 0.5
      vertex 206.877 7.32588 0
      vertex 206.877 7.32588 0.5
    endloop
  endfacet
  facet normal 0 -1 0
    outer loop
      vertex 205.249 9.27267 0
      vertex 206.877 9.27267 0.5
      vertex 205.249 9.27267 0.5
    endloop
  endfacet
  facet normal 0 -1 -0
    outer loop
      vertex 206.877 9.27267 0.5
      vertex 205.249 9.27267 0
      vertex 206.877 9.27267 0
    endloop
  endfacet
  facet normal 1 -0 0
    outer loop
      vertex 205.249 8.57381 0.5
      vertex 205.249 9.27267 0
      vertex 205.249 9.27267 0.5
    endloop
  endfacet
  facet normal 1 0 0
    outer loop
      vertex 205.249 9.27267 0
      vertex 205.249 8.57381 0.5
      vertex 205.249 8.57381 0
    endloop
  endfacet
  facet normal 0 1 -0
    outer loop
      vertex 205.887 8.57381 0
      vertex 205.249 8.57381 0.5
      vertex 205.887 8.57381 0.5
    endloop
  endfacet
  facet normal 0 1 0
    outer loop
      vertex 205.249 8.57381 0.5
      vertex 205.887 8.57381 0
      vertex 205.249 8.57381 0
    endloop
  endfacet
  facet normal 1 -0 0
    outer loop
      vertex 205.887 7.78745 0.5
      vertex 205.887 8.57381 0
      vertex 205.887 8.57381 0.5
    endloop
  endfacet
  facet normal 1 0 0
    outer loop
      vertex 205.887 8.57381 0
      vertex 205.887 7.78745 0.5
      vertex 205.887 7.78745 0
    endloop
  endfacet
  facet normal 0.339729 -0.940524 0
    outer loop
      vertex 205.854 7.77553 0
      vertex 205.887 7.78745 0.5
      vertex 205.854 7.77553 0.5
    endloop
  endfacet
  facet normal 0.339729 -0.940524 0
    outer loop
      vertex 205.887 7.78745 0.5
      vertex 205.854 7.77553 0
      vertex 205.887 7.78745 0
    endloop
  endfacet
  facet normal 0.315969 -0.94877 0
    outer loop
      vertex 205.821 7.76454 0
      vertex 205.854 7.77553 0.5
      vertex 205.821 7.76454 0.5
    endloop
  endfacet
  facet normal 0.315969 -0.94877 0
    outer loop
      vertex 205.854 7.77553 0.5
      vertex 205.821 7.76454 0
      vertex 205.854 7.77553 0
    endloop
  endfacet
  facet normal 0.275737 -0.961233 0
    outer loop
      vertex 205.786 7.7545 0
      vertex 205.821 7.76454 0.5
      vertex 205.786 7.7545 0.5
    endloop
  endfacet
  facet normal 0.275737 -0.961233 0
    outer loop
      vertex 205.821 7.76454 0.5
      vertex 205.786 7.7545 0
      vertex 205.821 7.76454 0
    endloop
  endfacet
  facet normal 0.244816 -0.969569 0
    outer loop
      vertex 205.75 7.74541 0
      vertex 205.786 7.7545 0.5
      vertex 205.75 7.74541 0.5
    endloop
  endfacet
  facet normal 0.244816 -0.969569 0
    outer loop
      vertex 205.786 7.7545 0.5
      vertex 205.75 7.74541 0
      vertex 205.786 7.7545 0
    endloop
  endfacet
  facet normal 0.215617 -0.976478 0
    outer loop
      vertex 205.713 7.73724 0
      vertex 205.75 7.74541 0.5
      vertex 205.713 7.73724 0.5
    endloop
  endfacet
  facet normal 0.215617 -0.976478 0
    outer loop
      vertex 205.75 7.74541 0.5
      vertex 205.713 7.73724 0
      vertex 205.75 7.74541 0
    endloop
  endfacet
  facet normal 0.18691 -0.982377 0
    outer loop
      vertex 205.675 7.73001 0
      vertex 205.713 7.73724 0.5
      vertex 205.675 7.73001 0.5
    endloop
  endfacet
  facet normal 0.18691 -0.982377 0
    outer loop
      vertex 205.713 7.73724 0.5
      vertex 205.675 7.73001 0
      vertex 205.713 7.73724 0
    endloop
  endfacet
  facet normal 0.159224 -0.987242 0
    outer loop
      vertex 205.636 7.72372 0
      vertex 205.675 7.73001 0.5
      vertex 205.636 7.72372 0.5
    endloop
  endfacet
  facet normal 0.159224 -0.987242 0
    outer loop
      vertex 205.675 7.73001 0.5
      vertex 205.636 7.72372 0
      vertex 205.675 7.73001 0
    endloop
  endfacet
  facet normal 0.1333 -0.991076 0
    outer loop
      vertex 205.596 7.71834 0
      vertex 205.636 7.72372 0.5
      vertex 205.596 7.71834 0.5
    endloop
  endfacet
  facet normal 0.1333 -0.991076 0
    outer loop
      vertex 205.636 7.72372 0.5
      vertex 205.596 7.71834 0
      vertex 205.636 7.72372 0
    endloop
  endfacet
  facet normal 0.107937 -0.994158 0
    outer loop
      vertex 205.554 7.71378 0
      vertex 205.596 7.71834 0.5
      vertex 205.554 7.71378 0.5
    endloop
  endfacet
  facet normal 0.107937 -0.994158 0
    outer loop
      vertex 205.596 7.71834 0.5
      vertex 205.554 7.71378 0
      vertex 205.596 7.71834 0
    endloop
  endfacet
  facet normal 0.0886967 -0.996059 0
    outer loop
      vertex 205.512 7.71004 0
      vertex 205.554 7.71378 0.5
      vertex 205.512 7.71004 0.5
    endloop
  endfacet
  facet normal 0.0886967 -0.996059 0
    outer loop
      vertex 205.554 7.71378 0.5
      vertex 205.512 7.71004 0
      vertex 205.554 7.71378 0
    endloop
  endfacet
  facet normal 0.067289 -0.997734 0
    outer loop
      vertex 205.469 7.70714 0
      vertex 205.512 7.71004 0.5
      vertex 205.469 7.70714 0.5
    endloop
  endfacet
  facet normal 0.067289 -0.997734 0
    outer loop
      vertex 205.512 7.71004 0.5
      vertex 205.469 7.70714 0
      vertex 205.512 7.71004 0
    endloop
  endfacet
  facet normal 0.04722 -0.998885 0
    outer loop
      vertex 205.425 7.70506 0
      vertex 205.469 7.70714 0.5
      vertex 205.425 7.70506 0.5
    endloop
  endfacet
  facet normal 0.04722 -0.998885 0
    outer loop
      vertex 205.469 7.70714 0.5
      vertex 205.425 7.70506 0
      vertex 205.469 7.70714 0
    endloop
  endfacet
  facet normal 0.0273231 -0.999627 0
    outer loop
      vertex 205.38 7.70383 0
      vertex 205.425 7.70506 0.5
      vertex 205.38 7.70383 0.5
    endloop
  endfacet
  facet normal 0.0273231 -0.999627 0
    outer loop
      vertex 205.425 7.70506 0.5
      vertex 205.38 7.70383 0
      vertex 205.425 7.70506 0
    endloop
  endfacet
  facet normal 0.00893581 -0.99996 0
    outer loop
      vertex 205.333 7.70341 0
      vertex 205.38 7.70383 0.5
      vertex 205.333 7.70341 0.5
    endloop
  endfacet
  facet normal 0.00893581 -0.99996 0
    outer loop
      vertex 205.38 7.70383 0.5
      vertex 205.333 7.70341 0
      vertex 205.38 7.70383 0
    endloop
  endfacet
  facet normal -0.0431718 -0.999068 0
    outer loop
      vertex 205.168 7.71054 0
      vertex 205.333 7.70341 0.5
      vertex 205.168 7.71054 0.5
    endloop
  endfacet
  facet normal -0.0431718 -0.999068 -0
    outer loop
      vertex 205.333 7.70341 0.5
      vertex 205.168 7.71054 0
      vertex 205.333 7.70341 0
    endloop
  endfacet
  facet normal -0.136893 -0.990586 0
    outer loop
      vertex 205.013 7.73196 0
      vertex 205.168 7.71054 0.5
      vertex 205.013 7.73196 0.5
    endloop
  endfacet
  facet normal -0.136893 -0.990586 -0
    outer loop
      vertex 205.168 7.71054 0.5
      vertex 205.013 7.73196 0
      vertex 205.168 7.71054 0
    endloop
  endfacet
  facet normal -0.24228 -0.970206 0
    outer loop
      vertex 204.87 7.76767 0
      vertex 205.013 7.73196 0.5
      vertex 204.87 7.76767 0.5
    endloop
  endfacet
  facet normal -0.24228 -0.970206 -0
    outer loop
      vertex 205.013 7.73196 0.5
      vertex 204.87 7.76767 0
      vertex 205.013 7.73196 0
    endloop
  endfacet
  facet normal -0.354165 -0.935183 0
    outer loop
      vertex 204.738 7.81766 0
      vertex 204.87 7.76767 0.5
      vertex 204.738 7.81766 0.5
    endloop
  endfacet
  facet normal -0.354165 -0.935183 -0
    outer loop
      vertex 204.87 7.76767 0.5
      vertex 204.738 7.81766 0
      vertex 204.87 7.76767 0
    endloop
  endfacet
  facet normal -0.468977 -0.88321 0
    outer loop
      vertex 204.617 7.88191 0
      vertex 204.738 7.81766 0.5
      vertex 204.617 7.88191 0.5
    endloop
  endfacet
  facet normal -0.468977 -0.88321 -0
    outer loop
      vertex 204.738 7.81766 0.5
      vertex 204.617 7.88191 0
      vertex 204.738 7.81766 0
    endloop
  endfacet
  facet normal -0.581133 -0.813808 0
    outer loop
      vertex 204.507 7.96046 0
      vertex 204.617 7.88191 0.5
      vertex 204.507 7.96046 0.5
    endloop
  endfacet
  facet normal -0.581133 -0.813808 -0
    outer loop
      vertex 204.617 7.88191 0.5
      vertex 204.507 7.96046 0
      vertex 204.617 7.88191 0
    endloop
  endfacet
  facet normal -0.683971 -0.72951 0
    outer loop
      vertex 204.408 8.05328 0
      vertex 204.507 7.96046 0.5
      vertex 204.408 8.05328 0.5
    endloop
  endfacet
  facet normal -0.683971 -0.72951 -0
    outer loop
      vertex 204.507 7.96046 0.5
      vertex 204.408 8.05328 0
      vertex 204.507 7.96046 0
    endloop
  endfacet
  facet normal -0.776446 -0.630184 0
    outer loop
      vertex 204.408 8.05328 0
      vertex 204.322 8.15924 0.5
      vertex 204.322 8.15924 0
    endloop
  endfacet
  facet normal -0.776446 -0.630184 0
    outer loop
      vertex 204.322 8.15924 0.5
      vertex 204.408 8.05328 0
      vertex 204.408 8.05328 0.5
    endloop
  endfacet
  facet normal -0.850259 -0.526365 0
    outer loop
      vertex 204.322 8.15924 0
      vertex 204.249 8.27716 0.5
      vertex 204.249 8.27716 0
    endloop
  endfacet
  facet normal -0.850259 -0.526365 0
    outer loop
      vertex 204.249 8.27716 0.5
      vertex 204.322 8.15924 0
      vertex 204.322 8.15924 0.5
    endloop
  endfacet
  facet normal -0.9078 -0.419404 0
    outer loop
      vertex 204.249 8.27716 0
      vertex 204.189 8.40703 0.5
      vertex 204.189 8.40703 0
    endloop
  endfacet
  facet normal -0.9078 -0.419404 0
    outer loop
      vertex 204.189 8.40703 0.5
      vertex 204.249 8.27716 0
      vertex 204.249 8.27716 0.5
    endloop
  endfacet
  facet normal -0.951208 -0.308551 0
    outer loop
      vertex 204.189 8.40703 0
      vertex 204.143 8.54884 0.5
      vertex 204.143 8.54884 0
    endloop
  endfacet
  facet normal -0.951208 -0.308551 0
    outer loop
      vertex 204.143 8.54884 0.5
      vertex 204.189 8.40703 0
      vertex 204.189 8.40703 0.5
    endloop
  endfacet
  facet normal -0.977741 -0.209816 0
    outer loop
      vertex 204.143 8.54884 0
      vertex 204.11 8.70262 0.5
      vertex 204.11 8.70262 0
    endloop
  endfacet
  facet normal -0.977741 -0.209816 0
    outer loop
      vertex 204.11 8.70262 0.5
      vertex 204.143 8.54884 0
      vertex 204.143 8.54884 0.5
    endloop
  endfacet
  facet normal -0.992798 -0.119802 0
    outer loop
      vertex 204.11 8.70262 0
      vertex 204.09 8.86836 0.5
      vertex 204.09 8.86836 0
    endloop
  endfacet
  facet normal -0.992798 -0.119802 0
    outer loop
      vertex 204.09 8.86836 0.5
      vertex 204.11 8.70262 0
      vertex 204.11 8.70262 0.5
    endloop
  endfacet
  facet normal -0.999225 -0.0393661 0
    outer loop
      vertex 204.09 8.86836 0
      vertex 204.083 9.04604 0.5
      vertex 204.083 9.04604 0
    endloop
  endfacet
  facet normal -0.999225 -0.0393661 0
    outer loop
      vertex 204.083 9.04604 0.5
      vertex 204.09 8.86836 0
      vertex 204.09 8.86836 0.5
    endloop
  endfacet
  facet normal -0.999237 0.0390545 0
    outer loop
      vertex 204.083 9.04604 0
      vertex 204.09 9.22514 0.5
      vertex 204.09 9.22514 0
    endloop
  endfacet
  facet normal -0.999237 0.0390545 0
    outer loop
      vertex 204.09 9.22514 0.5
      vertex 204.083 9.04604 0
      vertex 204.083 9.04604 0.5
    endloop
  endfacet
  facet normal -0.992174 0.124862 0
    outer loop
      vertex 204.09 9.22514 0
      vertex 204.111 9.39201 0.5
      vertex 204.111 9.39201 0
    endloop
  endfacet
  facet normal -0.992174 0.124862 0
    outer loop
      vertex 204.111 9.39201 0.5
      vertex 204.09 9.22514 0
      vertex 204.09 9.22514 0.5
    endloop
  endfacet
  facet normal -0.976672 0.214736 0
    outer loop
      vertex 204.111 9.39201 0
      vertex 204.145 9.54665 0.5
      vertex 204.145 9.54665 0
    endloop
  endfacet
  facet normal -0.976672 0.214736 0
    outer loop
      vertex 204.145 9.54665 0.5
      vertex 204.111 9.39201 0
      vertex 204.111 9.39201 0.5
    endloop
  endfacet
  facet normal -0.947606 0.31944 0
    outer loop
      vertex 204.145 9.54665 0
      vertex 204.193 9.68904 0.5
      vertex 204.193 9.68904 0
    endloop
  endfacet
  facet normal -0.947606 0.31944 0
    outer loop
      vertex 204.193 9.68904 0.5
      vertex 204.145 9.54665 0
      vertex 204.145 9.54665 0.5
    endloop
  endfacet
  facet normal -0.902822 0.430014 0
    outer loop
      vertex 204.193 9.68904 0
      vertex 204.255 9.81921 0.5
      vertex 204.255 9.81921 0
    endloop
  endfacet
  facet normal -0.902822 0.430014 0
    outer loop
      vertex 204.255 9.81921 0.5
      vertex 204.193 9.68904 0
      vertex 204.193 9.68904 0.5
    endloop
  endfacet
  facet normal -0.840548 0.541737 0
    outer loop
      vertex 204.255 9.81921 0
      vertex 204.331 9.93713 0.5
      vertex 204.331 9.93713 0
    endloop
  endfacet
  facet normal -0.840548 0.541737 0
    outer loop
      vertex 204.331 9.93713 0.5
      vertex 204.255 9.81921 0
      vertex 204.255 9.81921 0.5
    endloop
  endfacet
  facet normal -0.761297 0.648403 0
    outer loop
      vertex 204.331 9.93713 0
      vertex 204.421 10.0428 0.5
      vertex 204.421 10.0428 0
    endloop
  endfacet
  facet normal -0.761297 0.648403 0
    outer loop
      vertex 204.421 10.0428 0.5
      vertex 204.331 9.93713 0
      vertex 204.331 9.93713 0.5
    endloop
  endfacet
  facet normal -0.671769 0.740761 0
    outer loop
      vertex 204.523 10.1353 0
      vertex 204.421 10.0428 0.5
      vertex 204.523 10.1353 0.5
    endloop
  endfacet
  facet normal -0.671769 0.740761 0
    outer loop
      vertex 204.421 10.0428 0.5
      vertex 204.523 10.1353 0
      vertex 204.421 10.0428 0
    endloop
  endfacet
  facet normal -0.566161 0.824295 0
    outer loop
      vertex 204.637 10.2136 0
      vertex 204.523 10.1353 0.5
      vertex 204.637 10.2136 0.5
    endloop
  endfacet
  facet normal -0.566161 0.824295 0
    outer loop
      vertex 204.523 10.1353 0.5
      vertex 204.637 10.2136 0
      vertex 204.523 10.1353 0
    endloop
  endfacet
  facet normal -0.452865 0.891579 0
    outer loop
      vertex 204.763 10.2776 0
      vertex 204.637 10.2136 0.5
      vertex 204.763 10.2776 0.5
    endloop
  endfacet
  facet normal -0.452865 0.891579 0
    outer loop
      vertex 204.637 10.2136 0.5
      vertex 204.763 10.2776 0
      vertex 204.637 10.2136 0
    endloop
  endfacet
  facet normal -0.341633 0.939833 0
    outer loop
      vertex 204.9 10.3274 0
      vertex 204.763 10.2776 0.5
      vertex 204.9 10.3274 0.5
    endloop
  endfacet
  facet normal -0.341633 0.939833 0
    outer loop
      vertex 204.763 10.2776 0.5
      vertex 204.9 10.3274 0
      vertex 204.763 10.2776 0
    endloop
  endfacet
  facet normal -0.231768 0.972771 0
    outer loop
      vertex 205.049 10.3629 0
      vertex 204.9 10.3274 0.5
      vertex 205.049 10.3629 0.5
    endloop
  endfacet
  facet normal -0.231768 0.972771 0
    outer loop
      vertex 204.9 10.3274 0.5
      vertex 205.049 10.3629 0
      vertex 204.9 10.3274 0
    endloop
  endfacet
  facet normal -0.13176 0.991282 0
    outer loop
      vertex 205.21 10.3843 0
      vertex 205.049 10.3629 0.5
      vertex 205.21 10.3843 0.5
    endloop
  endfacet
  facet normal -0.13176 0.991282 0
    outer loop
      vertex 205.049 10.3629 0.5
      vertex 205.21 10.3843 0
      vertex 205.049 10.3629 0
    endloop
  endfacet
  facet normal -0.0412439 0.999149 0
    outer loop
      vertex 205.382 10.3914 0
      vertex 205.21 10.3843 0.5
      vertex 205.382 10.3914 0.5
    endloop
  endfacet
  facet normal -0.0412439 0.999149 0
    outer loop
      vertex 205.21 10.3843 0.5
      vertex 205.382 10.3914 0
      vertex 205.21 10.3843 0
    endloop
  endfacet
  facet normal 0.0197878 0.999804 -0
    outer loop
      vertex 205.478 10.3895 0
      vertex 205.382 10.3914 0.5
      vertex 205.478 10.3895 0.5
    endloop
  endfacet
  facet normal 0.0197878 0.999804 0
    outer loop
      vertex 205.382 10.3914 0.5
      vertex 205.478 10.3895 0
      vertex 205.382 10.3914 0
    endloop
  endfacet
  facet normal 0.0603067 0.99818 -0
    outer loop
      vertex 205.574 10.3837 0
      vertex 205.478 10.3895 0.5
      vertex 205.574 10.3837 0.5
    endloop
  endfacet
  facet normal 0.0603067 0.99818 0
    outer loop
      vertex 205.478 10.3895 0.5
      vertex 205.574 10.3837 0
      vertex 205.478 10.3895 0
    endloop
  endfacet
  facet normal 0.10053 0.994934 -0
    outer loop
      vertex 205.67 10.374 0
      vertex 205.574 10.3837 0.5
      vertex 205.67 10.374 0.5
    endloop
  endfacet
  facet normal 0.10053 0.994934 0
    outer loop
      vertex 205.574 10.3837 0.5
      vertex 205.67 10.374 0
      vertex 205.574 10.3837 0
    endloop
  endfacet
  facet normal 0.139255 0.990257 -0
    outer loop
      vertex 205.766 10.3605 0
      vertex 205.67 10.374 0.5
      vertex 205.766 10.3605 0.5
    endloop
  endfacet
  facet normal 0.139255 0.990257 0
    outer loop
      vertex 205.67 10.374 0.5
      vertex 205.766 10.3605 0
      vertex 205.67 10.374 0
    endloop
  endfacet
  facet normal 0.178344 0.983968 -0
    outer loop
      vertex 205.862 10.3431 0
      vertex 205.766 10.3605 0.5
      vertex 205.862 10.3431 0.5
    endloop
  endfacet
  facet normal 0.178344 0.983968 0
    outer loop
      vertex 205.766 10.3605 0.5
      vertex 205.862 10.3431 0
      vertex 205.766 10.3605 0
    endloop
  endfacet
  facet normal 0.216607 0.976259 -0
    outer loop
      vertex 205.958 10.3218 0
      vertex 205.862 10.3431 0.5
      vertex 205.958 10.3218 0.5
    endloop
  endfacet
  facet normal 0.216607 0.976259 0
    outer loop
      vertex 205.862 10.3431 0.5
      vertex 205.958 10.3218 0
      vertex 205.862 10.3431 0
    endloop
  endfacet
  facet normal 0.252955 0.967478 -0
    outer loop
      vertex 206.054 10.2967 0
      vertex 205.958 10.3218 0.5
      vertex 206.054 10.2967 0.5
    endloop
  endfacet
  facet normal 0.252955 0.967478 0
    outer loop
      vertex 205.958 10.3218 0.5
      vertex 206.054 10.2967 0
      vertex 205.958 10.3218 0
    endloop
  endfacet
  facet normal 0.291963 0.95643 -0
    outer loop
      vertex 206.149 10.2677 0
      vertex 206.054 10.2967 0.5
      vertex 206.149 10.2677 0.5
    endloop
  endfacet
  facet normal 0.291963 0.95643 0
    outer loop
      vertex 206.054 10.2967 0.5
      vertex 206.149 10.2677 0
      vertex 206.054 10.2967 0
    endloop
  endfacet
  facet normal 0.32508 0.945687 -0
    outer loop
      vertex 206.245 10.2347 0
      vertex 206.149 10.2677 0.5
      vertex 206.245 10.2347 0.5
    endloop
  endfacet
  facet normal 0.32508 0.945687 0
    outer loop
      vertex 206.149 10.2677 0.5
      vertex 206.245 10.2347 0
      vertex 206.149 10.2677 0
    endloop
  endfacet
  facet normal 0.35963 0.933095 -0
    outer loop
      vertex 206.341 10.1977 0
      vertex 206.245 10.2347 0.5
      vertex 206.341 10.1977 0.5
    endloop
  endfacet
  facet normal 0.35963 0.933095 0
    outer loop
      vertex 206.245 10.2347 0.5
      vertex 206.341 10.1977 0
      vertex 206.245 10.2347 0
    endloop
  endfacet
  facet normal 0.38933 0.921098 -0
    outer loop
      vertex 206.438 10.1567 0
      vertex 206.341 10.1977 0.5
      vertex 206.438 10.1567 0.5
    endloop
  endfacet
  facet normal 0.38933 0.921098 0
    outer loop
      vertex 206.341 10.1977 0.5
      vertex 206.438 10.1567 0
      vertex 206.341 10.1977 0
    endloop
  endfacet
  facet normal 0.42366 0.905821 -0
    outer loop
      vertex 206.534 10.1118 0
      vertex 206.438 10.1567 0.5
      vertex 206.534 10.1118 0.5
    endloop
  endfacet
  facet normal 0.42366 0.905821 0
    outer loop
      vertex 206.438 10.1567 0.5
      vertex 206.534 10.1118 0
      vertex 206.438 10.1567 0
    endloop
  endfacet
  facet normal 0.450157 0.892949 -0
    outer loop
      vertex 206.631 10.0629 0
      vertex 206.534 10.1118 0.5
      vertex 206.631 10.0629 0.5
    endloop
  endfacet
  facet normal 0.450157 0.892949 0
    outer loop
      vertex 206.534 10.1118 0.5
      vertex 206.631 10.0629 0
      vertex 206.534 10.1118 0
    endloop
  endfacet
  facet normal 0.479486 0.87755 -0
    outer loop
      vertex 206.728 10.0099 0
      vertex 206.631 10.0629 0.5
      vertex 206.728 10.0099 0.5
    endloop
  endfacet
  facet normal 0.479486 0.87755 0
    outer loop
      vertex 206.631 10.0629 0.5
      vertex 206.728 10.0099 0
      vertex 206.631 10.0629 0
    endloop
  endfacet
  facet normal -1 0 0
    outer loop
      vertex 206.728 10.0099 0
      vertex 206.728 10.8477 0.5
      vertex 206.728 10.8477 0
    endloop
  endfacet
  facet normal -1 -0 0
    outer loop
      vertex 206.728 10.8477 0.5
      vertex 206.728 10.0099 0
      vertex 206.728 10.0099 0.5
    endloop
  endfacet
  facet normal -0.397878 -0.917438 0
    outer loop
      vertex 206.633 10.8889 0
      vertex 206.728 10.8477 0.5
      vertex 206.633 10.8889 0.5
    endloop
  endfacet
  facet normal -0.397878 -0.917438 -0
    outer loop
      vertex 206.728 10.8477 0.5
      vertex 206.633 10.8889 0
      vertex 206.728 10.8477 0
    endloop
  endfacet
  facet normal -0.368885 -0.929475 0
    outer loop
      vertex 206.537 10.927 0
      vertex 206.633 10.8889 0.5
      vertex 206.537 10.927 0.5
    endloop
  endfacet
  facet normal -0.368885 -0.929475 -0
    outer loop
      vertex 206.633 10.8889 0.5
      vertex 206.537 10.927 0
      vertex 206.633 10.8889 0
    endloop
  endfacet
  facet normal -0.338039 -0.941132 0
    outer loop
      vertex 206.439 10.9622 0
      vertex 206.537 10.927 0.5
      vertex 206.439 10.9622 0.5
    endloop
  endfacet
  facet normal -0.338039 -0.941132 -0
    outer loop
      vertex 206.537 10.927 0.5
      vertex 206.439 10.9622 0
      vertex 206.537 10.927 0
    endloop
  endfacet
  facet normal -0.307364 -0.951592 0
    outer loop
      vertex 206.339 10.9945 0
      vertex 206.439 10.9622 0.5
      vertex 206.339 10.9945 0.5
    endloop
  endfacet
  facet normal -0.307364 -0.951592 -0
    outer loop
      vertex 206.439 10.9622 0.5
      vertex 206.339 10.9945 0
      vertex 206.439 10.9622 0
    endloop
  endfacet
  facet normal -0.275219 -0.961382 0
    outer loop
      vertex 206.237 11.0237 0
      vertex 206.339 10.9945 0.5
      vertex 206.237 11.0237 0.5
    endloop
  endfacet
  facet normal -0.275219 -0.961382 -0
    outer loop
      vertex 206.339 10.9945 0.5
      vertex 206.237 11.0237 0
      vertex 206.339 10.9945 0
    endloop
  endfacet
  facet normal -0.246519 -0.969138 0
    outer loop
      vertex 206.134 11.0499 0
      vertex 206.237 11.0237 0.5
      vertex 206.134 11.0499 0.5
    endloop
  endfacet
  facet normal -0.246519 -0.969138 -0
    outer loop
      vertex 206.237 11.0237 0.5
      vertex 206.134 11.0499 0
      vertex 206.237 11.0237 0
    endloop
  endfacet
  facet normal -0.215749 -0.976449 0
    outer loop
      vertex 206.029 11.0731 0
      vertex 206.134 11.0499 0.5
      vertex 206.029 11.0731 0.5
    endloop
  endfacet
  facet normal -0.215749 -0.976449 -0
    outer loop
      vertex 206.134 11.0499 0.5
      vertex 206.029 11.0731 0
      vertex 206.134 11.0499 0
    endloop
  endfacet
  facet normal -0.187197 -0.982322 0
    outer loop
      vertex 205.923 11.0933 0
      vertex 206.029 11.0731 0.5
      vertex 205.923 11.0933 0.5
    endloop
  endfacet
  facet normal -0.187197 -0.982322 -0
    outer loop
      vertex 206.029 11.0731 0.5
      vertex 205.923 11.0933 0
      vertex 206.029 11.0731 0
    endloop
  endfacet
  facet normal -0.156385 -0.987696 0
    outer loop
      vertex 205.815 11.1104 0
      vertex 205.923 11.0933 0.5
      vertex 205.815 11.1104 0.5
    endloop
  endfacet
  facet normal -0.156385 -0.987696 -0
    outer loop
      vertex 205.923 11.0933 0.5
      vertex 205.815 11.1104 0
      vertex 205.923 11.0933 0
    endloop
  endfacet
  facet normal -0.126499 -0.991967 0
    outer loop
      vertex 205.706 11.1243 0
      vertex 205.815 11.1104 0.5
      vertex 205.706 11.1243 0.5
    endloop
  endfacet
  facet normal -0.126499 -0.991967 -0
    outer loop
      vertex 205.815 11.1104 0.5
      vertex 205.706 11.1243 0
      vertex 205.815 11.1104 0
    endloop
  endfacet
  facet normal -0.0977281 -0.995213 0
    outer loop
      vertex 205.595 11.1352 0
      vertex 205.706 11.1243 0.5
      vertex 205.595 11.1352 0.5
    endloop
  endfacet
  facet normal -0.0977281 -0.995213 -0
    outer loop
      vertex 205.706 11.1243 0.5
      vertex 205.595 11.1352 0
      vertex 205.706 11.1243 0
    endloop
  endfacet
  facet normal -0.0685881 -0.997645 0
    outer loop
      vertex 205.483 11.1429 0
      vertex 205.595 11.1352 0.5
      vertex 205.483 11.1429 0.5
    endloop
  endfacet
  facet normal -0.0685881 -0.997645 -0
    outer loop
      vertex 205.595 11.1352 0.5
      vertex 205.483 11.1429 0
      vertex 205.595 11.1352 0
    endloop
  endfacet
  facet normal -0.041557 -0.999136 0
    outer loop
      vertex 205.37 11.1476 0
      vertex 205.483 11.1429 0.5
      vertex 205.37 11.1476 0.5
    endloop
  endfacet
  facet normal -0.041557 -0.999136 -0
    outer loop
      vertex 205.483 11.1429 0.5
      vertex 205.37 11.1476 0
      vertex 205.483 11.1429 0
    endloop
  endfacet
  facet normal -0.0139117 -0.999903 0
    outer loop
      vertex 205.255 11.1492 0
      vertex 205.37 11.1476 0.5
      vertex 205.255 11.1492 0.5
    endloop
  endfacet
  facet normal -0.0139117 -0.999903 -0
    outer loop
      vertex 205.37 11.1476 0.5
      vertex 205.255 11.1492 0
      vertex 205.37 11.1476 0
    endloop
  endfacet
  facet normal 0.039624 -0.999215 0
    outer loop
      vertex 204.965 11.1377 0
      vertex 205.255 11.1492 0.5
      vertex 204.965 11.1377 0.5
    endloop
  endfacet
  facet normal 0.039624 -0.999215 0
    outer loop
      vertex 205.255 11.1492 0.5
      vertex 204.965 11.1377 0
      vertex 205.255 11.1492 0
    endloop
  endfacet
  facet normal 0.125471 -0.992097 0
    outer loop
      vertex 204.693 11.1033 0
      vertex 204.965 11.1377 0.5
      vertex 204.693 11.1033 0.5
    endloop
  endfacet
  facet normal 0.125471 -0.992097 0
    outer loop
      vertex 204.965 11.1377 0.5
      vertex 204.693 11.1033 0
      vertex 204.965 11.1377 0
    endloop
  endfacet
  facet normal 0.22006 -0.975486 0
    outer loop
      vertex 204.439 11.046 0
      vertex 204.693 11.1033 0.5
      vertex 204.439 11.046 0.5
    endloop
  endfacet
  facet normal 0.22006 -0.975486 0
    outer loop
      vertex 204.693 11.1033 0.5
      vertex 204.439 11.046 0
      vertex 204.693 11.1033 0
    endloop
  endfacet
  facet normal 0.322118 -0.946699 0
    outer loop
      vertex 204.203 10.9657 0
      vertex 204.439 11.046 0.5
      vertex 204.203 10.9657 0.5
    endloop
  endfacet
  facet normal 0.322118 -0.946699 0
    outer loop
      vertex 204.439 11.046 0.5
      vertex 204.203 10.9657 0
      vertex 204.439 11.046 0
    endloop
  endfacet
  facet normal 0.429481 -0.903076 0
    outer loop
      vertex 203.986 10.8625 0
      vertex 204.203 10.9657 0.5
      vertex 203.986 10.8625 0.5
    endloop
  endfacet
  facet normal 0.429481 -0.903076 0
    outer loop
      vertex 204.203 10.9657 0.5
      vertex 203.986 10.8625 0
      vertex 204.203 10.9657 0
    endloop
  endfacet
  facet normal 0.535254 -0.844691 0
    outer loop
      vertex 203.787 10.7364 0
      vertex 203.986 10.8625 0.5
      vertex 203.787 10.7364 0.5
    endloop
  endfacet
  facet normal 0.535254 -0.844691 0
    outer loop
      vertex 203.986 10.8625 0.5
      vertex 203.787 10.7364 0
      vertex 203.986 10.8625 0
    endloop
  endfacet
  facet normal 0.635558 -0.772053 0
    outer loop
      vertex 203.606 10.5874 0
      vertex 203.787 10.7364 0.5
      vertex 203.606 10.5874 0.5
    endloop
  endfacet
  facet normal 0.635558 -0.772053 0
    outer loop
      vertex 203.787 10.7364 0.5
      vertex 203.606 10.5874 0
      vertex 203.787 10.7364 0
    endloop
  endfacet
  facet normal 0.726178 -0.687506 0
    outer loop
      vertex 203.446 10.4184 0.5
      vertex 203.606 10.5874 0
      vertex 203.606 10.5874 0.5
    endloop
  endfacet
  facet normal 0.726178 -0.687506 0
    outer loop
      vertex 203.606 10.5874 0
      vertex 203.446 10.4184 0.5
      vertex 203.446 10.4184 0
    endloop
  endfacet
  facet normal 0.80945 -0.587189 0
    outer loop
      vertex 203.311 10.2323 0.5
      vertex 203.446 10.4184 0
      vertex 203.446 10.4184 0.5
    endloop
  endfacet
  facet normal 0.80945 -0.587189 0
    outer loop
      vertex 203.446 10.4184 0
      vertex 203.311 10.2323 0.5
      vertex 203.311 10.2323 0
    endloop
  endfacet
  facet normal 0.877499 -0.479578 0
    outer loop
      vertex 203.2 10.0292 0.5
      vertex 203.311 10.2323 0
      vertex 203.311 10.2323 0.5
    endloop
  endfacet
  facet normal 0.877499 -0.479578 0
    outer loop
      vertex 203.311 10.2323 0
      vertex 203.2 10.0292 0.5
      vertex 203.2 10.0292 0
    endloop
  endfacet
  facet normal 0.931502 -0.363736 0
    outer loop
      vertex 203.114 9.80896 0.5
      vertex 203.2 10.0292 0
      vertex 203.2 10.0292 0.5
    endloop
  endfacet
  facet normal 0.931502 -0.363736 0
    outer loop
      vertex 203.2 10.0292 0
      vertex 203.114 9.80896 0.5
      vertex 203.114 9.80896 0
    endloop
  endfacet
  facet normal 0.968497 -0.249024 0
    outer loop
      vertex 203.053 9.57172 0.5
      vertex 203.114 9.80896 0
      vertex 203.114 9.80896 0.5
    endloop
  endfacet
  facet normal 0.968497 -0.249024 0
    outer loop
      vertex 203.114 9.80896 0
      vertex 203.053 9.57172 0.5
      vertex 203.053 9.57172 0
    endloop
  endfacet
  facet normal 0.989582 -0.14397 0
    outer loop
      vertex 203.016 9.3174 0.5
      vertex 203.053 9.57172 0
      vertex 203.053 9.57172 0.5
    endloop
  endfacet
  facet normal 0.989582 -0.14397 0
    outer loop
      vertex 203.053 9.57172 0
      vertex 203.016 9.3174 0.5
      vertex 203.016 9.3174 0
    endloop
  endfacet
  facet normal 0.998854 -0.047852 0
    outer loop
      vertex 203.003 9.04604 0.5
      vertex 203.016 9.3174 0
      vertex 203.016 9.3174 0.5
    endloop
  endfacet
  facet normal 0.998854 -0.047852 0
    outer loop
      vertex 203.016 9.3174 0
      vertex 203.003 9.04604 0.5
      vertex 203.003 9.04604 0
    endloop
  endfacet
  facet normal 0.998831 0.0483479 0
    outer loop
      vertex 203.016 8.77747 0.5
      vertex 203.003 9.04604 0
      vertex 203.003 9.04604 0.5
    endloop
  endfacet
  facet normal 0.998831 0.0483479 0
    outer loop
      vertex 203.003 9.04604 0
      vertex 203.016 8.77747 0.5
      vertex 203.016 8.77747 0
    endloop
  endfacet
  facet normal 0.98996 0.14135 0
    outer loop
      vertex 203.052 8.52534 0.5
      vertex 203.016 8.77747 0
      vertex 203.016 8.77747 0.5
    endloop
  endfacet
  facet normal 0.98996 0.14135 0
    outer loop
      vertex 203.016 8.77747 0
      vertex 203.052 8.52534 0.5
      vertex 203.052 8.52534 0
    endloop
  endfacet
  facet normal 0.969086 0.246723 0
    outer loop
      vertex 203.112 8.28967 0.5
      vertex 203.052 8.52534 0
      vertex 203.052 8.52534 0.5
    endloop
  endfacet
  facet normal 0.969086 0.246723 0
    outer loop
      vertex 203.052 8.52534 0
      vertex 203.112 8.28967 0.5
      vertex 203.112 8.28967 0
    endloop
  endfacet
  facet normal 0.932378 0.361486 0
    outer loop
      vertex 203.197 8.07043 0.5
      vertex 203.112 8.28967 0
      vertex 203.112 8.28967 0.5
    endloop
  endfacet
  facet normal 0.932378 0.361486 0
    outer loop
      vertex 203.112 8.28967 0
      vertex 203.197 8.07043 0.5
      vertex 203.197 8.07043 0
    endloop
  endfacet
  facet normal 0.882613 0.4701 0
    outer loop
      vertex 203.305 7.86766 0.5
      vertex 203.197 8.07043 0
      vertex 203.197 8.07043 0.5
    endloop
  endfacet
  facet normal 0.882613 0.4701 0
    outer loop
      vertex 203.197 8.07043 0
      vertex 203.305 7.86766 0.5
      vertex 203.305 7.86766 0
    endloop
  endfacet
  facet normal 0.813911 0.58099 0
    outer loop
      vertex 203.438 7.68134 0.5
      vertex 203.305 7.86766 0
      vertex 203.305 7.86766 0.5
    endloop
  endfacet
  facet normal 0.813911 0.58099 0
    outer loop
      vertex 203.305 7.86766 0
      vertex 203.438 7.68134 0.5
      vertex 203.438 7.68134 0
    endloop
  endfacet
  facet normal 0.734439 0.678675 0
    outer loop
      vertex 203.595 7.51144 0.5
      vertex 203.438 7.68134 0
      vertex 203.438 7.68134 0.5
    endloop
  endfacet
  facet normal 0.734439 0.678675 0
    outer loop
      vertex 203.438 7.68134 0
      vertex 203.595 7.51144 0.5
      vertex 203.595 7.51144 0
    endloop
  endfacet
  facet normal 0.646772 0.762683 -0
    outer loop
      vertex 203.772 7.36134 0
      vertex 203.595 7.51144 0.5
      vertex 203.772 7.36134 0.5
    endloop
  endfacet
  facet normal 0.646772 0.762683 0
    outer loop
      vertex 203.595 7.51144 0.5
      vertex 203.772 7.36134 0
      vertex 203.595 7.51144 0
    endloop
  endfacet
  facet normal 0.545834 0.837893 -0
    outer loop
      vertex 203.967 7.23431 0
      vertex 203.772 7.36134 0.5
      vertex 203.967 7.23431 0.5
    endloop
  endfacet
  facet normal 0.545834 0.837893 0
    outer loop
      vertex 203.772 7.36134 0.5
      vertex 203.967 7.23431 0
      vertex 203.772 7.36134 0
    endloop
  endfacet
  facet normal 0.440118 0.89794 -0
    outer loop
      vertex 204.179 7.1304 0
      vertex 203.967 7.23431 0.5
      vertex 204.179 7.1304 0.5
    endloop
  endfacet
  facet normal 0.440118 0.89794 0
    outer loop
      vertex 203.967 7.23431 0.5
      vertex 204.179 7.1304 0
      vertex 203.967 7.23431 0
    endloop
  endfacet
  facet normal 0.332807 0.942995 -0
    outer loop
      vertex 204.408 7.04958 0
      vertex 204.179 7.1304 0.5
      vertex 204.408 7.04958 0.5
    endloop
  endfacet
  facet normal 0.332807 0.942995 0
    outer loop
      vertex 204.179 7.1304 0.5
      vertex 204.408 7.04958 0
      vertex 204.179 7.1304 0
    endloop
  endfacet
  facet normal 0.228505 0.973543 -0
    outer loop
      vertex 204.654 6.99184 0
      vertex 204.408 7.04958 0.5
      vertex 204.654 6.99184 0.5
    endloop
  endfacet
  facet normal 0.228505 0.973543 0
    outer loop
      vertex 204.408 7.04958 0.5
      vertex 204.654 6.99184 0
      vertex 204.408 7.04958 0
    endloop
  endfacet
  facet normal 0.130583 0.991437 -0
    outer loop
      vertex 204.917 6.9572 0
      vertex 204.654 6.99184 0.5
      vertex 204.917 6.9572 0.5
    endloop
  endfacet
  facet normal 0.130583 0.991437 0
    outer loop
      vertex 204.654 6.99184 0.5
      vertex 204.917 6.9572 0
      vertex 204.654 6.99184 0
    endloop
  endfacet
  facet normal 0.0410685 0.999156 -0
    outer loop
      vertex 205.198 6.94565 0
      vertex 204.917 6.9572 0.5
      vertex 205.198 6.94565 0.5
    endloop
  endfacet
  facet normal 0.0410685 0.999156 0
    outer loop
      vertex 204.917 6.9572 0.5
      vertex 205.198 6.94565 0
      vertex 204.917 6.9572 0
    endloop
  endfacet
  facet normal -0.0152738 0.999883 0
    outer loop
      vertex 205.325 6.94759 0
      vertex 205.198 6.94565 0.5
      vertex 205.325 6.94759 0.5
    endloop
  endfacet
  facet normal -0.0152738 0.999883 0
    outer loop
      vertex 205.198 6.94565 0.5
      vertex 205.325 6.94759 0
      vertex 205.198 6.94565 0
    endloop
  endfacet
  facet normal -0.160419 0.987049 0
    outer loop
      vertex 177.889 6.99028 0
      vertex 177.683 6.9568 0.5
      vertex 177.889 6.99028 0.5
    endloop
  endfacet
  facet normal -0.160419 0.987049 0
    outer loop
      vertex 177.683 6.9568 0.5
      vertex 177.889 6.99028 0
      vertex 177.683 6.9568 0
    endloop
  endfacet
  facet normal -0.281784 0.959478 0
    outer loop
      vertex 178.079 7.04608 0
      vertex 177.889 6.99028 0.5
      vertex 178.079 7.04608 0.5
    endloop
  endfacet
  facet normal -0.281784 0.959478 0
    outer loop
      vertex 177.889 6.99028 0.5
      vertex 178.079 7.04608 0
      vertex 177.889 6.99028 0
    endloop
  endfacet
  facet normal -0.405652 0.914028 0
    outer loop
      vertex 178.255 7.12419 0
      vertex 178.079 7.04608 0.5
      vertex 178.255 7.12419 0.5
    endloop
  endfacet
  facet normal -0.405652 0.914028 0
    outer loop
      vertex 178.079 7.04608 0.5
      vertex 178.255 7.12419 0
      vertex 178.079 7.04608 0
    endloop
  endfacet
  facet normal -0.52926 0.84846 0
    outer loop
      vertex 178.416 7.22462 0
      vertex 178.255 7.12419 0.5
      vertex 178.416 7.22462 0.5
    endloop
  endfacet
  facet normal -0.52926 0.84846 0
    outer loop
      vertex 178.255 7.12419 0.5
      vertex 178.416 7.22462 0
      vertex 178.255 7.12419 0
    endloop
  endfacet
  facet normal -0.640985 0.767553 0
    outer loop
      vertex 178.563 7.34738 0
      vertex 178.416 7.22462 0.5
      vertex 178.563 7.34738 0.5
    endloop
  endfacet
  facet normal -0.640985 0.767553 0
    outer loop
      vertex 178.416 7.22462 0.5
      vertex 178.563 7.34738 0
      vertex 178.416 7.22462 0
    endloop
  endfacet
  facet normal -0.742181 0.670199 0
    outer loop
      vertex 178.563 7.34738 0
      vertex 178.694 7.49245 0.5
      vertex 178.694 7.49245 0
    endloop
  endfacet
  facet normal -0.742181 0.670199 0
    outer loop
      vertex 178.694 7.49245 0.5
      vertex 178.563 7.34738 0
      vertex 178.563 7.34738 0.5
    endloop
  endfacet
  facet normal -0.821418 0.570326 0
    outer loop
      vertex 178.694 7.49245 0
      vertex 178.809 7.65808 0.5
      vertex 178.809 7.65808 0
    endloop
  endfacet
  facet normal -0.821418 0.570326 0
    outer loop
      vertex 178.809 7.65808 0.5
      vertex 178.694 7.49245 0
      vertex 178.694 7.49245 0.5
    endloop
  endfacet
  facet normal -0.883031 0.469315 0
    outer loop
      vertex 178.809 7.65808 0
      vertex 178.907 7.84247 0.5
      vertex 178.907 7.84247 0
    endloop
  endfacet
  facet normal -0.883031 0.469315 0
    outer loop
      vertex 178.907 7.84247 0.5
      vertex 178.809 7.65808 0
      vertex 178.809 7.65808 0.5
    endloop
  endfacet
  facet normal -0.932021 0.362404 0
    outer loop
      vertex 178.907 7.84247 0
      vertex 178.986 8.04564 0.5
      vertex 178.986 8.04564 0
    endloop
  endfacet
  facet normal -0.932021 0.362404 0
    outer loop
      vertex 178.986 8.04564 0.5
      vertex 178.907 7.84247 0
      vertex 178.907 7.84247 0.5
    endloop
  endfacet
  facet normal -0.963125 0.269054 0
    outer loop
      vertex 178.986 8.04564 0
      vertex 179.048 8.26758 0.5
      vertex 179.048 8.26758 0
    endloop
  endfacet
  facet normal -0.963125 0.269054 0
    outer loop
      vertex 179.048 8.26758 0.5
      vertex 178.986 8.04564 0
      vertex 178.986 8.04564 0.5
    endloop
  endfacet
  facet normal -0.982972 0.183756 0
    outer loop
      vertex 179.048 8.26758 0
      vertex 179.093 8.5083 0.5
      vertex 179.093 8.5083 0
    endloop
  endfacet
  facet normal -0.982972 0.183756 0
    outer loop
      vertex 179.093 8.5083 0.5
      vertex 179.048 8.26758 0
      vertex 179.048 8.26758 0.5
    endloop
  endfacet
  facet normal -0.995018 0.0996973 0
    outer loop
      vertex 179.093 8.5083 0
      vertex 179.119 8.76779 0.5
      vertex 179.119 8.76779 0
    endloop
  endfacet
  facet normal -0.995018 0.0996973 0
    outer loop
      vertex 179.119 8.76779 0.5
      vertex 179.093 8.5083 0
      vertex 179.093 8.5083 0.5
    endloop
  endfacet
  facet normal -0.999477 0.0323281 0
    outer loop
      vertex 179.119 8.76779 0
      vertex 179.128 9.04604 0.5
      vertex 179.128 9.04604 0
    endloop
  endfacet
  facet normal -0.999477 0.0323281 0
    outer loop
      vertex 179.128 9.04604 0.5
      vertex 179.119 8.76779 0
      vertex 179.119 8.76779 0.5
    endloop
  endfacet
  facet normal -0.99948 -0.0322448 0
    outer loop
      vertex 179.128 9.04604 0
      vertex 179.119 9.32501 0.5
      vertex 179.119 9.32501 0
    endloop
  endfacet
  facet normal -0.99948 -0.0322448 0
    outer loop
      vertex 179.119 9.32501 0.5
      vertex 179.128 9.04604 0
      vertex 179.128 9.04604 0.5
    endloop
  endfacet
  facet normal -0.995041 -0.0994658 0
    outer loop
      vertex 179.119 9.32501 0
      vertex 179.093 9.58511 0.5
      vertex 179.093 9.58511 0
    endloop
  endfacet
  facet normal -0.995041 -0.0994658 0
    outer loop
      vertex 179.093 9.58511 0.5
      vertex 179.119 9.32501 0
      vertex 179.119 9.32501 0.5
    endloop
  endfacet
  facet normal -0.983039 -0.183395 0
    outer loop
      vertex 179.093 9.58511 0
      vertex 179.048 9.82632 0.5
      vertex 179.048 9.82632 0
    endloop
  endfacet
  facet normal -0.983039 -0.183395 0
    outer loop
      vertex 179.048 9.82632 0.5
      vertex 179.093 9.58511 0
      vertex 179.093 9.58511 0.5
    endloop
  endfacet
  facet normal -0.963232 -0.268672 0
    outer loop
      vertex 179.048 9.82632 0
      vertex 178.986 10.0486 0.5
      vertex 178.986 10.0486 0
    endloop
  endfacet
  facet normal -0.963232 -0.268672 0
    outer loop
      vertex 178.986 10.0486 0.5
      vertex 179.048 9.82632 0
      vertex 179.048 9.82632 0.5
    endloop
  endfacet
  facet normal -0.932219 -0.361894 0
    outer loop
      vertex 178.986 10.0486 0
      vertex 178.907 10.2521 0.5
      vertex 178.907 10.2521 0
    endloop
  endfacet
  facet normal -0.932219 -0.361894 0
    outer loop
      vertex 178.907 10.2521 0.5
      vertex 178.986 10.0486 0
      vertex 178.986 10.0486 0.5
    endloop
  endfacet
  facet normal -0.883147 -0.469097 0
    outer loop
      vertex 178.907 10.2521 0
      vertex 178.809 10.4366 0.5
      vertex 178.809 10.4366 0
    endloop
  endfacet
  facet normal -0.883147 -0.469097 0
    outer loop
      vertex 178.809 10.4366 0.5
      vertex 178.907 10.2521 0
      vertex 178.907 10.2521 0.5
    endloop
  endfacet
  facet normal -0.821531 -0.570164 0
    outer loop
      vertex 178.809 10.4366 0
      vertex 178.694 10.6023 0.5
      vertex 178.694 10.6023 0
    endloop
  endfacet
  facet normal -0.821531 -0.570164 0
    outer loop
      vertex 178.694 10.6023 0.5
      vertex 178.809 10.4366 0
      vertex 178.809 10.4366 0.5
    endloop
  endfacet
  facet normal -0.74225 -0.670123 0
    outer loop
      vertex 178.694 10.6023 0
      vertex 178.563 10.7474 0.5
      vertex 178.563 10.7474 0
    endloop
  endfacet
  facet normal -0.74225 -0.670123 0
    outer loop
      vertex 178.563 10.7474 0.5
      vertex 178.694 10.6023 0
      vertex 178.694 10.6023 0.5
    endloop
  endfacet
  facet normal -0.640801 -0.767707 0
    outer loop
      vertex 178.416 10.8701 0
      vertex 178.563 10.7474 0.5
      vertex 178.416 10.8701 0.5
    endloop
  endfacet
  facet normal -0.640801 -0.767707 -0
    outer loop
      vertex 178.563 10.7474 0.5
      vertex 178.416 10.8701 0
      vertex 178.563 10.7474 0
    endloop
  endfacet
  facet normal -0.529525 -0.848294 0
    outer loop
      vertex 178.255 10.9706 0
      vertex 178.416 10.8701 0.5
      vertex 178.255 10.9706 0.5
    endloop
  endfacet
  facet normal -0.529525 -0.848294 -0
    outer loop
      vertex 178.416 10.8701 0.5
      vertex 178.255 10.9706 0
      vertex 178.416 10.8701 0
    endloop
  endfacet
  facet normal -0.405608 -0.914047 0
    outer loop
      vertex 178.079 11.0487 0
      vertex 178.255 10.9706 0.5
      vertex 178.079 11.0487 0.5
    endloop
  endfacet
  facet normal -0.405608 -0.914047 -0
    outer loop
      vertex 178.255 10.9706 0.5
      vertex 178.079 11.0487 0
      vertex 178.255 10.9706 0
    endloop
  endfacet
  facet normal -0.281784 -0.959478 0
    outer loop
      vertex 177.889 11.1045 0
      vertex 178.079 11.0487 0.5
      vertex 177.889 11.1045 0.5
    endloop
  endfacet
  facet normal -0.281784 -0.959478 -0
    outer loop
      vertex 178.079 11.0487 0.5
      vertex 177.889 11.1045 0
      vertex 178.079 11.0487 0
    endloop
  endfacet
  facet normal -0.160513 -0.987034 0
    outer loop
      vertex 177.683 11.138 0
      vertex 177.889 11.1045 0.5
      vertex 177.683 11.138 0.5
    endloop
  endfacet
  facet normal -0.160513 -0.987034 -0
    outer loop
      vertex 177.889 11.1045 0.5
      vertex 177.683 11.138 0
      vertex 177.889 11.1045 0
    endloop
  endfacet
  facet normal -0.0508432 -0.998707 0
    outer loop
      vertex 177.463 11.1492 0
      vertex 177.683 11.138 0.5
      vertex 177.463 11.1492 0.5
    endloop
  endfacet
  facet normal -0.0508432 -0.998707 -0
    outer loop
      vertex 177.683 11.138 0.5
      vertex 177.463 11.1492 0
      vertex 177.683 11.138 0
    endloop
  endfacet
  facet normal 0.0503864 -0.99873 0
    outer loop
      vertex 177.241 11.138 0
      vertex 177.463 11.1492 0.5
      vertex 177.241 11.138 0.5
    endloop
  endfacet
  facet normal 0.0503864 -0.99873 0
    outer loop
      vertex 177.463 11.1492 0.5
      vertex 177.241 11.138 0
      vertex 177.463 11.1492 0
    endloop
  endfacet
  facet normal 0.160513 -0.987034 0
    outer loop
      vertex 177.035 11.1045 0
      vertex 177.241 11.138 0.5
      vertex 177.035 11.1045 0.5
    endloop
  endfacet
  facet normal 0.160513 -0.987034 0
    outer loop
      vertex 177.241 11.138 0.5
      vertex 177.035 11.1045 0
      vertex 177.241 11.138 0
    endloop
  endfacet
  facet normal 0.280425 -0.959876 0
    outer loop
      vertex 176.844 11.0487 0
      vertex 177.035 11.1045 0.5
      vertex 176.844 11.0487 0.5
    endloop
  endfacet
  facet normal 0.280425 -0.959876 0
    outer loop
      vertex 177.035 11.1045 0.5
      vertex 176.844 11.0487 0
      vertex 177.035 11.1045 0
    endloop
  endfacet
  facet normal 0.405608 -0.914047 0
    outer loop
      vertex 176.668 10.9706 0
      vertex 176.844 11.0487 0.5
      vertex 176.668 10.9706 0.5
    endloop
  endfacet
  facet normal 0.405608 -0.914047 0
    outer loop
      vertex 176.844 11.0487 0.5
      vertex 176.668 10.9706 0
      vertex 176.844 11.0487 0
    endloop
  endfacet
  facet normal 0.527167 -0.849762 0
    outer loop
      vertex 176.506 10.8701 0
      vertex 176.668 10.9706 0.5
      vertex 176.506 10.8701 0.5
    endloop
  endfacet
  facet normal 0.527167 -0.849762 0
    outer loop
      vertex 176.668 10.9706 0.5
      vertex 176.506 10.8701 0
      vertex 176.668 10.9706 0
    endloop
  endfacet
  facet normal 0.643377 -0.76555 0
    outer loop
      vertex 176.36 10.7474 0
      vertex 176.506 10.8701 0.5
      vertex 176.36 10.7474 0.5
    endloop
  endfacet
  facet normal 0.643377 -0.76555 0
    outer loop
      vertex 176.506 10.8701 0.5
      vertex 176.36 10.7474 0
      vertex 176.506 10.8701 0
    endloop
  endfacet
  facet normal 0.739709 -0.672926 0
    outer loop
      vertex 176.228 10.6023 0.5
      vertex 176.36 10.7474 0
      vertex 176.36 10.7474 0.5
    endloop
  endfacet
  facet normal 0.739709 -0.672926 0
    outer loop
      vertex 176.36 10.7474 0
      vertex 176.228 10.6023 0.5
      vertex 176.228 10.6023 0
    endloop
  endfacet
  facet normal 0.821531 -0.570164 0
    outer loop
      vertex 176.113 10.4366 0.5
      vertex 176.228 10.6023 0
      vertex 176.228 10.6023 0.5
    endloop
  endfacet
  facet normal 0.821531 -0.570164 0
    outer loop
      vertex 176.228 10.6023 0
      vertex 176.113 10.4366 0.5
      vertex 176.113 10.4366 0
    endloop
  endfacet
  facet normal 0.885126 -0.465351 0
    outer loop
      vertex 176.016 10.2521 0.5
      vertex 176.113 10.4366 0
      vertex 176.113 10.4366 0.5
    endloop
  endfacet
  facet normal 0.885126 -0.465351 0
    outer loop
      vertex 176.113 10.4366 0
      vertex 176.016 10.2521 0.5
      vertex 176.016 10.2521 0
    endloop
  endfacet
  facet normal 0.930668 -0.365865 0
    outer loop
      vertex 175.936 10.0486 0.5
      vertex 176.016 10.2521 0
      vertex 176.016 10.2521 0.5
    endloop
  endfacet
  facet normal 0.930668 -0.365865 0
    outer loop
      vertex 176.016 10.2521 0
      vertex 175.936 10.0486 0.5
      vertex 175.936 10.0486 0
    endloop
  endfacet
  facet normal 0.963232 -0.268672 0
    outer loop
      vertex 175.874 9.82632 0.5
      vertex 175.936 10.0486 0
      vertex 175.936 10.0486 0.5
    endloop
  endfacet
  facet normal 0.963232 -0.268672 0
    outer loop
      vertex 175.936 10.0486 0
      vertex 175.874 9.82632 0.5
      vertex 175.874 9.82632 0
    endloop
  endfacet
  facet normal 0.983767 -0.179452 0
    outer loop
      vertex 175.83 9.58511 0.5
      vertex 175.874 9.82632 0
      vertex 175.874 9.82632 0.5
    endloop
  endfacet
  facet normal 0.983767 -0.179452 0
    outer loop
      vertex 175.874 9.82632 0
      vertex 175.83 9.58511 0.5
      vertex 175.83 9.58511 0
    endloop
  endfacet
  facet normal 0.994655 -0.103251 0
    outer loop
      vertex 175.803 9.32501 0.5
      vertex 175.83 9.58511 0
      vertex 175.83 9.58511 0.5
    endloop
  endfacet
  facet normal 0.994655 -0.103251 0
    outer loop
      vertex 175.83 9.58511 0
      vertex 175.803 9.32501 0.5
      vertex 175.803 9.32501 0
    endloop
  endfacet
  facet normal 0.99948 -0.0322448 0
    outer loop
      vertex 175.794 9.04604 0.5
      vertex 175.803 9.32501 0
      vertex 175.803 9.32501 0.5
    endloop
  endfacet
  facet normal 0.99948 -0.0322448 0
    outer loop
      vertex 175.803 9.32501 0
      vertex 175.794 9.04604 0.5
      vertex 175.794 9.04604 0
    endloop
  endfacet
  facet normal 0.999477 0.0323281 0
    outer loop
      vertex 175.803 8.76779 0.5
      vertex 175.794 9.04604 0
      vertex 175.794 9.04604 0.5
    endloop
  endfacet
  facet normal 0.999477 0.0323281 0
    outer loop
      vertex 175.794 9.04604 0
      vertex 175.803 8.76779 0.5
      vertex 175.803 8.76779 0
    endloop
  endfacet
  facet normal 0.99463 0.103492 0
    outer loop
      vertex 175.83 8.5083 0.5
      vertex 175.803 8.76779 0
      vertex 175.803 8.76779 0.5
    endloop
  endfacet
  facet normal 0.99463 0.103492 0
    outer loop
      vertex 175.803 8.76779 0
      vertex 175.83 8.5083 0.5
      vertex 175.83 8.5083 0
    endloop
  endfacet
  facet normal 0.983702 0.179806 0
    outer loop
      vertex 175.874 8.26758 0.5
      vertex 175.83 8.5083 0
      vertex 175.83 8.5083 0.5
    endloop
  endfacet
  facet normal 0.983702 0.179806 0
    outer loop
      vertex 175.83 8.5083 0
      vertex 175.874 8.26758 0.5
      vertex 175.874 8.26758 0
    endloop
  endfacet
  facet normal 0.963125 0.269054 0
    outer loop
      vertex 175.936 8.04564 0.5
      vertex 175.874 8.26758 0
      vertex 175.874 8.26758 0.5
    endloop
  endfacet
  facet normal 0.963125 0.269054 0
    outer loop
      vertex 175.874 8.26758 0
      vertex 175.936 8.04564 0.5
      vertex 175.936 8.04564 0
    endloop
  endfacet
  facet normal 0.930466 0.366379 0
    outer loop
      vertex 176.016 7.84247 0.5
      vertex 175.936 8.04564 0
      vertex 175.936 8.04564 0.5
    endloop
  endfacet
  facet normal 0.930466 0.366379 0
    outer loop
      vertex 175.936 8.04564 0
      vertex 176.016 7.84247 0.5
      vertex 176.016 7.84247 0
    endloop
  endfacet
  facet normal 0.885012 0.465568 0
    outer loop
      vertex 176.113 7.65808 0.5
      vertex 176.016 7.84247 0
      vertex 176.016 7.84247 0.5
    endloop
  endfacet
  facet normal 0.885012 0.465568 0
    outer loop
      vertex 176.016 7.84247 0
      vertex 176.113 7.65808 0.5
      vertex 176.113 7.65808 0
    endloop
  endfacet
  facet normal 0.821418 0.570326 0
    outer loop
      vertex 176.228 7.49245 0.5
      vertex 176.113 7.65808 0
      vertex 176.113 7.65808 0.5
    endloop
  endfacet
  facet normal 0.821418 0.570326 0
    outer loop
      vertex 176.113 7.65808 0
      vertex 176.228 7.49245 0.5
      vertex 176.228 7.49245 0
    endloop
  endfacet
  facet normal 0.73964 0.673003 0
    outer loop
      vertex 176.36 7.34738 0.5
      vertex 176.228 7.49245 0
      vertex 176.228 7.49245 0.5
    endloop
  endfacet
  facet normal 0.73964 0.673003 0
    outer loop
      vertex 176.228 7.49245 0
      vertex 176.36 7.34738 0.5
      vertex 176.36 7.34738 0
    endloop
  endfacet
  facet normal 0.643561 0.765395 -0
    outer loop
      vertex 176.506 7.22462 0
      vertex 176.36 7.34738 0.5
      vertex 176.506 7.22462 0.5
    endloop
  endfacet
  facet normal 0.643561 0.765395 0
    outer loop
      vertex 176.36 7.34738 0.5
      vertex 176.506 7.22462 0
      vertex 176.36 7.34738 0
    endloop
  endfacet
  facet normal 0.526902 0.849926 -0
    outer loop
      vertex 176.668 7.12419 0
      vertex 176.506 7.22462 0.5
      vertex 176.668 7.12419 0.5
    endloop
  endfacet
  facet normal 0.526902 0.849926 0
    outer loop
      vertex 176.506 7.22462 0.5
      vertex 176.668 7.12419 0
      vertex 176.506 7.22462 0
    endloop
  endfacet
  facet normal 0.405652 0.914028 -0
    outer loop
      vertex 176.844 7.04608 0
      vertex 176.668 7.12419 0.5
      vertex 176.844 7.04608 0.5
    endloop
  endfacet
  facet normal 0.405652 0.914028 0
    outer loop
      vertex 176.668 7.12419 0.5
      vertex 176.844 7.04608 0
      vertex 176.668 7.12419 0
    endloop
  endfacet
  facet normal 0.280425 0.959876 -0
    outer loop
      vertex 177.035 6.99028 0
      vertex 176.844 7.04608 0.5
      vertex 177.035 6.99028 0.5
    endloop
  endfacet
  facet normal 0.280425 0.959876 0
    outer loop
      vertex 176.844 7.04608 0.5
      vertex 177.035 6.99028 0
      vertex 176.844 7.04608 0
    endloop
  endfacet
  facet normal 0.160419 0.987049 -0
    outer loop
      vertex 177.241 6.9568 0
      vertex 177.035 6.99028 0.5
      vertex 177.241 6.9568 0.5
    endloop
  endfacet
  facet normal 0.160419 0.987049 0
    outer loop
      vertex 177.035 6.99028 0.5
      vertex 177.241 6.9568 0
      vertex 177.035 6.99028 0
    endloop
  endfacet
  facet normal 0.050162 0.998741 -0
    outer loop
      vertex 177.463 6.94565 0
      vertex 177.241 6.9568 0.5
      vertex 177.463 6.94565 0.5
    endloop
  endfacet
  facet normal 0.050162 0.998741 0
    outer loop
      vertex 177.241 6.9568 0.5
      vertex 177.463 6.94565 0
      vertex 177.241 6.9568 0
    endloop
  endfacet
  facet normal -0.0506169 0.998718 0
    outer loop
      vertex 177.683 6.9568 0
      vertex 177.463 6.94565 0.5
      vertex 177.683 6.9568 0.5
    endloop
  endfacet
  facet normal -0.0506169 0.998718 0
    outer loop
      vertex 177.463 6.94565 0.5
      vertex 177.683 6.9568 0
      vertex 177.463 6.94565 0
    endloop
  endfacet
  facet normal -0.223597 -0.974682 0
    outer loop
      vertex 177.286 7.68301 0
      vertex 177.37 7.66374 0.5
      vertex 177.286 7.68301 0.5
    endloop
  endfacet
  facet normal -0.223597 -0.974682 -0
    outer loop
      vertex 177.37 7.66374 0.5
      vertex 177.286 7.68301 0
      vertex 177.37 7.66374 0
    endloop
  endfacet
  facet normal -0.389189 -0.921158 0
    outer loop
      vertex 177.21 7.71512 0
      vertex 177.286 7.68301 0.5
      vertex 177.21 7.71512 0.5
    endloop
  endfacet
  facet normal -0.389189 -0.921158 -0
    outer loop
      vertex 177.286 7.68301 0.5
      vertex 177.21 7.71512 0
      vertex 177.286 7.68301 0
    endloop
  endfacet
  facet normal -0.545842 -0.837888 0
    outer loop
      vertex 177.141 7.76007 0
      vertex 177.21 7.71512 0.5
      vertex 177.141 7.76007 0.5
    endloop
  endfacet
  facet normal -0.545842 -0.837888 -0
    outer loop
      vertex 177.21 7.71512 0.5
      vertex 177.141 7.76007 0
      vertex 177.21 7.71512 0
    endloop
  endfacet
  facet normal -0.687748 -0.72595 0
    outer loop
      vertex 177.08 7.81786 0
      vertex 177.141 7.76007 0.5
      vertex 177.08 7.81786 0.5
    endloop
  endfacet
  facet normal -0.687748 -0.72595 -0
    outer loop
      vertex 177.141 7.76007 0.5
      vertex 177.08 7.81786 0
      vertex 177.141 7.76007 0
    endloop
  endfacet
  facet normal -0.79985 -0.600199 0
    outer loop
      vertex 177.08 7.81786 0
      vertex 177.027 7.88849 0.5
      vertex 177.027 7.88849 0
    endloop
  endfacet
  facet normal -0.79985 -0.600199 0
    outer loop
      vertex 177.027 7.88849 0.5
      vertex 177.08 7.81786 0
      vertex 177.08 7.81786 0.5
    endloop
  endfacet
  facet normal -0.880254 -0.474502 0
    outer loop
      vertex 177.027 7.88849 0
      vertex 176.982 7.97197 0.5
      vertex 176.982 7.97197 0
    endloop
  endfacet
  facet normal -0.880254 -0.474502 0
    outer loop
      vertex 176.982 7.97197 0.5
      vertex 177.027 7.88849 0
      vertex 177.027 7.88849 0.5
    endloop
  endfacet
  facet normal -0.93377 -0.357874 0
    outer loop
      vertex 176.982 7.97197 0
      vertex 176.944 8.07112 0.5
      vertex 176.944 8.07112 0
    endloop
  endfacet
  facet normal -0.93377 -0.357874 0
    outer loop
      vertex 176.944 8.07112 0.5
      vertex 176.982 7.97197 0
      vertex 176.982 7.97197 0.5
    endloop
  endfacet
  facet normal -0.964932 -0.2625 0
    outer loop
      vertex 176.944 8.07112 0
      vertex 176.912 8.18875 0.5
      vertex 176.912 8.18875 0
    endloop
  endfacet
  facet normal -0.964932 -0.2625 0
    outer loop
      vertex 176.912 8.18875 0.5
      vertex 176.944 8.07112 0
      vertex 176.944 8.07112 0.5
    endloop
  endfacet
  facet normal -0.982248 -0.18759 0
    outer loop
      vertex 176.912 8.18875 0
      vertex 176.886 8.32489 0.5
      vertex 176.886 8.32489 0
    endloop
  endfacet
  facet normal -0.982248 -0.18759 0
    outer loop
      vertex 176.886 8.32489 0.5
      vertex 176.912 8.18875 0
      vertex 176.912 8.18875 0.5
    endloop
  endfacet
  facet normal -0.9909 -0.134598 0
    outer loop
      vertex 176.886 8.32489 0
      vertex 176.865 8.47949 0.5
      vertex 176.865 8.47949 0
    endloop
  endfacet
  facet normal -0.9909 -0.134598 0
    outer loop
      vertex 176.865 8.47949 0.5
      vertex 176.886 8.32489 0
      vertex 176.886 8.32489 0.5
    endloop
  endfacet
  facet normal -0.996266 -0.0863316 0
    outer loop
      vertex 176.865 8.47949 0
      vertex 176.85 8.65259 0.5
      vertex 176.85 8.65259 0
    endloop
  endfacet
  facet normal -0.996266 -0.0863316 0
    outer loop
      vertex 176.85 8.65259 0.5
      vertex 176.865 8.47949 0
      vertex 176.865 8.47949 0.5
    endloop
  endfacet
  facet normal -0.999129 -0.0417195 0
    outer loop
      vertex 176.85 8.65259 0
      vertex 176.842 8.84418 0.5
      vertex 176.842 8.84418 0
    endloop
  endfacet
  facet normal -0.999129 -0.0417195 0
    outer loop
      vertex 176.842 8.84418 0.5
      vertex 176.85 8.65259 0
      vertex 176.85 8.65259 0.5
    endloop
  endfacet
  facet normal -0.999898 -0.0142809 0
    outer loop
      vertex 176.842 8.84418 0
      vertex 176.839 9.05423 0.5
      vertex 176.839 9.05423 0
    endloop
  endfacet
  facet normal -0.999898 -0.0142809 0
    outer loop
      vertex 176.839 9.05423 0.5
      vertex 176.842 8.84418 0
      vertex 176.842 8.84418 0.5
    endloop
  endfacet
  facet normal -0.999896 0.0144327 0
    outer loop
      vertex 176.839 9.05423 0
      vertex 176.842 9.26207 0.5
      vertex 176.842 9.26207 0
    endloop
  endfacet
  facet normal -0.999896 0.0144327 0
    outer loop
      vertex 176.842 9.26207 0.5
      vertex 176.839 9.05423 0
      vertex 176.839 9.05423 0.5
    endloop
  endfacet
  facet normal -0.99911 0.0421721 0
    outer loop
      vertex 176.842 9.26207 0
      vertex 176.85 9.4516 0.5
      vertex 176.85 9.4516 0
    endloop
  endfacet
  facet normal -0.99911 0.0421721 0
    outer loop
      vertex 176.85 9.4516 0.5
      vertex 176.842 9.26207 0
      vertex 176.842 9.26207 0.5
    endloop
  endfacet
  facet normal -0.996183 0.0872875 0
    outer loop
      vertex 176.85 9.4516 0
      vertex 176.865 9.62279 0.5
      vertex 176.865 9.62279 0
    endloop
  endfacet
  facet normal -0.996183 0.0872875 0
    outer loop
      vertex 176.865 9.62279 0.5
      vertex 176.85 9.4516 0
      vertex 176.85 9.4516 0.5
    endloop
  endfacet
  facet normal -0.990695 0.136102 0
    outer loop
      vertex 176.865 9.62279 0
      vertex 176.886 9.77565 0.5
      vertex 176.886 9.77565 0
    endloop
  endfacet
  facet normal -0.990695 0.136102 0
    outer loop
      vertex 176.886 9.77565 0.5
      vertex 176.865 9.62279 0
      vertex 176.865 9.62279 0.5
    endloop
  endfacet
  facet normal -0.981837 0.189727 0
    outer loop
      vertex 176.886 9.77565 0
      vertex 176.912 9.9102 0.5
      vertex 176.912 9.9102 0
    endloop
  endfacet
  facet normal -0.981837 0.189727 0
    outer loop
      vertex 176.912 9.9102 0.5
      vertex 176.886 9.77565 0
      vertex 176.886 9.77565 0.5
    endloop
  endfacet
  facet normal -0.96411 0.265504 0
    outer loop
      vertex 176.912 9.9102 0
      vertex 176.944 10.0264 0.5
      vertex 176.944 10.0264 0
    endloop
  endfacet
  facet normal -0.96411 0.265504 0
    outer loop
      vertex 176.944 10.0264 0.5
      vertex 176.912 9.9102 0
      vertex 176.912 9.9102 0.5
    endloop
  endfacet
  facet normal -0.932237 0.361849 0
    outer loop
      vertex 176.944 10.0264 0
      vertex 176.982 10.1243 0.5
      vertex 176.982 10.1243 0
    endloop
  endfacet
  facet normal -0.932237 0.361849 0
    outer loop
      vertex 176.982 10.1243 0.5
      vertex 176.944 10.0264 0
      vertex 176.944 10.0264 0.5
    endloop
  endfacet
  facet normal -0.877651 0.4793 0
    outer loop
      vertex 176.982 10.1243 0
      vertex 177.027 10.2067 0.5
      vertex 177.027 10.2067 0
    endloop
  endfacet
  facet normal -0.877651 0.4793 0
    outer loop
      vertex 177.027 10.2067 0.5
      vertex 176.982 10.1243 0
      vertex 176.982 10.1243 0.5
    endloop
  endfacet
  facet normal -0.796008 0.605286 0
    outer loop
      vertex 177.027 10.2067 0
      vertex 177.08 10.2764 0.5
      vertex 177.08 10.2764 0
    endloop
  endfacet
  facet normal -0.796008 0.605286 0
    outer loop
      vertex 177.08 10.2764 0.5
      vertex 177.027 10.2067 0
      vertex 177.027 10.2067 0.5
    endloop
  endfacet
  facet normal -0.683384 0.73006 0
    outer loop
      vertex 177.141 10.3335 0
      vertex 177.08 10.2764 0.5
      vertex 177.141 10.3335 0.5
    endloop
  endfacet
  facet normal -0.683384 0.73006 0
    outer loop
      vertex 177.08 10.2764 0.5
      vertex 177.141 10.3335 0
      vertex 177.08 10.2764 0
    endloop
  endfacet
  facet normal -0.541127 0.840941 0
    outer loop
      vertex 177.21 10.3779 0
      vertex 177.141 10.3335 0.5
      vertex 177.21 10.3779 0.5
    endloop
  endfacet
  facet normal -0.541127 0.840941 0
    outer loop
      vertex 177.141 10.3335 0.5
      vertex 177.21 10.3779 0
      vertex 177.141 10.3335 0
    endloop
  endfacet
  facet normal -0.38496 0.922933 0
    outer loop
      vertex 177.286 10.4096 0
      vertex 177.21 10.3779 0.5
      vertex 177.286 10.4096 0.5
    endloop
  endfacet
  facet normal -0.38496 0.922933 0
    outer loop
      vertex 177.21 10.3779 0.5
      vertex 177.286 10.4096 0
      vertex 177.21 10.3779 0
    endloop
  endfacet
  facet normal -0.220617 0.97536 0
    outer loop
      vertex 177.37 10.4286 0
      vertex 177.286 10.4096 0.5
      vertex 177.37 10.4286 0.5
    endloop
  endfacet
  facet normal -0.220617 0.97536 0
    outer loop
      vertex 177.286 10.4096 0.5
      vertex 177.37 10.4286 0
      vertex 177.286 10.4096 0
    endloop
  endfacet
  facet normal -0.067587 0.997713 0
    outer loop
      vertex 177.463 10.4349 0
      vertex 177.37 10.4286 0.5
      vertex 177.463 10.4349 0.5
    endloop
  endfacet
  facet normal -0.067587 0.997713 0
    outer loop
      vertex 177.37 10.4286 0.5
      vertex 177.463 10.4349 0
      vertex 177.37 10.4286 0
    endloop
  endfacet
  facet normal 0.0683183 0.997664 -0
    outer loop
      vertex 177.555 10.4286 0
      vertex 177.463 10.4349 0.5
      vertex 177.555 10.4286 0.5
    endloop
  endfacet
  facet normal 0.0683183 0.997664 0
    outer loop
      vertex 177.463 10.4349 0.5
      vertex 177.555 10.4286 0
      vertex 177.463 10.4349 0
    endloop
  endfacet
  facet normal 0.220617 0.97536 -0
    outer loop
      vertex 177.639 10.4096 0
      vertex 177.555 10.4286 0.5
      vertex 177.639 10.4096 0.5
    endloop
  endfacet
  facet normal 0.220617 0.97536 0
    outer loop
      vertex 177.555 10.4286 0.5
      vertex 177.639 10.4096 0
      vertex 177.555 10.4286 0
    endloop
  endfacet
  facet normal 0.38496 0.922933 -0
    outer loop
      vertex 177.715 10.3779 0
      vertex 177.639 10.4096 0.5
      vertex 177.715 10.3779 0.5
    endloop
  endfacet
  facet normal 0.38496 0.922933 0
    outer loop
      vertex 177.639 10.4096 0.5
      vertex 177.715 10.3779 0
      vertex 177.639 10.4096 0
    endloop
  endfacet
  facet normal 0.541127 0.840941 -0
    outer loop
      vertex 177.784 10.3335 0
      vertex 177.715 10.3779 0.5
      vertex 177.784 10.3335 0.5
    endloop
  endfacet
  facet normal 0.541127 0.840941 0
    outer loop
      vertex 177.715 10.3779 0.5
      vertex 177.784 10.3335 0
      vertex 177.715 10.3779 0
    endloop
  endfacet
  facet normal 0.689384 0.724396 -0
    outer loop
      vertex 177.844 10.2764 0
      vertex 177.784 10.3335 0.5
      vertex 177.844 10.2764 0.5
    endloop
  endfacet
  facet normal 0.689384 0.724396 0
    outer loop
      vertex 177.784 10.3335 0.5
      vertex 177.844 10.2764 0
      vertex 177.784 10.3335 0
    endloop
  endfacet
  facet normal 0.796008 0.605286 0
    outer loop
      vertex 177.897 10.2067 0.5
      vertex 177.844 10.2764 0
      vertex 177.844 10.2764 0.5
    endloop
  endfacet
  facet normal 0.796008 0.605286 0
    outer loop
      vertex 177.844 10.2764 0
      vertex 177.897 10.2067 0.5
      vertex 177.897 10.2067 0
    endloop
  endfacet
  facet normal 0.882116 0.471033 0
    outer loop
      vertex 177.941 10.1243 0.5
      vertex 177.897 10.2067 0
      vertex 177.897 10.2067 0.5
    endloop
  endfacet
  facet normal 0.882116 0.471033 0
    outer loop
      vertex 177.897 10.2067 0
      vertex 177.941 10.1243 0.5
      vertex 177.941 10.1243 0
    endloop
  endfacet
  facet normal 0.932237 0.361849 0
    outer loop
      vertex 177.979 10.0264 0.5
      vertex 177.941 10.1243 0
      vertex 177.941 10.1243 0.5
    endloop
  endfacet
  facet normal 0.932237 0.361849 0
    outer loop
      vertex 177.941 10.1243 0
      vertex 177.979 10.0264 0.5
      vertex 177.979 10.0264 0
    endloop
  endfacet
  facet normal 0.96411 0.265504 0
    outer loop
      vertex 178.011 9.9102 0.5
      vertex 177.979 10.0264 0
      vertex 177.979 10.0264 0.5
    endloop
  endfacet
  facet normal 0.96411 0.265504 0
    outer loop
      vertex 177.979 10.0264 0
      vertex 178.011 9.9102 0.5
      vertex 178.011 9.9102 0
    endloop
  endfacet
  facet normal 0.981837 0.189727 0
    outer loop
      vertex 178.037 9.77565 0.5
      vertex 178.011 9.9102 0
      vertex 178.011 9.9102 0.5
    endloop
  endfacet
  facet normal 0.981837 0.189727 0
    outer loop
      vertex 178.011 9.9102 0
      vertex 178.037 9.77565 0.5
      vertex 178.037 9.77565 0
    endloop
  endfacet
  facet normal 0.990695 0.136102 0
    outer loop
      vertex 178.058 9.62279 0.5
      vertex 178.037 9.77565 0
      vertex 178.037 9.77565 0.5
    endloop
  endfacet
  facet normal 0.990695 0.136102 0
    outer loop
      vertex 178.037 9.77565 0
      vertex 178.058 9.62279 0.5
      vertex 178.058 9.62279 0
    endloop
  endfacet
  facet normal 0.996673 0.0815084 0
    outer loop
      vertex 178.072 9.4516 0.5
      vertex 178.058 9.62279 0
      vertex 178.058 9.62279 0.5
    endloop
  endfacet
  facet normal 0.996673 0.0815084 0
    outer loop
      vertex 178.058 9.62279 0
      vertex 178.072 9.4516 0.5
      vertex 178.072 9.4516 0
    endloop
  endfacet
  facet normal 0.998874 0.0474324 0
    outer loop
      vertex 178.081 9.26207 0.5
      vertex 178.072 9.4516 0
      vertex 178.072 9.4516 0.5
    endloop
  endfacet
  facet normal 0.998874 0.0474324 0
    outer loop
      vertex 178.072 9.4516 0
      vertex 178.081 9.26207 0.5
      vertex 178.081 9.26207 0
    endloop
  endfacet
  facet normal 0.999896 0.0144327 0
    outer loop
      vertex 178.084 9.05423 0.5
      vertex 178.081 9.26207 0
      vertex 178.081 9.26207 0.5
    endloop
  endfacet
  facet normal 0.999896 0.0144327 0
    outer loop
      vertex 178.081 9.26207 0
      vertex 178.084 9.05423 0.5
      vertex 178.084 9.05423 0
    endloop
  endfacet
  facet normal 0.999898 -0.0142809 0
    outer loop
      vertex 178.081 8.84418 0.5
      vertex 178.084 9.05423 0
      vertex 178.084 9.05423 0.5
    endloop
  endfacet
  facet normal 0.999898 -0.0142809 0
    outer loop
      vertex 178.084 9.05423 0
      vertex 178.081 8.84418 0.5
      vertex 178.081 8.84418 0
    endloop
  endfacet
  facet normal 0.998898 -0.0469236 0
    outer loop
      vertex 178.072 8.65259 0.5
      vertex 178.081 8.84418 0
      vertex 178.081 8.84418 0.5
    endloop
  endfacet
  facet normal 0.998898 -0.0469236 0
    outer loop
      vertex 178.081 8.84418 0
      vertex 178.072 8.65259 0.5
      vertex 178.072 8.65259 0
    endloop
  endfacet
  facet normal 0.996266 -0.0863316 0
    outer loop
      vertex 178.057 8.47949 0.5
      vertex 178.072 8.65259 0
      vertex 178.072 8.65259 0.5
    endloop
  endfacet
  facet normal 0.996266 -0.0863316 0
    outer loop
      vertex 178.072 8.65259 0
      vertex 178.057 8.47949 0.5
      vertex 178.057 8.47949 0
    endloop
  endfacet
  facet normal 0.991736 -0.128297 0
    outer loop
      vertex 178.037 8.32489 0.5
      vertex 178.057 8.47949 0
      vertex 178.057 8.47949 0.5
    endloop
  endfacet
  facet normal 0.991736 -0.128297 0
    outer loop
      vertex 178.057 8.47949 0
      vertex 178.037 8.32489 0.5
      vertex 178.037 8.32489 0
    endloop
  endfacet
  facet normal 0.980895 -0.194536 0
    outer loop
      vertex 178.01 8.18875 0.5
      vertex 178.037 8.32489 0
      vertex 178.037 8.32489 0.5
    endloop
  endfacet
  facet normal 0.980895 -0.194536 0
    outer loop
      vertex 178.037 8.32489 0
      vertex 178.01 8.18875 0.5
      vertex 178.01 8.18875 0
    endloop
  endfacet
  facet normal 0.964932 -0.2625 0
    outer loop
      vertex 177.978 8.07112 0.5
      vertex 178.01 8.18875 0
      vertex 178.01 8.18875 0.5
    endloop
  endfacet
  facet normal 0.964932 -0.2625 0
    outer loop
      vertex 178.01 8.18875 0
      vertex 177.978 8.07112 0.5
      vertex 177.978 8.07112 0
    endloop
  endfacet
  facet normal 0.93377 -0.357874 0
    outer loop
      vertex 177.94 7.97197 0.5
      vertex 177.978 8.07112 0
      vertex 177.978 8.07112 0.5
    endloop
  endfacet
  facet normal 0.93377 -0.357874 0
    outer loop
      vertex 177.978 8.07112 0
      vertex 177.94 7.97197 0.5
      vertex 177.94 7.97197 0
    endloop
  endfacet
  facet normal 0.880254 -0.474502 0
    outer loop
      vertex 177.895 7.88849 0.5
      vertex 177.94 7.97197 0
      vertex 177.94 7.97197 0.5
    endloop
  endfacet
  facet normal 0.880254 -0.474502 0
    outer loop
      vertex 177.94 7.97197 0
      vertex 177.895 7.88849 0.5
      vertex 177.895 7.88849 0
    endloop
  endfacet
  facet normal 0.79985 -0.600199 0
    outer loop
      vertex 177.842 7.81786 0.5
      vertex 177.895 7.88849 0
      vertex 177.895 7.88849 0.5
    endloop
  endfacet
  facet normal 0.79985 -0.600199 0
    outer loop
      vertex 177.895 7.88849 0
      vertex 177.842 7.81786 0.5
      vertex 177.842 7.81786 0
    endloop
  endfacet
  facet normal 0.693718 -0.720247 0
    outer loop
      vertex 177.782 7.76007 0
      vertex 177.842 7.81786 0.5
      vertex 177.782 7.76007 0.5
    endloop
  endfacet
  facet normal 0.693718 -0.720247 0
    outer loop
      vertex 177.842 7.81786 0.5
      vertex 177.782 7.76007 0
      vertex 177.842 7.81786 0
    endloop
  endfacet
  facet normal 0.55144 -0.834214 0
    outer loop
      vertex 177.714 7.71512 0
      vertex 177.782 7.76007 0.5
      vertex 177.714 7.71512 0.5
    endloop
  endfacet
  facet normal 0.55144 -0.834214 0
    outer loop
      vertex 177.782 7.76007 0.5
      vertex 177.714 7.71512 0
      vertex 177.782 7.76007 0
    endloop
  endfacet
  facet normal 0.389189 -0.921158 0
    outer loop
      vertex 177.638 7.68301 0
      vertex 177.714 7.71512 0.5
      vertex 177.638 7.68301 0.5
    endloop
  endfacet
  facet normal 0.389189 -0.921158 0
    outer loop
      vertex 177.714 7.71512 0.5
      vertex 177.638 7.68301 0
      vertex 177.714 7.71512 0
    endloop
  endfacet
  facet normal 0.223597 -0.974682 0
    outer loop
      vertex 177.554 7.66374 0
      vertex 177.638 7.68301 0.5
      vertex 177.554 7.66374 0.5
    endloop
  endfacet
  facet normal 0.223597 -0.974682 0
    outer loop
      vertex 177.638 7.68301 0.5
      vertex 177.554 7.66374 0
      vertex 177.638 7.68301 0
    endloop
  endfacet
  facet normal 0.0702655 -0.997528 0
    outer loop
      vertex 177.463 7.65733 0
      vertex 177.554 7.66374 0.5
      vertex 177.463 7.65733 0.5
    endloop
  endfacet
  facet normal 0.0702655 -0.997528 0
    outer loop
      vertex 177.554 7.66374 0.5
      vertex 177.463 7.65733 0
      vertex 177.554 7.66374 0
    endloop
  endfacet
  facet normal -0.0687616 -0.997633 0
    outer loop
      vertex 177.37 7.66374 0
      vertex 177.463 7.65733 0.5
      vertex 177.37 7.66374 0.5
    endloop
  endfacet
  facet normal -0.0687616 -0.997633 -0
    outer loop
      vertex 177.463 7.65733 0.5
      vertex 177.37 7.66374 0
      vertex 177.463 7.65733 0
    endloop
  endfacet
  facet normal 0 1 -0
    outer loop
      vertex 195.424 7.76228 0
      vertex 193.791 7.76228 0.5
      vertex 195.424 7.76228 0.5
    endloop
  endfacet
  facet normal 0 1 0
    outer loop
      vertex 193.791 7.76228 0.5
      vertex 195.424 7.76228 0
      vertex 193.791 7.76228 0
    endloop
  endfacet
  facet normal 0.945069 0.326871 0
    outer loop
      vertex 195.679 7.02501 0.5
      vertex 195.424 7.76228 0
      vertex 195.424 7.76228 0.5
    endloop
  endfacet
  facet normal 0.945069 0.326871 0
    outer loop
      vertex 195.424 7.76228 0
      vertex 195.679 7.02501 0.5
      vertex 195.679 7.02501 0
    endloop
  endfacet
  facet normal 0 1 -0
    outer loop
      vertex 196.728 7.02501 0
      vertex 195.679 7.02501 0.5
      vertex 196.728 7.02501 0.5
    endloop
  endfacet
  facet normal 0 1 0
    outer loop
      vertex 195.679 7.02501 0.5
      vertex 196.728 7.02501 0
      vertex 195.679 7.02501 0
    endloop
  endfacet
  facet normal -0.937746 -0.347323 0
    outer loop
      vertex 196.728 7.02501 0
      vertex 195.228 11.0749 0.5
      vertex 195.228 11.0749 0
    endloop
  endfacet
  facet normal -0.937746 -0.347323 0
    outer loop
      vertex 195.228 11.0749 0.5
      vertex 196.728 7.02501 0
      vertex 196.728 7.02501 0.5
    endloop
  endfacet
  facet normal 0 -1 0
    outer loop
      vertex 193.983 11.0749 0
      vertex 195.228 11.0749 0.5
      vertex 193.983 11.0749 0.5
    endloop
  endfacet
  facet normal 0 -1 -0
    outer loop
      vertex 195.228 11.0749 0.5
      vertex 193.983 11.0749 0
      vertex 195.228 11.0749 0
    endloop
  endfacet
  facet normal 0.937746 -0.347323 0
    outer loop
      vertex 192.483 7.02501 0.5
      vertex 193.983 11.0749 0
      vertex 193.983 11.0749 0.5
    endloop
  endfacet
  facet normal 0.937746 -0.347323 0
    outer loop
      vertex 193.983 11.0749 0
      vertex 192.483 7.02501 0.5
      vertex 192.483 7.02501 0
    endloop
  endfacet
  facet normal 0 1 -0
    outer loop
      vertex 193.533 7.02501 0
      vertex 192.483 7.02501 0.5
      vertex 193.533 7.02501 0.5
    endloop
  endfacet
  facet normal 0 1 0
    outer loop
      vertex 192.483 7.02501 0.5
      vertex 193.533 7.02501 0
      vertex 192.483 7.02501 0
    endloop
  endfacet
  facet normal -0.943876 0.3303 0
    outer loop
      vertex 193.533 7.02501 0
      vertex 193.791 7.76228 0.5
      vertex 193.791 7.76228 0
    endloop
  endfacet
  facet normal -0.943876 0.3303 0
    outer loop
      vertex 193.791 7.76228 0.5
      vertex 193.533 7.02501 0
      vertex 193.533 7.02501 0.5
    endloop
  endfacet
  facet normal -0.945272 0.326284 0
    outer loop
      vertex 194.051 8.51492 0
      vertex 194.607 10.1257 0.5
      vertex 194.607 10.1257 0
    endloop
  endfacet
  facet normal -0.945272 0.326284 0
    outer loop
      vertex 194.607 10.1257 0.5
      vertex 194.051 8.51492 0
      vertex 194.051 8.51492 0.5
    endloop
  endfacet
  facet normal 0.945633 0.325234 0
    outer loop
      vertex 195.161 8.51492 0.5
      vertex 194.607 10.1257 0
      vertex 194.607 10.1257 0.5
    endloop
  endfacet
  facet normal 0.945633 0.325234 0
    outer loop
      vertex 194.607 10.1257 0
      vertex 195.161 8.51492 0.5
      vertex 195.161 8.51492 0
    endloop
  endfacet
  facet normal 0 -1 0
    outer loop
      vertex 194.051 8.51492 0
      vertex 195.161 8.51492 0.5
      vertex 194.051 8.51492 0.5
    endloop
  endfacet
  facet normal 0 -1 -0
    outer loop
      vertex 195.161 8.51492 0.5
      vertex 194.051 8.51492 0
      vertex 195.161 8.51492 0
    endloop
  endfacet
  facet normal 0 1 -0
    outer loop
      vertex 175.364 7.76228 0
      vertex 174.786 7.76228 0.5
      vertex 175.364 7.76228 0.5
    endloop
  endfacet
  facet normal 0 1 0
    outer loop
      vertex 174.786 7.76228 0.5
      vertex 175.364 7.76228 0
      vertex 174.786 7.76228 0
    endloop
  endfacet
  facet normal -1 0 0
    outer loop
      vertex 175.364 7.76228 0
      vertex 175.364 8.52005 0.5
      vertex 175.364 8.52005 0
    endloop
  endfacet
  facet normal -1 -0 0
    outer loop
      vertex 175.364 8.52005 0.5
      vertex 175.364 7.76228 0
      vertex 175.364 7.76228 0.5
    endloop
  endfacet
  facet normal 0 -1 0
    outer loop
      vertex 174.786 8.52005 0
      vertex 175.364 8.52005 0.5
      vertex 174.786 8.52005 0.5
    endloop
  endfacet
  facet normal 0 -1 -0
    outer loop
      vertex 175.364 8.52005 0.5
      vertex 174.786 8.52005 0
      vertex 175.364 8.52005 0
    endloop
  endfacet
  facet normal -1 0 0
    outer loop
      vertex 174.786 8.52005 0
      vertex 174.786 11.0749 0.5
      vertex 174.786 11.0749 0
    endloop
  endfacet
  facet normal -1 -0 0
    outer loop
      vertex 174.786 11.0749 0.5
      vertex 174.786 8.52005 0
      vertex 174.786 8.52005 0.5
    endloop
  endfacet
  facet normal 0 -1 0
    outer loop
      vertex 173.625 11.0749 0
      vertex 174.786 11.0749 0.5
      vertex 173.625 11.0749 0.5
    endloop
  endfacet
  facet normal 0 -1 -0
    outer loop
      vertex 174.786 11.0749 0.5
      vertex 173.625 11.0749 0
      vertex 174.786 11.0749 0
    endloop
  endfacet
  facet normal 0.830386 -0.557188 0
    outer loop
      vertex 172.003 8.65761 0.5
      vertex 173.625 11.0749 0
      vertex 173.625 11.0749 0.5
    endloop
  endfacet
  facet normal 0.830386 -0.557188 0
    outer loop
      vertex 173.625 11.0749 0
      vertex 172.003 8.65761 0.5
      vertex 172.003 8.65761 0
    endloop
  endfacet
  facet normal 1 -0 0
    outer loop
      vertex 172.003 7.76228 0.5
      vertex 172.003 8.65761 0
      vertex 172.003 8.65761 0.5
    endloop
  endfacet
  facet normal 1 0 0
    outer loop
      vertex 172.003 8.65761 0
      vertex 172.003 7.76228 0.5
      vertex 172.003 7.76228 0
    endloop
  endfacet
  facet normal 0 1 -0
    outer loop
      vertex 173.799 7.76228 0
      vertex 172.003 7.76228 0.5
      vertex 173.799 7.76228 0.5
    endloop
  endfacet
  facet normal 0 1 0
    outer loop
      vertex 172.003 7.76228 0.5
      vertex 173.799 7.76228 0
      vertex 172.003 7.76228 0
    endloop
  endfacet
  facet normal 1 -0 0
    outer loop
      vertex 173.799 7.02501 0.5
      vertex 173.799 7.76228 0
      vertex 173.799 7.76228 0.5
    endloop
  endfacet
  facet normal 1 0 0
    outer loop
      vertex 173.799 7.76228 0
      vertex 173.799 7.02501 0.5
      vertex 173.799 7.02501 0
    endloop
  endfacet
  facet normal 0 1 -0
    outer loop
      vertex 174.786 7.02501 0
      vertex 173.799 7.02501 0.5
      vertex 174.786 7.02501 0.5
    endloop
  endfacet
  facet normal 0 1 0
    outer loop
      vertex 173.799 7.02501 0.5
      vertex 174.786 7.02501 0
      vertex 173.799 7.02501 0
    endloop
  endfacet
  facet normal -1 0 0
    outer loop
      vertex 174.786 7.02501 0
      vertex 174.786 7.76228 0.5
      vertex 174.786 7.76228 0
    endloop
  endfacet
  facet normal -1 -0 0
    outer loop
      vertex 174.786 7.76228 0.5
      vertex 174.786 7.02501 0
      vertex 174.786 7.02501 0.5
    endloop
  endfacet
  facet normal -0.828658 0.559755 0
    outer loop
      vertex 172.654 8.52005 0
      vertex 173.799 10.2151 0.5
      vertex 173.799 10.2151 0
    endloop
  endfacet
  facet normal -0.828658 0.559755 0
    outer loop
      vertex 173.799 10.2151 0.5
      vertex 172.654 8.52005 0
      vertex 172.654 8.52005 0.5
    endloop
  endfacet
  facet normal 1 -0 0
    outer loop
      vertex 173.799 8.52005 0.5
      vertex 173.799 10.2151 0
      vertex 173.799 10.2151 0.5
    endloop
  endfacet
  facet normal 1 0 0
    outer loop
      vertex 173.799 10.2151 0
      vertex 173.799 8.52005 0.5
      vertex 173.799 8.52005 0
    endloop
  endfacet
  facet normal 0 -1 0
    outer loop
      vertex 172.654 8.52005 0
      vertex 173.799 8.52005 0.5
      vertex 172.654 8.52005 0.5
    endloop
  endfacet
  facet normal 0 -1 -0
    outer loop
      vertex 173.799 8.52005 0.5
      vertex 172.654 8.52005 0
      vertex 173.799 8.52005 0
    endloop
  endfacet
  facet normal 0 1 -0
    outer loop
      vertex 181.547 8.43045 0
      vertex 180.858 8.43045 0.5
      vertex 181.547 8.43045 0.5
    endloop
  endfacet
  facet normal 0 1 0
    outer loop
      vertex 180.858 8.43045 0.5
      vertex 181.547 8.43045 0
      vertex 180.858 8.43045 0
    endloop
  endfacet
  facet normal -0.0328461 0.99946 0
    outer loop
      vertex 181.76 8.43745 0
      vertex 181.547 8.43045 0.5
      vertex 181.76 8.43745 0.5
    endloop
  endfacet
  facet normal -0.0328461 0.99946 0
    outer loop
      vertex 181.547 8.43045 0.5
      vertex 181.76 8.43745 0
      vertex 181.547 8.43045 0
    endloop
  endfacet
  facet normal -0.104945 0.994478 0
    outer loop
      vertex 181.959 8.45845 0
      vertex 181.76 8.43745 0.5
      vertex 181.959 8.45845 0.5
    endloop
  endfacet
  facet normal -0.104945 0.994478 0
    outer loop
      vertex 181.76 8.43745 0.5
      vertex 181.959 8.45845 0
      vertex 181.76 8.43745 0
    endloop
  endfacet
  facet normal -0.18697 0.982366 0
    outer loop
      vertex 182.143 8.49347 0
      vertex 181.959 8.45845 0.5
      vertex 182.143 8.49347 0.5
    endloop
  endfacet
  facet normal -0.18697 0.982366 0
    outer loop
      vertex 181.959 8.45845 0.5
      vertex 182.143 8.49347 0
      vertex 181.959 8.45845 0
    endloop
  endfacet
  facet normal -0.277012 0.960866 0
    outer loop
      vertex 182.313 8.54248 0
      vertex 182.143 8.49347 0.5
      vertex 182.313 8.54248 0.5
    endloop
  endfacet
  facet normal -0.277012 0.960866 0
    outer loop
      vertex 182.143 8.49347 0.5
      vertex 182.313 8.54248 0
      vertex 182.143 8.49347 0
    endloop
  endfacet
  facet normal -0.376537 0.926401 0
    outer loop
      vertex 182.468 8.60548 0
      vertex 182.313 8.54248 0.5
      vertex 182.468 8.60548 0.5
    endloop
  endfacet
  facet normal -0.376537 0.926401 0
    outer loop
      vertex 182.313 8.54248 0.5
      vertex 182.468 8.60548 0
      vertex 182.313 8.54248 0
    endloop
  endfacet
  facet normal -0.482063 0.876137 0
    outer loop
      vertex 182.608 8.68251 0
      vertex 182.468 8.60548 0.5
      vertex 182.608 8.68251 0.5
    endloop
  endfacet
  facet normal -0.482063 0.876137 0
    outer loop
      vertex 182.468 8.60548 0.5
      vertex 182.608 8.68251 0
      vertex 182.468 8.60548 0
    endloop
  endfacet
  facet normal -0.588641 0.808395 0
    outer loop
      vertex 182.733 8.77353 0
      vertex 182.608 8.68251 0.5
      vertex 182.733 8.77353 0.5
    endloop
  endfacet
  facet normal -0.588641 0.808395 0
    outer loop
      vertex 182.608 8.68251 0.5
      vertex 182.733 8.77353 0
      vertex 182.608 8.68251 0
    endloop
  endfacet
  facet normal -0.687116 0.726548 0
    outer loop
      vertex 182.843 8.87756 0
      vertex 182.733 8.77353 0.5
      vertex 182.843 8.87756 0.5
    endloop
  endfacet
  facet normal -0.687116 0.726548 0
    outer loop
      vertex 182.733 8.77353 0.5
      vertex 182.843 8.87756 0
      vertex 182.733 8.77353 0
    endloop
  endfacet
  facet normal -0.78037 0.625318 0
    outer loop
      vertex 182.843 8.87756 0
      vertex 182.936 8.99362 0.5
      vertex 182.936 8.99362 0
    endloop
  endfacet
  facet normal -0.78037 0.625318 0
    outer loop
      vertex 182.936 8.99362 0.5
      vertex 182.843 8.87756 0
      vertex 182.843 8.87756 0.5
    endloop
  endfacet
  facet normal -0.859942 0.510391 0
    outer loop
      vertex 182.936 8.99362 0
      vertex 183.012 9.12167 0.5
      vertex 183.012 9.12167 0
    endloop
  endfacet
  facet normal -0.859942 0.510391 0
    outer loop
      vertex 183.012 9.12167 0.5
      vertex 182.936 8.99362 0
      vertex 182.936 8.99362 0.5
    endloop
  endfacet
  facet normal -0.921571 0.38821 0
    outer loop
      vertex 183.012 9.12167 0
      vertex 183.071 9.26173 0.5
      vertex 183.071 9.26173 0
    endloop
  endfacet
  facet normal -0.921571 0.38821 0
    outer loop
      vertex 183.071 9.26173 0.5
      vertex 183.012 9.12167 0
      vertex 183.012 9.12167 0.5
    endloop
  endfacet
  facet normal -0.963925 0.266173 0
    outer loop
      vertex 183.071 9.26173 0
      vertex 183.113 9.41383 0.5
      vertex 183.113 9.41383 0
    endloop
  endfacet
  facet normal -0.963925 0.266173 0
    outer loop
      vertex 183.113 9.41383 0.5
      vertex 183.071 9.26173 0
      vertex 183.071 9.26173 0.5
    endloop
  endfacet
  facet normal -0.98768 0.156488 0
    outer loop
      vertex 183.113 9.41383 0
      vertex 183.139 9.57793 0.5
      vertex 183.139 9.57793 0
    endloop
  endfacet
  facet normal -0.98768 0.156488 0
    outer loop
      vertex 183.139 9.57793 0.5
      vertex 183.113 9.41383 0
      vertex 183.113 9.41383 0.5
    endloop
  endfacet
  facet normal -0.99897 0.0453819 0
    outer loop
      vertex 183.139 9.57793 0
      vertex 183.147 9.75403 0.5
      vertex 183.147 9.75403 0
    endloop
  endfacet
  facet normal -0.99897 0.0453819 0
    outer loop
      vertex 183.147 9.75403 0.5
      vertex 183.139 9.57793 0
      vertex 183.139 9.57793 0.5
    endloop
  endfacet
  facet normal -0.998961 -0.0455679 0
    outer loop
      vertex 183.147 9.75403 0
      vertex 183.139 9.92941 0.5
      vertex 183.139 9.92941 0
    endloop
  endfacet
  facet normal -0.998961 -0.0455679 0
    outer loop
      vertex 183.139 9.92941 0.5
      vertex 183.147 9.75403 0
      vertex 183.147 9.75403 0.5
    endloop
  endfacet
  facet normal -0.987589 -0.157057 0
    outer loop
      vertex 183.139 9.92941 0
      vertex 183.113 10.0929 0.5
      vertex 183.113 10.0929 0
    endloop
  endfacet
  facet normal -0.987589 -0.157057 0
    outer loop
      vertex 183.113 10.0929 0.5
      vertex 183.139 9.92941 0
      vertex 183.139 9.92941 0.5
    endloop
  endfacet
  facet normal -0.9637 -0.266988 0
    outer loop
      vertex 183.113 10.0929 0
      vertex 183.071 10.2445 0.5
      vertex 183.071 10.2445 0
    endloop
  endfacet
  facet normal -0.9637 -0.266988 0
    outer loop
      vertex 183.071 10.2445 0.5
      vertex 183.113 10.0929 0
      vertex 183.113 10.0929 0.5
    endloop
  endfacet
  facet normal -0.921213 -0.389059 0
    outer loop
      vertex 183.071 10.2445 0
      vertex 183.012 10.3842 0.5
      vertex 183.012 10.3842 0
    endloop
  endfacet
  facet normal -0.921213 -0.389059 0
    outer loop
      vertex 183.012 10.3842 0.5
      vertex 183.071 10.2445 0
      vertex 183.071 10.2445 0.5
    endloop
  endfacet
  facet normal -0.859328 -0.511425 0
    outer loop
      vertex 183.012 10.3842 0
      vertex 182.936 10.5119 0.5
      vertex 182.936 10.5119 0
    endloop
  endfacet
  facet normal -0.859328 -0.511425 0
    outer loop
      vertex 182.936 10.5119 0.5
      vertex 183.012 10.3842 0
      vertex 183.012 10.3842 0.5
    endloop
  endfacet
  facet normal -0.779949 -0.625843 0
    outer loop
      vertex 182.936 10.5119 0
      vertex 182.843 10.6278 0.5
      vertex 182.843 10.6278 0
    endloop
  endfacet
  facet normal -0.779949 -0.625843 0
    outer loop
      vertex 182.843 10.6278 0.5
      vertex 182.936 10.5119 0
      vertex 182.936 10.5119 0.5
    endloop
  endfacet
  facet normal -0.687011 -0.726647 0
    outer loop
      vertex 182.733 10.7318 0
      vertex 182.843 10.6278 0.5
      vertex 182.733 10.7318 0.5
    endloop
  endfacet
  facet normal -0.687011 -0.726647 -0
    outer loop
      vertex 182.843 10.6278 0.5
      vertex 182.733 10.7318 0
      vertex 182.843 10.6278 0
    endloop
  endfacet
  facet normal -0.588556 -0.808456 0
    outer loop
      vertex 182.608 10.8228 0
      vertex 182.733 10.7318 0.5
      vertex 182.608 10.8228 0.5
    endloop
  endfacet
  facet normal -0.588556 -0.808456 -0
    outer loop
      vertex 182.733 10.7318 0.5
      vertex 182.608 10.8228 0
      vertex 182.733 10.7318 0
    endloop
  endfacet
  facet normal -0.482399 -0.875952 0
    outer loop
      vertex 182.468 10.8999 0
      vertex 182.608 10.8228 0.5
      vertex 182.468 10.8999 0.5
    endloop
  endfacet
  facet normal -0.482399 -0.875952 -0
    outer loop
      vertex 182.608 10.8228 0.5
      vertex 182.468 10.8999 0
      vertex 182.608 10.8228 0
    endloop
  endfacet
  facet normal -0.376537 -0.926401 0
    outer loop
      vertex 182.313 10.9629 0
      vertex 182.468 10.8999 0.5
      vertex 182.313 10.9629 0.5
    endloop
  endfacet
  facet normal -0.376537 -0.926401 -0
    outer loop
      vertex 182.468 10.8999 0.5
      vertex 182.313 10.9629 0
      vertex 182.468 10.8999 0
    endloop
  endfacet
  facet normal -0.27696 -0.960881 0
    outer loop
      vertex 182.143 11.0119 0
      vertex 182.313 10.9629 0.5
      vertex 182.143 11.0119 0.5
    endloop
  endfacet
  facet normal -0.27696 -0.960881 -0
    outer loop
      vertex 182.313 10.9629 0.5
      vertex 182.143 11.0119 0
      vertex 182.313 10.9629 0
    endloop
  endfacet
  facet normal -0.186867 -0.982385 0
    outer loop
      vertex 181.959 11.0469 0
      vertex 182.143 11.0119 0.5
      vertex 181.959 11.0469 0.5
    endloop
  endfacet
  facet normal -0.186867 -0.982385 -0
    outer loop
      vertex 182.143 11.0119 0.5
      vertex 181.959 11.0469 0
      vertex 182.143 11.0119 0
    endloop
  endfacet
  facet normal -0.104945 -0.994478 0
    outer loop
      vertex 181.76 11.0679 0
      vertex 181.959 11.0469 0.5
      vertex 181.76 11.0679 0.5
    endloop
  endfacet
  facet normal -0.104945 -0.994478 -0
    outer loop
      vertex 181.959 11.0469 0.5
      vertex 181.76 11.0679 0
      vertex 181.959 11.0469 0
    endloop
  endfacet
  facet normal -0.0328461 -0.99946 0
    outer loop
      vertex 181.547 11.0749 0
      vertex 181.76 11.0679 0.5
      vertex 181.547 11.0749 0.5
    endloop
  endfacet
  facet normal -0.0328461 -0.99946 -0
    outer loop
      vertex 181.76 11.0679 0.5
      vertex 181.547 11.0749 0
      vertex 181.76 11.0679 0
    endloop
  endfacet
  facet normal 0 -1 0
    outer loop
      vertex 179.813 11.0749 0
      vertex 181.547 11.0749 0.5
      vertex 179.813 11.0749 0.5
    endloop
  endfacet
  facet normal 0 -1 -0
    outer loop
      vertex 181.547 11.0749 0.5
      vertex 179.813 11.0749 0
      vertex 181.547 11.0749 0
    endloop
  endfacet
  facet normal 1 -0 0
    outer loop
      vertex 179.813 7.02501 0.5
      vertex 179.813 11.0749 0
      vertex 179.813 11.0749 0.5
    endloop
  endfacet
  facet normal 1 0 0
    outer loop
      vertex 179.813 11.0749 0
      vertex 179.813 7.02501 0.5
      vertex 179.813 7.02501 0
    endloop
  endfacet
  facet normal 0 1 -0
    outer loop
      vertex 180.858 7.02501 0
      vertex 179.813 7.02501 0.5
      vertex 180.858 7.02501 0.5
    endloop
  endfacet
  facet normal 0 1 0
    outer loop
      vertex 179.813 7.02501 0.5
      vertex 180.858 7.02501 0
      vertex 179.813 7.02501 0
    endloop
  endfacet
  facet normal -1 0 0
    outer loop
      vertex 180.858 7.02501 0
      vertex 180.858 8.43045 0.5
      vertex 180.858 8.43045 0
    endloop
  endfacet
  facet normal -1 -0 0
    outer loop
      vertex 180.858 8.43045 0.5
      vertex 180.858 7.02501 0
      vertex 180.858 7.02501 0.5
    endloop
  endfacet
  facet normal -1 0 0
    outer loop
      vertex 180.858 9.18819 0
      vertex 180.858 10.3172 0.5
      vertex 180.858 10.3172 0
    endloop
  endfacet
  facet normal -1 -0 0
    outer loop
      vertex 180.858 10.3172 0.5
      vertex 180.858 9.18819 0
      vertex 180.858 9.18819 0.5
    endloop
  endfacet
  facet normal 0 1 -0
    outer loop
      vertex 181.436 10.3172 0
      vertex 180.858 10.3172 0.5
      vertex 181.436 10.3172 0.5
    endloop
  endfacet
  facet normal 0 1 0
    outer loop
      vertex 180.858 10.3172 0.5
      vertex 181.436 10.3172 0
      vertex 180.858 10.3172 0
    endloop
  endfacet
  facet normal 0.036121 0.999347 -0
    outer loop
      vertex 181.519 10.3142 0
      vertex 181.436 10.3172 0.5
      vertex 181.519 10.3142 0.5
    endloop
  endfacet
  facet normal 0.036121 0.999347 0
    outer loop
      vertex 181.436 10.3172 0.5
      vertex 181.519 10.3142 0
      vertex 181.436 10.3172 0
    endloop
  endfacet
  facet normal 0.113192 0.993573 -0
    outer loop
      vertex 181.598 10.3052 0
      vertex 181.519 10.3142 0.5
      vertex 181.598 10.3052 0.5
    endloop
  endfacet
  facet normal 0.113192 0.993573 0
    outer loop
      vertex 181.519 10.3142 0.5
      vertex 181.598 10.3052 0
      vertex 181.519 10.3142 0
    endloop
  endfacet
  facet normal 0.199986 0.979799 -0
    outer loop
      vertex 181.671 10.2903 0
      vertex 181.598 10.3052 0.5
      vertex 181.671 10.2903 0.5
    endloop
  endfacet
  facet normal 0.199986 0.979799 0
    outer loop
      vertex 181.598 10.3052 0.5
      vertex 181.671 10.2903 0
      vertex 181.598 10.3052 0
    endloop
  endfacet
  facet normal 0.297788 0.954632 -0
    outer loop
      vertex 181.738 10.2694 0
      vertex 181.671 10.2903 0.5
      vertex 181.738 10.2694 0.5
    endloop
  endfacet
  facet normal 0.297788 0.954632 0
    outer loop
      vertex 181.671 10.2903 0.5
      vertex 181.738 10.2694 0
      vertex 181.671 10.2903 0
    endloop
  endfacet
  facet normal 0.402236 0.915536 -0
    outer loop
      vertex 181.799 10.2426 0
      vertex 181.738 10.2694 0.5
      vertex 181.799 10.2426 0.5
    endloop
  endfacet
  facet normal 0.402236 0.915536 0
    outer loop
      vertex 181.738 10.2694 0.5
      vertex 181.799 10.2426 0
      vertex 181.738 10.2694 0
    endloop
  endfacet
  facet normal 0.506549 0.862211 -0
    outer loop
      vertex 181.855 10.2097 0
      vertex 181.799 10.2426 0.5
      vertex 181.855 10.2097 0.5
    endloop
  endfacet
  facet normal 0.506549 0.862211 0
    outer loop
      vertex 181.799 10.2426 0.5
      vertex 181.855 10.2097 0
      vertex 181.799 10.2426 0
    endloop
  endfacet
  facet normal 0.612077 0.790798 -0
    outer loop
      vertex 181.905 10.171 0
      vertex 181.855 10.2097 0.5
      vertex 181.905 10.171 0.5
    endloop
  endfacet
  facet normal 0.612077 0.790798 0
    outer loop
      vertex 181.855 10.2097 0.5
      vertex 181.905 10.171 0
      vertex 181.855 10.2097 0
    endloop
  endfacet
  facet normal 0.710299 0.7039 0
    outer loop
      vertex 181.949 10.1266 0.5
      vertex 181.905 10.171 0
      vertex 181.905 10.171 0.5
    endloop
  endfacet
  facet normal 0.710299 0.7039 0
    outer loop
      vertex 181.905 10.171 0
      vertex 181.949 10.1266 0.5
      vertex 181.949 10.1266 0
    endloop
  endfacet
  facet normal 0.800389 0.599481 0
    outer loop
      vertex 181.986 10.0772 0.5
      vertex 181.949 10.1266 0
      vertex 181.949 10.1266 0.5
    endloop
  endfacet
  facet normal 0.800389 0.599481 0
    outer loop
      vertex 181.949 10.1266 0
      vertex 181.986 10.0772 0.5
      vertex 181.986 10.0772 0
    endloop
  endfacet
  facet normal 0.875672 0.482907 0
    outer loop
      vertex 182.016 10.0228 0.5
      vertex 181.986 10.0772 0
      vertex 181.986 10.0772 0.5
    endloop
  endfacet
  facet normal 0.875672 0.482907 0
    outer loop
      vertex 181.986 10.0772 0
      vertex 182.016 10.0228 0.5
      vertex 182.016 10.0228 0
    endloop
  endfacet
  facet normal 0.927594 0.37359 0
    outer loop
      vertex 182.04 9.96321 0.5
      vertex 182.016 10.0228 0
      vertex 182.016 10.0228 0.5
    endloop
  endfacet
  facet normal 0.927594 0.37359 0
    outer loop
      vertex 182.016 10.0228 0
      vertex 182.04 9.96321 0.5
      vertex 182.04 9.96321 0
    endloop
  endfacet
  facet normal 0.967123 0.254309 0
    outer loop
      vertex 182.057 9.89856 0.5
      vertex 182.04 9.96321 0
      vertex 182.04 9.96321 0.5
    endloop
  endfacet
  facet normal 0.967123 0.254309 0
    outer loop
      vertex 182.04 9.96321 0
      vertex 182.057 9.89856 0.5
      vertex 182.057 9.89856 0
    endloop
  endfacet
  facet normal 0.98987 0.141978 0
    outer loop
      vertex 182.067 9.82884 0.5
      vertex 182.057 9.89856 0
      vertex 182.057 9.89856 0.5
    endloop
  endfacet
  facet normal 0.98987 0.141978 0
    outer loop
      vertex 182.057 9.89856 0
      vertex 182.067 9.82884 0.5
      vertex 182.067 9.82884 0
    endloop
  endfacet
  facet normal 0.999197 0.0400694 0
    outer loop
      vertex 182.07 9.75403 0.5
      vertex 182.067 9.82884 0
      vertex 182.067 9.82884 0.5
    endloop
  endfacet
  facet normal 0.999197 0.0400694 0
    outer loop
      vertex 182.067 9.82884 0
      vertex 182.07 9.75403 0.5
      vertex 182.07 9.75403 0
    endloop
  endfacet
  facet normal 0.999198 -0.040048 0
    outer loop
      vertex 182.067 9.67918 0.5
      vertex 182.07 9.75403 0
      vertex 182.07 9.75403 0.5
    endloop
  endfacet
  facet normal 0.999198 -0.040048 0
    outer loop
      vertex 182.07 9.75403 0
      vertex 182.067 9.67918 0.5
      vertex 182.067 9.67918 0
    endloop
  endfacet
  facet normal 0.989893 -0.141818 0
    outer loop
      vertex 182.057 9.60938 0.5
      vertex 182.067 9.67918 0
      vertex 182.067 9.67918 0.5
    endloop
  endfacet
  facet normal 0.989893 -0.141818 0
    outer loop
      vertex 182.067 9.67918 0
      vertex 182.057 9.60938 0.5
      vertex 182.057 9.60938 0
    endloop
  endfacet
  facet normal 0.967258 -0.253795 0
    outer loop
      vertex 182.04 9.54459 0.5
      vertex 182.057 9.60938 0
      vertex 182.057 9.60938 0.5
    endloop
  endfacet
  facet normal 0.967258 -0.253795 0
    outer loop
      vertex 182.057 9.60938 0
      vertex 182.04 9.54459 0.5
      vertex 182.04 9.54459 0
    endloop
  endfacet
  facet normal 0.927983 -0.372622 0
    outer loop
      vertex 182.016 9.48482 0.5
      vertex 182.04 9.54459 0
      vertex 182.04 9.54459 0.5
    endloop
  endfacet
  facet normal 0.927983 -0.372622 0
    outer loop
      vertex 182.04 9.54459 0
      vertex 182.016 9.48482 0.5
      vertex 182.016 9.48482 0
    endloop
  endfacet
  facet normal 0.876939 -0.480602 0
    outer loop
      vertex 181.986 9.43008 0.5
      vertex 182.016 9.48482 0
      vertex 182.016 9.48482 0.5
    endloop
  endfacet
  facet normal 0.876939 -0.480602 0
    outer loop
      vertex 182.016 9.48482 0
      vertex 181.986 9.43008 0.5
      vertex 181.986 9.43008 0
    endloop
  endfacet
  facet normal 0.802068 -0.597233 0
    outer loop
      vertex 181.949 9.38039 0.5
      vertex 181.986 9.43008 0
      vertex 181.986 9.43008 0.5
    endloop
  endfacet
  facet normal 0.802068 -0.597233 0
    outer loop
      vertex 181.986 9.43008 0
      vertex 181.949 9.38039 0.5
      vertex 181.949 9.38039 0
    endloop
  endfacet
  facet normal 0.712508 -0.701664 0
    outer loop
      vertex 181.905 9.33571 0.5
      vertex 181.949 9.38039 0
      vertex 181.949 9.38039 0.5
    endloop
  endfacet
  facet normal 0.712508 -0.701664 0
    outer loop
      vertex 181.949 9.38039 0
      vertex 181.905 9.33571 0.5
      vertex 181.905 9.33571 0
    endloop
  endfacet
  facet normal 0.616402 -0.787432 0
    outer loop
      vertex 181.855 9.29657 0
      vertex 181.905 9.33571 0.5
      vertex 181.855 9.29657 0.5
    endloop
  endfacet
  facet normal 0.616402 -0.787432 0
    outer loop
      vertex 181.905 9.33571 0.5
      vertex 181.855 9.29657 0
      vertex 181.905 9.33571 0
    endloop
  endfacet
  facet normal 0.508947 -0.860798 0
    outer loop
      vertex 181.799 9.26346 0
      vertex 181.855 9.29657 0.5
      vertex 181.799 9.26346 0.5
    endloop
  endfacet
  facet normal 0.508947 -0.860798 0
    outer loop
      vertex 181.855 9.29657 0.5
      vertex 181.799 9.26346 0
      vertex 181.855 9.29657 0
    endloop
  endfacet
  facet normal 0.405999 -0.913873 0
    outer loop
      vertex 181.738 9.23636 0
      vertex 181.799 9.26346 0.5
      vertex 181.738 9.23636 0.5
    endloop
  endfacet
  facet normal 0.405999 -0.913873 0
    outer loop
      vertex 181.799 9.26346 0.5
      vertex 181.738 9.23636 0
      vertex 181.799 9.26346 0
    endloop
  endfacet
  facet normal 0.299993 -0.953941 0
    outer loop
      vertex 181.671 9.21529 0
      vertex 181.738 9.23636 0.5
      vertex 181.671 9.21529 0.5
    endloop
  endfacet
  facet normal 0.299993 -0.953941 0
    outer loop
      vertex 181.738 9.23636 0.5
      vertex 181.671 9.21529 0
      vertex 181.738 9.23636 0
    endloop
  endfacet
  facet normal 0.201918 -0.979402 0
    outer loop
      vertex 181.598 9.20024 0
      vertex 181.671 9.21529 0.5
      vertex 181.598 9.20024 0.5
    endloop
  endfacet
  facet normal 0.201918 -0.979402 0
    outer loop
      vertex 181.671 9.21529 0.5
      vertex 181.598 9.20024 0
      vertex 181.671 9.21529 0
    endloop
  endfacet
  facet normal 0.113564 -0.993531 0
    outer loop
      vertex 181.519 9.19121 0
      vertex 181.598 9.20024 0.5
      vertex 181.519 9.19121 0.5
    endloop
  endfacet
  facet normal 0.113564 -0.993531 0
    outer loop
      vertex 181.598 9.20024 0.5
      vertex 181.519 9.19121 0
      vertex 181.598 9.20024 0
    endloop
  endfacet
  facet normal 0.0363615 -0.999339 0
    outer loop
      vertex 181.436 9.18819 0
      vertex 181.519 9.19121 0.5
      vertex 181.436 9.18819 0.5
    endloop
  endfacet
  facet normal 0.0363615 -0.999339 0
    outer loop
      vertex 181.519 9.19121 0.5
      vertex 181.436 9.18819 0
      vertex 181.519 9.19121 0
    endloop
  endfacet
  facet normal 0 -1 0
    outer loop
      vertex 180.858 9.18819 0
      vertex 181.436 9.18819 0.5
      vertex 180.858 9.18819 0.5
    endloop
  endfacet
  facet normal 0 -1 -0
    outer loop
      vertex 181.436 9.18819 0.5
      vertex 180.858 9.18819 0
      vertex 181.436 9.18819 0
    endloop
  endfacet
  facet normal 0.919591 0.392878 0
    outer loop
      vertex 189.49 7.80325 0.5
      vertex 188.557 9.98708 0
      vertex 188.557 9.98708 0.5
    endloop
  endfacet
  facet normal 0.919591 0.392878 0
    outer loop
      vertex 188.557 9.98708 0
      vertex 189.49 7.80325 0.5
      vertex 189.49 7.80325 0
    endloop
  endfacet
  facet normal 0 1 -0
    outer loop
      vertex 190.152 7.80325 0
      vertex 189.49 7.80325 0.5
      vertex 190.152 7.80325 0.5
    endloop
  endfacet
  facet normal 0 1 0
    outer loop
      vertex 189.49 7.80325 0.5
      vertex 190.152 7.80325 0
      vertex 189.49 7.80325 0
    endloop
  endfacet
  facet normal -0.919591 0.392878 0
    outer loop
      vertex 190.152 7.80325 0
      vertex 191.085 9.98708 0.5
      vertex 191.085 9.98708 0
    endloop
  endfacet
  facet normal -0.919591 0.392878 0
    outer loop
      vertex 191.085 9.98708 0.5
      vertex 190.152 7.80325 0
      vertex 190.152 7.80325 0.5
    endloop
  endfacet
  facet normal 1 -0 0
    outer loop
      vertex 191.085 7.02501 0.5
      vertex 191.085 9.98708 0
      vertex 191.085 9.98708 0.5
    endloop
  endfacet
  facet normal 1 0 0
    outer loop
      vertex 191.085 9.98708 0
      vertex 191.085 7.02501 0.5
      vertex 191.085 7.02501 0
    endloop
  endfacet
  facet normal 0 1 -0
    outer loop
      vertex 192.073 7.02501 0
      vertex 191.085 7.02501 0.5
      vertex 192.073 7.02501 0.5
    endloop
  endfacet
  facet normal 0 1 0
    outer loop
      vertex 191.085 7.02501 0.5
      vertex 192.073 7.02501 0
      vertex 191.085 7.02501 0
    endloop
  endfacet
  facet normal -1 0 0
    outer loop
      vertex 192.073 7.02501 0
      vertex 192.073 11.0749 0.5
      vertex 192.073 11.0749 0
    endloop
  endfacet
  facet normal -1 -0 0
    outer loop
      vertex 192.073 11.0749 0.5
      vertex 192.073 7.02501 0
      vertex 192.073 7.02501 0.5
    endloop
  endfacet
  facet normal 0 -1 0
    outer loop
      vertex 190.746 11.0749 0
      vertex 192.073 11.0749 0.5
      vertex 190.746 11.0749 0.5
    endloop
  endfacet
  facet normal 0 -1 -0
    outer loop
      vertex 192.073 11.0749 0.5
      vertex 190.746 11.0749 0
      vertex 192.073 11.0749 0
    endloop
  endfacet
  facet normal 0.919444 -0.393222 0
    outer loop
      vertex 189.819 8.90736 0.5
      vertex 190.746 11.0749 0
      vertex 190.746 11.0749 0.5
    endloop
  endfacet
  facet normal 0.919444 -0.393222 0
    outer loop
      vertex 190.746 11.0749 0
      vertex 189.819 8.90736 0.5
      vertex 189.819 8.90736 0
    endloop
  endfacet
  facet normal -0.920056 -0.391786 0
    outer loop
      vertex 189.819 8.90736 0
      vertex 188.896 11.0749 0.5
      vertex 188.896 11.0749 0
    endloop
  endfacet
  facet normal -0.920056 -0.391786 0
    outer loop
      vertex 188.896 11.0749 0.5
      vertex 189.819 8.90736 0
      vertex 189.819 8.90736 0.5
    endloop
  endfacet
  facet normal 0 -1 0
    outer loop
      vertex 187.567 11.0749 0
      vertex 188.896 11.0749 0.5
      vertex 187.567 11.0749 0.5
    endloop
  endfacet
  facet normal 0 -1 -0
    outer loop
      vertex 188.896 11.0749 0.5
      vertex 187.567 11.0749 0
      vertex 188.896 11.0749 0
    endloop
  endfacet
  facet normal 1 -0 0
    outer loop
      vertex 187.567 7.02501 0.5
      vertex 187.567 11.0749 0
      vertex 187.567 11.0749 0.5
    endloop
  endfacet
  facet normal 1 0 0
    outer loop
      vertex 187.567 11.0749 0
      vertex 187.567 7.02501 0.5
      vertex 187.567 7.02501 0
    endloop
  endfacet
  facet normal 0 1 -0
    outer loop
      vertex 188.557 7.02501 0
      vertex 187.567 7.02501 0.5
      vertex 188.557 7.02501 0.5
    endloop
  endfacet
  facet normal 0 1 0
    outer loop
      vertex 187.567 7.02501 0.5
      vertex 188.557 7.02501 0
      vertex 187.567 7.02501 0
    endloop
  endfacet
  facet normal -1 0 0
    outer loop
      vertex 188.557 7.02501 0
      vertex 188.557 9.98708 0.5
      vertex 188.557 9.98708 0
    endloop
  endfacet
  facet normal -1 -0 0
    outer loop
      vertex 188.557 9.98708 0.5
      vertex 188.557 7.02501 0
      vertex 188.557 7.02501 0.5
    endloop
  endfacet
  facet normal 0 -1 0
    outer loop
      vertex 169.602 7.81349 0
      vertex 171.435 7.81349 0.5
      vertex 169.602 7.81349 0.5
    endloop
  endfacet
  facet normal 0 -1 -0
    outer loop
      vertex 171.435 7.81349 0.5
      vertex 169.602 7.81349 0
      vertex 171.435 7.81349 0
    endloop
  endfacet
  facet normal -1 0 0
    outer loop
      vertex 169.602 7.81349 0
      vertex 169.602 8.74277 0.5
      vertex 169.602 8.74277 0
    endloop
  endfacet
  facet normal -1 -0 0
    outer loop
      vertex 169.602 8.74277 0.5
      vertex 169.602 7.81349 0
      vertex 169.602 7.81349 0.5
    endloop
  endfacet
  facet normal 0 1 -0
    outer loop
      vertex 171.27 8.74277 0
      vertex 169.602 8.74277 0.5
      vertex 171.27 8.74277 0.5
    endloop
  endfacet
  facet normal 0 1 0
    outer loop
      vertex 169.602 8.74277 0.5
      vertex 171.27 8.74277 0
      vertex 169.602 8.74277 0
    endloop
  endfacet
  facet normal -1 0 0
    outer loop
      vertex 171.27 8.74277 0
      vertex 171.27 9.53123 0.5
      vertex 171.27 9.53123 0
    endloop
  endfacet
  facet normal -1 -0 0
    outer loop
      vertex 171.27 9.53123 0.5
      vertex 171.27 8.74277 0
      vertex 171.27 8.74277 0.5
    endloop
  endfacet
  facet normal 0 -1 0
    outer loop
      vertex 169.602 9.53123 0
      vertex 171.27 9.53123 0.5
      vertex 169.602 9.53123 0.5
    endloop
  endfacet
  facet normal 0 -1 -0
    outer loop
      vertex 171.27 9.53123 0.5
      vertex 169.602 9.53123 0
      vertex 171.27 9.53123 0
    endloop
  endfacet
  facet normal -1 0 0
    outer loop
      vertex 169.602 9.53123 0
      vertex 169.602 10.2864 0.5
      vertex 169.602 10.2864 0
    endloop
  endfacet
  facet normal -1 -0 0
    outer loop
      vertex 169.602 10.2864 0.5
      vertex 169.602 9.53123 0
      vertex 169.602 9.53123 0.5
    endloop
  endfacet
  facet normal 0 1 -0
    outer loop
      vertex 171.376 10.2864 0
      vertex 169.602 10.2864 0.5
      vertex 171.376 10.2864 0.5
    endloop
  endfacet
  facet normal 0 1 0
    outer loop
      vertex 169.602 10.2864 0.5
      vertex 171.376 10.2864 0
      vertex 169.602 10.2864 0
    endloop
  endfacet
  facet normal -1 0 0
    outer loop
      vertex 171.376 10.2864 0
      vertex 171.376 11.0749 0.5
      vertex 171.376 11.0749 0
    endloop
  endfacet
  facet normal -1 -0 0
    outer loop
      vertex 171.376 11.0749 0.5
      vertex 171.376 10.2864 0
      vertex 171.376 10.2864 0.5
    endloop
  endfacet
  facet normal 0 -1 0
    outer loop
      vertex 168.557 11.0749 0
      vertex 171.376 11.0749 0.5
      vertex 168.557 11.0749 0.5
    endloop
  endfacet
  facet normal 0 -1 -0
    outer loop
      vertex 171.376 11.0749 0.5
      vertex 168.557 11.0749 0
      vertex 171.376 11.0749 0
    endloop
  endfacet
  facet normal 1 -0 0
    outer loop
      vertex 168.557 7.02501 0.5
      vertex 168.557 11.0749 0
      vertex 168.557 11.0749 0.5
    endloop
  endfacet
  facet normal 1 0 0
    outer loop
      vertex 168.557 11.0749 0
      vertex 168.557 7.02501 0.5
      vertex 168.557 7.02501 0
    endloop
  endfacet
  facet normal 0 1 -0
    outer loop
      vertex 171.435 7.02501 0
      vertex 168.557 7.02501 0.5
      vertex 171.435 7.02501 0.5
    endloop
  endfacet
  facet normal 0 1 0
    outer loop
      vertex 168.557 7.02501 0.5
      vertex 171.435 7.02501 0
      vertex 168.557 7.02501 0
    endloop
  endfacet
  facet normal -1 0 0
    outer loop
      vertex 171.435 7.02501 0
      vertex 171.435 7.81349 0.5
      vertex 171.435 7.81349 0
    endloop
  endfacet
  facet normal -1 -0 0
    outer loop
      vertex 171.435 7.81349 0.5
      vertex 171.435 7.02501 0
      vertex 171.435 7.02501 0.5
    endloop
  endfacet
  facet normal 0.825186 0.564861 0
    outer loop
      vertex 199.739 7.02501 0.5
      vertex 198.792 8.40845 0
      vertex 198.792 8.40845 0.5
    endloop
  endfacet
  facet normal 0.825186 0.564861 0
    outer loop
      vertex 198.792 8.40845 0
      vertex 199.739 7.02501 0.5
      vertex 199.739 7.02501 0
    endloop
  endfacet
  facet normal 0 1 -0
    outer loop
      vertex 200.827 7.02501 0
      vertex 199.739 7.02501 0.5
      vertex 200.827 7.02501 0.5
    endloop
  endfacet
  facet normal 0 1 0
    outer loop
      vertex 199.739 7.02501 0.5
      vertex 200.827 7.02501 0
      vertex 199.739 7.02501 0
    endloop
  endfacet
  facet normal -0.827029 -0.562159 0
    outer loop
      vertex 200.827 7.02501 0
      vertex 199.422 9.092 0.5
      vertex 199.422 9.092 0
    endloop
  endfacet
  facet normal -0.827029 -0.562159 0
    outer loop
      vertex 199.422 9.092 0.5
      vertex 200.827 7.02501 0
      vertex 200.827 7.02501 0.5
    endloop
  endfacet
  facet normal -0.826417 0.563059 0
    outer loop
      vertex 199.422 9.092 0
      vertex 200.773 11.0749 0.5
      vertex 200.773 11.0749 0
    endloop
  endfacet
  facet normal -0.826417 0.563059 0
    outer loop
      vertex 200.773 11.0749 0.5
      vertex 199.422 9.092 0
      vertex 199.422 9.092 0.5
    endloop
  endfacet
  facet normal 0 -1 0
    outer loop
      vertex 199.677 11.0749 0
      vertex 200.773 11.0749 0.5
      vertex 199.677 11.0749 0.5
    endloop
  endfacet
  facet normal 0 -1 -0
    outer loop
      vertex 200.773 11.0749 0.5
      vertex 199.677 11.0749 0
      vertex 200.773 11.0749 0
    endloop
  endfacet
  facet normal 0.827582 -0.561345 0
    outer loop
      vertex 198.792 9.77016 0.5
      vertex 199.677 11.0749 0
      vertex 199.677 11.0749 0.5
    endloop
  endfacet
  facet normal 0.827582 -0.561345 0
    outer loop
      vertex 199.677 11.0749 0
      vertex 198.792 9.77016 0.5
      vertex 198.792 9.77016 0
    endloop
  endfacet
  facet normal -0.826992 -0.562213 0
    outer loop
      vertex 198.792 9.77016 0
      vertex 197.905 11.0749 0.5
      vertex 197.905 11.0749 0
    endloop
  endfacet
  facet normal -0.826992 -0.562213 0
    outer loop
      vertex 197.905 11.0749 0.5
      vertex 198.792 9.77016 0
      vertex 198.792 9.77016 0.5
    endloop
  endfacet
  facet normal 0 -1 0
    outer loop
      vertex 196.815 11.0749 0
      vertex 197.905 11.0749 0.5
      vertex 196.815 11.0749 0.5
    endloop
  endfacet
  facet normal 0 -1 -0
    outer loop
      vertex 197.905 11.0749 0.5
      vertex 196.815 11.0749 0
      vertex 197.905 11.0749 0
    endloop
  endfacet
  facet normal 0.826417 0.563059 0
    outer loop
      vertex 198.166 9.092 0.5
      vertex 196.815 11.0749 0
      vertex 196.815 11.0749 0.5
    endloop
  endfacet
  facet normal 0.826417 0.563059 0
    outer loop
      vertex 196.815 11.0749 0
      vertex 198.166 9.092 0.5
      vertex 198.166 9.092 0
    endloop
  endfacet
  facet normal 0.827029 -0.562159 0
    outer loop
      vertex 196.761 7.02501 0.5
      vertex 198.166 9.092 0
      vertex 198.166 9.092 0.5
    endloop
  endfacet
  facet normal 0.827029 -0.562159 0
    outer loop
      vertex 198.166 9.092 0
      vertex 196.761 7.02501 0.5
      vertex 196.761 7.02501 0
    endloop
  endfacet
  facet normal 0 1 -0
    outer loop
      vertex 197.854 7.02501 0
      vertex 196.761 7.02501 0.5
      vertex 197.854 7.02501 0.5
    endloop
  endfacet
  facet normal 0 1 0
    outer loop
      vertex 196.761 7.02501 0.5
      vertex 197.854 7.02501 0
      vertex 196.761 7.02501 0
    endloop
  endfacet
  facet normal -0.827688 0.561189 0
    outer loop
      vertex 197.854 7.02501 0
      vertex 198.792 8.40845 0.5
      vertex 198.792 8.40845 0
    endloop
  endfacet
  facet normal -0.827688 0.561189 0
    outer loop
      vertex 198.792 8.40845 0.5
      vertex 197.854 7.02501 0
      vertex 197.854 7.02501 0.5
    endloop
  endfacet
  facet normal 0.99148 0.130256 0
    outer loop
      vertex 264.95 32.048 6.09
      vertex 264.882 32.5656 2.8
      vertex 264.882 32.5656 6.09
    endloop
  endfacet
  facet normal 0.99148 0.130256 0
    outer loop
      vertex 264.882 32.5656 2.8
      vertex 264.95 32.048 6.09
      vertex 264.95 32.048 2.8
    endloop
  endfacet
  facet normal 0.923755 0.382983 0
    outer loop
      vertex 264.882 32.5656 6.09
      vertex 264.682 33.048 2.8
      vertex 264.682 33.048 6.09
    endloop
  endfacet
  facet normal 0.923755 0.382983 0
    outer loop
      vertex 264.682 33.048 2.8
      vertex 264.882 32.5656 6.09
      vertex 264.882 32.5656 2.8
    endloop
  endfacet
  facet normal 0.382927 -0.923778 0
    outer loop
      vertex 263.468 30.1161 2.8
      vertex 263.95 30.3159 6.09
      vertex 263.468 30.1161 6.09
    endloop
  endfacet
  facet normal 0.382927 -0.923778 0
    outer loop
      vertex 263.95 30.3159 6.09
      vertex 263.468 30.1161 2.8
      vertex 263.95 30.3159 2.8
    endloop
  endfacet
  facet normal -0.99148 0.130256 0
    outer loop
      vertex 260.95 32.048 2.8
      vertex 261.018 32.5656 6.09
      vertex 261.018 32.5656 2.8
    endloop
  endfacet
  facet normal -0.99148 0.130256 0
    outer loop
      vertex 261.018 32.5656 6.09
      vertex 260.95 32.048 2.8
      vertex 260.95 32.048 6.09
    endloop
  endfacet
  facet normal 0.923755 -0.382983 0
    outer loop
      vertex 264.682 31.048 6.09
      vertex 264.882 31.5304 2.8
      vertex 264.882 31.5304 6.09
    endloop
  endfacet
  facet normal 0.923755 -0.382983 0
    outer loop
      vertex 264.882 31.5304 2.8
      vertex 264.682 31.048 6.09
      vertex 264.682 31.048 2.8
    endloop
  endfacet
  facet normal 0.793193 0.60897 0
    outer loop
      vertex 264.682 33.048 6.09
      vertex 264.364 33.4622 2.8
      vertex 264.364 33.4622 6.09
    endloop
  endfacet
  facet normal 0.793193 0.60897 0
    outer loop
      vertex 264.364 33.4622 2.8
      vertex 264.682 33.048 6.09
      vertex 264.682 33.048 2.8
    endloop
  endfacet
  facet normal 0.793193 -0.60897 0
    outer loop
      vertex 264.364 30.6338 6.09
      vertex 264.682 31.048 2.8
      vertex 264.682 31.048 6.09
    endloop
  endfacet
  facet normal 0.793193 -0.60897 0
    outer loop
      vertex 264.682 31.048 2.8
      vertex 264.364 30.6338 6.09
      vertex 264.364 30.6338 2.8
    endloop
  endfacet
  facet normal -0.130346 -0.991469 0
    outer loop
      vertex 262.432 30.1161 2.8
      vertex 262.95 30.048 6.09
      vertex 262.432 30.1161 6.09
    endloop
  endfacet
  facet normal -0.130346 -0.991469 -0
    outer loop
      vertex 262.95 30.048 6.09
      vertex 262.432 30.1161 2.8
      vertex 262.95 30.048 2.8
    endloop
  endfacet
  facet normal 0 0 1
    outer loop
      vertex 264.882 32.5656 6.09
      vertex 264.882 31.5304 6.09
      vertex 264.95 32.048 6.09
    endloop
  endfacet
  facet normal 0 0 1
    outer loop
      vertex 264.682 33.048 6.09
      vertex 264.882 31.5304 6.09
      vertex 264.882 32.5656 6.09
    endloop
  endfacet
  facet normal 0 0 1
    outer loop
      vertex 264.682 33.048 6.09
      vertex 264.682 31.048 6.09
      vertex 264.882 31.5304 6.09
    endloop
  endfacet
  facet normal 0 0 1
    outer loop
      vertex 264.364 33.4622 6.09
      vertex 264.682 31.048 6.09
      vertex 264.682 33.048 6.09
    endloop
  endfacet
  facet normal 0 0 1
    outer loop
      vertex 264.364 33.4622 6.09
      vertex 264.364 30.6338 6.09
      vertex 264.682 31.048 6.09
    endloop
  endfacet
  facet normal 0 0 1
    outer loop
      vertex 263.95 33.7801 6.09
      vertex 264.364 30.6338 6.09
      vertex 264.364 33.4622 6.09
    endloop
  endfacet
  facet normal 0 0 1
    outer loop
      vertex 263.95 33.7801 6.09
      vertex 263.95 30.3159 6.09
      vertex 264.364 30.6338 6.09
    endloop
  endfacet
  facet normal 0 0 1
    outer loop
      vertex 263.468 33.9799 6.09
      vertex 263.95 30.3159 6.09
      vertex 263.95 33.7801 6.09
    endloop
  endfacet
  facet normal 0 0 1
    outer loop
      vertex 263.468 33.9799 6.09
      vertex 263.468 30.1161 6.09
      vertex 263.95 30.3159 6.09
    endloop
  endfacet
  facet normal 0 0 1
    outer loop
      vertex 262.95 34.048 6.09
      vertex 263.468 30.1161 6.09
      vertex 263.468 33.9799 6.09
    endloop
  endfacet
  facet normal 0 0 1
    outer loop
      vertex 262.95 34.048 6.09
      vertex 262.95 30.048 6.09
      vertex 263.468 30.1161 6.09
    endloop
  endfacet
  facet normal -0 0 1
    outer loop
      vertex 262.432 33.9799 6.09
      vertex 262.95 30.048 6.09
      vertex 262.95 34.048 6.09
    endloop
  endfacet
  facet normal 0 0 1
    outer loop
      vertex 262.432 33.9799 6.09
      vertex 262.432 30.1161 6.09
      vertex 262.95 30.048 6.09
    endloop
  endfacet
  facet normal -0 0 1
    outer loop
      vertex 261.95 33.7801 6.09
      vertex 262.432 30.1161 6.09
      vertex 262.432 33.9799 6.09
    endloop
  endfacet
  facet normal 0 0 1
    outer loop
      vertex 261.95 33.7801 6.09
      vertex 261.95 30.3159 6.09
      vertex 262.432 30.1161 6.09
    endloop
  endfacet
  facet normal -0 0 1
    outer loop
      vertex 261.536 33.4622 6.09
      vertex 261.95 30.3159 6.09
      vertex 261.95 33.7801 6.09
    endloop
  endfacet
  facet normal 0 0 1
    outer loop
      vertex 261.536 33.4622 6.09
      vertex 261.536 30.6338 6.09
      vertex 261.95 30.3159 6.09
    endloop
  endfacet
  facet normal -0 0 1
    outer loop
      vertex 261.218 33.048 6.09
      vertex 261.536 30.6338 6.09
      vertex 261.536 33.4622 6.09
    endloop
  endfacet
  facet normal 0 0 1
    outer loop
      vertex 261.218 33.048 6.09
      vertex 261.218 31.048 6.09
      vertex 261.536 30.6338 6.09
    endloop
  endfacet
  facet normal -0 0 1
    outer loop
      vertex 261.018 32.5656 6.09
      vertex 261.218 31.048 6.09
      vertex 261.218 33.048 6.09
    endloop
  endfacet
  facet normal 0 0 1
    outer loop
      vertex 261.018 32.5656 6.09
      vertex 261.018 31.5304 6.09
      vertex 261.218 31.048 6.09
    endloop
  endfacet
  facet normal 0 -0 1
    outer loop
      vertex 261.018 31.5304 6.09
      vertex 261.018 32.5656 6.09
      vertex 260.95 32.048 6.09
    endloop
  endfacet
  facet normal -0.382927 0.923778 0
    outer loop
      vertex 262.432 33.9799 2.8
      vertex 261.95 33.7801 6.09
      vertex 262.432 33.9799 6.09
    endloop
  endfacet
  facet normal -0.382927 0.923778 0
    outer loop
      vertex 261.95 33.7801 6.09
      vertex 262.432 33.9799 2.8
      vertex 261.95 33.7801 2.8
    endloop
  endfacet
  facet normal -0.923755 0.382983 0
    outer loop
      vertex 261.018 32.5656 2.8
      vertex 261.218 33.048 6.09
      vertex 261.218 33.048 2.8
    endloop
  endfacet
  facet normal -0.923755 0.382983 0
    outer loop
      vertex 261.218 33.048 6.09
      vertex 261.018 32.5656 2.8
      vertex 261.018 32.5656 6.09
    endloop
  endfacet
  facet normal 0.130346 0.991469 -0
    outer loop
      vertex 263.468 33.9799 2.8
      vertex 262.95 34.048 6.09
      vertex 263.468 33.9799 6.09
    endloop
  endfacet
  facet normal 0.130346 0.991469 0
    outer loop
      vertex 262.95 34.048 6.09
      vertex 263.468 33.9799 2.8
      vertex 262.95 34.048 2.8
    endloop
  endfacet
  facet normal -0.382927 -0.923778 0
    outer loop
      vertex 261.95 30.3159 2.8
      vertex 262.432 30.1161 6.09
      vertex 261.95 30.3159 6.09
    endloop
  endfacet
  facet normal -0.382927 -0.923778 -0
    outer loop
      vertex 262.432 30.1161 6.09
      vertex 261.95 30.3159 2.8
      vertex 262.432 30.1161 2.8
    endloop
  endfacet
  facet normal 0.382927 0.923778 -0
    outer loop
      vertex 263.95 33.7801 2.8
      vertex 263.468 33.9799 6.09
      vertex 263.95 33.7801 6.09
    endloop
  endfacet
  facet normal 0.382927 0.923778 0
    outer loop
      vertex 263.468 33.9799 6.09
      vertex 263.95 33.7801 2.8
      vertex 263.468 33.9799 2.8
    endloop
  endfacet
  facet normal -0.130346 0.991469 0
    outer loop
      vertex 262.95 34.048 2.8
      vertex 262.432 33.9799 6.09
      vertex 262.95 34.048 6.09
    endloop
  endfacet
  facet normal -0.130346 0.991469 0
    outer loop
      vertex 262.432 33.9799 6.09
      vertex 262.95 34.048 2.8
      vertex 262.432 33.9799 2.8
    endloop
  endfacet
  facet normal 0.130346 -0.991469 0
    outer loop
      vertex 262.95 30.048 2.8
      vertex 263.468 30.1161 6.09
      vertex 262.95 30.048 6.09
    endloop
  endfacet
  facet normal 0.130346 -0.991469 0
    outer loop
      vertex 263.468 30.1161 6.09
      vertex 262.95 30.048 2.8
      vertex 263.468 30.1161 2.8
    endloop
  endfacet
  facet normal -0.793193 0.60897 0
    outer loop
      vertex 261.218 33.048 2.8
      vertex 261.536 33.4622 6.09
      vertex 261.536 33.4622 2.8
    endloop
  endfacet
  facet normal -0.793193 0.60897 0
    outer loop
      vertex 261.536 33.4622 6.09
      vertex 261.218 33.048 2.8
      vertex 261.218 33.048 6.09
    endloop
  endfacet
  facet normal -0.609035 -0.793144 0
    outer loop
      vertex 261.536 30.6338 2.8
      vertex 261.95 30.3159 6.09
      vertex 261.536 30.6338 6.09
    endloop
  endfacet
  facet normal -0.609035 -0.793144 -0
    outer loop
      vertex 261.95 30.3159 6.09
      vertex 261.536 30.6338 2.8
      vertex 261.95 30.3159 2.8
    endloop
  endfacet
  facet normal 0.609035 0.793144 -0
    outer loop
      vertex 264.364 33.4622 2.8
      vertex 263.95 33.7801 6.09
      vertex 264.364 33.4622 6.09
    endloop
  endfacet
  facet normal 0.609035 0.793144 0
    outer loop
      vertex 263.95 33.7801 6.09
      vertex 264.364 33.4622 2.8
      vertex 263.95 33.7801 2.8
    endloop
  endfacet
  facet normal -0.923755 -0.382983 0
    outer loop
      vertex 261.218 31.048 2.8
      vertex 261.018 31.5304 6.09
      vertex 261.018 31.5304 2.8
    endloop
  endfacet
  facet normal -0.923755 -0.382983 0
    outer loop
      vertex 261.018 31.5304 6.09
      vertex 261.218 31.048 2.8
      vertex 261.218 31.048 6.09
    endloop
  endfacet
  facet normal -0.99148 -0.130256 0
    outer loop
      vertex 261.018 31.5304 2.8
      vertex 260.95 32.048 6.09
      vertex 260.95 32.048 2.8
    endloop
  endfacet
  facet normal -0.99148 -0.130256 0
    outer loop
      vertex 260.95 32.048 6.09
      vertex 261.018 31.5304 2.8
      vertex 261.018 31.5304 6.09
    endloop
  endfacet
  facet normal 0.99148 -0.130256 0
    outer loop
      vertex 264.882 31.5304 6.09
      vertex 264.95 32.048 2.8
      vertex 264.95 32.048 6.09
    endloop
  endfacet
  facet normal 0.99148 -0.130256 0
    outer loop
      vertex 264.95 32.048 2.8
      vertex 264.882 31.5304 6.09
      vertex 264.882 31.5304 2.8
    endloop
  endfacet
  facet normal 0.609035 -0.793144 0
    outer loop
      vertex 263.95 30.3159 2.8
      vertex 264.364 30.6338 6.09
      vertex 263.95 30.3159 6.09
    endloop
  endfacet
  facet normal 0.609035 -0.793144 0
    outer loop
      vertex 264.364 30.6338 6.09
      vertex 263.95 30.3159 2.8
      vertex 264.364 30.6338 2.8
    endloop
  endfacet
  facet normal -0.609035 0.793144 0
    outer loop
      vertex 261.95 33.7801 2.8
      vertex 261.536 33.4622 6.09
      vertex 261.95 33.7801 6.09
    endloop
  endfacet
  facet normal -0.609035 0.793144 0
    outer loop
      vertex 261.536 33.4622 6.09
      vertex 261.95 33.7801 2.8
      vertex 261.536 33.4622 2.8
    endloop
  endfacet
  facet normal -0.793193 -0.60897 0
    outer loop
      vertex 261.536 30.6338 2.8
      vertex 261.218 31.048 6.09
      vertex 261.218 31.048 2.8
    endloop
  endfacet
  facet normal -0.793193 -0.60897 0
    outer loop
      vertex 261.218 31.048 6.09
      vertex 261.536 30.6338 2.8
      vertex 261.536 30.6338 6.09
    endloop
  endfacet
  facet normal 0.99148 0.130256 0
    outer loop
      vertex 264.95 70.5 6.09
      vertex 264.882 71.0176 2.8
      vertex 264.882 71.0176 6.09
    endloop
  endfacet
  facet normal 0.99148 0.130256 0
    outer loop
      vertex 264.882 71.0176 2.8
      vertex 264.95 70.5 6.09
      vertex 264.95 70.5 2.8
    endloop
  endfacet
  facet normal 0.383091 0.923711 -0
    outer loop
      vertex 263.95 72.232 2.8
      vertex 263.468 72.4319 6.09
      vertex 263.95 72.232 6.09
    endloop
  endfacet
  facet normal 0.383091 0.923711 0
    outer loop
      vertex 263.468 72.4319 6.09
      vertex 263.95 72.232 2.8
      vertex 263.468 72.4319 2.8
    endloop
  endfacet
  facet normal 0.608914 -0.793236 0
    outer loop
      vertex 263.95 68.768 2.8
      vertex 264.364 69.0858 6.09
      vertex 263.95 68.768 6.09
    endloop
  endfacet
  facet normal 0.608914 -0.793236 0
    outer loop
      vertex 264.364 69.0858 6.09
      vertex 263.95 68.768 2.8
      vertex 264.364 69.0858 2.8
    endloop
  endfacet
  facet normal 0.793193 -0.60897 0
    outer loop
      vertex 264.364 69.0858 6.09
      vertex 264.682 69.5 2.8
      vertex 264.682 69.5 6.09
    endloop
  endfacet
  facet normal 0.793193 -0.60897 0
    outer loop
      vertex 264.682 69.5 2.8
      vertex 264.364 69.0858 6.09
      vertex 264.364 69.0858 2.8
    endloop
  endfacet
  facet normal 0.99148 -0.130256 0
    outer loop
      vertex 264.882 69.9824 6.09
      vertex 264.95 70.5 2.8
      vertex 264.95 70.5 6.09
    endloop
  endfacet
  facet normal 0.99148 -0.130256 0
    outer loop
      vertex 264.95 70.5 2.8
      vertex 264.882 69.9824 6.09
      vertex 264.882 69.9824 2.8
    endloop
  endfacet
  facet normal 0.923755 -0.382983 0
    outer loop
      vertex 264.682 69.5 6.09
      vertex 264.882 69.9824 2.8
      vertex 264.882 69.9824 6.09
    endloop
  endfacet
  facet normal 0.923755 -0.382983 0
    outer loop
      vertex 264.882 69.9824 2.8
      vertex 264.682 69.5 6.09
      vertex 264.682 69.5 2.8
    endloop
  endfacet
  facet normal 0 0 1
    outer loop
      vertex 264.882 71.0176 6.09
      vertex 264.882 69.9824 6.09
      vertex 264.95 70.5 6.09
    endloop
  endfacet
  facet normal 0 0 1
    outer loop
      vertex 264.682 71.5 6.09
      vertex 264.882 69.9824 6.09
      vertex 264.882 71.0176 6.09
    endloop
  endfacet
  facet normal 0 0 1
    outer loop
      vertex 264.682 71.5 6.09
      vertex 264.682 69.5 6.09
      vertex 264.882 69.9824 6.09
    endloop
  endfacet
  facet normal 0 0 1
    outer loop
      vertex 264.364 71.9142 6.09
      vertex 264.682 69.5 6.09
      vertex 264.682 71.5 6.09
    endloop
  endfacet
  facet normal 0 0 1
    outer loop
      vertex 264.364 71.9142 6.09
      vertex 264.364 69.0858 6.09
      vertex 264.682 69.5 6.09
    endloop
  endfacet
  facet normal 0 0 1
    outer loop
      vertex 263.95 72.232 6.09
      vertex 264.364 69.0858 6.09
      vertex 264.364 71.9142 6.09
    endloop
  endfacet
  facet normal 0 0 1
    outer loop
      vertex 263.95 72.232 6.09
      vertex 263.95 68.768 6.09
      vertex 264.364 69.0858 6.09
    endloop
  endfacet
  facet normal 0 0 1
    outer loop
      vertex 263.468 72.4319 6.09
      vertex 263.95 68.768 6.09
      vertex 263.95 72.232 6.09
    endloop
  endfacet
  facet normal 0 0 1
    outer loop
      vertex 263.468 72.4319 6.09
      vertex 263.468 68.5681 6.09
      vertex 263.95 68.768 6.09
    endloop
  endfacet
  facet normal 0 0 1
    outer loop
      vertex 262.95 72.5 6.09
      vertex 263.468 68.5681 6.09
      vertex 263.468 72.4319 6.09
    endloop
  endfacet
  facet normal 0 0 1
    outer loop
      vertex 262.95 72.5 6.09
      vertex 262.95 68.5 6.09
      vertex 263.468 68.5681 6.09
    endloop
  endfacet
  facet normal -0 0 1
    outer loop
      vertex 262.432 72.4319 6.09
      vertex 262.95 68.5 6.09
      vertex 262.95 72.5 6.09
    endloop
  endfacet
  facet normal 0 0 1
    outer loop
      vertex 262.432 72.4319 6.09
      vertex 262.432 68.5681 6.09
      vertex 262.95 68.5 6.09
    endloop
  endfacet
  facet normal -0 0 1
    outer loop
      vertex 261.95 72.232 6.09
      vertex 262.432 68.5681 6.09
      vertex 262.432 72.4319 6.09
    endloop
  endfacet
  facet normal 0 0 1
    outer loop
      vertex 261.95 72.232 6.09
      vertex 261.95 68.768 6.09
      vertex 262.432 68.5681 6.09
    endloop
  endfacet
  facet normal -0 0 1
    outer loop
      vertex 261.536 71.9142 6.09
      vertex 261.95 68.768 6.09
      vertex 261.95 72.232 6.09
    endloop
  endfacet
  facet normal 0 0 1
    outer loop
      vertex 261.536 71.9142 6.09
      vertex 261.536 69.0858 6.09
      vertex 261.95 68.768 6.09
    endloop
  endfacet
  facet normal -0 0 1
    outer loop
      vertex 261.218 71.5 6.09
      vertex 261.536 69.0858 6.09
      vertex 261.536 71.9142 6.09
    endloop
  endfacet
  facet normal 0 0 1
    outer loop
      vertex 261.218 71.5 6.09
      vertex 261.218 69.5 6.09
      vertex 261.536 69.0858 6.09
    endloop
  endfacet
  facet normal -0 0 1
    outer loop
      vertex 261.018 71.0176 6.09
      vertex 261.218 69.5 6.09
      vertex 261.218 71.5 6.09
    endloop
  endfacet
  facet normal 0 0 1
    outer loop
      vertex 261.018 71.0176 6.09
      vertex 261.018 69.9824 6.09
      vertex 261.218 69.5 6.09
    endloop
  endfacet
  facet normal 0 -0 1
    outer loop
      vertex 261.018 69.9824 6.09
      vertex 261.018 71.0176 6.09
      vertex 260.95 70.5 6.09
    endloop
  endfacet
  facet normal 0.383091 -0.923711 0
    outer loop
      vertex 263.468 68.5681 2.8
      vertex 263.95 68.768 6.09
      vertex 263.468 68.5681 6.09
    endloop
  endfacet
  facet normal 0.383091 -0.923711 0
    outer loop
      vertex 263.95 68.768 6.09
      vertex 263.468 68.5681 2.8
      vertex 263.95 68.768 2.8
    endloop
  endfacet
  facet normal 0.130346 -0.991469 0
    outer loop
      vertex 262.95 68.5 2.8
      vertex 263.468 68.5681 6.09
      vertex 262.95 68.5 6.09
    endloop
  endfacet
  facet normal 0.130346 -0.991469 0
    outer loop
      vertex 263.468 68.5681 6.09
      vertex 262.95 68.5 2.8
      vertex 263.468 68.5681 2.8
    endloop
  endfacet
  facet normal 0.923755 0.382983 0
    outer loop
      vertex 264.882 71.0176 6.09
      vertex 264.682 71.5 2.8
      vertex 264.682 71.5 6.09
    endloop
  endfacet
  facet normal 0.923755 0.382983 0
    outer loop
      vertex 264.682 71.5 2.8
      vertex 264.882 71.0176 6.09
      vertex 264.882 71.0176 2.8
    endloop
  endfacet
  facet normal 0.130346 0.991469 -0
    outer loop
      vertex 263.468 72.4319 2.8
      vertex 262.95 72.5 6.09
      vertex 263.468 72.4319 6.09
    endloop
  endfacet
  facet normal 0.130346 0.991469 0
    outer loop
      vertex 262.95 72.5 6.09
      vertex 263.468 72.4319 2.8
      vertex 262.95 72.5 2.8
    endloop
  endfacet
  facet normal -0.923755 0.382983 0
    outer loop
      vertex 261.018 71.0176 2.8
      vertex 261.218 71.5 6.09
      vertex 261.218 71.5 2.8
    endloop
  endfacet
  facet normal -0.923755 0.382983 0
    outer loop
      vertex 261.218 71.5 6.09
      vertex 261.018 71.0176 2.8
      vertex 261.018 71.0176 6.09
    endloop
  endfacet
  facet normal -0.383091 0.923711 0
    outer loop
      vertex 262.432 72.4319 2.8
      vertex 261.95 72.232 6.09
      vertex 262.432 72.4319 6.09
    endloop
  endfacet
  facet normal -0.383091 0.923711 0
    outer loop
      vertex 261.95 72.232 6.09
      vertex 262.432 72.4319 2.8
      vertex 261.95 72.232 2.8
    endloop
  endfacet
  facet normal -0.608914 0.793236 0
    outer loop
      vertex 261.95 72.232 2.8
      vertex 261.536 71.9142 6.09
      vertex 261.95 72.232 6.09
    endloop
  endfacet
  facet normal -0.608914 0.793236 0
    outer loop
      vertex 261.536 71.9142 6.09
      vertex 261.95 72.232 2.8
      vertex 261.536 71.9142 2.8
    endloop
  endfacet
  facet normal -0.383091 -0.923711 0
    outer loop
      vertex 261.95 68.768 2.8
      vertex 262.432 68.5681 6.09
      vertex 261.95 68.768 6.09
    endloop
  endfacet
  facet normal -0.383091 -0.923711 -0
    outer loop
      vertex 262.432 68.5681 6.09
      vertex 261.95 68.768 2.8
      vertex 262.432 68.5681 2.8
    endloop
  endfacet
  facet normal -0.130346 0.991469 0
    outer loop
      vertex 262.95 72.5 2.8
      vertex 262.432 72.4319 6.09
      vertex 262.95 72.5 6.09
    endloop
  endfacet
  facet normal -0.130346 0.991469 0
    outer loop
      vertex 262.432 72.4319 6.09
      vertex 262.95 72.5 2.8
      vertex 262.432 72.4319 2.8
    endloop
  endfacet
  facet normal -0.99148 -0.130256 0
    outer loop
      vertex 261.018 69.9824 2.8
      vertex 260.95 70.5 6.09
      vertex 260.95 70.5 2.8
    endloop
  endfacet
  facet normal -0.99148 -0.130256 0
    outer loop
      vertex 260.95 70.5 6.09
      vertex 261.018 69.9824 2.8
      vertex 261.018 69.9824 6.09
    endloop
  endfacet
  facet normal 0.793193 0.60897 0
    outer loop
      vertex 264.682 71.5 6.09
      vertex 264.364 71.9142 2.8
      vertex 264.364 71.9142 6.09
    endloop
  endfacet
  facet normal 0.793193 0.60897 0
    outer loop
      vertex 264.364 71.9142 2.8
      vertex 264.682 71.5 6.09
      vertex 264.682 71.5 2.8
    endloop
  endfacet
  facet normal -0.793193 0.60897 0
    outer loop
      vertex 261.218 71.5 2.8
      vertex 261.536 71.9142 6.09
      vertex 261.536 71.9142 2.8
    endloop
  endfacet
  facet normal -0.793193 0.60897 0
    outer loop
      vertex 261.536 71.9142 6.09
      vertex 261.218 71.5 2.8
      vertex 261.218 71.5 6.09
    endloop
  endfacet
  facet normal -0.608914 -0.793236 0
    outer loop
      vertex 261.536 69.0858 2.8
      vertex 261.95 68.768 6.09
      vertex 261.536 69.0858 6.09
    endloop
  endfacet
  facet normal -0.608914 -0.793236 -0
    outer loop
      vertex 261.95 68.768 6.09
      vertex 261.536 69.0858 2.8
      vertex 261.95 68.768 2.8
    endloop
  endfacet
  facet normal 0.608914 0.793236 -0
    outer loop
      vertex 264.364 71.9142 2.8
      vertex 263.95 72.232 6.09
      vertex 264.364 71.9142 6.09
    endloop
  endfacet
  facet normal 0.608914 0.793236 0
    outer loop
      vertex 263.95 72.232 6.09
      vertex 264.364 71.9142 2.8
      vertex 263.95 72.232 2.8
    endloop
  endfacet
  facet normal -0.923755 -0.382983 0
    outer loop
      vertex 261.218 69.5 2.8
      vertex 261.018 69.9824 6.09
      vertex 261.018 69.9824 2.8
    endloop
  endfacet
  facet normal -0.923755 -0.382983 0
    outer loop
      vertex 261.018 69.9824 6.09
      vertex 261.218 69.5 2.8
      vertex 261.218 69.5 6.09
    endloop
  endfacet
  facet normal -0.130346 -0.991469 0
    outer loop
      vertex 262.432 68.5681 2.8
      vertex 262.95 68.5 6.09
      vertex 262.432 68.5681 6.09
    endloop
  endfacet
  facet normal -0.130346 -0.991469 -0
    outer loop
      vertex 262.95 68.5 6.09
      vertex 262.432 68.5681 2.8
      vertex 262.95 68.5 2.8
    endloop
  endfacet
  facet normal -0.793193 -0.60897 0
    outer loop
      vertex 261.536 69.0858 2.8
      vertex 261.218 69.5 6.09
      vertex 261.218 69.5 2.8
    endloop
  endfacet
  facet normal -0.793193 -0.60897 0
    outer loop
      vertex 261.218 69.5 6.09
      vertex 261.536 69.0858 2.8
      vertex 261.536 69.0858 6.09
    endloop
  endfacet
  facet normal -0.99148 0.130256 0
    outer loop
      vertex 260.95 70.5 2.8
      vertex 261.018 71.0176 6.09
      vertex 261.018 71.0176 2.8
    endloop
  endfacet
  facet normal -0.99148 0.130256 0
    outer loop
      vertex 261.018 71.0176 6.09
      vertex 260.95 70.5 2.8
      vertex 260.95 70.5 6.09
    endloop
  endfacet
  facet normal -0.923643 0.383254 0
    outer loop
      vertex 261.018 109.47 2.8
      vertex 261.218 109.952 6.09
      vertex 261.218 109.952 2.8
    endloop
  endfacet
  facet normal -0.923643 0.383254 0
    outer loop
      vertex 261.218 109.952 6.09
      vertex 261.018 109.47 2.8
      vertex 261.018 109.47 6.09
    endloop
  endfacet
  facet normal 0.991493 0.130157 0
    outer loop
      vertex 264.95 108.952 6.09
      vertex 264.882 109.47 2.8
      vertex 264.882 109.47 6.09
    endloop
  endfacet
  facet normal 0.991493 0.130157 0
    outer loop
      vertex 264.882 109.47 2.8
      vertex 264.95 108.952 6.09
      vertex 264.95 108.952 2.8
    endloop
  endfacet
  facet normal 0.923643 0.383254 0
    outer loop
      vertex 264.882 109.47 6.09
      vertex 264.682 109.952 2.8
      vertex 264.682 109.952 6.09
    endloop
  endfacet
  facet normal 0.923643 0.383254 0
    outer loop
      vertex 264.682 109.952 2.8
      vertex 264.882 109.47 6.09
      vertex 264.882 109.47 2.8
    endloop
  endfacet
  facet normal -0.609155 0.793051 0
    outer loop
      vertex 261.95 110.684 2.8
      vertex 261.536 110.366 6.09
      vertex 261.95 110.684 6.09
    endloop
  endfacet
  facet normal -0.609155 0.793051 0
    outer loop
      vertex 261.536 110.366 6.09
      vertex 261.95 110.684 2.8
      vertex 261.536 110.366 2.8
    endloop
  endfacet
  facet normal 0 0 1
    outer loop
      vertex 264.882 109.47 6.09
      vertex 264.882 108.434 6.09
      vertex 264.95 108.952 6.09
    endloop
  endfacet
  facet normal 0 0 1
    outer loop
      vertex 264.682 109.952 6.09
      vertex 264.882 108.434 6.09
      vertex 264.882 109.47 6.09
    endloop
  endfacet
  facet normal 0 0 1
    outer loop
      vertex 264.682 109.952 6.09
      vertex 264.682 107.952 6.09
      vertex 264.882 108.434 6.09
    endloop
  endfacet
  facet normal 0 0 1
    outer loop
      vertex 264.364 110.366 6.09
      vertex 264.682 107.952 6.09
      vertex 264.682 109.952 6.09
    endloop
  endfacet
  facet normal 0 0 1
    outer loop
      vertex 264.364 110.366 6.09
      vertex 264.364 107.538 6.09
      vertex 264.682 107.952 6.09
    endloop
  endfacet
  facet normal 0 0 1
    outer loop
      vertex 263.95 110.684 6.09
      vertex 264.364 107.538 6.09
      vertex 264.364 110.366 6.09
    endloop
  endfacet
  facet normal 0 0 1
    outer loop
      vertex 263.95 110.684 6.09
      vertex 263.95 107.22 6.09
      vertex 264.364 107.538 6.09
    endloop
  endfacet
  facet normal 0 0 1
    outer loop
      vertex 263.468 110.884 6.09
      vertex 263.95 107.22 6.09
      vertex 263.95 110.684 6.09
    endloop
  endfacet
  facet normal 0 0 1
    outer loop
      vertex 263.468 110.884 6.09
      vertex 263.468 107.02 6.09
      vertex 263.95 107.22 6.09
    endloop
  endfacet
  facet normal 0 0 1
    outer loop
      vertex 262.95 110.952 6.09
      vertex 263.468 107.02 6.09
      vertex 263.468 110.884 6.09
    endloop
  endfacet
  facet normal 0 0 1
    outer loop
      vertex 262.95 110.952 6.09
      vertex 262.95 106.952 6.09
      vertex 263.468 107.02 6.09
    endloop
  endfacet
  facet normal -0 0 1
    outer loop
      vertex 262.432 110.884 6.09
      vertex 262.95 106.952 6.09
      vertex 262.95 110.952 6.09
    endloop
  endfacet
  facet normal 0 0 1
    outer loop
      vertex 262.432 110.884 6.09
      vertex 262.432 107.02 6.09
      vertex 262.95 106.952 6.09
    endloop
  endfacet
  facet normal -0 0 1
    outer loop
      vertex 261.95 110.684 6.09
      vertex 262.432 107.02 6.09
      vertex 262.432 110.884 6.09
    endloop
  endfacet
  facet normal 0 0 1
    outer loop
      vertex 261.95 110.684 6.09
      vertex 261.95 107.22 6.09
      vertex 262.432 107.02 6.09
    endloop
  endfacet
  facet normal -0 0 1
    outer loop
      vertex 261.536 110.366 6.09
      vertex 261.95 107.22 6.09
      vertex 261.95 110.684 6.09
    endloop
  endfacet
  facet normal 0 0 1
    outer loop
      vertex 261.536 110.366 6.09
      vertex 261.536 107.538 6.09
      vertex 261.95 107.22 6.09
    endloop
  endfacet
  facet normal -0 0 1
    outer loop
      vertex 261.218 109.952 6.09
      vertex 261.536 107.538 6.09
      vertex 261.536 110.366 6.09
    endloop
  endfacet
  facet normal 0 0 1
    outer loop
      vertex 261.218 109.952 6.09
      vertex 261.218 107.952 6.09
      vertex 261.536 107.538 6.09
    endloop
  endfacet
  facet normal -0 0 1
    outer loop
      vertex 261.018 109.47 6.09
      vertex 261.218 107.952 6.09
      vertex 261.218 109.952 6.09
    endloop
  endfacet
  facet normal 0 0 1
    outer loop
      vertex 261.018 109.47 6.09
      vertex 261.018 108.434 6.09
      vertex 261.218 107.952 6.09
    endloop
  endfacet
  facet normal 0 -0 1
    outer loop
      vertex 261.018 108.434 6.09
      vertex 261.018 109.47 6.09
      vertex 260.95 108.952 6.09
    endloop
  endfacet
  facet normal 0.923643 -0.383254 0
    outer loop
      vertex 264.682 107.952 6.09
      vertex 264.882 108.434 2.8
      vertex 264.882 108.434 6.09
    endloop
  endfacet
  facet normal 0.923643 -0.383254 0
    outer loop
      vertex 264.882 108.434 2.8
      vertex 264.682 107.952 6.09
      vertex 264.682 107.952 2.8
    endloop
  endfacet
  facet normal 0.793051 -0.609155 0
    outer loop
      vertex 264.364 107.538 6.09
      vertex 264.682 107.952 2.8
      vertex 264.682 107.952 6.09
    endloop
  endfacet
  facet normal 0.793051 -0.609155 0
    outer loop
      vertex 264.682 107.952 2.8
      vertex 264.364 107.538 6.09
      vertex 264.364 107.538 2.8
    endloop
  endfacet
  facet normal -0.130157 -0.991493 0
    outer loop
      vertex 262.432 107.02 2.8
      vertex 262.95 106.952 6.09
      vertex 262.432 107.02 6.09
    endloop
  endfacet
  facet normal -0.130157 -0.991493 -0
    outer loop
      vertex 262.95 106.952 6.09
      vertex 262.432 107.02 2.8
      vertex 262.95 106.952 2.8
    endloop
  endfacet
  facet normal 0.609155 0.793051 -0
    outer loop
      vertex 264.364 110.366 2.8
      vertex 263.95 110.684 6.09
      vertex 264.364 110.366 6.09
    endloop
  endfacet
  facet normal 0.609155 0.793051 0
    outer loop
      vertex 263.95 110.684 6.09
      vertex 264.364 110.366 2.8
      vertex 263.95 110.684 2.8
    endloop
  endfacet
  facet normal 0.383254 -0.923643 0
    outer loop
      vertex 263.468 107.02 2.8
      vertex 263.95 107.22 6.09
      vertex 263.468 107.02 6.09
    endloop
  endfacet
  facet normal 0.383254 -0.923643 0
    outer loop
      vertex 263.95 107.22 6.09
      vertex 263.468 107.02 2.8
      vertex 263.95 107.22 2.8
    endloop
  endfacet
  facet normal 0.130157 -0.991493 0
    outer loop
      vertex 262.95 106.952 2.8
      vertex 263.468 107.02 6.09
      vertex 262.95 106.952 6.09
    endloop
  endfacet
  facet normal 0.130157 -0.991493 0
    outer loop
      vertex 263.468 107.02 6.09
      vertex 262.95 106.952 2.8
      vertex 263.468 107.02 2.8
    endloop
  endfacet
  facet normal 0.383254 0.923643 -0
    outer loop
      vertex 263.95 110.684 2.8
      vertex 263.468 110.884 6.09
      vertex 263.95 110.684 6.09
    endloop
  endfacet
  facet normal 0.383254 0.923643 0
    outer loop
      vertex 263.468 110.884 6.09
      vertex 263.95 110.684 2.8
      vertex 263.468 110.884 2.8
    endloop
  endfacet
  facet normal -0.383254 0.923643 0
    outer loop
      vertex 262.432 110.884 2.8
      vertex 261.95 110.684 6.09
      vertex 262.432 110.884 6.09
    endloop
  endfacet
  facet normal -0.383254 0.923643 0
    outer loop
      vertex 261.95 110.684 6.09
      vertex 262.432 110.884 2.8
      vertex 261.95 110.684 2.8
    endloop
  endfacet
  facet normal -0.130157 0.991493 0
    outer loop
      vertex 262.95 110.952 2.8
      vertex 262.432 110.884 6.09
      vertex 262.95 110.952 6.09
    endloop
  endfacet
  facet normal -0.130157 0.991493 0
    outer loop
      vertex 262.432 110.884 6.09
      vertex 262.95 110.952 2.8
      vertex 262.432 110.884 2.8
    endloop
  endfacet
  facet normal -0.991493 -0.130157 0
    outer loop
      vertex 261.018 108.434 2.8
      vertex 260.95 108.952 6.09
      vertex 260.95 108.952 2.8
    endloop
  endfacet
  facet normal -0.991493 -0.130157 0
    outer loop
      vertex 260.95 108.952 6.09
      vertex 261.018 108.434 2.8
      vertex 261.018 108.434 6.09
    endloop
  endfacet
  facet normal -0.923643 -0.383254 0
    outer loop
      vertex 261.218 107.952 2.8
      vertex 261.018 108.434 6.09
      vertex 261.018 108.434 2.8
    endloop
  endfacet
  facet normal -0.923643 -0.383254 0
    outer loop
      vertex 261.018 108.434 6.09
      vertex 261.218 107.952 2.8
      vertex 261.218 107.952 6.09
    endloop
  endfacet
  facet normal 0.609155 -0.793051 0
    outer loop
      vertex 263.95 107.22 2.8
      vertex 264.364 107.538 6.09
      vertex 263.95 107.22 6.09
    endloop
  endfacet
  facet normal 0.609155 -0.793051 0
    outer loop
      vertex 264.364 107.538 6.09
      vertex 263.95 107.22 2.8
      vertex 264.364 107.538 2.8
    endloop
  endfacet
  facet normal -0.383254 -0.923643 0
    outer loop
      vertex 261.95 107.22 2.8
      vertex 262.432 107.02 6.09
      vertex 261.95 107.22 6.09
    endloop
  endfacet
  facet normal -0.383254 -0.923643 -0
    outer loop
      vertex 262.432 107.02 6.09
      vertex 261.95 107.22 2.8
      vertex 262.432 107.02 2.8
    endloop
  endfacet
  facet normal 0.130157 0.991493 -0
    outer loop
      vertex 263.468 110.884 2.8
      vertex 262.95 110.952 6.09
      vertex 263.468 110.884 6.09
    endloop
  endfacet
  facet normal 0.130157 0.991493 0
    outer loop
      vertex 262.95 110.952 6.09
      vertex 263.468 110.884 2.8
      vertex 262.95 110.952 2.8
    endloop
  endfacet
  facet normal 0.793051 0.609155 0
    outer loop
      vertex 264.682 109.952 6.09
      vertex 264.364 110.366 2.8
      vertex 264.364 110.366 6.09
    endloop
  endfacet
  facet normal 0.793051 0.609155 0
    outer loop
      vertex 264.364 110.366 2.8
      vertex 264.682 109.952 6.09
      vertex 264.682 109.952 2.8
    endloop
  endfacet
  facet normal 0.991493 -0.130157 0
    outer loop
      vertex 264.882 108.434 6.09
      vertex 264.95 108.952 2.8
      vertex 264.95 108.952 6.09
    endloop
  endfacet
  facet normal 0.991493 -0.130157 0
    outer loop
      vertex 264.95 108.952 2.8
      vertex 264.882 108.434 6.09
      vertex 264.882 108.434 2.8
    endloop
  endfacet
  facet normal -0.609155 -0.793051 0
    outer loop
      vertex 261.536 107.538 2.8
      vertex 261.95 107.22 6.09
      vertex 261.536 107.538 6.09
    endloop
  endfacet
  facet normal -0.609155 -0.793051 -0
    outer loop
      vertex 261.95 107.22 6.09
      vertex 261.536 107.538 2.8
      vertex 261.95 107.22 2.8
    endloop
  endfacet
  facet normal -0.793051 -0.609155 0
    outer loop
      vertex 261.536 107.538 2.8
      vertex 261.218 107.952 6.09
      vertex 261.218 107.952 2.8
    endloop
  endfacet
  facet normal -0.793051 -0.609155 0
    outer loop
      vertex 261.218 107.952 6.09
      vertex 261.536 107.538 2.8
      vertex 261.536 107.538 6.09
    endloop
  endfacet
  facet normal -0.793051 0.609155 0
    outer loop
      vertex 261.218 109.952 2.8
      vertex 261.536 110.366 6.09
      vertex 261.536 110.366 2.8
    endloop
  endfacet
  facet normal -0.793051 0.609155 0
    outer loop
      vertex 261.536 110.366 6.09
      vertex 261.218 109.952 2.8
      vertex 261.218 109.952 6.09
    endloop
  endfacet
  facet normal -0.991493 0.130157 0
    outer loop
      vertex 260.95 108.952 2.8
      vertex 261.018 109.47 6.09
      vertex 261.018 109.47 2.8
    endloop
  endfacet
  facet normal -0.991493 0.130157 0
    outer loop
      vertex 261.018 109.47 6.09
      vertex 260.95 108.952 2.8
      vertex 260.95 108.952 6.09
    endloop
  endfacet
  facet normal -1 0 0
    outer loop
      vertex 168.3 54.683 0
      vertex 168.3 0 0
      vertex 168.3 54.683 1.7
    endloop
  endfacet
  facet normal -1 0 0
    outer loop
      vertex 168.3 91.689 0
      vertex 168.3 60.683 0
      vertex 168.3 91.689 1.7
    endloop
  endfacet
  facet normal -1 0 0
    outer loop
      vertex 168.3 130.989 0
      vertex 168.3 99.489 0
      vertex 168.3 130.989 0.5
    endloop
  endfacet
  facet normal -1 0 0
    outer loop
      vertex 168.3 133.593 0
      vertex 168.3 131.823 0
      vertex 168.3 133.593 0.5
    endloop
  endfacet
  facet normal -1 0 0
    outer loop
      vertex 168.3 134.429 0.5
      vertex 168.3 141 0
      vertex 168.3 134.429 0
    endloop
  endfacet
  facet normal -1 0 0
    outer loop
      vertex 168.3 141 0
      vertex 168.3 134.429 0.5
      vertex 168.3 141 2.8
    endloop
  endfacet
  facet normal -1 0 0
    outer loop
      vertex 168.3 133.593 0.5
      vertex 168.3 141 2.8
      vertex 168.3 134.429 0.5
    endloop
  endfacet
  facet normal -1 0 0
    outer loop
      vertex 168.3 131.823 0.5
      vertex 168.3 133.593 0.5
      vertex 168.3 131.823 0
    endloop
  endfacet
  facet normal -1 0 0
    outer loop
      vertex 168.3 133.593 0.5
      vertex 168.3 131.823 0.5
      vertex 168.3 141 2.8
    endloop
  endfacet
  facet normal -1 0 0
    outer loop
      vertex 168.3 130.989 0.5
      vertex 168.3 141 2.8
      vertex 168.3 131.823 0.5
    endloop
  endfacet
  facet normal -1 0 0
    outer loop
      vertex 168.3 99.489 1.7
      vertex 168.3 130.989 0.5
      vertex 168.3 99.489 0
    endloop
  endfacet
  facet normal -1 0 0
    outer loop
      vertex 168.3 130.989 0.5
      vertex 168.3 99.489 1.7
      vertex 168.3 141 2.8
    endloop
  endfacet
  facet normal -1 0 0
    outer loop
      vertex 168.3 91.689 1.7
      vertex 168.3 141 2.8
      vertex 168.3 99.489 1.7
    endloop
  endfacet
  facet normal -1 0 0
    outer loop
      vertex 168.3 60.683 1.7
      vertex 168.3 91.689 1.7
      vertex 168.3 60.683 0
    endloop
  endfacet
  facet normal -1 0 0
    outer loop
      vertex 168.3 60.683 1.7
      vertex 168.3 141 2.8
      vertex 168.3 91.689 1.7
    endloop
  endfacet
  facet normal -1 0 0
    outer loop
      vertex 168.3 54.683 1.7
      vertex 168.3 141 2.8
      vertex 168.3 60.683 1.7
    endloop
  endfacet
  facet normal -1 0 0
    outer loop
      vertex 168.3 54.683 1.7
      vertex 168.3 0 2.8
      vertex 168.3 141 2.8
    endloop
  endfacet
  facet normal -1 0 0
    outer loop
      vertex 168.3 0 2.8
      vertex 168.3 54.683 1.7
      vertex 168.3 0 0
    endloop
  endfacet
endsolid OpenSCAD_Model
