solid OpenSCAD_Model
  facet normal 0 0 -1
    outer loop
      vertex 169.602 7.71356 0
      vertex 171.27 8.46877 0
      vertex 171.376 7.71356 0
    endloop
  endfacet
  facet normal -0 0 -1
    outer loop
      vertex 171.27 8.46877 0
      vertex 169.602 7.71356 0
      vertex 169.602 8.46877 0
    endloop
  endfacet
  facet normal 0 0 -1
    outer loop
      vertex 171.27 8.46877 0
      vertex 172.003 9.34239 0
      vertex 171.376 7.71356 0
    endloop
  endfacet
  facet normal 0 0 -1
    outer loop
      vertex 171.27 9.25723 0
      vertex 172.003 9.34239 0
      vertex 171.27 8.46877 0
    endloop
  endfacet
  facet normal -0 0 -1
    outer loop
      vertex 172.003 9.34239 0
      vertex 171.27 9.25723 0
      vertex 171.435 10.1865 0
    endloop
  endfacet
  facet normal 0 0 -1
    outer loop
      vertex 169.602 10.1865 0
      vertex 171.27 9.25723 0
      vertex 169.602 9.25723 0
    endloop
  endfacet
  facet normal 0 0 -1
    outer loop
      vertex 171.27 9.25723 0
      vertex 169.602 10.1865 0
      vertex 171.435 10.1865 0
    endloop
  endfacet
  facet normal 0 0 -1
    outer loop
      vertex 173.799 10.2377 0
      vertex 172.003 10.2377 0
      vertex 173.799 10.975 0
    endloop
  endfacet
  facet normal 0 0 -1
    outer loop
      vertex 175.794 8.95396 0
      vertex 174.786 9.47995 0
      vertex 175.364 9.47995 0
    endloop
  endfacet
  facet normal 0 0 -1
    outer loop
      vertex 177.738 132.169 0
      vertex 174.47 133.295 0
      vertex 177.738 134.413 0
    endloop
  endfacet
  facet normal 0 0 -1
    outer loop
      vertex 179.148 63.9483 0
      vertex 179.883 63.5416 0
      vertex 179.155 63.8791 0
    endloop
  endfacet
  facet normal 0 0 -1
    outer loop
      vertex 179.135 64.0143 0
      vertex 179.883 63.5416 0
      vertex 179.148 63.9483 0
    endloop
  endfacet
  facet normal 0 0 -1
    outer loop
      vertex 179.118 64.0772 0
      vertex 179.883 63.5416 0
      vertex 179.135 64.0143 0
    endloop
  endfacet
  facet normal 0 0 -1
    outer loop
      vertex 179.096 64.1369 0
      vertex 179.883 63.5416 0
      vertex 179.118 64.0772 0
    endloop
  endfacet
  facet normal 0 0 -1
    outer loop
      vertex 179.883 63.5416 0
      vertex 179.096 64.1369 0
      vertex 179.184 64.8999 0
    endloop
  endfacet
  facet normal 0 0 -1
    outer loop
      vertex 179.184 64.8999 0
      vertex 179.096 64.1369 0
      vertex 179.141 64.832 0
    endloop
  endfacet
  facet normal 0 0 -1
    outer loop
      vertex 179.069 64.1935 0
      vertex 179.141 64.832 0
      vertex 179.096 64.1369 0
    endloop
  endfacet
  facet normal 0 0 -1
    outer loop
      vertex 179.141 64.832 0
      vertex 179.069 64.1935 0
      vertex 179.092 64.7691 0
    endloop
  endfacet
  facet normal 0 0 -1
    outer loop
      vertex 179.037 64.2469 0
      vertex 179.092 64.7691 0
      vertex 179.069 64.1935 0
    endloop
  endfacet
  facet normal 0 0 -1
    outer loop
      vertex 179.092 64.7691 0
      vertex 179.037 64.2469 0
      vertex 179.038 64.7122 0
    endloop
  endfacet
  facet normal 0 0 -1
    outer loop
      vertex 179 64.2969 0
      vertex 179.038 64.7122 0
      vertex 179.037 64.2469 0
    endloop
  endfacet
  facet normal 0 0 -1
    outer loop
      vertex 179 64.2969 0
      vertex 178.978 64.6612 0
      vertex 179.038 64.7122 0
    endloop
  endfacet
  facet normal 0 0 -1
    outer loop
      vertex 178.959 64.343 0
      vertex 178.978 64.6612 0
      vertex 179 64.2969 0
    endloop
  endfacet
  facet normal 0 0 -1
    outer loop
      vertex 178.913 64.3853 0
      vertex 178.978 64.6612 0
      vertex 178.959 64.343 0
    endloop
  endfacet
  facet normal 0 0 -1
    outer loop
      vertex 178.978 64.6612 0
      vertex 178.913 64.3853 0
      vertex 178.913 64.6161 0
    endloop
  endfacet
  facet normal 0 0 -1
    outer loop
      vertex 178.863 64.4238 0
      vertex 178.913 64.6161 0
      vertex 178.913 64.3853 0
    endloop
  endfacet
  facet normal 0 0 -1
    outer loop
      vertex 178.863 64.4238 0
      vertex 178.843 64.5769 0
      vertex 178.913 64.6161 0
    endloop
  endfacet
  facet normal 0 0 -1
    outer loop
      vertex 178.808 64.4584 0
      vertex 178.843 64.5769 0
      vertex 178.863 64.4238 0
    endloop
  endfacet
  facet normal 0 0 -1
    outer loop
      vertex 178.808 64.4584 0
      vertex 178.767 64.5436 0
      vertex 178.843 64.5769 0
    endloop
  endfacet
  facet normal 0 0 -1
    outer loop
      vertex 178.749 64.4892 0
      vertex 178.767 64.5436 0
      vertex 178.808 64.4584 0
    endloop
  endfacet
  facet normal 0 0 -1
    outer loop
      vertex 178.767 64.5436 0
      vertex 178.749 64.4892 0
      vertex 178.685 64.5162 0
    endloop
  endfacet
  facet normal 0 0 -1
    outer loop
      vertex 176.386 62.8696 0
      vertex 177.8 61.183 0
      vertex 177.8 60.683 0
    endloop
  endfacet
  facet normal 0 0 -1
    outer loop
      vertex 177.8 61.183 0
      vertex 176.386 62.8696 0
      vertex 177.757 62.8696 0
    endloop
  endfacet
  facet normal -0 0 -1
    outer loop
      vertex 176.386 62.8696 0
      vertex 168.3 60.683 0
      vertex 176.386 66.4133 0
    endloop
  endfacet
  facet normal 0 0 -1
    outer loop
      vertex 168.3 60.683 0
      vertex 176.386 62.8696 0
      vertex 177.8 60.683 0
    endloop
  endfacet
  facet normal 0 0 -1
    outer loop
      vertex 179.273 65.1293 0
      vertex 181.589 63.5416 0
      vertex 179.883 63.5416 0
    endloop
  endfacet
  facet normal 0 0 -1
    outer loop
      vertex 191.085 8.01292 0
      vertex 190.152 10.1967 0
      vertex 191.085 10.975 0
    endloop
  endfacet
  facet normal 0 0 -1
    outer loop
      vertex 195.228 6.92509 0
      vertex 198.166 8.908 0
      vertex 196.815 6.92509 0
    endloop
  endfacet
  facet normal 0 0 -1
    outer loop
      vertex 204.015 27.8906 0
      vertex 182.4 60.683 0
      vertex 182.553 62.8696 0
    endloop
  endfacet
  facet normal 0 0 -1
    outer loop
      vertex 181 61.183 0
      vertex 182.4 60.683 0
      vertex 181 60.683 0
    endloop
  endfacet
  facet normal 0 0 -1
    outer loop
      vertex 182.4 60.683 0
      vertex 181 61.183 0
      vertex 182.553 62.8696 0
    endloop
  endfacet
  facet normal 0 0 -1
    outer loop
      vertex 181 61.183 0
      vertex 179.883 62.8696 0
      vertex 182.553 62.8696 0
    endloop
  endfacet
  facet normal 0 0 -1
    outer loop
      vertex 179.097 63.4351 0
      vertex 179.883 63.5416 0
      vertex 179.883 62.8696 0
    endloop
  endfacet
  facet normal 0 0 -1
    outer loop
      vertex 181.589 63.5416 0
      vertex 179.299 65.3036 0
      vertex 179.302 65.3971 0
    endloop
  endfacet
  facet normal 0 0 -1
    outer loop
      vertex 181.589 63.5416 0
      vertex 179.289 65.2143 0
      vertex 179.299 65.3036 0
    endloop
  endfacet
  facet normal 0 0 -1
    outer loop
      vertex 181.589 63.5416 0
      vertex 179.273 65.1293 0
      vertex 179.289 65.2143 0
    endloop
  endfacet
  facet normal 0 0 -1
    outer loop
      vertex 179.883 63.5416 0
      vertex 179.25 65.0486 0
      vertex 179.273 65.1293 0
    endloop
  endfacet
  facet normal 0 0 -1
    outer loop
      vertex 179.883 63.5416 0
      vertex 179.22 64.9721 0
      vertex 179.25 65.0486 0
    endloop
  endfacet
  facet normal 0 0 -1
    outer loop
      vertex 179.155 63.8791 0
      vertex 179.883 63.5416 0
      vertex 179.158 63.8068 0
    endloop
  endfacet
  facet normal 0 0 -1
    outer loop
      vertex 179.883 63.5416 0
      vertex 179.184 64.8999 0
      vertex 179.22 64.9721 0
    endloop
  endfacet
  facet normal 0 0 -1
    outer loop
      vertex 177.8 61.183 0
      vertex 179.883 62.8696 0
      vertex 181 61.183 0
    endloop
  endfacet
  facet normal 0 0 -1
    outer loop
      vertex 179.883 63.5416 0
      vertex 179.151 63.672 0
      vertex 179.158 63.8068 0
    endloop
  endfacet
  facet normal 0 0 -1
    outer loop
      vertex 179.883 63.5416 0
      vertex 179.131 63.548 0
      vertex 179.151 63.672 0
    endloop
  endfacet
  facet normal -0 0 -1
    outer loop
      vertex 179.883 63.5416 0
      vertex 179.097 63.4351 0
      vertex 179.131 63.548 0
    endloop
  endfacet
  facet normal 0 0 -1
    outer loop
      vertex 179.883 62.8696 0
      vertex 179.05 63.3331 0
      vertex 179.097 63.4351 0
    endloop
  endfacet
  facet normal 0 0 -1
    outer loop
      vertex 179.883 62.8696 0
      vertex 178.989 63.242 0
      vertex 179.05 63.3331 0
    endloop
  endfacet
  facet normal 0 0 -1
    outer loop
      vertex 179.883 62.8696 0
      vertex 178.914 63.1618 0
      vertex 178.989 63.242 0
    endloop
  endfacet
  facet normal 0 0 -1
    outer loop
      vertex 179.883 62.8696 0
      vertex 178.827 63.0927 0
      vertex 178.914 63.1618 0
    endloop
  endfacet
  facet normal 0 0 -1
    outer loop
      vertex 179.883 62.8696 0
      vertex 178.724 63.0335 0
      vertex 178.827 63.0927 0
    endloop
  endfacet
  facet normal 0 -0 -1
    outer loop
      vertex 178.604 62.9834 0
      vertex 179.883 62.8696 0
      vertex 177.8 61.183 0
    endloop
  endfacet
  facet normal 0 0 -1
    outer loop
      vertex 179.883 62.8696 0
      vertex 178.604 62.9834 0
      vertex 178.724 63.0335 0
    endloop
  endfacet
  facet normal 0 0 -1
    outer loop
      vertex 178.604 62.9834 0
      vertex 177.8 61.183 0
      vertex 178.468 62.9425 0
    endloop
  endfacet
  facet normal 0 0 -1
    outer loop
      vertex 178.468 62.9425 0
      vertex 177.8 61.183 0
      vertex 178.315 62.9106 0
    endloop
  endfacet
  facet normal 0 0 -1
    outer loop
      vertex 178.315 62.9106 0
      vertex 177.8 61.183 0
      vertex 178.146 62.8878 0
    endloop
  endfacet
  facet normal 0 0 -1
    outer loop
      vertex 178.146 62.8878 0
      vertex 177.8 61.183 0
      vertex 177.96 62.8742 0
    endloop
  endfacet
  facet normal 0 0 -1
    outer loop
      vertex 177.96 62.8742 0
      vertex 177.8 61.183 0
      vertex 177.757 62.8696 0
    endloop
  endfacet
  facet normal -0 0 -1
    outer loop
      vertex 182.4 54.683 0
      vertex 181 54.183 0
      vertex 181 54.683 0
    endloop
  endfacet
  facet normal 0 0 -1
    outer loop
      vertex 198.857 130.406 0
      vertex 200 131.677 0
      vertex 200 130.277 0
    endloop
  endfacet
  facet normal 0 0 -1
    outer loop
      vertex 200 131.677 0
      vertex 199.848 135.798 0
      vertex 199.851 135.891 0
    endloop
  endfacet
  facet normal 0 0 -1
    outer loop
      vertex 200 131.677 0
      vertex 199.838 135.708 0
      vertex 199.848 135.798 0
    endloop
  endfacet
  facet normal 0 0 -1
    outer loop
      vertex 200 131.677 0
      vertex 199.706 134.301 0
      vertex 199.838 135.708 0
    endloop
  endfacet
  facet normal 0 0 -1
    outer loop
      vertex 199.838 135.708 0
      vertex 199.706 134.301 0
      vertex 199.821 135.623 0
    endloop
  endfacet
  facet normal 0 0 -1
    outer loop
      vertex 199.704 134.373 0
      vertex 199.821 135.623 0
      vertex 199.706 134.301 0
    endloop
  endfacet
  facet normal 0 0 -1
    outer loop
      vertex 199.821 135.623 0
      vertex 199.704 134.373 0
      vertex 199.798 135.543 0
    endloop
  endfacet
  facet normal 0 0 -1
    outer loop
      vertex 199.696 134.442 0
      vertex 199.798 135.543 0
      vertex 199.704 134.373 0
    endloop
  endfacet
  facet normal 0 0 -1
    outer loop
      vertex 200 131.677 0
      vertex 199.699 134.166 0
      vertex 199.706 134.301 0
    endloop
  endfacet
  facet normal 0 0 -1
    outer loop
      vertex 200 131.677 0
      vertex 199.679 134.042 0
      vertex 199.699 134.166 0
    endloop
  endfacet
  facet normal 0 0 -1
    outer loop
      vertex 200 131.677 0
      vertex 199.645 133.929 0
      vertex 199.679 134.042 0
    endloop
  endfacet
  facet normal 0 0 -1
    outer loop
      vertex 200 131.677 0
      vertex 199.598 133.827 0
      vertex 199.645 133.929 0
    endloop
  endfacet
  facet normal 0 0 -1
    outer loop
      vertex 200 131.677 0
      vertex 199.537 133.736 0
      vertex 199.598 133.827 0
    endloop
  endfacet
  facet normal 0 0 -1
    outer loop
      vertex 200 131.677 0
      vertex 199.463 133.656 0
      vertex 199.537 133.736 0
    endloop
  endfacet
  facet normal 0 0 -1
    outer loop
      vertex 200 131.677 0
      vertex 199.375 133.587 0
      vertex 199.463 133.656 0
    endloop
  endfacet
  facet normal 0 0 -1
    outer loop
      vertex 200 131.677 0
      vertex 199.272 133.527 0
      vertex 199.375 133.587 0
    endloop
  endfacet
  facet normal 0 0 -1
    outer loop
      vertex 200 131.677 0
      vertex 199.153 133.477 0
      vertex 199.272 133.527 0
    endloop
  endfacet
  facet normal 0 0 -1
    outer loop
      vertex 198.857 133.404 0
      vertex 200 131.677 0
      vertex 198.857 130.406 0
    endloop
  endfacet
  facet normal 0 0 -1
    outer loop
      vertex 200 131.677 0
      vertex 199.016 133.436 0
      vertex 199.153 133.477 0
    endloop
  endfacet
  facet normal 0 0 -1
    outer loop
      vertex 200 131.677 0
      vertex 198.864 133.405 0
      vertex 199.016 133.436 0
    endloop
  endfacet
  facet normal 0 0 -1
    outer loop
      vertex 200 130.277 0
      vertex 197.552 130.406 0
      vertex 198.857 130.406 0
    endloop
  endfacet
  facet normal 0 0 -1
    outer loop
      vertex 197.552 130.406 0
      vertex 197.006 130.406 0
      vertex 197.552 133.364 0
    endloop
  endfacet
  facet normal 0 0 -1
    outer loop
      vertex 200 130.277 0
      vertex 197.006 130.406 0
      vertex 197.552 130.406 0
    endloop
  endfacet
  facet normal 0 0 -1
    outer loop
      vertex 200 130.277 0
      vertex 195.694 130.406 0
      vertex 197.006 130.406 0
    endloop
  endfacet
  facet normal 0 0 -1
    outer loop
      vertex 195.694 130.406 0
      vertex 193.012 130.406 0
      vertex 194.355 134.143 0
    endloop
  endfacet
  facet normal 0 0 -1
    outer loop
      vertex 200 130.277 0
      vertex 193.012 130.406 0
      vertex 195.694 130.406 0
    endloop
  endfacet
  facet normal 0 0 -1
    outer loop
      vertex 200 130.277 0
      vertex 191.7 130.406 0
      vertex 193.012 130.406 0
    endloop
  endfacet
  facet normal 0 0 -1
    outer loop
      vertex 200 130.277 0
      vertex 191.086 130.406 0
      vertex 191.7 130.406 0
    endloop
  endfacet
  facet normal 0 0 -1
    outer loop
      vertex 200 130.277 0
      vertex 189.78 130.406 0
      vertex 191.086 130.406 0
    endloop
  endfacet
  facet normal 0 0 -1
    outer loop
      vertex 189.78 130.406 0
      vertex 188.915 132.932 0
      vertex 189.78 135.469 0
    endloop
  endfacet
  facet normal 0 0 -1
    outer loop
      vertex 189.78 130.406 0
      vertex 188.911 132.773 0
      vertex 188.915 132.932 0
    endloop
  endfacet
  facet normal 0 0 -1
    outer loop
      vertex 189.78 130.406 0
      vertex 188.901 132.619 0
      vertex 188.911 132.773 0
    endloop
  endfacet
  facet normal 0 0 -1
    outer loop
      vertex 189.78 130.406 0
      vertex 188.883 132.469 0
      vertex 188.901 132.619 0
    endloop
  endfacet
  facet normal 0 0 -1
    outer loop
      vertex 189.78 130.406 0
      vertex 188.858 132.324 0
      vertex 188.883 132.469 0
    endloop
  endfacet
  facet normal 0 0 -1
    outer loop
      vertex 189.78 130.406 0
      vertex 188.826 132.184 0
      vertex 188.858 132.324 0
    endloop
  endfacet
  facet normal 0 0 -1
    outer loop
      vertex 189.78 130.406 0
      vertex 188.788 132.049 0
      vertex 188.826 132.184 0
    endloop
  endfacet
  facet normal 0 0 -1
    outer loop
      vertex 189.78 130.406 0
      vertex 188.742 131.919 0
      vertex 188.788 132.049 0
    endloop
  endfacet
  facet normal 0 0 -1
    outer loop
      vertex 189.78 130.406 0
      vertex 188.689 131.793 0
      vertex 188.742 131.919 0
    endloop
  endfacet
  facet normal 0 0 -1
    outer loop
      vertex 189.78 130.406 0
      vertex 188.628 131.671 0
      vertex 188.689 131.793 0
    endloop
  endfacet
  facet normal 0 0 -1
    outer loop
      vertex 189.78 130.406 0
      vertex 188.56 131.554 0
      vertex 188.628 131.671 0
    endloop
  endfacet
  facet normal 0 0 -1
    outer loop
      vertex 189.78 130.406 0
      vertex 188.484 131.441 0
      vertex 188.56 131.554 0
    endloop
  endfacet
  facet normal 0 0 -1
    outer loop
      vertex 189.78 130.406 0
      vertex 188.401 131.333 0
      vertex 188.484 131.441 0
    endloop
  endfacet
  facet normal 0 0 -1
    outer loop
      vertex 189.78 130.406 0
      vertex 188.311 131.229 0
      vertex 188.401 131.333 0
    endloop
  endfacet
  facet normal 0 0 -1
    outer loop
      vertex 189.78 130.406 0
      vertex 188.213 131.129 0
      vertex 188.311 131.229 0
    endloop
  endfacet
  facet normal 0 0 -1
    outer loop
      vertex 189.78 130.406 0
      vertex 188.094 131.021 0
      vertex 188.213 131.129 0
    endloop
  endfacet
  facet normal 0 0 -1
    outer loop
      vertex 189.78 130.406 0
      vertex 187.969 130.923 0
      vertex 188.094 131.021 0
    endloop
  endfacet
  facet normal 0 0 -1
    outer loop
      vertex 189.78 130.406 0
      vertex 187.837 130.833 0
      vertex 187.969 130.923 0
    endloop
  endfacet
  facet normal 0 0 -1
    outer loop
      vertex 189.78 130.406 0
      vertex 187.699 130.754 0
      vertex 187.837 130.833 0
    endloop
  endfacet
  facet normal 0 0 -1
    outer loop
      vertex 189.78 130.406 0
      vertex 187.554 130.683 0
      vertex 187.699 130.754 0
    endloop
  endfacet
  facet normal 0 0 -1
    outer loop
      vertex 189.78 130.406 0
      vertex 187.403 130.622 0
      vertex 187.554 130.683 0
    endloop
  endfacet
  facet normal 0 0 -1
    outer loop
      vertex 189.78 130.406 0
      vertex 187.245 130.571 0
      vertex 187.403 130.622 0
    endloop
  endfacet
  facet normal 0 0 -1
    outer loop
      vertex 189.78 130.406 0
      vertex 187.072 130.527 0
      vertex 187.245 130.571 0
    endloop
  endfacet
  facet normal 0 0 -1
    outer loop
      vertex 189.78 130.406 0
      vertex 186.874 130.49 0
      vertex 187.072 130.527 0
    endloop
  endfacet
  facet normal 0 0 -1
    outer loop
      vertex 189.78 130.406 0
      vertex 186.653 130.46 0
      vertex 186.874 130.49 0
    endloop
  endfacet
  facet normal 0 0 -1
    outer loop
      vertex 189.78 130.406 0
      vertex 186.408 130.437 0
      vertex 186.653 130.46 0
    endloop
  endfacet
  facet normal 0 0 -1
    outer loop
      vertex 185.845 130.41 0
      vertex 189.78 130.406 0
      vertex 200 130.277 0
    endloop
  endfacet
  facet normal 0 0 -1
    outer loop
      vertex 189.78 130.406 0
      vertex 186.138 130.42 0
      vertex 186.408 130.437 0
    endloop
  endfacet
  facet normal 0 0 -1
    outer loop
      vertex 189.78 130.406 0
      vertex 185.845 130.41 0
      vertex 186.138 130.42 0
    endloop
  endfacet
  facet normal 0 0 -1
    outer loop
      vertex 200 130.277 0
      vertex 185.528 130.406 0
      vertex 185.845 130.41 0
    endloop
  endfacet
  facet normal 0 0 -1
    outer loop
      vertex 200 130.277 0
      vertex 184.151 130.406 0
      vertex 185.528 130.406 0
    endloop
  endfacet
  facet normal 0 0 -1
    outer loop
      vertex 184.151 130.406 0
      vertex 180.843 132.976 0
      vertex 184.151 135.469 0
    endloop
  endfacet
  facet normal 0 0 -1
    outer loop
      vertex 177.738 131.322 0
      vertex 180.843 132.976 0
      vertex 184.151 130.406 0
    endloop
  endfacet
  facet normal 0 0 -1
    outer loop
      vertex 177.738 132.169 0
      vertex 178.714 132.976 0
      vertex 177.738 131.322 0
    endloop
  endfacet
  facet normal -0 0 -1
    outer loop
      vertex 180.843 132.976 0
      vertex 177.738 131.322 0
      vertex 178.714 132.976 0
    endloop
  endfacet
  facet normal -0 0 -1
    outer loop
      vertex 173.391 132.891 0
      vertex 168.3 130.277 0
      vertex 173.391 133.691 0
    endloop
  endfacet
  facet normal -0 0 -1
    outer loop
      vertex 177.738 131.322 0
      vertex 168.3 130.277 0
      vertex 173.391 132.891 0
    endloop
  endfacet
  facet normal -0 0 -1
    outer loop
      vertex 184.151 130.406 0
      vertex 168.3 130.277 0
      vertex 177.738 131.322 0
    endloop
  endfacet
  facet normal 0 0 -1
    outer loop
      vertex 168.3 130.277 0
      vertex 184.151 130.406 0
      vertex 200 130.277 0
    endloop
  endfacet
  facet normal 0 0 -1
    outer loop
      vertex 200.075 131.677 0
      vertex 200 131.677 0
      vertex 200.075 135.469 0
    endloop
  endfacet
  facet normal 0 0 -1
    outer loop
      vertex 201.452 135.469 0
      vertex 201.483 136.276 0
      vertex 201.483 135.468 0
    endloop
  endfacet
  facet normal 0 0 -1
    outer loop
      vertex 201.452 135.469 0
      vertex 200.676 136.276 0
      vertex 201.483 136.276 0
    endloop
  endfacet
  facet normal 0 0 -1
    outer loop
      vertex 199.851 135.891 0
      vertex 200.676 136.276 0
      vertex 200.075 135.469 0
    endloop
  endfacet
  facet normal 0 0 -1
    outer loop
      vertex 200.075 135.469 0
      vertex 200.676 136.276 0
      vertex 201.452 135.469 0
    endloop
  endfacet
  facet normal 0 0 -1
    outer loop
      vertex 204.613 134.081 0
      vertex 205.441 134.036 0
      vertex 204.632 134.036 0
    endloop
  endfacet
  facet normal 0 0 -1
    outer loop
      vertex 204.552 134.203 0
      vertex 205.441 134.036 0
      vertex 204.613 134.081 0
    endloop
  endfacet
  facet normal 0 0 -1
    outer loop
      vertex 204.484 134.32 0
      vertex 205.441 134.036 0
      vertex 204.552 134.203 0
    endloop
  endfacet
  facet normal 0 0 -1
    outer loop
      vertex 204.409 134.433 0
      vertex 205.441 134.036 0
      vertex 204.484 134.32 0
    endloop
  endfacet
  facet normal 0 0 -1
    outer loop
      vertex 204.326 134.542 0
      vertex 205.441 134.036 0
      vertex 204.409 134.433 0
    endloop
  endfacet
  facet normal 0 0 -1
    outer loop
      vertex 204.235 134.646 0
      vertex 205.441 134.036 0
      vertex 204.326 134.542 0
    endloop
  endfacet
  facet normal 0 0 -1
    outer loop
      vertex 204.133 136.907 0
      vertex 204.235 134.646 0
      vertex 204.137 134.746 0
    endloop
  endfacet
  facet normal 0 0 -1
    outer loop
      vertex 204.235 134.646 0
      vertex 204.133 136.907 0
      vertex 205.441 134.036 0
    endloop
  endfacet
  facet normal 0 -0 -1
    outer loop
      vertex 204.133 136.907 0
      vertex 204.137 134.746 0
      vertex 204.018 134.854 0
    endloop
  endfacet
  facet normal 0 0 -1
    outer loop
      vertex 205.705 135.413 0
      vertex 205.023 136.907 0
      vertex 205.705 135.469 0
    endloop
  endfacet
  facet normal 0 0 -1
    outer loop
      vertex 207.01 131.392 0
      vertex 209.095 132.336 0
      vertex 209.227 131.392 0
    endloop
  endfacet
  facet normal -0 0 -1
    outer loop
      vertex 209.095 132.336 0
      vertex 207.01 131.392 0
      vertex 207.01 132.336 0
    endloop
  endfacet
  facet normal 0 0 -1
    outer loop
      vertex 213.653 130.653 0
      vertex 182.553 63.3847 0
      vertex 213.487 130.578 0
    endloop
  endfacet
  facet normal 0 0 -1
    outer loop
      vertex 204.6 16.231 0
      vertex 209.041 11.048 0
      vertex 208.797 11.0544 0
    endloop
  endfacet
  facet normal 0 0 -1
    outer loop
      vertex 204.6 16.231 0
      vertex 208.797 11.0544 0
      vertex 208.707 11.0533 0
    endloop
  endfacet
  facet normal 0 0 -1
    outer loop
      vertex 204.6 16.231 0
      vertex 208.707 11.0533 0
      vertex 208.618 11.0502 0
    endloop
  endfacet
  facet normal 0 0 -1
    outer loop
      vertex 204.6 16.231 0
      vertex 208.618 11.0502 0
      vertex 208.529 11.0451 0
    endloop
  endfacet
  facet normal 0 0 -1
    outer loop
      vertex 204.6 16.231 0
      vertex 208.529 11.0451 0
      vertex 208.44 11.0378 0
    endloop
  endfacet
  facet normal 0 0 -1
    outer loop
      vertex 204.6 16.231 0
      vertex 208.44 11.0378 0
      vertex 208.35 11.0285 0
    endloop
  endfacet
  facet normal 0 0 -1
    outer loop
      vertex 204.6 16.231 0
      vertex 208.35 11.0285 0
      vertex 208.261 11.0172 0
    endloop
  endfacet
  facet normal 0 0 -1
    outer loop
      vertex 204.6 16.231 0
      vertex 208.261 11.0172 0
      vertex 208.171 11.0038 0
    endloop
  endfacet
  facet normal 0 0 -1
    outer loop
      vertex 204.6 16.231 0
      vertex 208.171 11.0038 0
      vertex 208.082 10.9883 0
    endloop
  endfacet
  facet normal 0 0 -1
    outer loop
      vertex 204.6 16.231 0
      vertex 208.082 10.9883 0
      vertex 207.993 10.9708 0
    endloop
  endfacet
  facet normal 0 0 -1
    outer loop
      vertex 204.6 16.231 0
      vertex 207.993 10.9708 0
      vertex 207.904 10.9512 0
    endloop
  endfacet
  facet normal 0 0 -1
    outer loop
      vertex 204.6 16.231 0
      vertex 207.904 10.9512 0
      vertex 207.815 10.9295 0
    endloop
  endfacet
  facet normal 0 0 -1
    outer loop
      vertex 206.185 10.9302 0
      vertex 207.815 10.9295 0
      vertex 207.727 10.9058 0
    endloop
  endfacet
  facet normal 0 0 -1
    outer loop
      vertex 206.304 10.8972 0
      vertex 207.727 10.9058 0
      vertex 207.639 10.88 0
    endloop
  endfacet
  facet normal 0 0 -1
    outer loop
      vertex 206.421 10.8604 0
      vertex 207.639 10.88 0
      vertex 207.551 10.8521 0
    endloop
  endfacet
  facet normal 0 0 -1
    outer loop
      vertex 207.551 10.0457 0
      vertex 206.877 10.6741 0
      vertex 207.551 10.8521 0
    endloop
  endfacet
  facet normal 0 0 -1
    outer loop
      vertex 206.765 10.7265 0
      vertex 207.551 10.8521 0
      vertex 206.877 10.6741 0
    endloop
  endfacet
  facet normal 0 0 -1
    outer loop
      vertex 206.651 10.775 0
      vertex 207.551 10.8521 0
      vertex 206.765 10.7265 0
    endloop
  endfacet
  facet normal 0 0 -1
    outer loop
      vertex 206.537 10.8196 0
      vertex 207.551 10.8521 0
      vertex 206.651 10.775 0
    endloop
  endfacet
  facet normal 0 0 -1
    outer loop
      vertex 206.421 10.8604 0
      vertex 207.551 10.8521 0
      vertex 206.537 10.8196 0
    endloop
  endfacet
  facet normal -0 0 -1
    outer loop
      vertex 207.639 10.88 0
      vertex 206.421 10.8604 0
      vertex 206.304 10.8972 0
    endloop
  endfacet
  facet normal -0 0 -1
    outer loop
      vertex 207.727 10.9058 0
      vertex 206.304 10.8972 0
      vertex 206.185 10.9302 0
    endloop
  endfacet
  facet normal 0 0 -1
    outer loop
      vertex 207.815 10.9295 0
      vertex 206.185 10.9302 0
      vertex 204.6 16.231 0
    endloop
  endfacet
  facet normal 0 0 -1
    outer loop
      vertex 204.6 16.231 0
      vertex 206.185 10.9302 0
      vertex 206.066 10.9593 0
    endloop
  endfacet
  facet normal 0 0 -1
    outer loop
      vertex 204.6 16.231 0
      vertex 206.066 10.9593 0
      vertex 205.945 10.9845 0
    endloop
  endfacet
  facet normal 0 0 -1
    outer loop
      vertex 204.6 16.231 0
      vertex 205.945 10.9845 0
      vertex 205.823 11.0059 0
    endloop
  endfacet
  facet normal 0 0 -1
    outer loop
      vertex 209.041 11.048 0
      vertex 204.8 26.7716 0
      vertex 204.792 26.9307 0
    endloop
  endfacet
  facet normal 0 0 -1
    outer loop
      vertex 204.6 16.231 0
      vertex 205.823 11.0059 0
      vertex 205.7 11.0233 0
    endloop
  endfacet
  facet normal 0 0 -1
    outer loop
      vertex 209.041 11.048 0
      vertex 204.792 26.9307 0
      vertex 204.768 27.0796 0
    endloop
  endfacet
  facet normal 0 0 -1
    outer loop
      vertex 204.6 16.231 0
      vertex 205.7 11.0233 0
      vertex 205.576 11.0369 0
    endloop
  endfacet
  facet normal 0 0 -1
    outer loop
      vertex 204.6 16.231 0
      vertex 205.576 11.0369 0
      vertex 205.451 11.0466 0
    endloop
  endfacet
  facet normal 0 0 -1
    outer loop
      vertex 204.6 16.231 0
      vertex 205.451 11.0466 0
      vertex 205.325 11.0524 0
    endloop
  endfacet
  facet normal 0 0 -1
    outer loop
      vertex 204.6 16.231 0
      vertex 205.325 11.0524 0
      vertex 205.198 11.0544 0
    endloop
  endfacet
  facet normal 0 0 -1
    outer loop
      vertex 204.6 16.231 0
      vertex 205.198 11.0544 0
      vertex 204.917 11.0428 0
    endloop
  endfacet
  facet normal 0 -0 -1
    outer loop
      vertex 203.2 124.677 0
      vertex 213.487 130.578 0
      vertex 182.553 63.3847 0
    endloop
  endfacet
  facet normal 0 0 -1
    outer loop
      vertex 204.836 133.094 0
      vertex 205.705 133.364 0
      vertex 204.839 132.932 0
    endloop
  endfacet
  facet normal 0 0 -1
    outer loop
      vertex 204.825 133.25 0
      vertex 205.705 133.364 0
      vertex 204.836 133.094 0
    endloop
  endfacet
  facet normal -0 0 -1
    outer loop
      vertex 205.705 133.364 0
      vertex 204.825 133.25 0
      vertex 204.812 133.364 0
    endloop
  endfacet
  facet normal 0 0 -1
    outer loop
      vertex 182.553 63.3847 0
      vertex 213.653 130.653 0
      vertex 204.408 27.6715 0
    endloop
  endfacet
  facet normal 0 0 -1
    outer loop
      vertex 209.227 131.392 0
      vertex 210.337 130.406 0
      vertex 209.227 130.406 0
    endloop
  endfacet
  facet normal 0 0 -1
    outer loop
      vertex 209.095 132.336 0
      vertex 210.337 130.406 0
      vertex 209.227 131.392 0
    endloop
  endfacet
  facet normal 0 0 -1
    outer loop
      vertex 209.095 133.322 0
      vertex 210.337 130.406 0
      vertex 209.095 132.336 0
    endloop
  endfacet
  facet normal 0 0 -1
    outer loop
      vertex 210.337 130.406 0
      vertex 209.095 133.322 0
      vertex 209.302 134.483 0
    endloop
  endfacet
  facet normal 0 0 -1
    outer loop
      vertex 207.01 134.483 0
      vertex 209.095 133.322 0
      vertex 207.01 133.322 0
    endloop
  endfacet
  facet normal 0 0 -1
    outer loop
      vertex 209.095 133.322 0
      vertex 207.01 134.483 0
      vertex 209.302 134.483 0
    endloop
  endfacet
  facet normal 0 0 -1
    outer loop
      vertex 207.725 7.79037 0
      vertex 206.728 7.99005 0
      vertex 206.877 8.72733 0
    endloop
  endfacet
  facet normal 0 0 -1
    outer loop
      vertex 206.631 7.93715 0
      vertex 206.877 8.72733 0
      vertex 206.728 7.99005 0
    endloop
  endfacet
  facet normal 0 0 -1
    outer loop
      vertex 206.534 7.88824 0
      vertex 206.877 8.72733 0
      vertex 206.631 7.93715 0
    endloop
  endfacet
  facet normal 0 0 -1
    outer loop
      vertex 206.438 7.84329 0
      vertex 206.877 8.72733 0
      vertex 206.534 7.88824 0
    endloop
  endfacet
  facet normal 0 0 -1
    outer loop
      vertex 206.341 7.80234 0
      vertex 206.877 8.72733 0
      vertex 206.438 7.84329 0
    endloop
  endfacet
  facet normal 0 0 -1
    outer loop
      vertex 205.249 8.72733 0
      vertex 206.341 7.80234 0
      vertex 206.245 7.76534 0
    endloop
  endfacet
  facet normal 0 0 -1
    outer loop
      vertex 205.249 8.72733 0
      vertex 206.245 7.76534 0
      vertex 206.149 7.73233 0
    endloop
  endfacet
  facet normal 0 0 -1
    outer loop
      vertex 205.249 8.72733 0
      vertex 206.149 7.73233 0
      vertex 206.054 7.70329 0
    endloop
  endfacet
  facet normal 0 0 -1
    outer loop
      vertex 205.249 8.72733 0
      vertex 206.054 7.70329 0
      vertex 205.958 7.67816 0
    endloop
  endfacet
  facet normal 0 0 -1
    outer loop
      vertex 205.249 8.72733 0
      vertex 205.958 7.67816 0
      vertex 205.862 7.65691 0
    endloop
  endfacet
  facet normal 0 0 -1
    outer loop
      vertex 205.249 8.72733 0
      vertex 205.862 7.65691 0
      vertex 205.766 7.63953 0
    endloop
  endfacet
  facet normal 0 0 -1
    outer loop
      vertex 205.249 8.72733 0
      vertex 205.766 7.63953 0
      vertex 205.67 7.62599 0
    endloop
  endfacet
  facet normal 0 0 -1
    outer loop
      vertex 205.249 8.72733 0
      vertex 205.67 7.62599 0
      vertex 205.574 7.61633 0
    endloop
  endfacet
  facet normal 0 0 -1
    outer loop
      vertex 205.249 8.72733 0
      vertex 205.574 7.61633 0
      vertex 205.478 7.61053 0
    endloop
  endfacet
  facet normal 0 0 -1
    outer loop
      vertex 205.249 8.72733 0
      vertex 205.478 7.61053 0
      vertex 205.382 7.60861 0
    endloop
  endfacet
  facet normal 0 0 -1
    outer loop
      vertex 206.341 7.80234 0
      vertex 205.249 8.72733 0
      vertex 206.877 8.72733 0
    endloop
  endfacet
  facet normal 0 0 -1
    outer loop
      vertex 205.049 7.63705 0
      vertex 205.249 8.72733 0
      vertex 205.21 7.61572 0
    endloop
  endfacet
  facet normal 0 0 -1
    outer loop
      vertex 205.21 7.61572 0
      vertex 205.249 8.72733 0
      vertex 205.382 7.60861 0
    endloop
  endfacet
  facet normal 0 0 -1
    outer loop
      vertex 203.2 22.731 0
      vertex 204.6 22.231 0
      vertex 203.2 22.231 0
    endloop
  endfacet
  facet normal 0 0 -1
    outer loop
      vertex 204.6 22.231 0
      vertex 203.2 22.731 0
      vertex 204.544 24.3837 0
    endloop
  endfacet
  facet normal 0 0 -1
    outer loop
      vertex 203.2 22.731 0
      vertex 202.273 24.3837 0
      vertex 204.544 24.3837 0
    endloop
  endfacet
  facet normal 0 0 -1
    outer loop
      vertex 201.358 25.3209 0
      vertex 202.273 26.3773 0
      vertex 202.273 24.3837 0
    endloop
  endfacet
  facet normal 0 0 -1
    outer loop
      vertex 202.273 26.3773 0
      vertex 202.133 27.0426 0
      vertex 202.215 27.0883 0
    endloop
  endfacet
  facet normal 0 0 -1
    outer loop
      vertex 201.495 27.0524 0
      vertex 202.133 27.0426 0
      vertex 201.502 26.9112 0
    endloop
  endfacet
  facet normal 0 0 -1
    outer loop
      vertex 201.335 25.5284 0
      vertex 202.273 26.3773 0
      vertex 201.348 25.4624 0
    endloop
  endfacet
  facet normal 0 0 -1
    outer loop
      vertex 202.133 27.0426 0
      vertex 201.499 26.8176 0
      vertex 201.502 26.9112 0
    endloop
  endfacet
  facet normal 0 0 -1
    outer loop
      vertex 202.133 27.0426 0
      vertex 201.489 26.7284 0
      vertex 201.499 26.8176 0
    endloop
  endfacet
  facet normal 0 0 -1
    outer loop
      vertex 202.273 26.3773 0
      vertex 201.489 26.7284 0
      vertex 202.133 27.0426 0
    endloop
  endfacet
  facet normal 0 -0 -1
    outer loop
      vertex 201.489 26.7284 0
      vertex 202.273 26.3773 0
      vertex 201.473 26.6434 0
    endloop
  endfacet
  facet normal 0 -0 -1
    outer loop
      vertex 201.473 26.6434 0
      vertex 202.273 26.3773 0
      vertex 201.45 26.5627 0
    endloop
  endfacet
  facet normal 0 0 -1
    outer loop
      vertex 201.296 25.651 0
      vertex 202.273 26.3773 0
      vertex 201.318 25.5913 0
    endloop
  endfacet
  facet normal 0 0 -1
    outer loop
      vertex 202.273 26.3773 0
      vertex 201.358 25.3209 0
      vertex 201.355 25.3932 0
    endloop
  endfacet
  facet normal 0 0 -1
    outer loop
      vertex 200 22.731 0
      vertex 202.273 24.3837 0
      vertex 203.2 22.731 0
    endloop
  endfacet
  facet normal 0 0 -1
    outer loop
      vertex 202.273 24.3837 0
      vertex 201.351 25.186 0
      vertex 201.358 25.3209 0
    endloop
  endfacet
  facet normal 0 0 -1
    outer loop
      vertex 202.273 24.3837 0
      vertex 201.331 25.0621 0
      vertex 201.351 25.186 0
    endloop
  endfacet
  facet normal 0 0 -1
    outer loop
      vertex 202.273 24.3837 0
      vertex 201.297 24.9492 0
      vertex 201.331 25.0621 0
    endloop
  endfacet
  facet normal 0 0 -1
    outer loop
      vertex 202.273 24.3837 0
      vertex 201.25 24.8471 0
      vertex 201.297 24.9492 0
    endloop
  endfacet
  facet normal 0 0 -1
    outer loop
      vertex 202.273 24.3837 0
      vertex 201.189 24.7561 0
      vertex 201.25 24.8471 0
    endloop
  endfacet
  facet normal 0 0 -1
    outer loop
      vertex 202.273 24.3837 0
      vertex 201.114 24.6759 0
      vertex 201.189 24.7561 0
    endloop
  endfacet
  facet normal 0 0 -1
    outer loop
      vertex 202.273 24.3837 0
      vertex 201.027 24.6067 0
      vertex 201.114 24.6759 0
    endloop
  endfacet
  facet normal 0 0 -1
    outer loop
      vertex 202.273 24.3837 0
      vertex 200.924 24.5476 0
      vertex 201.027 24.6067 0
    endloop
  endfacet
  facet normal -0 0 -1
    outer loop
      vertex 202.273 24.3837 0
      vertex 200 22.731 0
      vertex 200.924 24.5476 0
    endloop
  endfacet
  facet normal 0 0 -1
    outer loop
      vertex 200.924 24.5476 0
      vertex 200 22.731 0
      vertex 200.804 24.4975 0
    endloop
  endfacet
  facet normal 0 0 -1
    outer loop
      vertex 200.804 24.4975 0
      vertex 200 22.731 0
      vertex 200.668 24.4565 0
    endloop
  endfacet
  facet normal 0 0 -1
    outer loop
      vertex 200.668 24.4565 0
      vertex 200 22.731 0
      vertex 200.515 24.4247 0
    endloop
  endfacet
  facet normal 0 0 -1
    outer loop
      vertex 200.515 24.4247 0
      vertex 200 22.731 0
      vertex 200.346 24.4019 0
    endloop
  endfacet
  facet normal 0 0 -1
    outer loop
      vertex 200.346 24.4019 0
      vertex 200 22.731 0
      vertex 200.16 24.3883 0
    endloop
  endfacet
  facet normal 0 0 -1
    outer loop
      vertex 200.16 24.3883 0
      vertex 200 22.731 0
      vertex 199.957 24.3837 0
    endloop
  endfacet
  facet normal 0 0 -1
    outer loop
      vertex 213.487 130.578 0
      vertex 203.2 124.677 0
      vertex 213.3 130.516 0
    endloop
  endfacet
  facet normal 0 0 -1
    outer loop
      vertex 205.705 133.364 0
      vertex 204.836 132.773 0
      vertex 204.839 132.932 0
    endloop
  endfacet
  facet normal 0 0 -1
    outer loop
      vertex 213.3 130.516 0
      vertex 203.2 124.677 0
      vertex 213.09 130.468 0
    endloop
  endfacet
  facet normal 0 0 -1
    outer loop
      vertex 205.705 133.364 0
      vertex 204.825 132.619 0
      vertex 204.836 132.773 0
    endloop
  endfacet
  facet normal 0 0 -1
    outer loop
      vertex 209.041 11.048 0
      vertex 204.793 26.6113 0
      vertex 204.8 26.7716 0
    endloop
  endfacet
  facet normal 0 0 -1
    outer loop
      vertex 209.041 11.048 0
      vertex 204.6 22.231 0
      vertex 204.793 26.6113 0
    endloop
  endfacet
  facet normal 0 0 -1
    outer loop
      vertex 204.793 26.6113 0
      vertex 204.6 22.231 0
      vertex 204.771 26.4614 0
    endloop
  endfacet
  facet normal 0 0 -1
    outer loop
      vertex 204.544 24.3837 0
      vertex 204.771 26.4614 0
      vertex 204.6 22.231 0
    endloop
  endfacet
  facet normal 0 0 -1
    outer loop
      vertex 203.2 15.731 0
      vertex 204.917 11.0428 0
      vertex 204.654 11.0082 0
    endloop
  endfacet
  facet normal 0 0 -1
    outer loop
      vertex 209.041 11.048 0
      vertex 204.6 16.231 0
      vertex 204.6 22.231 0
    endloop
  endfacet
  facet normal 0 0 -1
    outer loop
      vertex 204.771 26.4614 0
      vertex 204.544 24.3837 0
      vertex 204.734 26.3219 0
    endloop
  endfacet
  facet normal 0 0 -1
    outer loop
      vertex 203.2 15.731 0
      vertex 204.654 11.0082 0
      vertex 204.408 10.9504 0
    endloop
  endfacet
  facet normal 0 0 -1
    outer loop
      vertex 203.2 15.731 0
      vertex 204.408 10.9504 0
      vertex 204.179 10.8696 0
    endloop
  endfacet
  facet normal 0 0 -1
    outer loop
      vertex 203.2 15.731 0
      vertex 204.179 10.8696 0
      vertex 203.967 10.7657 0
    endloop
  endfacet
  facet normal 0 0 -1
    outer loop
      vertex 200.827 10.975 0
      vertex 203.967 10.7657 0
      vertex 203.772 10.6387 0
    endloop
  endfacet
  facet normal 0 0 -1
    outer loop
      vertex 200.827 10.975 0
      vertex 203.772 10.6387 0
      vertex 203.595 10.4886 0
    endloop
  endfacet
  facet normal 0 0 -1
    outer loop
      vertex 200.827 10.975 0
      vertex 203.595 10.4886 0
      vertex 203.438 10.3187 0
    endloop
  endfacet
  facet normal 0 0 -1
    outer loop
      vertex 200.827 10.975 0
      vertex 203.438 10.3187 0
      vertex 203.305 10.1323 0
    endloop
  endfacet
  facet normal 0 0 -1
    outer loop
      vertex 204.917 11.0428 0
      vertex 203.2 15.731 0
      vertex 204.6 16.231 0
    endloop
  endfacet
  facet normal -0 0 -1
    outer loop
      vertex 204.6 16.231 0
      vertex 203.2 15.731 0
      vertex 203.2 16.231 0
    endloop
  endfacet
  facet normal 0 0 -1
    outer loop
      vertex 205.705 133.364 0
      vertex 204.807 132.469 0
      vertex 204.825 132.619 0
    endloop
  endfacet
  facet normal 0 0 -1
    outer loop
      vertex 205.705 133.364 0
      vertex 204.783 132.324 0
      vertex 204.807 132.469 0
    endloop
  endfacet
  facet normal 0 0 -1
    outer loop
      vertex 203.7 130.277 0
      vertex 205.705 130.406 0
      vertex 203.7 126.077 0
    endloop
  endfacet
  facet normal 0 -0 -1
    outer loop
      vertex 204.613 131.793 0
      vertex 205.705 130.406 0
      vertex 204.552 131.671 0
    endloop
  endfacet
  facet normal -0 0 -1
    outer loop
      vertex 210.337 130.406 0
      vertex 203.7 126.077 0
      vertex 209.227 130.406 0
    endloop
  endfacet
  facet normal 0 0 -1
    outer loop
      vertex 205.705 133.364 0
      vertex 204.751 132.184 0
      vertex 204.783 132.324 0
    endloop
  endfacet
  facet normal 0 0 -1
    outer loop
      vertex 213.09 130.468 0
      vertex 203.2 124.677 0
      vertex 212.859 130.434 0
    endloop
  endfacet
  facet normal 0 0 -1
    outer loop
      vertex 205.705 130.406 0
      vertex 204.751 132.184 0
      vertex 205.705 133.364 0
    endloop
  endfacet
  facet normal 0 -0 -1
    outer loop
      vertex 204.751 132.184 0
      vertex 205.705 130.406 0
      vertex 204.712 132.049 0
    endloop
  endfacet
  facet normal 0 0 -1
    outer loop
      vertex 212.859 130.434 0
      vertex 203.2 124.677 0
      vertex 212.606 130.413 0
    endloop
  endfacet
  facet normal 0 -0 -1
    outer loop
      vertex 204.712 132.049 0
      vertex 205.705 130.406 0
      vertex 204.666 131.919 0
    endloop
  endfacet
  facet normal 0 -0 -1
    outer loop
      vertex 203.7 126.077 0
      vertex 210.337 130.406 0
      vertex 203.2 124.677 0
    endloop
  endfacet
  facet normal 0 -0 -1
    outer loop
      vertex 204.666 131.919 0
      vertex 205.705 130.406 0
      vertex 204.613 131.793 0
    endloop
  endfacet
  facet normal 0 0 -1
    outer loop
      vertex 205.705 130.406 0
      vertex 204.484 131.554 0
      vertex 204.552 131.671 0
    endloop
  endfacet
  facet normal -0 0 -1
    outer loop
      vertex 212.331 130.406 0
      vertex 203.2 124.677 0
      vertex 210.337 130.406 0
    endloop
  endfacet
  facet normal 0 0 -1
    outer loop
      vertex 205.705 130.406 0
      vertex 204.409 131.441 0
      vertex 204.484 131.554 0
    endloop
  endfacet
  facet normal 0 0 -1
    outer loop
      vertex 182.553 63.3847 0
      vertex 204.408 27.6715 0
      vertex 204.289 27.7578 0
    endloop
  endfacet
  facet normal 0 0 -1
    outer loop
      vertex 205.705 130.406 0
      vertex 204.326 131.333 0
      vertex 204.409 131.441 0
    endloop
  endfacet
  facet normal 0 0 -1
    outer loop
      vertex 182.553 63.3847 0
      vertex 204.289 27.7578 0
      vertex 204.158 27.8309 0
    endloop
  endfacet
  facet normal 0 -0 -1
    outer loop
      vertex 204.019 131.021 0
      vertex 205.705 130.406 0
      vertex 203.7 130.277 0
    endloop
  endfacet
  facet normal 0 0 -1
    outer loop
      vertex 205.705 130.406 0
      vertex 204.235 131.229 0
      vertex 204.326 131.333 0
    endloop
  endfacet
  facet normal 0 0 -1
    outer loop
      vertex 182.553 62.8696 0
      vertex 204.158 27.8309 0
      vertex 204.015 27.8906 0
    endloop
  endfacet
  facet normal 0 0 -1
    outer loop
      vertex 205.705 130.406 0
      vertex 204.137 131.129 0
      vertex 204.235 131.229 0
    endloop
  endfacet
  facet normal 0 0 -1
    outer loop
      vertex 182.4 54.683 0
      vertex 204.015 27.8906 0
      vertex 203.859 27.9371 0
    endloop
  endfacet
  facet normal 0 0 -1
    outer loop
      vertex 205.705 130.406 0
      vertex 204.019 131.021 0
      vertex 204.137 131.129 0
    endloop
  endfacet
  facet normal 0 0 -1
    outer loop
      vertex 204.019 131.021 0
      vertex 203.7 130.277 0
      vertex 203.894 130.923 0
    endloop
  endfacet
  facet normal 0 0 -1
    outer loop
      vertex 182.4 54.683 0
      vertex 203.859 27.9371 0
      vertex 203.691 27.9703 0
    endloop
  endfacet
  facet normal 0 0 -1
    outer loop
      vertex 182.4 54.683 0
      vertex 203.691 27.9703 0
      vertex 203.51 27.9902 0
    endloop
  endfacet
  facet normal 0 0 -1
    outer loop
      vertex 182.4 54.683 0
      vertex 203.51 27.9902 0
      vertex 203.317 27.9968 0
    endloop
  endfacet
  facet normal 0 0 -1
    outer loop
      vertex 182.4 54.683 0
      vertex 203.317 27.9968 0
      vertex 203.231 27.9956 0
    endloop
  endfacet
  facet normal -0 0 -1
    outer loop
      vertex 209.227 130.406 0
      vertex 203.7 126.077 0
      vertex 205.705 130.406 0
    endloop
  endfacet
  facet normal -0 0 -1
    outer loop
      vertex 203.7 126.077 0
      vertex 203.2 124.677 0
      vertex 203.2 126.077 0
    endloop
  endfacet
  facet normal 0 0 -1
    outer loop
      vertex 204.544 25.0557 0
      vertex 204.734 26.3219 0
      vertex 204.544 24.3837 0
    endloop
  endfacet
  facet normal 0 0 -1
    outer loop
      vertex 204.734 26.3219 0
      vertex 204.544 25.0557 0
      vertex 204.683 26.1929 0
    endloop
  endfacet
  facet normal 0 0 -1
    outer loop
      vertex 204.683 26.1929 0
      vertex 204.544 25.0557 0
      vertex 204.616 26.0742 0
    endloop
  endfacet
  facet normal 0 0 -1
    outer loop
      vertex 204.544 25.0557 0
      vertex 204.535 25.966 0
      vertex 204.616 26.0742 0
    endloop
  endfacet
  facet normal 0 0 -1
    outer loop
      vertex 204.544 25.0557 0
      vertex 204.44 25.8682 0
      vertex 204.535 25.966 0
    endloop
  endfacet
  facet normal 0 0 -1
    outer loop
      vertex 204.544 25.0557 0
      vertex 204.331 25.7822 0
      vertex 204.44 25.8682 0
    endloop
  endfacet
  facet normal 0 0 -1
    outer loop
      vertex 204.544 25.0557 0
      vertex 204.21 25.7094 0
      vertex 204.331 25.7822 0
    endloop
  endfacet
  facet normal 0 0 -1
    outer loop
      vertex 204.544 25.0557 0
      vertex 204.078 25.6499 0
      vertex 204.21 25.7094 0
    endloop
  endfacet
  facet normal 0 0 -1
    outer loop
      vertex 204.544 25.0557 0
      vertex 203.934 25.6036 0
      vertex 204.078 25.6499 0
    endloop
  endfacet
  facet normal 0 0 -1
    outer loop
      vertex 204.544 25.0557 0
      vertex 203.778 25.5705 0
      vertex 203.934 25.6036 0
    endloop
  endfacet
  facet normal 0 0 -1
    outer loop
      vertex 204.544 25.0557 0
      vertex 203.61 25.5507 0
      vertex 203.778 25.5705 0
    endloop
  endfacet
  facet normal 0 0 -1
    outer loop
      vertex 203.001 25.0557 0
      vertex 203.61 25.5507 0
      vertex 204.544 25.0557 0
    endloop
  endfacet
  facet normal 0 0 -1
    outer loop
      vertex 203.61 25.5507 0
      vertex 203.001 25.0557 0
      vertex 203.431 25.544 0
    endloop
  endfacet
  facet normal -0 0 -1
    outer loop
      vertex 203.431 25.544 0
      vertex 203.001 25.0557 0
      vertex 203.398 25.5444 0
    endloop
  endfacet
  facet normal -0 0 -1
    outer loop
      vertex 203.398 25.5444 0
      vertex 203.001 25.0557 0
      vertex 203.366 25.5453 0
    endloop
  endfacet
  facet normal -0 0 -1
    outer loop
      vertex 203.366 25.5453 0
      vertex 203.001 25.0557 0
      vertex 203.335 25.5469 0
    endloop
  endfacet
  facet normal -0 0 -1
    outer loop
      vertex 203.335 25.5469 0
      vertex 203.001 25.0557 0
      vertex 203.303 25.5491 0
    endloop
  endfacet
  facet normal -0 0 -1
    outer loop
      vertex 203.303 25.5491 0
      vertex 203.001 25.0557 0
      vertex 203.272 25.5519 0
    endloop
  endfacet
  facet normal -0 0 -1
    outer loop
      vertex 203.272 25.5519 0
      vertex 203.001 25.0557 0
      vertex 203.242 25.5554 0
    endloop
  endfacet
  facet normal -0 0 -1
    outer loop
      vertex 203.242 25.5554 0
      vertex 203.001 25.0557 0
      vertex 203.211 25.5595 0
    endloop
  endfacet
  facet normal -0 0 -1
    outer loop
      vertex 203.211 25.5595 0
      vertex 203.001 25.0557 0
      vertex 203.181 25.5641 0
    endloop
  endfacet
  facet normal -0 0 -1
    outer loop
      vertex 203.181 25.5641 0
      vertex 203.001 25.0557 0
      vertex 203.151 25.5694 0
    endloop
  endfacet
  facet normal -0 0 -1
    outer loop
      vertex 203.151 25.5694 0
      vertex 203.001 25.0557 0
      vertex 203.121 25.5751 0
    endloop
  endfacet
  facet normal -0 0 -1
    outer loop
      vertex 203.121 25.5751 0
      vertex 203.001 25.0557 0
      vertex 203.091 25.5814 0
    endloop
  endfacet
  facet normal -0 0 -1
    outer loop
      vertex 203.091 25.5814 0
      vertex 203.001 25.0557 0
      vertex 203.061 25.5882 0
    endloop
  endfacet
  facet normal -0 0 -1
    outer loop
      vertex 203.061 25.5882 0
      vertex 203.001 25.0557 0
      vertex 203.031 25.5956 0
    endloop
  endfacet
  facet normal -0 0 -1
    outer loop
      vertex 203.031 25.5956 0
      vertex 203.001 25.0557 0
      vertex 203.001 25.6034 0
    endloop
  endfacet
  facet normal 0 0 -1
    outer loop
      vertex 202.986 135.348 0
      vertex 203.154 136.276 0
      vertex 203.161 135.304 0
    endloop
  endfacet
  facet normal 0 0 -1
    outer loop
      vertex 202.789 135.385 0
      vertex 203.154 136.276 0
      vertex 202.986 135.348 0
    endloop
  endfacet
  facet normal 0 0 -1
    outer loop
      vertex 202.568 135.415 0
      vertex 203.154 136.276 0
      vertex 202.789 135.385 0
    endloop
  endfacet
  facet normal 0 0 -1
    outer loop
      vertex 202.347 136.276 0
      vertex 202.568 135.415 0
      vertex 202.347 135.436 0
    endloop
  endfacet
  facet normal 0 0 -1
    outer loop
      vertex 202.568 135.415 0
      vertex 202.347 136.276 0
      vertex 203.154 136.276 0
    endloop
  endfacet
  facet normal 0 0 -1
    outer loop
      vertex 182.4 54.683 0
      vertex 203.231 27.9956 0
      vertex 203.145 27.9921 0
    endloop
  endfacet
  facet normal 0 0 -1
    outer loop
      vertex 182.4 54.683 0
      vertex 203.145 27.9921 0
      vertex 203.06 27.9861 0
    endloop
  endfacet
  facet normal 0 0 -1
    outer loop
      vertex 182.4 54.683 0
      vertex 203.06 27.9861 0
      vertex 202.974 27.9778 0
    endloop
  endfacet
  facet normal 0 0 -1
    outer loop
      vertex 200.297 27.9223 0
      vertex 202.974 27.9778 0
      vertex 202.889 27.9671 0
    endloop
  endfacet
  facet normal 0 0 -1
    outer loop
      vertex 200.477 27.9068 0
      vertex 202.889 27.9671 0
      vertex 202.805 27.9541 0
    endloop
  endfacet
  facet normal 0 0 -1
    outer loop
      vertex 200.477 27.9068 0
      vertex 202.805 27.9541 0
      vertex 202.72 27.9386 0
    endloop
  endfacet
  facet normal 0 0 -1
    outer loop
      vertex 200.642 27.8812 0
      vertex 202.72 27.9386 0
      vertex 202.636 27.9208 0
    endloop
  endfacet
  facet normal 0 0 -1
    outer loop
      vertex 200.642 27.8812 0
      vertex 202.636 27.9208 0
      vertex 202.551 27.9004 0
    endloop
  endfacet
  facet normal 0 0 -1
    outer loop
      vertex 200.642 27.8812 0
      vertex 202.551 27.9004 0
      vertex 202.467 27.8776 0
    endloop
  endfacet
  facet normal 0 0 -1
    outer loop
      vertex 200.793 27.8452 0
      vertex 202.467 27.8776 0
      vertex 202.383 27.8523 0
    endloop
  endfacet
  facet normal 0 0 -1
    outer loop
      vertex 200.793 27.8452 0
      vertex 202.383 27.8523 0
      vertex 202.3 27.8246 0
    endloop
  endfacet
  facet normal 0 0 -1
    outer loop
      vertex 200.928 27.799 0
      vertex 202.3 27.8246 0
      vertex 202.216 27.7943 0
    endloop
  endfacet
  facet normal 0 0 -1
    outer loop
      vertex 200.928 27.799 0
      vertex 202.216 27.7943 0
      vertex 202.133 27.7616 0
    endloop
  endfacet
  facet normal 0 0 -1
    outer loop
      vertex 201.474 27.1829 0
      vertex 202.133 27.0426 0
      vertex 201.495 27.0524 0
    endloop
  endfacet
  facet normal 0 0 -1
    outer loop
      vertex 201.439 27.3028 0
      vertex 202.133 27.0426 0
      vertex 201.474 27.1829 0
    endloop
  endfacet
  facet normal 0 0 -1
    outer loop
      vertex 202.133 27.0426 0
      vertex 201.439 27.3028 0
      vertex 202.133 27.7616 0
    endloop
  endfacet
  facet normal 0 0 -1
    outer loop
      vertex 201.389 27.412 0
      vertex 202.133 27.7616 0
      vertex 201.439 27.3028 0
    endloop
  endfacet
  facet normal 0 0 -1
    outer loop
      vertex 201.326 27.5106 0
      vertex 202.133 27.7616 0
      vertex 201.389 27.412 0
    endloop
  endfacet
  facet normal 0 0 -1
    outer loop
      vertex 201.248 27.5985 0
      vertex 202.133 27.7616 0
      vertex 201.326 27.5106 0
    endloop
  endfacet
  facet normal 0 0 -1
    outer loop
      vertex 201.156 27.6757 0
      vertex 202.133 27.7616 0
      vertex 201.248 27.5985 0
    endloop
  endfacet
  facet normal 0 0 -1
    outer loop
      vertex 201.05 27.7425 0
      vertex 202.133 27.7616 0
      vertex 201.156 27.6757 0
    endloop
  endfacet
  facet normal 0 0 -1
    outer loop
      vertex 200.928 27.799 0
      vertex 202.133 27.7616 0
      vertex 201.05 27.7425 0
    endloop
  endfacet
  facet normal -0 0 -1
    outer loop
      vertex 202.3 27.8246 0
      vertex 200.928 27.799 0
      vertex 200.793 27.8452 0
    endloop
  endfacet
  facet normal -0 0 -1
    outer loop
      vertex 202.467 27.8776 0
      vertex 200.793 27.8452 0
      vertex 200.642 27.8812 0
    endloop
  endfacet
  facet normal 0 0 -1
    outer loop
      vertex 202.72 27.9386 0
      vertex 200.642 27.8812 0
      vertex 200.477 27.9068 0
    endloop
  endfacet
  facet normal 0 0 -1
    outer loop
      vertex 202.889 27.9671 0
      vertex 200.477 27.9068 0
      vertex 200.297 27.9223 0
    endloop
  endfacet
  facet normal -0 0 -1
    outer loop
      vertex 202.974 27.9778 0
      vertex 200.297 27.9223 0
      vertex 182.4 54.683 0
    endloop
  endfacet
  facet normal 0 0 -1
    outer loop
      vertex 182.4 54.683 0
      vertex 200.297 27.9223 0
      vertex 200.102 27.9274 0
    endloop
  endfacet
  facet normal 0 0 -1
    outer loop
      vertex 212.606 130.413 0
      vertex 203.2 124.677 0
      vertex 212.331 130.406 0
    endloop
  endfacet
  facet normal 0 0 -1
    outer loop
      vertex 182.4 54.683 0
      vertex 200.102 27.9274 0
      vertex 198.586 27.9274 0
    endloop
  endfacet
  facet normal 0 0 -1
    outer loop
      vertex 181.172 66.4133 0
      vertex 203.2 124.677 0
      vertex 182.553 63.3847 0
    endloop
  endfacet
  facet normal 0 0 -1
    outer loop
      vertex 204.158 27.8309 0
      vertex 182.553 62.8696 0
      vertex 182.553 63.3847 0
    endloop
  endfacet
  facet normal -0 0 -1
    outer loop
      vertex 203.2 124.677 0
      vertex 181.172 66.4133 0
      vertex 200 124.677 0
    endloop
  endfacet
  facet normal 0 0 -1
    outer loop
      vertex 168.3 126.077 0
      vertex 200 124.677 0
      vertex 181.172 66.4133 0
    endloop
  endfacet
  facet normal 0 0 -1
    outer loop
      vertex 168.3 126.077 0
      vertex 181.172 66.4133 0
      vertex 180.282 66.4133 0
    endloop
  endfacet
  facet normal 0 0 -1
    outer loop
      vertex 181.589 63.5416 0
      vertex 179.302 65.3971 0
      vertex 180.282 66.4133 0
    endloop
  endfacet
  facet normal 0 0 -1
    outer loop
      vertex 179.295 65.5383 0
      vertex 180.282 66.4133 0
      vertex 179.302 65.3971 0
    endloop
  endfacet
  facet normal 0 0 -1
    outer loop
      vertex 179.274 65.6688 0
      vertex 180.282 66.4133 0
      vertex 179.295 65.5383 0
    endloop
  endfacet
  facet normal 0 0 -1
    outer loop
      vertex 179.239 65.7887 0
      vertex 180.282 66.4133 0
      vertex 179.274 65.6688 0
    endloop
  endfacet
  facet normal 0 0 -1
    outer loop
      vertex 179.189 65.8979 0
      vertex 180.282 66.4133 0
      vertex 179.239 65.7887 0
    endloop
  endfacet
  facet normal 0 0 -1
    outer loop
      vertex 179.126 65.9965 0
      vertex 180.282 66.4133 0
      vertex 179.189 65.8979 0
    endloop
  endfacet
  facet normal 0 0 -1
    outer loop
      vertex 179.048 66.0844 0
      vertex 180.282 66.4133 0
      vertex 179.126 65.9965 0
    endloop
  endfacet
  facet normal 0 0 -1
    outer loop
      vertex 178.956 66.1616 0
      vertex 180.282 66.4133 0
      vertex 179.048 66.0844 0
    endloop
  endfacet
  facet normal 0 0 -1
    outer loop
      vertex 178.85 66.2284 0
      vertex 180.282 66.4133 0
      vertex 178.956 66.1616 0
    endloop
  endfacet
  facet normal 0 0 -1
    outer loop
      vertex 178.728 66.2849 0
      vertex 180.282 66.4133 0
      vertex 178.85 66.2284 0
    endloop
  endfacet
  facet normal 0 0 -1
    outer loop
      vertex 178.593 66.3311 0
      vertex 180.282 66.4133 0
      vertex 178.728 66.2849 0
    endloop
  endfacet
  facet normal 0 0 -1
    outer loop
      vertex 178.442 66.3671 0
      vertex 180.282 66.4133 0
      vertex 178.593 66.3311 0
    endloop
  endfacet
  facet normal 0 0 -1
    outer loop
      vertex 178.277 66.3928 0
      vertex 180.282 66.4133 0
      vertex 178.442 66.3671 0
    endloop
  endfacet
  facet normal 0 0 -1
    outer loop
      vertex 178.097 66.4082 0
      vertex 180.282 66.4133 0
      vertex 178.277 66.3928 0
    endloop
  endfacet
  facet normal -0 0 -1
    outer loop
      vertex 180.282 66.4133 0
      vertex 178.097 66.4082 0
      vertex 168.3 126.077 0
    endloop
  endfacet
  facet normal 0 0 -1
    outer loop
      vertex 168.3 126.077 0
      vertex 178.097 66.4082 0
      vertex 177.902 66.4133 0
    endloop
  endfacet
  facet normal 0 0 -1
    outer loop
      vertex 168.3 126.077 0
      vertex 177.902 66.4133 0
      vertex 176.386 66.4133 0
    endloop
  endfacet
  facet normal 0 0 -1
    outer loop
      vertex 168.3 126.077 0
      vertex 176.386 66.4133 0
      vertex 168.3 60.683 0
    endloop
  endfacet
  facet normal 0 0 -1
    outer loop
      vertex 200 124.677 0
      vertex 168.3 126.077 0
      vertex 200 126.077 0
    endloop
  endfacet
  facet normal 0 0 -1
    outer loop
      vertex 200.827 10.975 0
      vertex 203.305 10.1323 0
      vertex 203.197 9.92957 0
    endloop
  endfacet
  facet normal 0 0 -1
    outer loop
      vertex 200.827 10.975 0
      vertex 203.197 9.92957 0
      vertex 203.112 9.71033 0
    endloop
  endfacet
  facet normal 0 0 -1
    outer loop
      vertex 200.827 10.975 0
      vertex 203.112 9.71033 0
      vertex 203.052 9.47466 0
    endloop
  endfacet
  facet normal 0 0 -1
    outer loop
      vertex 200.827 10.975 0
      vertex 203.052 9.47466 0
      vertex 203.016 9.22253 0
    endloop
  endfacet
  facet normal 0 0 -1
    outer loop
      vertex 199.422 8.908 0
      vertex 203.016 9.22253 0
      vertex 203.003 8.95396 0
    endloop
  endfacet
  facet normal 0 0 -1
    outer loop
      vertex 203.967 10.7657 0
      vertex 200.827 10.975 0
      vertex 203.2 15.731 0
    endloop
  endfacet
  facet normal 0 0 -1
    outer loop
      vertex 200.827 10.975 0
      vertex 200 15.731 0
      vertex 203.2 15.731 0
    endloop
  endfacet
  facet normal 0 0 -1
    outer loop
      vertex 199.739 10.975 0
      vertex 200 15.731 0
      vertex 200.827 10.975 0
    endloop
  endfacet
  facet normal 0 0 -1
    outer loop
      vertex 197.854 10.975 0
      vertex 200 15.731 0
      vertex 199.739 10.975 0
    endloop
  endfacet
  facet normal 0 0 -1
    outer loop
      vertex 197.854 10.975 0
      vertex 199.739 10.975 0
      vertex 198.792 9.59155 0
    endloop
  endfacet
  facet normal 0 0 -1
    outer loop
      vertex 196.761 10.975 0
      vertex 200 15.731 0
      vertex 197.854 10.975 0
    endloop
  endfacet
  facet normal 0 0 -1
    outer loop
      vertex 196.728 10.975 0
      vertex 200 15.731 0
      vertex 196.761 10.975 0
    endloop
  endfacet
  facet normal 0 0 -1
    outer loop
      vertex 195.679 10.975 0
      vertex 200 15.731 0
      vertex 196.728 10.975 0
    endloop
  endfacet
  facet normal -0 0 -1
    outer loop
      vertex 200 15.731 0
      vertex 195.679 10.975 0
      vertex 200 16.231 0
    endloop
  endfacet
  facet normal 0 0 -1
    outer loop
      vertex 193.791 10.2377 0
      vertex 195.679 10.975 0
      vertex 195.424 10.2377 0
    endloop
  endfacet
  facet normal 0 0 -1
    outer loop
      vertex 193.533 10.975 0
      vertex 195.679 10.975 0
      vertex 193.791 10.2377 0
    endloop
  endfacet
  facet normal 0 0 -1
    outer loop
      vertex 195.679 10.975 0
      vertex 193.533 10.975 0
      vertex 200 16.231 0
    endloop
  endfacet
  facet normal 0 0 -1
    outer loop
      vertex 192.483 10.975 0
      vertex 200 16.231 0
      vertex 193.533 10.975 0
    endloop
  endfacet
  facet normal 0 0 -1
    outer loop
      vertex 192.073 10.975 0
      vertex 192.483 10.975 0
      vertex 192.073 6.92509 0
    endloop
  endfacet
  facet normal 0 0 -1
    outer loop
      vertex 192.073 10.975 0
      vertex 200 16.231 0
      vertex 192.483 10.975 0
    endloop
  endfacet
  facet normal 0 0 -1
    outer loop
      vertex 191.085 10.975 0
      vertex 200 16.231 0
      vertex 192.073 10.975 0
    endloop
  endfacet
  facet normal 0 0 -1
    outer loop
      vertex 189.49 10.1967 0
      vertex 191.085 10.975 0
      vertex 190.152 10.1967 0
    endloop
  endfacet
  facet normal 0 0 -1
    outer loop
      vertex 188.557 10.975 0
      vertex 191.085 10.975 0
      vertex 189.49 10.1967 0
    endloop
  endfacet
  facet normal 0 0 -1
    outer loop
      vertex 188.557 10.975 0
      vertex 189.49 10.1967 0
      vertex 188.557 8.01292 0
    endloop
  endfacet
  facet normal 0 0 -1
    outer loop
      vertex 191.085 10.975 0
      vertex 188.557 10.975 0
      vertex 200 16.231 0
    endloop
  endfacet
  facet normal 0 0 -1
    outer loop
      vertex 187.567 10.975 0
      vertex 200 16.231 0
      vertex 188.557 10.975 0
    endloop
  endfacet
  facet normal 0 0 -1
    outer loop
      vertex 183.113 8.58617 0
      vertex 187.567 6.92509 0
      vertex 183.139 8.42207 0
    endloop
  endfacet
  facet normal 0 0 -1
    outer loop
      vertex 187.567 6.92509 0
      vertex 183.113 8.58617 0
      vertex 187.567 10.975 0
    endloop
  endfacet
  facet normal 0 0 -1
    outer loop
      vertex 183.071 8.73827 0
      vertex 187.567 10.975 0
      vertex 183.113 8.58617 0
    endloop
  endfacet
  facet normal 0 0 -1
    outer loop
      vertex 183.012 8.87833 0
      vertex 187.567 10.975 0
      vertex 183.071 8.73827 0
    endloop
  endfacet
  facet normal 0 0 -1
    outer loop
      vertex 182.936 9.00638 0
      vertex 187.567 10.975 0
      vertex 183.012 8.87833 0
    endloop
  endfacet
  facet normal 0 0 -1
    outer loop
      vertex 182.843 9.12244 0
      vertex 187.567 10.975 0
      vertex 182.936 9.00638 0
    endloop
  endfacet
  facet normal 0 0 -1
    outer loop
      vertex 182.733 9.22647 0
      vertex 187.567 10.975 0
      vertex 182.843 9.12244 0
    endloop
  endfacet
  facet normal 0 0 -1
    outer loop
      vertex 182.608 9.31749 0
      vertex 187.567 10.975 0
      vertex 182.733 9.22647 0
    endloop
  endfacet
  facet normal 0 0 -1
    outer loop
      vertex 182.468 9.39452 0
      vertex 187.567 10.975 0
      vertex 182.608 9.31749 0
    endloop
  endfacet
  facet normal -0 0 -1
    outer loop
      vertex 187.567 10.975 0
      vertex 182.468 9.39452 0
      vertex 180.858 10.975 0
    endloop
  endfacet
  facet normal 0 0 -1
    outer loop
      vertex 180.858 10.975 0
      vertex 182.468 9.39452 0
      vertex 182.313 9.45752 0
    endloop
  endfacet
  facet normal 0 0 -1
    outer loop
      vertex 180.858 10.975 0
      vertex 182.313 9.45752 0
      vertex 182.143 9.50653 0
    endloop
  endfacet
  facet normal 0 0 -1
    outer loop
      vertex 180.858 10.975 0
      vertex 182.143 9.50653 0
      vertex 181.959 9.54155 0
    endloop
  endfacet
  facet normal 0 0 -1
    outer loop
      vertex 180.858 10.975 0
      vertex 181.959 9.54155 0
      vertex 181.76 9.56255 0
    endloop
  endfacet
  facet normal 0 0 -1
    outer loop
      vertex 180.858 10.975 0
      vertex 181.76 9.56255 0
      vertex 181.547 9.56955 0
    endloop
  endfacet
  facet normal 0 0 -1
    outer loop
      vertex 180.858 10.975 0
      vertex 181.547 9.56955 0
      vertex 180.858 9.56955 0
    endloop
  endfacet
  facet normal 0 0 -1
    outer loop
      vertex 187.567 10.975 0
      vertex 180.858 10.975 0
      vertex 200 16.231 0
    endloop
  endfacet
  facet normal 0 0 -1
    outer loop
      vertex 168.3 16.231 0
      vertex 180.858 10.975 0
      vertex 179.813 10.975 0
    endloop
  endfacet
  facet normal 0 0 -1
    outer loop
      vertex 179.119 9.23221 0
      vertex 179.813 10.975 0
      vertex 179.128 8.95396 0
    endloop
  endfacet
  facet normal 0 0 -1
    outer loop
      vertex 179.093 9.4917 0
      vertex 179.813 10.975 0
      vertex 179.119 9.23221 0
    endloop
  endfacet
  facet normal 0 0 -1
    outer loop
      vertex 179.048 9.73242 0
      vertex 179.813 10.975 0
      vertex 179.093 9.4917 0
    endloop
  endfacet
  facet normal 0 0 -1
    outer loop
      vertex 178.986 9.95436 0
      vertex 179.813 10.975 0
      vertex 179.048 9.73242 0
    endloop
  endfacet
  facet normal 0 0 -1
    outer loop
      vertex 178.907 10.1575 0
      vertex 179.813 10.975 0
      vertex 178.986 9.95436 0
    endloop
  endfacet
  facet normal 0 0 -1
    outer loop
      vertex 178.809 10.3419 0
      vertex 179.813 10.975 0
      vertex 178.907 10.1575 0
    endloop
  endfacet
  facet normal 0 0 -1
    outer loop
      vertex 178.694 10.5076 0
      vertex 179.813 10.975 0
      vertex 178.809 10.3419 0
    endloop
  endfacet
  facet normal 0 0 -1
    outer loop
      vertex 178.563 10.6526 0
      vertex 179.813 10.975 0
      vertex 178.694 10.5076 0
    endloop
  endfacet
  facet normal 0 0 -1
    outer loop
      vertex 178.416 10.7754 0
      vertex 179.813 10.975 0
      vertex 178.563 10.6526 0
    endloop
  endfacet
  facet normal 0 0 -1
    outer loop
      vertex 178.255 10.8758 0
      vertex 179.813 10.975 0
      vertex 178.416 10.7754 0
    endloop
  endfacet
  facet normal 0 0 -1
    outer loop
      vertex 178.079 10.9539 0
      vertex 179.813 10.975 0
      vertex 178.255 10.8758 0
    endloop
  endfacet
  facet normal 0 0 -1
    outer loop
      vertex 177.889 11.0097 0
      vertex 179.813 10.975 0
      vertex 178.079 10.9539 0
    endloop
  endfacet
  facet normal 0 0 -1
    outer loop
      vertex 177.683 11.0432 0
      vertex 179.813 10.975 0
      vertex 177.889 11.0097 0
    endloop
  endfacet
  facet normal 0 0 -1
    outer loop
      vertex 179.813 10.975 0
      vertex 177.683 11.0432 0
      vertex 168.3 16.231 0
    endloop
  endfacet
  facet normal 0 0 -1
    outer loop
      vertex 168.3 16.231 0
      vertex 177.683 11.0432 0
      vertex 177.463 11.0544 0
    endloop
  endfacet
  facet normal 0 0 -1
    outer loop
      vertex 168.3 16.231 0
      vertex 177.463 11.0544 0
      vertex 177.241 11.0432 0
    endloop
  endfacet
  facet normal 0 0 -1
    outer loop
      vertex 168.3 16.231 0
      vertex 177.241 11.0432 0
      vertex 177.035 11.0097 0
    endloop
  endfacet
  facet normal 0 0 -1
    outer loop
      vertex 175.364 9.47995 0
      vertex 175.803 9.23221 0
      vertex 175.794 8.95396 0
    endloop
  endfacet
  facet normal 0 0 -1
    outer loop
      vertex 175.364 9.47995 0
      vertex 175.83 9.4917 0
      vertex 175.803 9.23221 0
    endloop
  endfacet
  facet normal 0 0 -1
    outer loop
      vertex 175.364 9.47995 0
      vertex 175.874 9.73242 0
      vertex 175.83 9.4917 0
    endloop
  endfacet
  facet normal 0 0 -1
    outer loop
      vertex 175.364 10.2377 0
      vertex 175.874 9.73242 0
      vertex 175.364 9.47995 0
    endloop
  endfacet
  facet normal 0 0 -1
    outer loop
      vertex 175.874 9.73242 0
      vertex 175.364 10.2377 0
      vertex 175.936 9.95436 0
    endloop
  endfacet
  facet normal 0 0 -1
    outer loop
      vertex 175.936 9.95436 0
      vertex 175.364 10.2377 0
      vertex 176.016 10.1575 0
    endloop
  endfacet
  facet normal 0 0 -1
    outer loop
      vertex 176.016 10.1575 0
      vertex 175.364 10.2377 0
      vertex 176.113 10.3419 0
    endloop
  endfacet
  facet normal -0 0 -1
    outer loop
      vertex 176.113 10.3419 0
      vertex 175.364 10.2377 0
      vertex 176.228 10.5076 0
    endloop
  endfacet
  facet normal 0 0 -1
    outer loop
      vertex 174.786 10.975 0
      vertex 176.228 10.5076 0
      vertex 175.364 10.2377 0
    endloop
  endfacet
  facet normal 0 0 -1
    outer loop
      vertex 176.228 10.5076 0
      vertex 174.786 10.975 0
      vertex 176.36 10.6526 0
    endloop
  endfacet
  facet normal 0 0 -1
    outer loop
      vertex 176.36 10.6526 0
      vertex 174.786 10.975 0
      vertex 176.506 10.7754 0
    endloop
  endfacet
  facet normal 0 0 -1
    outer loop
      vertex 174.786 10.975 0
      vertex 175.364 10.2377 0
      vertex 174.786 10.2377 0
    endloop
  endfacet
  facet normal 0 0 -1
    outer loop
      vertex 176.506 10.7754 0
      vertex 174.786 10.975 0
      vertex 176.668 10.8758 0
    endloop
  endfacet
  facet normal 0 0 -1
    outer loop
      vertex 176.668 10.8758 0
      vertex 174.786 10.975 0
      vertex 176.844 10.9539 0
    endloop
  endfacet
  facet normal 0 0 -1
    outer loop
      vertex 174.786 10.975 0
      vertex 177.035 11.0097 0
      vertex 176.844 10.9539 0
    endloop
  endfacet
  facet normal 0 0 -1
    outer loop
      vertex 168.3 16.231 0
      vertex 177.035 11.0097 0
      vertex 174.786 10.975 0
    endloop
  endfacet
  facet normal 0 0 -1
    outer loop
      vertex 168.3 16.231 0
      vertex 174.786 10.975 0
      vertex 173.799 10.975 0
    endloop
  endfacet
  facet normal 0 0 -1
    outer loop
      vertex 171.435 10.975 0
      vertex 172.003 10.2377 0
      vertex 171.435 10.1865 0
    endloop
  endfacet
  facet normal 0 0 -1
    outer loop
      vertex 172.003 10.2377 0
      vertex 171.435 10.975 0
      vertex 173.799 10.975 0
    endloop
  endfacet
  facet normal 0 0 -1
    outer loop
      vertex 168.3 16.231 0
      vertex 173.799 10.975 0
      vertex 171.435 10.975 0
    endloop
  endfacet
  facet normal 0 0 -1
    outer loop
      vertex 168.3 16.231 0
      vertex 171.435 10.975 0
      vertex 168.557 10.975 0
    endloop
  endfacet
  facet normal 0 0 -1
    outer loop
      vertex 180.858 10.975 0
      vertex 168.3 16.231 0
      vertex 200 16.231 0
    endloop
  endfacet
  facet normal 0 0 -1
    outer loop
      vertex 168.557 6.92509 0
      vertex 168.3 16.231 0
      vertex 168.557 10.975 0
    endloop
  endfacet
  facet normal 0 0 -1
    outer loop
      vertex 203.894 130.923 0
      vertex 203.7 130.277 0
      vertex 203.762 130.833 0
    endloop
  endfacet
  facet normal 0 0 -1
    outer loop
      vertex 203.7 130.277 0
      vertex 203.624 130.754 0
      vertex 203.762 130.833 0
    endloop
  endfacet
  facet normal 0 0 -1
    outer loop
      vertex 203.7 130.277 0
      vertex 203.479 130.683 0
      vertex 203.624 130.754 0
    endloop
  endfacet
  facet normal 0 0 -1
    outer loop
      vertex 203.7 130.277 0
      vertex 203.327 130.622 0
      vertex 203.479 130.683 0
    endloop
  endfacet
  facet normal 0 0 -1
    outer loop
      vertex 203.2 130.277 0
      vertex 203.327 130.622 0
      vertex 203.7 130.277 0
    endloop
  endfacet
  facet normal 0 0 -1
    outer loop
      vertex 203.327 130.622 0
      vertex 203.2 130.277 0
      vertex 203.2 130.581 0
    endloop
  endfacet
  facet normal 0 0 -1
    outer loop
      vertex 205.887 9.42619 0
      vertex 205.854 10.2245 0
      vertex 205.887 10.2126 0
    endloop
  endfacet
  facet normal 0 0 -1
    outer loop
      vertex 205.887 9.42619 0
      vertex 205.821 10.2355 0
      vertex 205.854 10.2245 0
    endloop
  endfacet
  facet normal 0 0 -1
    outer loop
      vertex 205.887 9.42619 0
      vertex 205.786 10.2455 0
      vertex 205.821 10.2355 0
    endloop
  endfacet
  facet normal 0 0 -1
    outer loop
      vertex 205.887 9.42619 0
      vertex 205.75 10.2546 0
      vertex 205.786 10.2455 0
    endloop
  endfacet
  facet normal 0 0 -1
    outer loop
      vertex 205.887 9.42619 0
      vertex 205.713 10.2628 0
      vertex 205.75 10.2546 0
    endloop
  endfacet
  facet normal 0 0 -1
    outer loop
      vertex 205.887 9.42619 0
      vertex 205.675 10.27 0
      vertex 205.713 10.2628 0
    endloop
  endfacet
  facet normal 0 0 -1
    outer loop
      vertex 205.887 9.42619 0
      vertex 205.636 10.2763 0
      vertex 205.675 10.27 0
    endloop
  endfacet
  facet normal 0 0 -1
    outer loop
      vertex 205.249 9.42619 0
      vertex 205.636 10.2763 0
      vertex 205.887 9.42619 0
    endloop
  endfacet
  facet normal -0 0 -1
    outer loop
      vertex 205.636 10.2763 0
      vertex 205.249 9.42619 0
      vertex 205.596 10.2817 0
    endloop
  endfacet
  facet normal -0 0 -1
    outer loop
      vertex 205.596 10.2817 0
      vertex 205.249 9.42619 0
      vertex 205.554 10.2862 0
    endloop
  endfacet
  facet normal -0 0 -1
    outer loop
      vertex 205.554 10.2862 0
      vertex 205.249 9.42619 0
      vertex 205.512 10.29 0
    endloop
  endfacet
  facet normal -0 0 -1
    outer loop
      vertex 205.512 10.29 0
      vertex 205.249 9.42619 0
      vertex 205.469 10.2929 0
    endloop
  endfacet
  facet normal -0 0 -1
    outer loop
      vertex 205.469 10.2929 0
      vertex 205.249 9.42619 0
      vertex 205.425 10.2949 0
    endloop
  endfacet
  facet normal -0 0 -1
    outer loop
      vertex 205.425 10.2949 0
      vertex 205.249 9.42619 0
      vertex 205.38 10.2962 0
    endloop
  endfacet
  facet normal -0 0 -1
    outer loop
      vertex 205.38 10.2962 0
      vertex 205.249 9.42619 0
      vertex 205.333 10.2966 0
    endloop
  endfacet
  facet normal 0 0 -1
    outer loop
      vertex 205.249 9.42619 0
      vertex 205.168 10.2895 0
      vertex 205.333 10.2966 0
    endloop
  endfacet
  facet normal 0 0 -1
    outer loop
      vertex 204.9 7.67262 0
      vertex 205.249 8.72733 0
      vertex 205.049 7.63705 0
    endloop
  endfacet
  facet normal 0 0 -1
    outer loop
      vertex 204.763 7.72243 0
      vertex 205.249 8.72733 0
      vertex 204.9 7.67262 0
    endloop
  endfacet
  facet normal 0 0 -1
    outer loop
      vertex 205.249 8.72733 0
      vertex 204.09 9.13164 0
      vertex 205.249 9.42619 0
    endloop
  endfacet
  facet normal 0 0 -1
    outer loop
      vertex 204.637 7.78644 0
      vertex 205.249 8.72733 0
      vertex 204.763 7.72243 0
    endloop
  endfacet
  facet normal 0 -0 -1
    outer loop
      vertex 204.11 9.29738 0
      vertex 205.249 9.42619 0
      vertex 204.09 9.13164 0
    endloop
  endfacet
  facet normal 0 0 -1
    outer loop
      vertex 204.523 7.86469 0
      vertex 205.249 8.72733 0
      vertex 204.637 7.78644 0
    endloop
  endfacet
  facet normal 0 -0 -1
    outer loop
      vertex 204.143 9.45116 0
      vertex 205.249 9.42619 0
      vertex 204.11 9.29738 0
    endloop
  endfacet
  facet normal 0 0 -1
    outer loop
      vertex 204.421 7.95717 0
      vertex 205.249 8.72733 0
      vertex 204.523 7.86469 0
    endloop
  endfacet
  facet normal 0 -0 -1
    outer loop
      vertex 204.189 9.59297 0
      vertex 205.249 9.42619 0
      vertex 204.143 9.45116 0
    endloop
  endfacet
  facet normal 0 0 -1
    outer loop
      vertex 204.331 8.06287 0
      vertex 205.249 8.72733 0
      vertex 204.421 7.95717 0
    endloop
  endfacet
  facet normal 0 0 -1
    outer loop
      vertex 205.249 9.42619 0
      vertex 205.013 10.268 0
      vertex 205.168 10.2895 0
    endloop
  endfacet
  facet normal 0 0 -1
    outer loop
      vertex 204.255 8.18079 0
      vertex 205.249 8.72733 0
      vertex 204.331 8.06287 0
    endloop
  endfacet
  facet normal 0 0 -1
    outer loop
      vertex 205.249 9.42619 0
      vertex 204.87 10.2323 0
      vertex 205.013 10.268 0
    endloop
  endfacet
  facet normal 0 0 -1
    outer loop
      vertex 204.193 8.31096 0
      vertex 205.249 8.72733 0
      vertex 204.255 8.18079 0
    endloop
  endfacet
  facet normal 0 0 -1
    outer loop
      vertex 205.249 9.42619 0
      vertex 204.738 10.1823 0
      vertex 204.87 10.2323 0
    endloop
  endfacet
  facet normal 0 0 -1
    outer loop
      vertex 204.145 8.45335 0
      vertex 205.249 8.72733 0
      vertex 204.193 8.31096 0
    endloop
  endfacet
  facet normal 0 0 -1
    outer loop
      vertex 205.249 9.42619 0
      vertex 204.617 10.1181 0
      vertex 204.738 10.1823 0
    endloop
  endfacet
  facet normal 0 0 -1
    outer loop
      vertex 204.111 8.60799 0
      vertex 205.249 8.72733 0
      vertex 204.145 8.45335 0
    endloop
  endfacet
  facet normal 0 0 -1
    outer loop
      vertex 205.249 9.42619 0
      vertex 204.507 10.0395 0
      vertex 204.617 10.1181 0
    endloop
  endfacet
  facet normal 0 0 -1
    outer loop
      vertex 204.09 8.77486 0
      vertex 205.249 8.72733 0
      vertex 204.111 8.60799 0
    endloop
  endfacet
  facet normal 0 -0 -1
    outer loop
      vertex 204.09 9.13164 0
      vertex 205.249 8.72733 0
      vertex 204.083 8.95396 0
    endloop
  endfacet
  facet normal 0 0 -1
    outer loop
      vertex 204.083 8.95396 0
      vertex 205.249 8.72733 0
      vertex 204.09 8.77486 0
    endloop
  endfacet
  facet normal 0 0 -1
    outer loop
      vertex 205.249 9.42619 0
      vertex 204.408 9.94672 0
      vertex 204.507 10.0395 0
    endloop
  endfacet
  facet normal 0 0 -1
    outer loop
      vertex 205.249 9.42619 0
      vertex 204.322 9.84076 0
      vertex 204.408 9.94672 0
    endloop
  endfacet
  facet normal 0 0 -1
    outer loop
      vertex 205.249 9.42619 0
      vertex 204.189 9.59297 0
      vertex 204.249 9.72284 0
    endloop
  endfacet
  facet normal 0 0 -1
    outer loop
      vertex 205.249 9.42619 0
      vertex 204.249 9.72284 0
      vertex 204.322 9.84076 0
    endloop
  endfacet
  facet normal 0 0 -1
    outer loop
      vertex 203.506 26.2217 0
      vertex 203.887 26.7715 0
      vertex 203.883 26.694 0
    endloop
  endfacet
  facet normal 0 0 -1
    outer loop
      vertex 203.575 26.2513 0
      vertex 203.883 26.694 0
      vertex 203.871 26.6213 0
    endloop
  endfacet
  facet normal 0 0 -1
    outer loop
      vertex 203.506 26.2217 0
      vertex 203.883 26.694 0
      vertex 203.575 26.2513 0
    endloop
  endfacet
  facet normal 0 0 -1
    outer loop
      vertex 203.638 26.2875 0
      vertex 203.871 26.6213 0
      vertex 203.851 26.5534 0
    endloop
  endfacet
  facet normal 0 0 -1
    outer loop
      vertex 203.506 27.321 0
      vertex 203.887 26.7715 0
      vertex 203.506 26.2217 0
    endloop
  endfacet
  facet normal 0 0 -1
    outer loop
      vertex 203.696 26.3303 0
      vertex 203.851 26.5534 0
      vertex 203.824 26.4904 0
    endloop
  endfacet
  facet normal 0 0 -1
    outer loop
      vertex 203.871 26.6213 0
      vertex 203.638 26.2875 0
      vertex 203.575 26.2513 0
    endloop
  endfacet
  facet normal 0 0 -1
    outer loop
      vertex 203.696 26.3303 0
      vertex 203.824 26.4904 0
      vertex 203.789 26.4322 0
    endloop
  endfacet
  facet normal 0 0 -1
    outer loop
      vertex 203.851 26.5534 0
      vertex 203.696 26.3303 0
      vertex 203.638 26.2875 0
    endloop
  endfacet
  facet normal 0 0 -1
    outer loop
      vertex 203.696 26.3303 0
      vertex 203.789 26.4322 0
      vertex 203.746 26.3788 0
    endloop
  endfacet
  facet normal 0 0 -1
    outer loop
      vertex 203.883 26.8485 0
      vertex 203.575 27.2912 0
      vertex 203.871 26.9208 0
    endloop
  endfacet
  facet normal 0 0 -1
    outer loop
      vertex 203.824 27.0512 0
      vertex 203.746 27.1628 0
      vertex 203.789 27.1093 0
    endloop
  endfacet
  facet normal 0 0 -1
    outer loop
      vertex 203.824 27.0512 0
      vertex 203.696 27.2116 0
      vertex 203.746 27.1628 0
    endloop
  endfacet
  facet normal 0 0 -1
    outer loop
      vertex 203.871 26.9208 0
      vertex 203.696 27.2116 0
      vertex 203.851 26.9883 0
    endloop
  endfacet
  facet normal 0 0 -1
    outer loop
      vertex 203.851 26.9883 0
      vertex 203.696 27.2116 0
      vertex 203.824 27.0512 0
    endloop
  endfacet
  facet normal -0 -0 -1
    outer loop
      vertex 203.638 27.2547 0
      vertex 203.871 26.9208 0
      vertex 203.575 27.2912 0
    endloop
  endfacet
  facet normal -0 -0 -1
    outer loop
      vertex 203.696 27.2116 0
      vertex 203.871 26.9208 0
      vertex 203.638 27.2547 0
    endloop
  endfacet
  facet normal 0 0 -1
    outer loop
      vertex 203.887 26.7715 0
      vertex 203.506 27.321 0
      vertex 203.883 26.8485 0
    endloop
  endfacet
  facet normal 0 0 -1
    outer loop
      vertex 203.883 26.8485 0
      vertex 203.506 27.321 0
      vertex 203.575 27.2912 0
    endloop
  endfacet
  facet normal 0 0 -1
    outer loop
      vertex 203.431 26.1986 0
      vertex 203.506 27.321 0
      vertex 203.506 26.2217 0
    endloop
  endfacet
  facet normal 0 0 -1
    outer loop
      vertex 203.431 26.1986 0
      vertex 203.431 27.3443 0
      vertex 203.506 27.321 0
    endloop
  endfacet
  facet normal 0 0 -1
    outer loop
      vertex 203.351 26.1822 0
      vertex 203.431 27.3443 0
      vertex 203.431 26.1986 0
    endloop
  endfacet
  facet normal 0 0 -1
    outer loop
      vertex 203.351 26.1822 0
      vertex 203.351 27.3608 0
      vertex 203.431 27.3443 0
    endloop
  endfacet
  facet normal 0 0 -1
    outer loop
      vertex 203.264 26.1723 0
      vertex 203.351 27.3608 0
      vertex 203.351 26.1822 0
    endloop
  endfacet
  facet normal 0 0 -1
    outer loop
      vertex 203.264 26.1723 0
      vertex 203.264 27.3708 0
      vertex 203.351 27.3608 0
    endloop
  endfacet
  facet normal 0 0 -1
    outer loop
      vertex 203.172 26.169 0
      vertex 203.264 27.3708 0
      vertex 203.264 26.1723 0
    endloop
  endfacet
  facet normal 0 0 -1
    outer loop
      vertex 203.172 26.169 0
      vertex 203.172 27.3741 0
      vertex 203.264 27.3708 0
    endloop
  endfacet
  facet normal 0 0 -1
    outer loop
      vertex 203.115 26.17 0
      vertex 203.172 27.3741 0
      vertex 203.172 26.169 0
    endloop
  endfacet
  facet normal 0 0 -1
    outer loop
      vertex 203.115 26.17 0
      vertex 203.106 27.3724 0
      vertex 203.172 27.3741 0
    endloop
  endfacet
  facet normal 0 0 -1
    outer loop
      vertex 203.057 26.1732 0
      vertex 203.106 27.3724 0
      vertex 203.115 26.17 0
    endloop
  endfacet
  facet normal 0 0 -1
    outer loop
      vertex 203.057 26.1732 0
      vertex 203.038 27.3673 0
      vertex 203.106 27.3724 0
    endloop
  endfacet
  facet normal 0 0 -1
    outer loop
      vertex 202.999 26.1783 0
      vertex 203.038 27.3673 0
      vertex 203.057 26.1732 0
    endloop
  endfacet
  facet normal 0 0 -1
    outer loop
      vertex 202.999 26.1783 0
      vertex 202.969 27.3589 0
      vertex 203.038 27.3673 0
    endloop
  endfacet
  facet normal 0 0 -1
    outer loop
      vertex 202.939 26.1856 0
      vertex 202.969 27.3589 0
      vertex 202.999 26.1783 0
    endloop
  endfacet
  facet normal 0 0 -1
    outer loop
      vertex 202.939 26.1856 0
      vertex 202.899 27.347 0
      vertex 202.969 27.3589 0
    endloop
  endfacet
  facet normal 0 0 -1
    outer loop
      vertex 202.877 26.195 0
      vertex 202.899 27.347 0
      vertex 202.939 26.1856 0
    endloop
  endfacet
  facet normal 0 0 -1
    outer loop
      vertex 202.877 26.195 0
      vertex 202.828 27.3318 0
      vertex 202.899 27.347 0
    endloop
  endfacet
  facet normal 0 0 -1
    outer loop
      vertex 202.815 26.2064 0
      vertex 202.828 27.3318 0
      vertex 202.877 26.195 0
    endloop
  endfacet
  facet normal 0 0 -1
    outer loop
      vertex 202.815 26.2064 0
      vertex 202.756 27.3132 0
      vertex 202.828 27.3318 0
    endloop
  endfacet
  facet normal 0 0 -1
    outer loop
      vertex 202.752 26.2199 0
      vertex 202.756 27.3132 0
      vertex 202.815 26.2064 0
    endloop
  endfacet
  facet normal 0 0 -1
    outer loop
      vertex 202.682 27.2912 0
      vertex 202.752 26.2199 0
      vertex 202.688 26.2355 0
    endloop
  endfacet
  facet normal 0 0 -1
    outer loop
      vertex 202.752 26.2199 0
      vertex 202.682 27.2912 0
      vertex 202.756 27.3132 0
    endloop
  endfacet
  facet normal 0 0 -1
    outer loop
      vertex 202.607 27.2659 0
      vertex 202.688 26.2355 0
      vertex 202.622 26.2535 0
    endloop
  endfacet
  facet normal 0 0 -1
    outer loop
      vertex 202.688 26.2355 0
      vertex 202.607 27.2659 0
      vertex 202.682 27.2912 0
    endloop
  endfacet
  facet normal 0 0 -1
    outer loop
      vertex 202.531 27.2371 0
      vertex 202.622 26.2535 0
      vertex 202.555 26.2737 0
    endloop
  endfacet
  facet normal 0 0 -1
    outer loop
      vertex 202.622 26.2535 0
      vertex 202.531 27.2371 0
      vertex 202.607 27.2659 0
    endloop
  endfacet
  facet normal 0 0 -1
    outer loop
      vertex 202.454 27.205 0
      vertex 202.555 26.2737 0
      vertex 202.486 26.2962 0
    endloop
  endfacet
  facet normal 0 0 -1
    outer loop
      vertex 202.555 26.2737 0
      vertex 202.454 27.205 0
      vertex 202.531 27.2371 0
    endloop
  endfacet
  facet normal 0 0 -1
    outer loop
      vertex 202.416 26.321 0
      vertex 202.454 27.205 0
      vertex 202.486 26.2962 0
    endloop
  endfacet
  facet normal 0 0 -1
    outer loop
      vertex 202.416 26.321 0
      vertex 202.375 27.1694 0
      vertex 202.454 27.205 0
    endloop
  endfacet
  facet normal 0 0 -1
    outer loop
      vertex 202.345 26.348 0
      vertex 202.375 27.1694 0
      vertex 202.416 26.321 0
    endloop
  endfacet
  facet normal 0 0 -1
    outer loop
      vertex 202.345 26.348 0
      vertex 202.296 27.1305 0
      vertex 202.375 27.1694 0
    endloop
  endfacet
  facet normal 0 0 -1
    outer loop
      vertex 202.273 26.3773 0
      vertex 202.296 27.1305 0
      vertex 202.345 26.348 0
    endloop
  endfacet
  facet normal 0 0 -1
    outer loop
      vertex 202.296 27.1305 0
      vertex 202.273 26.3773 0
      vertex 202.215 27.0883 0
    endloop
  endfacet
  facet normal 0 0 -1
    outer loop
      vertex 202.273 26.3773 0
      vertex 201.355 25.3932 0
      vertex 201.348 25.4624 0
    endloop
  endfacet
  facet normal 0 0 -1
    outer loop
      vertex 201.318 25.5913 0
      vertex 202.273 26.3773 0
      vertex 201.335 25.5284 0
    endloop
  endfacet
  facet normal 0 -0 -1
    outer loop
      vertex 201.42 26.4862 0
      vertex 202.273 26.3773 0
      vertex 201.384 26.414 0
    endloop
  endfacet
  facet normal 0 -0 -1
    outer loop
      vertex 201.45 26.5627 0
      vertex 202.273 26.3773 0
      vertex 201.42 26.4862 0
    endloop
  endfacet
  facet normal 0 0 -1
    outer loop
      vertex 201.269 25.7076 0
      vertex 202.273 26.3773 0
      vertex 201.296 25.651 0
    endloop
  endfacet
  facet normal -0 0 -1
    outer loop
      vertex 202.273 26.3773 0
      vertex 201.341 26.3461 0
      vertex 201.384 26.414 0
    endloop
  endfacet
  facet normal 0 0 -1
    outer loop
      vertex 202.273 26.3773 0
      vertex 201.269 25.7076 0
      vertex 201.341 26.3461 0
    endloop
  endfacet
  facet normal 0 0 -1
    outer loop
      vertex 201.341 26.3461 0
      vertex 201.269 25.7076 0
      vertex 201.292 26.2832 0
    endloop
  endfacet
  facet normal 0 0 -1
    outer loop
      vertex 201.237 25.761 0
      vertex 201.292 26.2832 0
      vertex 201.269 25.7076 0
    endloop
  endfacet
  facet normal 0 0 -1
    outer loop
      vertex 201.292 26.2832 0
      vertex 201.237 25.761 0
      vertex 201.238 26.2263 0
    endloop
  endfacet
  facet normal 0 0 -1
    outer loop
      vertex 201.2 25.811 0
      vertex 201.238 26.2263 0
      vertex 201.237 25.761 0
    endloop
  endfacet
  facet normal 0 0 -1
    outer loop
      vertex 201.2 25.811 0
      vertex 201.178 26.1753 0
      vertex 201.238 26.2263 0
    endloop
  endfacet
  facet normal 0 0 -1
    outer loop
      vertex 201.159 25.8571 0
      vertex 201.178 26.1753 0
      vertex 201.2 25.811 0
    endloop
  endfacet
  facet normal 0 0 -1
    outer loop
      vertex 201.113 25.8994 0
      vertex 201.178 26.1753 0
      vertex 201.159 25.8571 0
    endloop
  endfacet
  facet normal 0 0 -1
    outer loop
      vertex 201.178 26.1753 0
      vertex 201.113 25.8994 0
      vertex 201.113 26.1302 0
    endloop
  endfacet
  facet normal 0 0 -1
    outer loop
      vertex 201.063 25.9378 0
      vertex 201.113 26.1302 0
      vertex 201.113 25.8994 0
    endloop
  endfacet
  facet normal 0 0 -1
    outer loop
      vertex 201.063 25.9378 0
      vertex 201.043 26.091 0
      vertex 201.113 26.1302 0
    endloop
  endfacet
  facet normal 0 0 -1
    outer loop
      vertex 201.008 25.9725 0
      vertex 201.043 26.091 0
      vertex 201.063 25.9378 0
    endloop
  endfacet
  facet normal 0 0 -1
    outer loop
      vertex 201.008 25.9725 0
      vertex 200.967 26.0577 0
      vertex 201.043 26.091 0
    endloop
  endfacet
  facet normal 0 0 -1
    outer loop
      vertex 200.949 26.0033 0
      vertex 200.967 26.0577 0
      vertex 201.008 25.9725 0
    endloop
  endfacet
  facet normal 0 0 -1
    outer loop
      vertex 200.967 26.0577 0
      vertex 200.949 26.0033 0
      vertex 200.885 26.0303 0
    endloop
  endfacet
  facet normal -0 0 -1
    outer loop
      vertex 203.016 9.22253 0
      vertex 199.422 8.908 0
      vertex 200.827 10.975 0
    endloop
  endfacet
  facet normal 0 0 -1
    outer loop
      vertex 198.586 24.3837 0
      vertex 200 22.731 0
      vertex 200 22.231 0
    endloop
  endfacet
  facet normal 0 0 -1
    outer loop
      vertex 200 22.731 0
      vertex 198.586 24.3837 0
      vertex 199.957 24.3837 0
    endloop
  endfacet
  facet normal 0 0 -1
    outer loop
      vertex 168.3 22.231 0
      vertex 198.586 27.9274 0
      vertex 198.586 24.3837 0
    endloop
  endfacet
  facet normal 0 0 -1
    outer loop
      vertex 182.4 60.683 0
      vertex 204.015 27.8906 0
      vertex 182.4 54.683 0
    endloop
  endfacet
  facet normal 0 0 -1
    outer loop
      vertex 198.586 27.9274 0
      vertex 181 54.183 0
      vertex 182.4 54.683 0
    endloop
  endfacet
  facet normal -0 0 -1
    outer loop
      vertex 198.586 27.9274 0
      vertex 168.3 22.231 0
      vertex 181 54.183 0
    endloop
  endfacet
  facet normal 0 0 -1
    outer loop
      vertex 168.3 22.231 0
      vertex 198.586 24.3837 0
      vertex 200 22.231 0
    endloop
  endfacet
  facet normal -0 0 -1
    outer loop
      vertex 181 54.183 0
      vertex 168.3 22.231 0
      vertex 177.8 54.183 0
    endloop
  endfacet
  facet normal 0 0 -1
    outer loop
      vertex 168.3 54.683 0
      vertex 177.8 54.183 0
      vertex 168.3 22.231 0
    endloop
  endfacet
  facet normal 0 0 -1
    outer loop
      vertex 177.8 54.183 0
      vertex 168.3 54.683 0
      vertex 177.8 54.683 0
    endloop
  endfacet
  facet normal 0 0 -1
    outer loop
      vertex 199.798 135.543 0
      vertex 199.696 134.442 0
      vertex 199.769 135.466 0
    endloop
  endfacet
  facet normal 0 0 -1
    outer loop
      vertex 199.684 134.508 0
      vertex 199.769 135.466 0
      vertex 199.696 134.442 0
    endloop
  endfacet
  facet normal 0 0 -1
    outer loop
      vertex 199.667 134.571 0
      vertex 199.769 135.466 0
      vertex 199.684 134.508 0
    endloop
  endfacet
  facet normal 0 0 -1
    outer loop
      vertex 199.769 135.466 0
      vertex 199.667 134.571 0
      vertex 199.732 135.394 0
    endloop
  endfacet
  facet normal 0 0 -1
    outer loop
      vertex 199.644 134.631 0
      vertex 199.732 135.394 0
      vertex 199.667 134.571 0
    endloop
  endfacet
  facet normal 0 0 -1
    outer loop
      vertex 199.732 135.394 0
      vertex 199.644 134.631 0
      vertex 199.69 135.326 0
    endloop
  endfacet
  facet normal 0 0 -1
    outer loop
      vertex 199.617 134.687 0
      vertex 199.69 135.326 0
      vertex 199.644 134.631 0
    endloop
  endfacet
  facet normal 0 0 -1
    outer loop
      vertex 199.69 135.326 0
      vertex 199.617 134.687 0
      vertex 199.641 135.263 0
    endloop
  endfacet
  facet normal 0 0 -1
    outer loop
      vertex 199.585 134.741 0
      vertex 199.641 135.263 0
      vertex 199.617 134.687 0
    endloop
  endfacet
  facet normal 0 0 -1
    outer loop
      vertex 199.641 135.263 0
      vertex 199.585 134.741 0
      vertex 199.586 135.206 0
    endloop
  endfacet
  facet normal 0 0 -1
    outer loop
      vertex 199.548 134.791 0
      vertex 199.586 135.206 0
      vertex 199.585 134.741 0
    endloop
  endfacet
  facet normal 0 0 -1
    outer loop
      vertex 199.548 134.791 0
      vertex 199.527 135.155 0
      vertex 199.586 135.206 0
    endloop
  endfacet
  facet normal 0 0 -1
    outer loop
      vertex 199.507 134.837 0
      vertex 199.527 135.155 0
      vertex 199.548 134.791 0
    endloop
  endfacet
  facet normal 0 0 -1
    outer loop
      vertex 199.461 134.879 0
      vertex 199.527 135.155 0
      vertex 199.507 134.837 0
    endloop
  endfacet
  facet normal 0 0 -1
    outer loop
      vertex 199.527 135.155 0
      vertex 199.461 134.879 0
      vertex 199.462 135.11 0
    endloop
  endfacet
  facet normal 0 0 -1
    outer loop
      vertex 199.411 134.918 0
      vertex 199.462 135.11 0
      vertex 199.461 134.879 0
    endloop
  endfacet
  facet normal 0 0 -1
    outer loop
      vertex 199.411 134.918 0
      vertex 199.391 135.071 0
      vertex 199.462 135.11 0
    endloop
  endfacet
  facet normal 0 0 -1
    outer loop
      vertex 199.356 134.952 0
      vertex 199.391 135.071 0
      vertex 199.411 134.918 0
    endloop
  endfacet
  facet normal 0 0 -1
    outer loop
      vertex 199.356 134.952 0
      vertex 199.315 135.038 0
      vertex 199.391 135.071 0
    endloop
  endfacet
  facet normal 0 0 -1
    outer loop
      vertex 199.297 134.983 0
      vertex 199.315 135.038 0
      vertex 199.356 134.952 0
    endloop
  endfacet
  facet normal 0 0 -1
    outer loop
      vertex 199.315 135.038 0
      vertex 199.297 134.983 0
      vertex 199.234 135.01 0
    endloop
  endfacet
  facet normal 0 0 -1
    outer loop
      vertex 200 131.677 0
      vertex 198.857 133.404 0
      vertex 198.864 133.405 0
    endloop
  endfacet
  facet normal 0 0 -1
    outer loop
      vertex 197.006 130.406 0
      vertex 196.934 133.364 0
      vertex 197.552 133.364 0
    endloop
  endfacet
  facet normal 0 0 -1
    outer loop
      vertex 196.934 133.364 0
      vertex 195.131 135.469 0
      vertex 196.934 136.907 0
    endloop
  endfacet
  facet normal 0 0 -1
    outer loop
      vertex 195.131 135.469 0
      vertex 196.934 133.364 0
      vertex 197.006 130.406 0
    endloop
  endfacet
  facet normal 0 0 -1
    outer loop
      vertex 209.277 7.69237 0
      vertex 209.464 8.05249 0
      vertex 209.46 7.98811 0
    endloop
  endfacet
  facet normal 0 0 -1
    outer loop
      vertex 209.326 7.73088 0
      vertex 209.46 7.98811 0
      vertex 209.449 7.92804 0
    endloop
  endfacet
  facet normal 0 0 -1
    outer loop
      vertex 209.22 7.6586 0
      vertex 209.464 8.05249 0
      vertex 209.277 7.69237 0
    endloop
  endfacet
  facet normal 0 0 -1
    outer loop
      vertex 209.326 7.73088 0
      vertex 209.449 7.92804 0
      vertex 209.429 7.87228 0
    endloop
  endfacet
  facet normal 0 0 -1
    outer loop
      vertex 209.464 8.05249 0
      vertex 209.212 8.46017 0
      vertex 209.46 8.12181 0
    endloop
  endfacet
  facet normal 0 0 -1
    outer loop
      vertex 209.326 7.73088 0
      vertex 209.429 7.87228 0
      vertex 209.403 7.82083 0
    endloop
  endfacet
  facet normal 0 0 -1
    outer loop
      vertex 209.46 7.98811 0
      vertex 209.326 7.73088 0
      vertex 209.277 7.69237 0
    endloop
  endfacet
  facet normal 0 0 -1
    outer loop
      vertex 209.326 7.73088 0
      vertex 209.403 7.82083 0
      vertex 209.368 7.7737 0
    endloop
  endfacet
  facet normal -0 -0 -1
    outer loop
      vertex 209.271 8.42749 0
      vertex 209.46 8.12181 0
      vertex 209.212 8.46017 0
    endloop
  endfacet
  facet normal 0 0 -1
    outer loop
      vertex 209.428 8.24469 0
      vertex 209.322 8.38966 0
      vertex 209.401 8.29826 0
    endloop
  endfacet
  facet normal 0 0 -1
    outer loop
      vertex 209.401 8.29826 0
      vertex 209.322 8.38966 0
      vertex 209.366 8.34659 0
    endloop
  endfacet
  facet normal 0 0 -1
    outer loop
      vertex 209.448 8.18588 0
      vertex 209.271 8.42749 0
      vertex 209.428 8.24469 0
    endloop
  endfacet
  facet normal 0 0 -1
    outer loop
      vertex 209.428 8.24469 0
      vertex 209.271 8.42749 0
      vertex 209.322 8.38966 0
    endloop
  endfacet
  facet normal -0 0 -1
    outer loop
      vertex 209.464 8.05249 0
      vertex 209.22 7.6586 0
      vertex 209.212 8.46017 0
    endloop
  endfacet
  facet normal 0 0 -1
    outer loop
      vertex 209.46 8.12181 0
      vertex 209.271 8.42749 0
      vertex 209.448 8.18588 0
    endloop
  endfacet
  facet normal 0 0 -1
    outer loop
      vertex 209.145 8.48782 0
      vertex 209.22 7.6586 0
      vertex 209.157 7.63002 0
    endloop
  endfacet
  facet normal 0 0 -1
    outer loop
      vertex 209.22 7.6586 0
      vertex 209.145 8.48782 0
      vertex 209.212 8.46017 0
    endloop
  endfacet
  facet normal 0 0 -1
    outer loop
      vertex 209.088 7.60664 0
      vertex 209.145 8.48782 0
      vertex 209.157 7.63002 0
    endloop
  endfacet
  facet normal 0 0 -1
    outer loop
      vertex 209.088 7.60664 0
      vertex 209.069 8.51045 0
      vertex 209.145 8.48782 0
    endloop
  endfacet
  facet normal 0 0 -1
    outer loop
      vertex 209.012 7.58847 0
      vertex 209.069 8.51045 0
      vertex 209.088 7.60664 0
    endloop
  endfacet
  facet normal 0 0 -1
    outer loop
      vertex 209.012 7.58847 0
      vertex 208.986 8.52806 0
      vertex 209.069 8.51045 0
    endloop
  endfacet
  facet normal 0 0 -1
    outer loop
      vertex 208.93 7.57549 0
      vertex 208.986 8.52806 0
      vertex 209.012 7.58847 0
    endloop
  endfacet
  facet normal 0 0 -1
    outer loop
      vertex 208.93 7.57549 0
      vertex 208.894 8.54063 0
      vertex 208.986 8.52806 0
    endloop
  endfacet
  facet normal 0 0 -1
    outer loop
      vertex 208.842 7.56769 0
      vertex 208.894 8.54063 0
      vertex 208.93 7.57549 0
    endloop
  endfacet
  facet normal 0 0 -1
    outer loop
      vertex 208.842 7.56769 0
      vertex 208.794 8.54817 0
      vertex 208.894 8.54063 0
    endloop
  endfacet
  facet normal 0 0 -1
    outer loop
      vertex 208.748 7.56509 0
      vertex 208.794 8.54817 0
      vertex 208.842 7.56769 0
    endloop
  endfacet
  facet normal 0 0 -1
    outer loop
      vertex 208.748 7.56509 0
      vertex 208.685 8.55069 0
      vertex 208.794 8.54817 0
    endloop
  endfacet
  facet normal 0 0 -1
    outer loop
      vertex 208.675 7.56625 0
      vertex 208.685 8.55069 0
      vertex 208.748 7.56509 0
    endloop
  endfacet
  facet normal 0 0 -1
    outer loop
      vertex 208.603 7.56975 0
      vertex 208.685 8.55069 0
      vertex 208.675 7.56625 0
    endloop
  endfacet
  facet normal 0 0 -1
    outer loop
      vertex 208.53 7.57556 0
      vertex 208.685 8.55069 0
      vertex 208.603 7.56975 0
    endloop
  endfacet
  facet normal 0 0 -1
    outer loop
      vertex 208.458 7.58369 0
      vertex 208.685 8.55069 0
      vertex 208.53 7.57556 0
    endloop
  endfacet
  facet normal 0 0 -1
    outer loop
      vertex 208.385 7.59416 0
      vertex 208.685 8.55069 0
      vertex 208.458 7.58369 0
    endloop
  endfacet
  facet normal 0 0 -1
    outer loop
      vertex 208.246 8.55069 0
      vertex 208.385 7.59416 0
      vertex 208.311 7.60696 0
    endloop
  endfacet
  facet normal 0 0 -1
    outer loop
      vertex 208.385 7.59416 0
      vertex 208.246 8.55069 0
      vertex 208.685 8.55069 0
    endloop
  endfacet
  facet normal 0 0 -1
    outer loop
      vertex 208.164 7.63948 0
      vertex 208.246 8.55069 0
      vertex 208.238 7.62209 0
    endloop
  endfacet
  facet normal 0 0 -1
    outer loop
      vertex 208.238 7.62209 0
      vertex 208.246 8.55069 0
      vertex 208.311 7.60696 0
    endloop
  endfacet
  facet normal 0 0 -1
    outer loop
      vertex 209.332 9.36652 0
      vertex 209.559 9.78603 0
      vertex 209.554 9.70964 0
    endloop
  endfacet
  facet normal 0 0 -1
    outer loop
      vertex 209.559 9.78603 0
      vertex 209.338 10.1987 0
      vertex 209.554 9.86029 0
    endloop
  endfacet
  facet normal 0 0 -1
    outer loop
      vertex 209.392 9.40999 0
      vertex 209.554 9.70964 0
      vertex 209.54 9.63875 0
    endloop
  endfacet
  facet normal -0 -0 -1
    outer loop
      vertex 209.396 10.1551 0
      vertex 209.554 9.86029 0
      vertex 209.338 10.1987 0
    endloop
  endfacet
  facet normal 0 0 -1
    outer loop
      vertex 209.392 9.40999 0
      vertex 209.54 9.63875 0
      vertex 209.517 9.57332 0
    endloop
  endfacet
  facet normal 0 0 -1
    outer loop
      vertex 209.541 9.92944 0
      vertex 209.396 10.1551 0
      vertex 209.518 9.9935 0
    endloop
  endfacet
  facet normal 0 0 -1
    outer loop
      vertex 209.443 9.45895 0
      vertex 209.517 9.57332 0
      vertex 209.485 9.5134 0
    endloop
  endfacet
  facet normal 0 0 -1
    outer loop
      vertex 209.518 9.9935 0
      vertex 209.446 10.1063 0
      vertex 209.487 10.0525 0
    endloop
  endfacet
  facet normal 0 0 -1
    outer loop
      vertex 209.392 9.40999 0
      vertex 209.517 9.57332 0
      vertex 209.443 9.45895 0
    endloop
  endfacet
  facet normal 0 0 -1
    outer loop
      vertex 209.518 9.9935 0
      vertex 209.396 10.1551 0
      vertex 209.446 10.1063 0
    endloop
  endfacet
  facet normal 0 0 -1
    outer loop
      vertex 209.554 9.70964 0
      vertex 209.392 9.40999 0
      vertex 209.332 9.36652 0
    endloop
  endfacet
  facet normal 0 0 -1
    outer loop
      vertex 209.554 9.86029 0
      vertex 209.396 10.1551 0
      vertex 209.541 9.92944 0
    endloop
  endfacet
  facet normal -0 0 -1
    outer loop
      vertex 209.559 9.78603 0
      vertex 209.332 9.36652 0
      vertex 209.338 10.1987 0
    endloop
  endfacet
  facet normal 0 0 -1
    outer loop
      vertex 209.332 9.36652 0
      vertex 209.271 10.2369 0
      vertex 209.338 10.1987 0
    endloop
  endfacet
  facet normal 0 0 -1
    outer loop
      vertex 209.263 9.32869 0
      vertex 209.271 10.2369 0
      vertex 209.332 9.36652 0
    endloop
  endfacet
  facet normal 0 0 -1
    outer loop
      vertex 209.263 9.32869 0
      vertex 209.196 10.2692 0
      vertex 209.271 10.2369 0
    endloop
  endfacet
  facet normal 0 0 -1
    outer loop
      vertex 209.185 9.29669 0
      vertex 209.196 10.2692 0
      vertex 209.263 9.32869 0
    endloop
  endfacet
  facet normal 0 0 -1
    outer loop
      vertex 209.185 9.29669 0
      vertex 209.113 10.2957 0
      vertex 209.196 10.2692 0
    endloop
  endfacet
  facet normal 0 0 -1
    outer loop
      vertex 209.098 9.27051 0
      vertex 209.113 10.2957 0
      vertex 209.185 9.29669 0
    endloop
  endfacet
  facet normal 0 0 -1
    outer loop
      vertex 209.098 9.27051 0
      vertex 209.022 10.3162 0
      vertex 209.113 10.2957 0
    endloop
  endfacet
  facet normal 0 0 -1
    outer loop
      vertex 209.003 9.25014 0
      vertex 209.022 10.3162 0
      vertex 209.098 9.27051 0
    endloop
  endfacet
  facet normal 0 0 -1
    outer loop
      vertex 209.003 9.25014 0
      vertex 208.923 10.3309 0
      vertex 209.022 10.3162 0
    endloop
  endfacet
  facet normal 0 0 -1
    outer loop
      vertex 208.899 9.2356 0
      vertex 208.923 10.3309 0
      vertex 209.003 9.25014 0
    endloop
  endfacet
  facet normal 0 0 -1
    outer loop
      vertex 208.899 9.2356 0
      vertex 208.816 10.3397 0
      vertex 208.923 10.3309 0
    endloop
  endfacet
  facet normal 0 0 -1
    outer loop
      vertex 208.786 9.22687 0
      vertex 208.816 10.3397 0
      vertex 208.899 9.2356 0
    endloop
  endfacet
  facet normal 0 0 -1
    outer loop
      vertex 208.786 9.22687 0
      vertex 208.702 10.3427 0
      vertex 208.816 10.3397 0
    endloop
  endfacet
  facet normal 0 0 -1
    outer loop
      vertex 208.664 9.22395 0
      vertex 208.702 10.3427 0
      vertex 208.786 9.22687 0
    endloop
  endfacet
  facet normal 0 0 -1
    outer loop
      vertex 208.664 9.22395 0
      vertex 208.622 10.3411 0
      vertex 208.702 10.3427 0
    endloop
  endfacet
  facet normal 0 0 -1
    outer loop
      vertex 208.664 9.22395 0
      vertex 208.541 10.3366 0
      vertex 208.622 10.3411 0
    endloop
  endfacet
  facet normal 0 0 -1
    outer loop
      vertex 208.664 9.22395 0
      vertex 208.46 10.3289 0
      vertex 208.541 10.3366 0
    endloop
  endfacet
  facet normal 0 0 -1
    outer loop
      vertex 208.664 9.22395 0
      vertex 208.379 10.3182 0
      vertex 208.46 10.3289 0
    endloop
  endfacet
  facet normal 0 0 -1
    outer loop
      vertex 208.246 9.22395 0
      vertex 208.379 10.3182 0
      vertex 208.664 9.22395 0
    endloop
  endfacet
  facet normal 0 0 -1
    outer loop
      vertex 208.379 10.3182 0
      vertex 208.246 9.22395 0
      vertex 208.298 10.3044 0
    endloop
  endfacet
  facet normal 0 0 -1
    outer loop
      vertex 208.246 9.22395 0
      vertex 208.216 10.2876 0
      vertex 208.298 10.3044 0
    endloop
  endfacet
  facet normal 0 0 -1
    outer loop
      vertex 208.091 7.65909 0
      vertex 208.246 8.55069 0
      vertex 208.164 7.63948 0
    endloop
  endfacet
  facet normal 0 0 -1
    outer loop
      vertex 208.017 7.68091 0
      vertex 208.246 8.55069 0
      vertex 208.091 7.65909 0
    endloop
  endfacet
  facet normal 0 0 -1
    outer loop
      vertex 208.246 9.22395 0
      vertex 208.133 10.2677 0
      vertex 208.216 10.2876 0
    endloop
  endfacet
  facet normal 0 0 -1
    outer loop
      vertex 207.944 7.70496 0
      vertex 208.246 8.55069 0
      vertex 208.017 7.68091 0
    endloop
  endfacet
  facet normal 0 0 -1
    outer loop
      vertex 208.246 9.22395 0
      vertex 208.051 10.2449 0
      vertex 208.133 10.2677 0
    endloop
  endfacet
  facet normal 0 0 -1
    outer loop
      vertex 207.871 7.73122 0
      vertex 208.246 8.55069 0
      vertex 207.944 7.70496 0
    endloop
  endfacet
  facet normal 0 0 -1
    outer loop
      vertex 208.246 9.22395 0
      vertex 207.968 10.219 0
      vertex 208.051 10.2449 0
    endloop
  endfacet
  facet normal 0 0 -1
    outer loop
      vertex 207.798 7.75967 0
      vertex 208.246 8.55069 0
      vertex 207.871 7.73122 0
    endloop
  endfacet
  facet normal 0 0 -1
    outer loop
      vertex 208.246 9.22395 0
      vertex 207.885 10.1903 0
      vertex 207.968 10.219 0
    endloop
  endfacet
  facet normal 0 0 -1
    outer loop
      vertex 207.725 7.79037 0
      vertex 208.246 8.55069 0
      vertex 207.798 7.75967 0
    endloop
  endfacet
  facet normal 0 0 -1
    outer loop
      vertex 208.246 9.22395 0
      vertex 207.802 10.1586 0
      vertex 207.885 10.1903 0
    endloop
  endfacet
  facet normal 0 0 -1
    outer loop
      vertex 206.877 8.72733 0
      vertex 208.246 8.55069 0
      vertex 207.725 7.79037 0
    endloop
  endfacet
  facet normal 0 0 -1
    outer loop
      vertex 208.246 8.55069 0
      vertex 206.877 8.72733 0
      vertex 208.246 9.22395 0
    endloop
  endfacet
  facet normal 0 0 -1
    outer loop
      vertex 208.246 9.22395 0
      vertex 207.719 10.1239 0
      vertex 207.802 10.1586 0
    endloop
  endfacet
  facet normal 0 0 -1
    outer loop
      vertex 204.728 27.2184 0
      vertex 270 0 0
      vertex 204.768 27.0796 0
    endloop
  endfacet
  facet normal 0 0 -1
    outer loop
      vertex 270 141 0
      vertex 214.254 131.603 0
      vertex 214.908 135.469 0
    endloop
  endfacet
  facet normal 0 0 -1
    outer loop
      vertex 214.908 135.469 0
      vertex 214.254 131.603 0
      vertex 214.264 131.803 0
    endloop
  endfacet
  facet normal 0 0 -1
    outer loop
      vertex 270 141 0
      vertex 214.226 131.42 0
      vertex 214.254 131.603 0
    endloop
  endfacet
  facet normal 0 0 -1
    outer loop
      vertex 270 141 0
      vertex 214.178 131.253 0
      vertex 214.226 131.42 0
    endloop
  endfacet
  facet normal 0 0 -1
    outer loop
      vertex 270 141 0
      vertex 214.111 131.101 0
      vertex 214.178 131.253 0
    endloop
  endfacet
  facet normal 0 0 -1
    outer loop
      vertex 270 141 0
      vertex 214.026 130.965 0
      vertex 214.111 131.101 0
    endloop
  endfacet
  facet normal 0 0 -1
    outer loop
      vertex 270 141 0
      vertex 213.921 130.846 0
      vertex 214.026 130.965 0
    endloop
  endfacet
  facet normal 0 0 -1
    outer loop
      vertex 270 141 0
      vertex 213.797 130.742 0
      vertex 213.921 130.846 0
    endloop
  endfacet
  facet normal 0 0 -1
    outer loop
      vertex 204.672 27.3469 0
      vertex 270 0 0
      vertex 204.728 27.2184 0
    endloop
  endfacet
  facet normal 0 0 -1
    outer loop
      vertex 210.452 10.4188 0
      vertex 204.768 27.0796 0
      vertex 270 0 0
    endloop
  endfacet
  facet normal 0 0 -1
    outer loop
      vertex 204.768 27.0796 0
      vertex 210.142 10.7407 0
      vertex 210.002 10.8239 0
    endloop
  endfacet
  facet normal 0 0 -1
    outer loop
      vertex 204.6 27.4653 0
      vertex 270 0 0
      vertex 204.672 27.3469 0
    endloop
  endfacet
  facet normal 0 0 -1
    outer loop
      vertex 204.768 27.0796 0
      vertex 210.002 10.8239 0
      vertex 209.844 10.8943 0
    endloop
  endfacet
  facet normal 0 0 -1
    outer loop
      vertex 270 0 0
      vertex 204.6 27.4653 0
      vertex 270 141 0
    endloop
  endfacet
  facet normal 0 0 -1
    outer loop
      vertex 204.768 27.0796 0
      vertex 209.844 10.8943 0
      vertex 209.669 10.9519 0
    endloop
  endfacet
  facet normal 0 0 -1
    outer loop
      vertex 210.594 9.99057 0
      vertex 270 0 0
      vertex 210.603 9.82423 0
    endloop
  endfacet
  facet normal 0 0 -1
    outer loop
      vertex 270 0 0
      vertex 210.599 9.71153 0
      vertex 210.603 9.82423 0
    endloop
  endfacet
  facet normal 0 0 -1
    outer loop
      vertex 210.508 7.88937 0
      vertex 210.599 9.71153 0
      vertex 270 0 0
    endloop
  endfacet
  facet normal 0 0 -1
    outer loop
      vertex 210.599 9.71153 0
      vertex 210.508 7.88937 0
      vertex 210.586 9.60464 0
    endloop
  endfacet
  facet normal 0 0 -1
    outer loop
      vertex 210.504 7.98822 0
      vertex 210.586 9.60464 0
      vertex 210.508 7.88937 0
    endloop
  endfacet
  facet normal 0 0 -1
    outer loop
      vertex 210.586 9.60464 0
      vertex 210.504 7.98822 0
      vertex 210.564 9.50359 0
    endloop
  endfacet
  facet normal 0 0 -1
    outer loop
      vertex 270 0 0
      vertex 210.5 7.74597 0
      vertex 210.508 7.88937 0
    endloop
  endfacet
  facet normal 0 0 -1
    outer loop
      vertex 270 0 0
      vertex 210.476 7.61324 0
      vertex 210.5 7.74597 0
    endloop
  endfacet
  facet normal 0 0 -1
    outer loop
      vertex 270 0 0
      vertex 210.436 7.4912 0
      vertex 210.476 7.61324 0
    endloop
  endfacet
  facet normal 0 0 -1
    outer loop
      vertex 270 0 0
      vertex 210.38 7.37984 0
      vertex 210.436 7.4912 0
    endloop
  endfacet
  facet normal 0 0 -1
    outer loop
      vertex 270 0 0
      vertex 210.308 7.27914 0
      vertex 210.38 7.37984 0
    endloop
  endfacet
  facet normal 0 0 -1
    outer loop
      vertex 270 0 0
      vertex 210.22 7.18913 0
      vertex 210.308 7.27914 0
    endloop
  endfacet
  facet normal 0 0 -1
    outer loop
      vertex 270 0 0
      vertex 210.116 7.1098 0
      vertex 210.22 7.18913 0
    endloop
  endfacet
  facet normal 0 0 -1
    outer loop
      vertex 270 0 0
      vertex 209.996 7.04111 0
      vertex 210.116 7.1098 0
    endloop
  endfacet
  facet normal 0 0 -1
    outer loop
      vertex 270 0 0
      vertex 209.86 6.98297 0
      vertex 209.996 7.04111 0
    endloop
  endfacet
  facet normal 0 0 -1
    outer loop
      vertex 270 0 0
      vertex 209.707 6.93541 0
      vertex 209.86 6.98297 0
    endloop
  endfacet
  facet normal 0 0 -1
    outer loop
      vertex 270 0 0
      vertex 209.538 6.89841 0
      vertex 209.707 6.93541 0
    endloop
  endfacet
  facet normal 0 0 -1
    outer loop
      vertex 270 0 0
      vertex 209.353 6.87199 0
      vertex 209.538 6.89841 0
    endloop
  endfacet
  facet normal 0 0 -1
    outer loop
      vertex 270 0 0
      vertex 209.152 6.85614 0
      vertex 209.353 6.87199 0
    endloop
  endfacet
  facet normal 0 0 -1
    outer loop
      vertex 168.3 0 0
      vertex 209.152 6.85614 0
      vertex 270 0 0
    endloop
  endfacet
  facet normal 0 0 -1
    outer loop
      vertex 209.152 6.85614 0
      vertex 168.3 0 0
      vertex 208.935 6.85085 0
    endloop
  endfacet
  facet normal -0 0 -1
    outer loop
      vertex 208.935 6.85085 0
      vertex 168.3 0 0
      vertex 208.851 6.85173 0
    endloop
  endfacet
  facet normal 0 -0 -1
    outer loop
      vertex 205.37 6.8524 0
      vertex 208.851 6.85173 0
      vertex 168.3 0 0
    endloop
  endfacet
  facet normal 0 0 -1
    outer loop
      vertex 208.851 6.85173 0
      vertex 205.37 6.8524 0
      vertex 208.767 6.8544 0
    endloop
  endfacet
  facet normal 0 -0 -1
    outer loop
      vertex 205.483 6.85706 0
      vertex 208.767 6.8544 0
      vertex 205.37 6.8524 0
    endloop
  endfacet
  facet normal 0 0 -1
    outer loop
      vertex 206.728 7.15233 0
      vertex 207.725 7.79037 0
      vertex 207.725 7.02493 0
    endloop
  endfacet
  facet normal -0 0 -1
    outer loop
      vertex 208.246 9.22395 0
      vertex 206.877 8.72733 0
      vertex 207.551 10.0457 0
    endloop
  endfacet
  facet normal 0 0 -1
    outer loop
      vertex 208.246 9.22395 0
      vertex 207.635 10.0863 0
      vertex 207.719 10.1239 0
    endloop
  endfacet
  facet normal 0 0 -1
    outer loop
      vertex 206.877 10.6741 0
      vertex 207.551 10.0457 0
      vertex 206.877 8.72733 0
    endloop
  endfacet
  facet normal 0 0 -1
    outer loop
      vertex 208.246 9.22395 0
      vertex 207.551 10.0457 0
      vertex 207.635 10.0863 0
    endloop
  endfacet
  facet normal 0 0 -1
    outer loop
      vertex 206.728 7.99005 0
      vertex 207.725 7.79037 0
      vertex 206.728 7.15233 0
    endloop
  endfacet
  facet normal 0 0 -1
    outer loop
      vertex 206.339 7.00554 0
      vertex 207.725 7.02493 0
      vertex 207.813 7.00095 0
    endloop
  endfacet
  facet normal 0 0 -1
    outer loop
      vertex 206.237 6.97633 0
      vertex 207.813 7.00095 0
      vertex 207.901 6.97874 0
    endloop
  endfacet
  facet normal 0 0 -1
    outer loop
      vertex 206.134 6.9501 0
      vertex 207.901 6.97874 0
      vertex 207.989 6.95831 0
    endloop
  endfacet
  facet normal 0 0 -1
    outer loop
      vertex 206.134 6.9501 0
      vertex 207.989 6.95831 0
      vertex 208.077 6.93967 0
    endloop
  endfacet
  facet normal 0 0 -1
    outer loop
      vertex 206.029 6.9269 0
      vertex 208.077 6.93967 0
      vertex 208.164 6.92279 0
    endloop
  endfacet
  facet normal 0 0 -1
    outer loop
      vertex 205.923 6.90671 0
      vertex 208.164 6.92279 0
      vertex 208.251 6.90768 0
    endloop
  endfacet
  facet normal 0 0 -1
    outer loop
      vertex 207.725 7.02493 0
      vertex 206.633 7.11115 0
      vertex 206.728 7.15233 0
    endloop
  endfacet
  facet normal 0 0 -1
    outer loop
      vertex 205.923 6.90671 0
      vertex 208.251 6.90768 0
      vertex 208.338 6.89436 0
    endloop
  endfacet
  facet normal 0 0 -1
    outer loop
      vertex 205.815 6.88965 0
      vertex 208.338 6.89436 0
      vertex 208.425 6.88283 0
    endloop
  endfacet
  facet normal 0 0 -1
    outer loop
      vertex 207.725 7.02493 0
      vertex 206.537 7.07295 0
      vertex 206.633 7.11115 0
    endloop
  endfacet
  facet normal 0 0 -1
    outer loop
      vertex 205.706 6.87567 0
      vertex 208.425 6.88283 0
      vertex 208.511 6.87305 0
    endloop
  endfacet
  facet normal 0 0 -1
    outer loop
      vertex 208.767 6.8544 0
      vertex 205.483 6.85706 0
      vertex 208.682 6.85884 0
    endloop
  endfacet
  facet normal 0 0 -1
    outer loop
      vertex 207.725 7.02493 0
      vertex 206.439 7.03775 0
      vertex 206.537 7.07295 0
    endloop
  endfacet
  facet normal -0 0 -1
    outer loop
      vertex 207.725 7.02493 0
      vertex 206.339 7.00554 0
      vertex 206.439 7.03775 0
    endloop
  endfacet
  facet normal -0 0 -1
    outer loop
      vertex 207.813 7.00095 0
      vertex 206.237 6.97633 0
      vertex 206.339 7.00554 0
    endloop
  endfacet
  facet normal 0 0 -1
    outer loop
      vertex 207.901 6.97874 0
      vertex 206.134 6.9501 0
      vertex 206.237 6.97633 0
    endloop
  endfacet
  facet normal -0 0 -1
    outer loop
      vertex 208.077 6.93967 0
      vertex 206.029 6.9269 0
      vertex 206.134 6.9501 0
    endloop
  endfacet
  facet normal -0 0 -1
    outer loop
      vertex 208.164 6.92279 0
      vertex 205.923 6.90671 0
      vertex 206.029 6.9269 0
    endloop
  endfacet
  facet normal -0 0 -1
    outer loop
      vertex 208.338 6.89436 0
      vertex 205.815 6.88965 0
      vertex 205.923 6.90671 0
    endloop
  endfacet
  facet normal -0 0 -1
    outer loop
      vertex 208.425 6.88283 0
      vertex 205.706 6.87567 0
      vertex 205.815 6.88965 0
    endloop
  endfacet
  facet normal -0 0 -1
    outer loop
      vertex 208.511 6.87305 0
      vertex 205.595 6.86481 0
      vertex 205.706 6.87567 0
    endloop
  endfacet
  facet normal -0 0 -1
    outer loop
      vertex 208.597 6.86505 0
      vertex 205.595 6.86481 0
      vertex 208.511 6.87305 0
    endloop
  endfacet
  facet normal -0 0 -1
    outer loop
      vertex 208.682 6.85884 0
      vertex 205.483 6.85706 0
      vertex 208.597 6.86505 0
    endloop
  endfacet
  facet normal 0 -0 -1
    outer loop
      vertex 205.595 6.86481 0
      vertex 208.597 6.86505 0
      vertex 205.483 6.85706 0
    endloop
  endfacet
  facet normal 0 0 -1
    outer loop
      vertex 205.37 6.8524 0
      vertex 168.3 0 0
      vertex 205.255 6.85085 0
    endloop
  endfacet
  facet normal 0 0 -1
    outer loop
      vertex 199.422 8.908 0
      vertex 203.016 8.6826 0
      vertex 200.773 6.92509 0
    endloop
  endfacet
  facet normal 0 0 -1
    outer loop
      vertex 200.773 6.92509 0
      vertex 203.016 8.6826 0
      vertex 203.053 8.42828 0
    endloop
  endfacet
  facet normal 0 0 -1
    outer loop
      vertex 200.773 6.92509 0
      vertex 203.053 8.42828 0
      vertex 203.114 8.19104 0
    endloop
  endfacet
  facet normal 0 0 -1
    outer loop
      vertex 200.773 6.92509 0
      vertex 203.114 8.19104 0
      vertex 203.2 7.97084 0
    endloop
  endfacet
  facet normal 0 0 -1
    outer loop
      vertex 200.773 6.92509 0
      vertex 203.2 7.97084 0
      vertex 203.311 7.7677 0
    endloop
  endfacet
  facet normal 0 0 -1
    outer loop
      vertex 200.773 6.92509 0
      vertex 203.311 7.7677 0
      vertex 203.446 7.58163 0
    endloop
  endfacet
  facet normal 0 0 -1
    outer loop
      vertex 203.016 8.6826 0
      vertex 199.422 8.908 0
      vertex 203.003 8.95396 0
    endloop
  endfacet
  facet normal -0 0 -1
    outer loop
      vertex 203.606 7.41261 0
      vertex 200.773 6.92509 0
      vertex 203.446 7.58163 0
    endloop
  endfacet
  facet normal -0 0 -1
    outer loop
      vertex 203.787 7.26357 0
      vertex 200.773 6.92509 0
      vertex 203.606 7.41261 0
    endloop
  endfacet
  facet normal -0 0 -1
    outer loop
      vertex 203.986 7.13747 0
      vertex 200.773 6.92509 0
      vertex 203.787 7.26357 0
    endloop
  endfacet
  facet normal -0 0 -1
    outer loop
      vertex 204.203 7.03429 0
      vertex 200.773 6.92509 0
      vertex 203.986 7.13747 0
    endloop
  endfacet
  facet normal -0 0 -1
    outer loop
      vertex 204.439 6.95403 0
      vertex 200.773 6.92509 0
      vertex 204.203 7.03429 0
    endloop
  endfacet
  facet normal 0 0 -1
    outer loop
      vertex 204.693 6.8967 0
      vertex 200.773 6.92509 0
      vertex 204.439 6.95403 0
    endloop
  endfacet
  facet normal 0 0 -1
    outer loop
      vertex 204.965 6.8623 0
      vertex 200.773 6.92509 0
      vertex 204.693 6.8967 0
    endloop
  endfacet
  facet normal -0 0 -1
    outer loop
      vertex 205.255 6.85085 0
      vertex 168.3 0 0
      vertex 204.965 6.8623 0
    endloop
  endfacet
  facet normal -0 0 -1
    outer loop
      vertex 204.965 6.8623 0
      vertex 168.3 0 0
      vertex 200.773 6.92509 0
    endloop
  endfacet
  facet normal 0 0 -1
    outer loop
      vertex 199.677 6.92509 0
      vertex 197.905 6.92509 0
      vertex 198.792 8.22984 0
    endloop
  endfacet
  facet normal -0 0 -1
    outer loop
      vertex 200.773 6.92509 0
      vertex 168.3 0 0
      vertex 199.677 6.92509 0
    endloop
  endfacet
  facet normal -0 0 -1
    outer loop
      vertex 199.677 6.92509 0
      vertex 168.3 0 0
      vertex 197.905 6.92509 0
    endloop
  endfacet
  facet normal 0 0 -1
    outer loop
      vertex 198.166 8.908 0
      vertex 196.728 10.975 0
      vertex 196.761 10.975 0
    endloop
  endfacet
  facet normal -0 0 -1
    outer loop
      vertex 198.166 8.908 0
      vertex 195.228 6.92509 0
      vertex 196.728 10.975 0
    endloop
  endfacet
  facet normal -0 0 -1
    outer loop
      vertex 197.905 6.92509 0
      vertex 168.3 0 0
      vertex 196.815 6.92509 0
    endloop
  endfacet
  facet normal -0 0 -1
    outer loop
      vertex 196.815 6.92509 0
      vertex 168.3 0 0
      vertex 195.228 6.92509 0
    endloop
  endfacet
  facet normal 0 0 -1
    outer loop
      vertex 193.983 6.92509 0
      vertex 192.073 6.92509 0
      vertex 192.483 10.975 0
    endloop
  endfacet
  facet normal -0 0 -1
    outer loop
      vertex 195.228 6.92509 0
      vertex 168.3 0 0
      vertex 193.983 6.92509 0
    endloop
  endfacet
  facet normal -0 0 -1
    outer loop
      vertex 193.983 6.92509 0
      vertex 168.3 0 0
      vertex 192.073 6.92509 0
    endloop
  endfacet
  facet normal 0 0 -1
    outer loop
      vertex 190.746 6.92509 0
      vertex 188.896 6.92509 0
      vertex 189.819 9.09264 0
    endloop
  endfacet
  facet normal -0 0 -1
    outer loop
      vertex 192.073 6.92509 0
      vertex 168.3 0 0
      vertex 190.746 6.92509 0
    endloop
  endfacet
  facet normal -0 0 -1
    outer loop
      vertex 190.746 6.92509 0
      vertex 168.3 0 0
      vertex 188.896 6.92509 0
    endloop
  endfacet
  facet normal 0 0 -1
    outer loop
      vertex 183.139 8.42207 0
      vertex 187.567 6.92509 0
      vertex 183.147 8.24597 0
    endloop
  endfacet
  facet normal 0 0 -1
    outer loop
      vertex 187.567 6.92509 0
      vertex 183.139 8.07059 0
      vertex 183.147 8.24597 0
    endloop
  endfacet
  facet normal 0 0 -1
    outer loop
      vertex 187.567 6.92509 0
      vertex 183.113 7.9071 0
      vertex 183.139 8.07059 0
    endloop
  endfacet
  facet normal 0 0 -1
    outer loop
      vertex 187.567 6.92509 0
      vertex 183.071 7.75551 0
      vertex 183.113 7.9071 0
    endloop
  endfacet
  facet normal 0 0 -1
    outer loop
      vertex 187.567 6.92509 0
      vertex 183.012 7.61583 0
      vertex 183.071 7.75551 0
    endloop
  endfacet
  facet normal 0 0 -1
    outer loop
      vertex 187.567 6.92509 0
      vertex 182.936 7.48805 0
      vertex 183.012 7.61583 0
    endloop
  endfacet
  facet normal 0 0 -1
    outer loop
      vertex 187.567 6.92509 0
      vertex 182.843 7.37218 0
      vertex 182.936 7.48805 0
    endloop
  endfacet
  facet normal 0 0 -1
    outer loop
      vertex 187.567 6.92509 0
      vertex 182.733 7.2682 0
      vertex 182.843 7.37218 0
    endloop
  endfacet
  facet normal -0 0 -1
    outer loop
      vertex 188.896 6.92509 0
      vertex 168.3 0 0
      vertex 187.567 6.92509 0
    endloop
  endfacet
  facet normal 0 0 -1
    outer loop
      vertex 187.567 6.92509 0
      vertex 182.608 7.17717 0
      vertex 182.733 7.2682 0
    endloop
  endfacet
  facet normal 0 0 -1
    outer loop
      vertex 187.567 6.92509 0
      vertex 182.468 7.10014 0
      vertex 182.608 7.17717 0
    endloop
  endfacet
  facet normal 0 0 -1
    outer loop
      vertex 187.567 6.92509 0
      vertex 182.313 7.03712 0
      vertex 182.468 7.10014 0
    endloop
  endfacet
  facet normal 0 -0 -1
    outer loop
      vertex 181.959 6.95309 0
      vertex 187.567 6.92509 0
      vertex 168.3 0 0
    endloop
  endfacet
  facet normal 0 0 -1
    outer loop
      vertex 187.567 6.92509 0
      vertex 182.143 6.98811 0
      vertex 182.313 7.03712 0
    endloop
  endfacet
  facet normal 0 0 -1
    outer loop
      vertex 187.567 6.92509 0
      vertex 181.959 6.95309 0
      vertex 182.143 6.98811 0
    endloop
  endfacet
  facet normal 0 0 -1
    outer loop
      vertex 181.959 6.95309 0
      vertex 168.3 0 0
      vertex 181.76 6.93208 0
    endloop
  endfacet
  facet normal 0 0 -1
    outer loop
      vertex 181.76 6.93208 0
      vertex 168.3 0 0
      vertex 181.547 6.92509 0
    endloop
  endfacet
  facet normal 0 0 -1
    outer loop
      vertex 179.813 6.92509 0
      vertex 179.128 8.95396 0
      vertex 179.813 10.975 0
    endloop
  endfacet
  facet normal 0 0 -1
    outer loop
      vertex 179.813 6.92509 0
      vertex 179.119 8.67499 0
      vertex 179.128 8.95396 0
    endloop
  endfacet
  facet normal 0 0 -1
    outer loop
      vertex 179.813 6.92509 0
      vertex 179.093 8.41489 0
      vertex 179.119 8.67499 0
    endloop
  endfacet
  facet normal 0 0 -1
    outer loop
      vertex 179.813 6.92509 0
      vertex 179.048 8.17368 0
      vertex 179.093 8.41489 0
    endloop
  endfacet
  facet normal 0 0 -1
    outer loop
      vertex 179.813 6.92509 0
      vertex 178.986 7.95135 0
      vertex 179.048 8.17368 0
    endloop
  endfacet
  facet normal 0 0 -1
    outer loop
      vertex 179.813 6.92509 0
      vertex 178.907 7.74791 0
      vertex 178.986 7.95135 0
    endloop
  endfacet
  facet normal 0 0 -1
    outer loop
      vertex 179.813 6.92509 0
      vertex 178.809 7.56335 0
      vertex 178.907 7.74791 0
    endloop
  endfacet
  facet normal 0 0 -1
    outer loop
      vertex 179.813 6.92509 0
      vertex 178.694 7.39769 0
      vertex 178.809 7.56335 0
    endloop
  endfacet
  facet normal 0 0 -1
    outer loop
      vertex 179.813 6.92509 0
      vertex 178.563 7.25261 0
      vertex 178.694 7.39769 0
    endloop
  endfacet
  facet normal 0 0 -1
    outer loop
      vertex 179.813 6.92509 0
      vertex 178.416 7.12985 0
      vertex 178.563 7.25261 0
    endloop
  endfacet
  facet normal 0 0 -1
    outer loop
      vertex 179.813 6.92509 0
      vertex 178.255 7.0294 0
      vertex 178.416 7.12985 0
    endloop
  endfacet
  facet normal -0 0 -1
    outer loop
      vertex 181.547 6.92509 0
      vertex 168.3 0 0
      vertex 179.813 6.92509 0
    endloop
  endfacet
  facet normal 0 -0 -1
    outer loop
      vertex 177.683 6.86201 0
      vertex 179.813 6.92509 0
      vertex 168.3 0 0
    endloop
  endfacet
  facet normal 0 0 -1
    outer loop
      vertex 179.813 6.92509 0
      vertex 178.079 6.95129 0
      vertex 178.255 7.0294 0
    endloop
  endfacet
  facet normal -0 0 -1
    outer loop
      vertex 179.813 6.92509 0
      vertex 177.889 6.89549 0
      vertex 178.079 6.95129 0
    endloop
  endfacet
  facet normal 0 0 -1
    outer loop
      vertex 179.813 6.92509 0
      vertex 177.683 6.86201 0
      vertex 177.889 6.89549 0
    endloop
  endfacet
  facet normal 0 0 -1
    outer loop
      vertex 177.683 6.86201 0
      vertex 168.3 0 0
      vertex 177.463 6.85085 0
    endloop
  endfacet
  facet normal 0 0 -1
    outer loop
      vertex 174.786 9.47995 0
      vertex 175.794 8.95396 0
      vertex 175.803 8.67499 0
    endloop
  endfacet
  facet normal 0 0 -1
    outer loop
      vertex 174.786 9.47995 0
      vertex 175.803 8.67499 0
      vertex 175.83 8.41489 0
    endloop
  endfacet
  facet normal 0 0 -1
    outer loop
      vertex 174.786 6.92509 0
      vertex 175.83 8.41489 0
      vertex 175.874 8.17368 0
    endloop
  endfacet
  facet normal 0 0 -1
    outer loop
      vertex 174.786 6.92509 0
      vertex 175.874 8.17368 0
      vertex 175.936 7.95135 0
    endloop
  endfacet
  facet normal 0 0 -1
    outer loop
      vertex 174.786 9.47995 0
      vertex 175.83 8.41489 0
      vertex 174.786 6.92509 0
    endloop
  endfacet
  facet normal -0 0 -1
    outer loop
      vertex 176.016 7.74791 0
      vertex 174.786 6.92509 0
      vertex 175.936 7.95135 0
    endloop
  endfacet
  facet normal -0 0 -1
    outer loop
      vertex 176.113 7.56335 0
      vertex 174.786 6.92509 0
      vertex 176.016 7.74791 0
    endloop
  endfacet
  facet normal -0 0 -1
    outer loop
      vertex 176.228 7.39769 0
      vertex 174.786 6.92509 0
      vertex 176.113 7.56335 0
    endloop
  endfacet
  facet normal -0 0 -1
    outer loop
      vertex 176.36 7.25261 0
      vertex 174.786 6.92509 0
      vertex 176.228 7.39769 0
    endloop
  endfacet
  facet normal -0 0 -1
    outer loop
      vertex 176.506 7.12985 0
      vertex 174.786 6.92509 0
      vertex 176.36 7.25261 0
    endloop
  endfacet
  facet normal -0 0 -1
    outer loop
      vertex 176.668 7.0294 0
      vertex 174.786 6.92509 0
      vertex 176.506 7.12985 0
    endloop
  endfacet
  facet normal -0 0 -1
    outer loop
      vertex 176.844 6.95129 0
      vertex 174.786 6.92509 0
      vertex 176.668 7.0294 0
    endloop
  endfacet
  facet normal 0 0 -1
    outer loop
      vertex 177.035 6.89549 0
      vertex 174.786 6.92509 0
      vertex 176.844 6.95129 0
    endloop
  endfacet
  facet normal 0 0 -1
    outer loop
      vertex 168.3 0 0
      vertex 177.035 6.89549 0
      vertex 177.241 6.86201 0
    endloop
  endfacet
  facet normal -0 0 -1
    outer loop
      vertex 177.463 6.85085 0
      vertex 168.3 0 0
      vertex 177.241 6.86201 0
    endloop
  endfacet
  facet normal -0 0 -1
    outer loop
      vertex 177.035 6.89549 0
      vertex 168.3 0 0
      vertex 174.786 6.92509 0
    endloop
  endfacet
  facet normal 0 0 -1
    outer loop
      vertex 172.003 9.34239 0
      vertex 171.435 10.1865 0
      vertex 172.003 10.2377 0
    endloop
  endfacet
  facet normal 0 0 -1
    outer loop
      vertex 171.376 7.71356 0
      vertex 173.625 6.92509 0
      vertex 171.376 6.92509 0
    endloop
  endfacet
  facet normal 0 0 -1
    outer loop
      vertex 173.625 6.92509 0
      vertex 171.376 7.71356 0
      vertex 172.003 9.34239 0
    endloop
  endfacet
  facet normal -0 0 -1
    outer loop
      vertex 174.786 6.92509 0
      vertex 168.3 0 0
      vertex 173.625 6.92509 0
    endloop
  endfacet
  facet normal -0 0 -1
    outer loop
      vertex 173.625 6.92509 0
      vertex 168.3 0 0
      vertex 171.376 6.92509 0
    endloop
  endfacet
  facet normal 0 0 -1
    outer loop
      vertex 168.3 16.231 0
      vertex 168.557 6.92509 0
      vertex 168.3 0 0
    endloop
  endfacet
  facet normal -0 0 -1
    outer loop
      vertex 171.376 6.92509 0
      vertex 168.3 0 0
      vertex 168.557 6.92509 0
    endloop
  endfacet
  facet normal 0 0 -1
    outer loop
      vertex 205.023 136.907 0
      vertex 214.908 135.469 0
      vertex 213.518 135.469 0
    endloop
  endfacet
  facet normal 0 0 -1
    outer loop
      vertex 211.643 135.469 0
      vertex 212.901 134.21 0
      vertex 212.847 134.106 0
    endloop
  endfacet
  facet normal 0 0 -1
    outer loop
      vertex 211.643 135.469 0
      vertex 212.847 134.106 0
      vertex 212.794 134.013 0
    endloop
  endfacet
  facet normal 0 0 -1
    outer loop
      vertex 212.012 133.552 0
      vertex 212.794 134.013 0
      vertex 212.74 133.929 0
    endloop
  endfacet
  facet normal 0 0 -1
    outer loop
      vertex 212.101 133.555 0
      vertex 212.74 133.929 0
      vertex 212.686 133.855 0
    endloop
  endfacet
  facet normal 0 0 -1
    outer loop
      vertex 212.184 133.563 0
      vertex 212.686 133.855 0
      vertex 212.632 133.79 0
    endloop
  endfacet
  facet normal 0 0 -1
    outer loop
      vertex 212.262 133.577 0
      vertex 212.632 133.79 0
      vertex 212.577 133.736 0
    endloop
  endfacet
  facet normal 0 0 -1
    outer loop
      vertex 212.262 133.577 0
      vertex 212.577 133.736 0
      vertex 212.522 133.691 0
    endloop
  endfacet
  facet normal 0 0 -1
    outer loop
      vertex 212.262 133.577 0
      vertex 212.522 133.691 0
      vertex 212.465 133.654 0
    endloop
  endfacet
  facet normal 0 0 -1
    outer loop
      vertex 212.262 133.577 0
      vertex 212.465 133.654 0
      vertex 212.403 133.623 0
    endloop
  endfacet
  facet normal 0 0 -1
    outer loop
      vertex 212.262 133.577 0
      vertex 212.403 133.623 0
      vertex 212.335 133.597 0
    endloop
  endfacet
  facet normal 0 0 -1
    outer loop
      vertex 212.632 133.79 0
      vertex 212.262 133.577 0
      vertex 212.184 133.563 0
    endloop
  endfacet
  facet normal 0 0 -1
    outer loop
      vertex 212.686 133.855 0
      vertex 212.184 133.563 0
      vertex 212.101 133.555 0
    endloop
  endfacet
  facet normal 0 0 -1
    outer loop
      vertex 212.74 133.929 0
      vertex 212.101 133.555 0
      vertex 212.012 133.552 0
    endloop
  endfacet
  facet normal -0 0 -1
    outer loop
      vertex 212.794 134.013 0
      vertex 212.012 133.552 0
      vertex 211.643 135.469 0
    endloop
  endfacet
  facet normal 0 0 -1
    outer loop
      vertex 211.643 135.469 0
      vertex 212.012 133.552 0
      vertex 211.643 133.552 0
    endloop
  endfacet
  facet normal 0 0 -1
    outer loop
      vertex 212.901 134.21 0
      vertex 211.643 135.469 0
      vertex 213.518 135.469 0
    endloop
  endfacet
  facet normal 0 0 -1
    outer loop
      vertex 205.023 136.907 0
      vertex 213.518 135.469 0
      vertex 211.643 135.469 0
    endloop
  endfacet
  facet normal 0 0 -1
    outer loop
      vertex 205.023 136.907 0
      vertex 211.643 135.469 0
      vertex 210.337 135.469 0
    endloop
  endfacet
  facet normal 0 0 -1
    outer loop
      vertex 270 141 0
      vertex 204.512 27.5735 0
      vertex 213.797 130.742 0
    endloop
  endfacet
  facet normal 0 0 -1
    outer loop
      vertex 204.768 27.0796 0
      vertex 209.477 10.9967 0
      vertex 209.267 11.0287 0
    endloop
  endfacet
  facet normal 0 0 -1
    outer loop
      vertex 204.408 27.6715 0
      vertex 213.797 130.742 0
      vertex 204.512 27.5735 0
    endloop
  endfacet
  facet normal 0 0 -1
    outer loop
      vertex 213.797 130.742 0
      vertex 204.408 27.6715 0
      vertex 213.653 130.653 0
    endloop
  endfacet
  facet normal 0 0 -1
    outer loop
      vertex 204.768 27.0796 0
      vertex 209.267 11.0287 0
      vertex 209.041 11.048 0
    endloop
  endfacet
  facet normal 0 0 -1
    outer loop
      vertex 210.337 130.406 0
      vertex 209.302 134.483 0
      vertex 210.337 135.469 0
    endloop
  endfacet
  facet normal 0 0 -1
    outer loop
      vertex 209.302 135.469 0
      vertex 210.337 135.469 0
      vertex 209.302 134.483 0
    endloop
  endfacet
  facet normal 0 0 -1
    outer loop
      vertex 205.023 136.907 0
      vertex 210.337 135.469 0
      vertex 209.302 135.469 0
    endloop
  endfacet
  facet normal 0 0 -1
    outer loop
      vertex 205.023 136.907 0
      vertex 209.302 135.469 0
      vertex 205.705 135.469 0
    endloop
  endfacet
  facet normal 0 0 -1
    outer loop
      vertex 214.908 135.469 0
      vertex 205.023 136.907 0
      vertex 270 141 0
    endloop
  endfacet
  facet normal 0 0 -1
    outer loop
      vertex 168.3 141 0
      vertex 205.023 136.907 0
      vertex 204.133 136.907 0
    endloop
  endfacet
  facet normal 0 0 -1
    outer loop
      vertex 203.891 134.953 0
      vertex 204.133 136.907 0
      vertex 204.018 134.854 0
    endloop
  endfacet
  facet normal 0 0 -1
    outer loop
      vertex 203.759 135.042 0
      vertex 204.133 136.907 0
      vertex 203.891 134.953 0
    endloop
  endfacet
  facet normal 0 0 -1
    outer loop
      vertex 203.619 135.121 0
      vertex 204.133 136.907 0
      vertex 203.759 135.042 0
    endloop
  endfacet
  facet normal 0 0 -1
    outer loop
      vertex 203.154 136.276 0
      vertex 203.619 135.121 0
      vertex 203.473 135.192 0
    endloop
  endfacet
  facet normal 0 0 -1
    outer loop
      vertex 203.154 136.276 0
      vertex 203.473 135.192 0
      vertex 203.32 135.253 0
    endloop
  endfacet
  facet normal 0 0 -1
    outer loop
      vertex 203.154 136.276 0
      vertex 203.32 135.253 0
      vertex 203.161 135.304 0
    endloop
  endfacet
  facet normal 0 0 -1
    outer loop
      vertex 203.619 135.121 0
      vertex 203.154 136.276 0
      vertex 204.133 136.907 0
    endloop
  endfacet
  facet normal 0 0 -1
    outer loop
      vertex 203.154 136.907 0
      vertex 204.133 136.907 0
      vertex 203.154 136.276 0
    endloop
  endfacet
  facet normal 0 0 -1
    outer loop
      vertex 168.3 141 0
      vertex 204.133 136.907 0
      vertex 203.154 136.907 0
    endloop
  endfacet
  facet normal 0 0 -1
    outer loop
      vertex 168.3 141 0
      vertex 203.154 136.907 0
      vertex 200.676 136.907 0
    endloop
  endfacet
  facet normal 0 0 -1
    outer loop
      vertex 199.851 135.891 0
      vertex 200.075 135.469 0
      vertex 200 131.677 0
    endloop
  endfacet
  facet normal 0 0 -1
    outer loop
      vertex 200.676 136.276 0
      vertex 199.851 135.891 0
      vertex 199.844 136.032 0
    endloop
  endfacet
  facet normal 0 0 -1
    outer loop
      vertex 199.823 136.163 0
      vertex 200.676 136.276 0
      vertex 199.844 136.032 0
    endloop
  endfacet
  facet normal 0 0 -1
    outer loop
      vertex 199.787 136.283 0
      vertex 200.676 136.276 0
      vertex 199.823 136.163 0
    endloop
  endfacet
  facet normal 0 0 -1
    outer loop
      vertex 199.738 136.392 0
      vertex 200.676 136.276 0
      vertex 199.787 136.283 0
    endloop
  endfacet
  facet normal 0 0 -1
    outer loop
      vertex 200.676 136.276 0
      vertex 199.738 136.392 0
      vertex 200.676 136.907 0
    endloop
  endfacet
  facet normal 0 0 -1
    outer loop
      vertex 199.674 136.49 0
      vertex 200.676 136.907 0
      vertex 199.738 136.392 0
    endloop
  endfacet
  facet normal 0 0 -1
    outer loop
      vertex 199.596 136.578 0
      vertex 200.676 136.907 0
      vertex 199.674 136.49 0
    endloop
  endfacet
  facet normal 0 0 -1
    outer loop
      vertex 199.504 136.656 0
      vertex 200.676 136.907 0
      vertex 199.596 136.578 0
    endloop
  endfacet
  facet normal 0 0 -1
    outer loop
      vertex 199.398 136.722 0
      vertex 200.676 136.907 0
      vertex 199.504 136.656 0
    endloop
  endfacet
  facet normal 0 0 -1
    outer loop
      vertex 199.277 136.779 0
      vertex 200.676 136.907 0
      vertex 199.398 136.722 0
    endloop
  endfacet
  facet normal 0 0 -1
    outer loop
      vertex 199.141 136.825 0
      vertex 200.676 136.907 0
      vertex 199.277 136.779 0
    endloop
  endfacet
  facet normal 0 0 -1
    outer loop
      vertex 198.991 136.861 0
      vertex 200.676 136.907 0
      vertex 199.141 136.825 0
    endloop
  endfacet
  facet normal 0 0 -1
    outer loop
      vertex 198.825 136.887 0
      vertex 200.676 136.907 0
      vertex 198.991 136.861 0
    endloop
  endfacet
  facet normal 0 0 -1
    outer loop
      vertex 198.645 136.902 0
      vertex 200.676 136.907 0
      vertex 198.825 136.887 0
    endloop
  endfacet
  facet normal 0 0 -1
    outer loop
      vertex 198.451 136.907 0
      vertex 200.676 136.907 0
      vertex 198.645 136.902 0
    endloop
  endfacet
  facet normal 0 0 -1
    outer loop
      vertex 200.676 136.907 0
      vertex 198.451 136.907 0
      vertex 168.3 141 0
    endloop
  endfacet
  facet normal 0 0 -1
    outer loop
      vertex 168.3 141 0
      vertex 198.451 136.907 0
      vertex 196.934 136.907 0
    endloop
  endfacet
  facet normal 0 0 -1
    outer loop
      vertex 193.575 135.469 0
      vertex 196.934 136.907 0
      vertex 195.131 135.469 0
    endloop
  endfacet
  facet normal 0 0 -1
    outer loop
      vertex 191.086 135.469 0
      vertex 191.7 130.406 0
      vertex 191.086 130.406 0
    endloop
  endfacet
  facet normal 0 0 -1
    outer loop
      vertex 191.7 130.406 0
      vertex 191.086 135.469 0
      vertex 193.575 135.469 0
    endloop
  endfacet
  facet normal 0 0 -1
    outer loop
      vertex 191.086 135.469 0
      vertex 196.934 136.907 0
      vertex 193.575 135.469 0
    endloop
  endfacet
  facet normal 0 0 -1
    outer loop
      vertex 189.78 135.469 0
      vertex 196.934 136.907 0
      vertex 191.086 135.469 0
    endloop
  endfacet
  facet normal 0 0 -1
    outer loop
      vertex 188.911 133.094 0
      vertex 189.78 135.469 0
      vertex 188.915 132.932 0
    endloop
  endfacet
  facet normal 0 0 -1
    outer loop
      vertex 188.901 133.25 0
      vertex 189.78 135.469 0
      vertex 188.911 133.094 0
    endloop
  endfacet
  facet normal 0 0 -1
    outer loop
      vertex 188.883 133.401 0
      vertex 189.78 135.469 0
      vertex 188.901 133.25 0
    endloop
  endfacet
  facet normal 0 0 -1
    outer loop
      vertex 188.858 133.547 0
      vertex 189.78 135.469 0
      vertex 188.883 133.401 0
    endloop
  endfacet
  facet normal 0 0 -1
    outer loop
      vertex 188.826 133.688 0
      vertex 189.78 135.469 0
      vertex 188.858 133.547 0
    endloop
  endfacet
  facet normal 0 0 -1
    outer loop
      vertex 188.788 133.824 0
      vertex 189.78 135.469 0
      vertex 188.826 133.688 0
    endloop
  endfacet
  facet normal 0 0 -1
    outer loop
      vertex 188.742 133.955 0
      vertex 189.78 135.469 0
      vertex 188.788 133.824 0
    endloop
  endfacet
  facet normal 0 0 -1
    outer loop
      vertex 188.689 134.081 0
      vertex 189.78 135.469 0
      vertex 188.742 133.955 0
    endloop
  endfacet
  facet normal 0 0 -1
    outer loop
      vertex 188.628 134.203 0
      vertex 189.78 135.469 0
      vertex 188.689 134.081 0
    endloop
  endfacet
  facet normal 0 0 -1
    outer loop
      vertex 188.56 134.32 0
      vertex 189.78 135.469 0
      vertex 188.628 134.203 0
    endloop
  endfacet
  facet normal 0 0 -1
    outer loop
      vertex 188.484 134.433 0
      vertex 189.78 135.469 0
      vertex 188.56 134.32 0
    endloop
  endfacet
  facet normal 0 0 -1
    outer loop
      vertex 188.401 134.542 0
      vertex 189.78 135.469 0
      vertex 188.484 134.433 0
    endloop
  endfacet
  facet normal 0 0 -1
    outer loop
      vertex 188.311 134.646 0
      vertex 189.78 135.469 0
      vertex 188.401 134.542 0
    endloop
  endfacet
  facet normal 0 0 -1
    outer loop
      vertex 188.213 134.746 0
      vertex 189.78 135.469 0
      vertex 188.311 134.646 0
    endloop
  endfacet
  facet normal 0 0 -1
    outer loop
      vertex 188.093 134.854 0
      vertex 189.78 135.469 0
      vertex 188.213 134.746 0
    endloop
  endfacet
  facet normal 0 0 -1
    outer loop
      vertex 187.967 134.953 0
      vertex 189.78 135.469 0
      vertex 188.093 134.854 0
    endloop
  endfacet
  facet normal 0 0 -1
    outer loop
      vertex 187.834 135.042 0
      vertex 189.78 135.469 0
      vertex 187.967 134.953 0
    endloop
  endfacet
  facet normal 0 0 -1
    outer loop
      vertex 187.695 135.121 0
      vertex 189.78 135.469 0
      vertex 187.834 135.042 0
    endloop
  endfacet
  facet normal 0 0 -1
    outer loop
      vertex 187.549 135.192 0
      vertex 189.78 135.469 0
      vertex 187.695 135.121 0
    endloop
  endfacet
  facet normal 0 0 -1
    outer loop
      vertex 187.396 135.253 0
      vertex 189.78 135.469 0
      vertex 187.549 135.192 0
    endloop
  endfacet
  facet normal 0 0 -1
    outer loop
      vertex 187.236 135.304 0
      vertex 189.78 135.469 0
      vertex 187.396 135.253 0
    endloop
  endfacet
  facet normal 0 0 -1
    outer loop
      vertex 187.062 135.348 0
      vertex 189.78 135.469 0
      vertex 187.236 135.304 0
    endloop
  endfacet
  facet normal 0 0 -1
    outer loop
      vertex 186.864 135.385 0
      vertex 189.78 135.469 0
      vertex 187.062 135.348 0
    endloop
  endfacet
  facet normal 0 0 -1
    outer loop
      vertex 186.644 135.415 0
      vertex 189.78 135.469 0
      vertex 186.864 135.385 0
    endloop
  endfacet
  facet normal 0 0 -1
    outer loop
      vertex 186.399 135.439 0
      vertex 189.78 135.469 0
      vertex 186.644 135.415 0
    endloop
  endfacet
  facet normal -0 0 -1
    outer loop
      vertex 189.78 135.469 0
      vertex 186.399 135.439 0
      vertex 196.934 136.907 0
    endloop
  endfacet
  facet normal 0 0 -1
    outer loop
      vertex 186.132 135.455 0
      vertex 196.934 136.907 0
      vertex 186.399 135.439 0
    endloop
  endfacet
  facet normal 0 0 -1
    outer loop
      vertex 185.841 135.465 0
      vertex 196.934 136.907 0
      vertex 186.132 135.455 0
    endloop
  endfacet
  facet normal 0 0 -1
    outer loop
      vertex 168.3 141 0
      vertex 185.841 135.465 0
      vertex 185.528 135.469 0
    endloop
  endfacet
  facet normal 0 0 -1
    outer loop
      vertex 168.3 141 0
      vertex 185.528 135.469 0
      vertex 184.151 135.469 0
    endloop
  endfacet
  facet normal 0 0 -1
    outer loop
      vertex 180.843 133.962 0
      vertex 184.151 135.469 0
      vertex 180.843 132.976 0
    endloop
  endfacet
  facet normal 0 0 -1
    outer loop
      vertex 177.738 135.261 0
      vertex 180.843 133.962 0
      vertex 178.714 133.962 0
    endloop
  endfacet
  facet normal 0 0 -1
    outer loop
      vertex 177.738 134.413 0
      vertex 178.714 132.976 0
      vertex 177.738 132.169 0
    endloop
  endfacet
  facet normal 0 0 -1
    outer loop
      vertex 178.714 132.976 0
      vertex 177.738 134.413 0
      vertex 178.714 133.962 0
    endloop
  endfacet
  facet normal 0 0 -1
    outer loop
      vertex 177.738 135.261 0
      vertex 178.714 133.962 0
      vertex 177.738 134.413 0
    endloop
  endfacet
  facet normal 0 0 -1
    outer loop
      vertex 180.843 133.962 0
      vertex 177.738 135.261 0
      vertex 184.151 135.469 0
    endloop
  endfacet
  facet normal 0 0 -1
    outer loop
      vertex 168.3 141 0
      vertex 184.151 135.469 0
      vertex 177.738 135.261 0
    endloop
  endfacet
  facet normal 0 0 -1
    outer loop
      vertex 205.023 136.907 0
      vertex 168.3 141 0
      vertex 270 141 0
    endloop
  endfacet
  facet normal 0 0 -1
    outer loop
      vertex 185.841 135.465 0
      vertex 168.3 141 0
      vertex 196.934 136.907 0
    endloop
  endfacet
  facet normal 0 0 -1
    outer loop
      vertex 173.391 133.691 0
      vertex 168.3 141 0
      vertex 177.738 135.261 0
    endloop
  endfacet
  facet normal 0 0 -1
    outer loop
      vertex 168.3 141 0
      vertex 173.391 133.691 0
      vertex 168.3 130.277 0
    endloop
  endfacet
  facet normal 0 0 -1
    outer loop
      vertex 214.259 131.942 0
      vertex 214.908 135.469 0
      vertex 214.264 131.803 0
    endloop
  endfacet
  facet normal 0 0 -1
    outer loop
      vertex 214.244 132.075 0
      vertex 214.908 135.469 0
      vertex 214.259 131.942 0
    endloop
  endfacet
  facet normal 0 0 -1
    outer loop
      vertex 214.219 132.2 0
      vertex 214.908 135.469 0
      vertex 214.244 132.075 0
    endloop
  endfacet
  facet normal 0 0 -1
    outer loop
      vertex 214.219 132.2 0
      vertex 214.199 134.03 0
      vertex 214.908 135.469 0
    endloop
  endfacet
  facet normal 0 0 -1
    outer loop
      vertex 214.184 132.317 0
      vertex 214.199 134.03 0
      vertex 214.219 132.2 0
    endloop
  endfacet
  facet normal 0 0 -1
    outer loop
      vertex 214.14 132.428 0
      vertex 214.199 134.03 0
      vertex 214.184 132.317 0
    endloop
  endfacet
  facet normal 0 0 -1
    outer loop
      vertex 214.14 132.428 0
      vertex 214.137 133.91 0
      vertex 214.199 134.03 0
    endloop
  endfacet
  facet normal 0 0 -1
    outer loop
      vertex 214.085 132.531 0
      vertex 214.137 133.91 0
      vertex 214.14 132.428 0
    endloop
  endfacet
  facet normal 0 0 -1
    outer loop
      vertex 214.085 132.531 0
      vertex 214.076 133.798 0
      vertex 214.137 133.91 0
    endloop
  endfacet
  facet normal 0 0 -1
    outer loop
      vertex 214.014 133.696 0
      vertex 214.085 132.531 0
      vertex 214.021 132.626 0
    endloop
  endfacet
  facet normal 0 0 -1
    outer loop
      vertex 214.085 132.531 0
      vertex 214.014 133.696 0
      vertex 214.076 133.798 0
    endloop
  endfacet
  facet normal 0 0 -1
    outer loop
      vertex 214.021 132.626 0
      vertex 213.953 133.603 0
      vertex 214.014 133.696 0
    endloop
  endfacet
  facet normal 0 0 -1
    outer loop
      vertex 213.947 132.715 0
      vertex 213.953 133.603 0
      vertex 214.021 132.626 0
    endloop
  endfacet
  facet normal 0 0 -1
    outer loop
      vertex 213.947 132.715 0
      vertex 213.892 133.518 0
      vertex 213.953 133.603 0
    endloop
  endfacet
  facet normal 0 0 -1
    outer loop
      vertex 213.863 132.796 0
      vertex 213.892 133.518 0
      vertex 213.947 132.715 0
    endloop
  endfacet
  facet normal 0 0 -1
    outer loop
      vertex 213.863 132.796 0
      vertex 213.831 133.443 0
      vertex 213.892 133.518 0
    endloop
  endfacet
  facet normal 0 0 -1
    outer loop
      vertex 213.863 132.796 0
      vertex 213.77 133.377 0
      vertex 213.831 133.443 0
    endloop
  endfacet
  facet normal 0 0 -1
    outer loop
      vertex 213.768 132.871 0
      vertex 213.77 133.377 0
      vertex 213.863 132.796 0
    endloop
  endfacet
  facet normal 0 0 -1
    outer loop
      vertex 213.768 132.871 0
      vertex 213.709 133.319 0
      vertex 213.77 133.377 0
    endloop
  endfacet
  facet normal 0 0 -1
    outer loop
      vertex 213.664 132.939 0
      vertex 213.709 133.319 0
      vertex 213.768 132.871 0
    endloop
  endfacet
  facet normal 0 0 -1
    outer loop
      vertex 213.664 132.939 0
      vertex 213.645 133.267 0
      vertex 213.709 133.319 0
    endloop
  endfacet
  facet normal 0 0 -1
    outer loop
      vertex 213.664 132.939 0
      vertex 213.578 133.221 0
      vertex 213.645 133.267 0
    endloop
  endfacet
  facet normal 0 0 -1
    outer loop
      vertex 213.549 133 0
      vertex 213.578 133.221 0
      vertex 213.664 132.939 0
    endloop
  endfacet
  facet normal 0 0 -1
    outer loop
      vertex 213.549 133 0
      vertex 213.51 133.181 0
      vertex 213.578 133.221 0
    endloop
  endfacet
  facet normal 0 0 -1
    outer loop
      vertex 213.425 133.054 0
      vertex 213.51 133.181 0
      vertex 213.549 133 0
    endloop
  endfacet
  facet normal 0 0 -1
    outer loop
      vertex 213.51 133.181 0
      vertex 213.425 133.054 0
      vertex 213.439 133.148 0
    endloop
  endfacet
  facet normal 0 0 -1
    outer loop
      vertex 213.425 133.054 0
      vertex 213.366 133.121 0
      vertex 213.439 133.148 0
    endloop
  endfacet
  facet normal 0 -0 -1
    outer loop
      vertex 213.366 133.121 0
      vertex 213.425 133.054 0
      vertex 213.29 133.101 0
    endloop
  endfacet
  facet normal 0 0 -1
    outer loop
      vertex 210.565 10.1451 0
      vertex 270 0 0
      vertex 210.594 9.99057 0
    endloop
  endfacet
  facet normal 0 0 -1
    outer loop
      vertex 210.518 10.2878 0
      vertex 270 0 0
      vertex 210.565 10.1451 0
    endloop
  endfacet
  facet normal 0 0 -1
    outer loop
      vertex 210.452 10.4188 0
      vertex 270 0 0
      vertex 210.518 10.2878 0
    endloop
  endfacet
  facet normal 0 0 -1
    outer loop
      vertex 204.768 27.0796 0
      vertex 210.452 10.4188 0
      vertex 210.368 10.5379 0
    endloop
  endfacet
  facet normal 0 0 -1
    outer loop
      vertex 204.768 27.0796 0
      vertex 210.368 10.5379 0
      vertex 210.264 10.6452 0
    endloop
  endfacet
  facet normal 0 0 -1
    outer loop
      vertex 204.768 27.0796 0
      vertex 210.264 10.6452 0
      vertex 210.142 10.7407 0
    endloop
  endfacet
  facet normal 0 0 -1
    outer loop
      vertex 204.768 27.0796 0
      vertex 209.669 10.9519 0
      vertex 209.477 10.9967 0
    endloop
  endfacet
  facet normal 0 0 -1
    outer loop
      vertex 204.512 27.5735 0
      vertex 270 141 0
      vertex 204.6 27.4653 0
    endloop
  endfacet
  facet normal 0 0 -1
    outer loop
      vertex 210.493 8.08183 0
      vertex 210.564 9.50359 0
      vertex 210.504 7.98822 0
    endloop
  endfacet
  facet normal 0 0 -1
    outer loop
      vertex 210.564 9.50359 0
      vertex 210.493 8.08183 0
      vertex 210.534 9.40836 0
    endloop
  endfacet
  facet normal 0 0 -1
    outer loop
      vertex 210.474 8.17018 0
      vertex 210.534 9.40836 0
      vertex 210.493 8.08183 0
    endloop
  endfacet
  facet normal 0 0 -1
    outer loop
      vertex 210.534 9.40836 0
      vertex 210.474 8.17018 0
      vertex 210.494 9.31892 0
    endloop
  endfacet
  facet normal 0 0 -1
    outer loop
      vertex 210.447 8.25327 0
      vertex 210.494 9.31892 0
      vertex 210.474 8.17018 0
    endloop
  endfacet
  facet normal 0 0 -1
    outer loop
      vertex 210.413 8.3311 0
      vertex 210.494 9.31892 0
      vertex 210.447 8.25327 0
    endloop
  endfacet
  facet normal 0 0 -1
    outer loop
      vertex 210.494 9.31892 0
      vertex 210.413 8.3311 0
      vertex 210.447 9.23534 0
    endloop
  endfacet
  facet normal 0 0 -1
    outer loop
      vertex 210.371 8.40369 0
      vertex 210.447 9.23534 0
      vertex 210.413 8.3311 0
    endloop
  endfacet
  facet normal 0 0 -1
    outer loop
      vertex 210.447 9.23534 0
      vertex 210.371 8.40369 0
      vertex 210.39 9.15755 0
    endloop
  endfacet
  facet normal 0 0 -1
    outer loop
      vertex 210.321 8.47101 0
      vertex 210.39 9.15755 0
      vertex 210.371 8.40369 0
    endloop
  endfacet
  facet normal 0 0 -1
    outer loop
      vertex 210.39 9.15755 0
      vertex 210.321 8.47101 0
      vertex 210.325 9.08588 0
    endloop
  endfacet
  facet normal 0 0 -1
    outer loop
      vertex 210.264 8.53296 0
      vertex 210.325 9.08588 0
      vertex 210.321 8.47101 0
    endloop
  endfacet
  facet normal 0 0 -1
    outer loop
      vertex 210.264 8.53296 0
      vertex 210.252 9.02055 0
      vertex 210.325 9.08588 0
    endloop
  endfacet
  facet normal 0 0 -1
    outer loop
      vertex 210.199 8.58942 0
      vertex 210.252 9.02055 0
      vertex 210.264 8.53296 0
    endloop
  endfacet
  facet normal 0 0 -1
    outer loop
      vertex 210.199 8.58942 0
      vertex 210.171 8.96164 0
      vertex 210.252 9.02055 0
    endloop
  endfacet
  facet normal 0 0 -1
    outer loop
      vertex 210.128 8.64041 0
      vertex 210.171 8.96164 0
      vertex 210.199 8.58942 0
    endloop
  endfacet
  facet normal 0 0 -1
    outer loop
      vertex 210.128 8.64041 0
      vertex 210.083 8.90907 0
      vertex 210.171 8.96164 0
    endloop
  endfacet
  facet normal 0 0 -1
    outer loop
      vertex 210.049 8.68593 0
      vertex 210.083 8.90907 0
      vertex 210.128 8.64041 0
    endloop
  endfacet
  facet normal 0 0 -1
    outer loop
      vertex 210.049 8.68593 0
      vertex 209.986 8.86288 0
      vertex 210.083 8.90907 0
    endloop
  endfacet
  facet normal 0 0 -1
    outer loop
      vertex 209.962 8.72597 0
      vertex 209.986 8.86288 0
      vertex 210.049 8.68593 0
    endloop
  endfacet
  facet normal 0 0 -1
    outer loop
      vertex 209.962 8.72597 0
      vertex 209.881 8.82306 0
      vertex 209.986 8.86288 0
    endloop
  endfacet
  facet normal 0 0 -1
    outer loop
      vertex 209.869 8.76053 0
      vertex 209.881 8.82306 0
      vertex 209.962 8.72597 0
    endloop
  endfacet
  facet normal 0 0 -1
    outer loop
      vertex 209.881 8.82306 0
      vertex 209.869 8.76053 0
      vertex 209.768 8.78961 0
    endloop
  endfacet
  facet normal 0 0 -1
    outer loop
      vertex 202.347 133.364 0
      vertex 203.493 132.932 0
      vertex 203.484 132.725 0
    endloop
  endfacet
  facet normal 0 0 -1
    outer loop
      vertex 202.347 133.364 0
      vertex 203.484 132.725 0
      vertex 203.459 132.531 0
    endloop
  endfacet
  facet normal 0 0 -1
    outer loop
      vertex 203.493 132.932 0
      vertex 202.347 133.364 0
      vertex 203.484 133.141 0
    endloop
  endfacet
  facet normal 0 0 -1
    outer loop
      vertex 202.347 133.364 0
      vertex 203.459 132.531 0
      vertex 203.416 132.353 0
    endloop
  endfacet
  facet normal 0 0 -1
    outer loop
      vertex 203.484 133.141 0
      vertex 202.347 133.364 0
      vertex 203.459 133.335 0
    endloop
  endfacet
  facet normal 0 0 -1
    outer loop
      vertex 202.347 133.364 0
      vertex 203.416 132.353 0
      vertex 203.356 132.189 0
    endloop
  endfacet
  facet normal 0 0 -1
    outer loop
      vertex 203.459 133.335 0
      vertex 202.347 133.364 0
      vertex 203.415 133.515 0
    endloop
  endfacet
  facet normal 0 0 -1
    outer loop
      vertex 202.347 133.364 0
      vertex 203.356 132.189 0
      vertex 203.279 132.04 0
    endloop
  endfacet
  facet normal -0 0 -1
    outer loop
      vertex 203.415 133.515 0
      vertex 202.347 133.364 0
      vertex 203.355 133.68 0
    endloop
  endfacet
  facet normal 0 0 -1
    outer loop
      vertex 202.347 133.364 0
      vertex 203.279 132.04 0
      vertex 203.184 131.905 0
    endloop
  endfacet
  facet normal -0 0 -1
    outer loop
      vertex 203.355 133.68 0
      vertex 202.347 133.364 0
      vertex 203.278 133.83 0
    endloop
  endfacet
  facet normal 0 0 -1
    outer loop
      vertex 202.347 133.364 0
      vertex 203.184 131.905 0
      vertex 203.073 131.786 0
    endloop
  endfacet
  facet normal -0 0 -1
    outer loop
      vertex 203.278 133.83 0
      vertex 202.347 133.364 0
      vertex 203.183 133.965 0
    endloop
  endfacet
  facet normal 0 0 -1
    outer loop
      vertex 202.938 131.677 0
      vertex 203.073 131.786 0
      vertex 202.945 131.681 0
    endloop
  endfacet
  facet normal -0 0 -1
    outer loop
      vertex 203.183 133.965 0
      vertex 202.347 133.364 0
      vertex 203.071 134.086 0
    endloop
  endfacet
  facet normal -0 0 -1
    outer loop
      vertex 203.073 131.786 0
      vertex 202.938 131.677 0
      vertex 202.347 133.364 0
    endloop
  endfacet
  facet normal -0 0 -1
    outer loop
      vertex 203.071 134.086 0
      vertex 202.347 133.364 0
      vertex 202.943 134.191 0
    endloop
  endfacet
  facet normal -0 0 -1
    outer loop
      vertex 202.943 134.191 0
      vertex 202.347 133.364 0
      vertex 202.799 134.281 0
    endloop
  endfacet
  facet normal -0 0 -1
    outer loop
      vertex 202.799 134.281 0
      vertex 202.347 133.364 0
      vertex 202.64 134.354 0
    endloop
  endfacet
  facet normal -0 0 -1
    outer loop
      vertex 202.64 134.354 0
      vertex 202.347 133.364 0
      vertex 202.465 134.41 0
    endloop
  endfacet
  facet normal 0 0 -1
    outer loop
      vertex 201.381 131.677 0
      vertex 202.347 133.364 0
      vertex 202.938 131.677 0
    endloop
  endfacet
  facet normal -0 0 -1
    outer loop
      vertex 202.347 133.364 0
      vertex 201.381 131.677 0
      vertex 201.478 133.364 0
    endloop
  endfacet
  facet normal -0 0 -1
    outer loop
      vertex 201.478 133.364 0
      vertex 201.381 131.677 0
      vertex 201.381 133.384 0
    endloop
  endfacet
  facet normal -0 0 -1
    outer loop
      vertex 202.465 134.41 0
      vertex 202.347 133.364 0
      vertex 202.347 134.435 0
    endloop
  endfacet
  facet normal -0 -0 -1
    outer loop
      vertex 173.799 9.47995 0
      vertex 173.799 7.78485 0
      vertex 172.654 9.47995 0
    endloop
  endfacet
  facet normal 0 0 -1
    outer loop
      vertex 176.839 8.94577 0
      vertex 178.084 8.94577 0
      vertex 178.081 8.73793 0
    endloop
  endfacet
  facet normal 0 0 -1
    outer loop
      vertex 176.842 8.73793 0
      vertex 178.081 8.73793 0
      vertex 178.072 8.5484 0
    endloop
  endfacet
  facet normal 0 0 -1
    outer loop
      vertex 178.084 8.94577 0
      vertex 176.839 8.94577 0
      vertex 178.081 9.15582 0
    endloop
  endfacet
  facet normal 0 0 -1
    outer loop
      vertex 176.85 8.5484 0
      vertex 178.072 8.5484 0
      vertex 178.058 8.37721 0
    endloop
  endfacet
  facet normal 0 -0 -1
    outer loop
      vertex 176.842 9.15582 0
      vertex 178.081 9.15582 0
      vertex 176.839 8.94577 0
    endloop
  endfacet
  facet normal 0 0 -1
    outer loop
      vertex 176.865 8.37721 0
      vertex 178.058 8.37721 0
      vertex 178.037 8.22435 0
    endloop
  endfacet
  facet normal 0 0 -1
    outer loop
      vertex 178.081 9.15582 0
      vertex 176.842 9.15582 0
      vertex 178.072 9.34741 0
    endloop
  endfacet
  facet normal 0 0 -1
    outer loop
      vertex 176.886 8.22435 0
      vertex 178.037 8.22435 0
      vertex 178.011 8.0898 0
    endloop
  endfacet
  facet normal 0 -0 -1
    outer loop
      vertex 176.85 9.34741 0
      vertex 178.072 9.34741 0
      vertex 176.842 9.15582 0
    endloop
  endfacet
  facet normal 0 0 -1
    outer loop
      vertex 176.912 8.0898 0
      vertex 178.011 8.0898 0
      vertex 177.979 7.97359 0
    endloop
  endfacet
  facet normal 0 0 -1
    outer loop
      vertex 178.072 9.34741 0
      vertex 176.85 9.34741 0
      vertex 178.057 9.52051 0
    endloop
  endfacet
  facet normal 0 0 -1
    outer loop
      vertex 176.944 7.97359 0
      vertex 177.979 7.97359 0
      vertex 177.941 7.87569 0
    endloop
  endfacet
  facet normal 0 -0 -1
    outer loop
      vertex 176.865 9.52051 0
      vertex 178.057 9.52051 0
      vertex 176.85 9.34741 0
    endloop
  endfacet
  facet normal 0 0 -1
    outer loop
      vertex 177.463 7.56509 0
      vertex 177.941 7.87569 0
      vertex 177.897 7.79329 0
    endloop
  endfacet
  facet normal 0 0 -1
    outer loop
      vertex 178.057 9.52051 0
      vertex 176.865 9.52051 0
      vertex 178.037 9.67511 0
    endloop
  endfacet
  facet normal 0 0 -1
    outer loop
      vertex 177.555 7.57143 0
      vertex 177.897 7.79329 0
      vertex 177.844 7.72356 0
    endloop
  endfacet
  facet normal 0 -0 -1
    outer loop
      vertex 176.886 9.67511 0
      vertex 178.037 9.67511 0
      vertex 176.865 9.52051 0
    endloop
  endfacet
  facet normal 0 0 -1
    outer loop
      vertex 177.639 7.59044 0
      vertex 177.844 7.72356 0
      vertex 177.784 7.6665 0
    endloop
  endfacet
  facet normal 0 0 -1
    outer loop
      vertex 178.037 9.67511 0
      vertex 176.886 9.67511 0
      vertex 178.01 9.81125 0
    endloop
  endfacet
  facet normal 0 0 -1
    outer loop
      vertex 177.639 7.59044 0
      vertex 177.784 7.6665 0
      vertex 177.715 7.62213 0
    endloop
  endfacet
  facet normal 0 -0 -1
    outer loop
      vertex 176.912 9.81125 0
      vertex 178.01 9.81125 0
      vertex 176.886 9.67511 0
    endloop
  endfacet
  facet normal 0 0 -1
    outer loop
      vertex 177.844 7.72356 0
      vertex 177.639 7.59044 0
      vertex 177.555 7.57143 0
    endloop
  endfacet
  facet normal 0 0 -1
    outer loop
      vertex 178.01 9.81125 0
      vertex 176.912 9.81125 0
      vertex 177.978 9.92888 0
    endloop
  endfacet
  facet normal 0 0 -1
    outer loop
      vertex 177.897 7.79329 0
      vertex 177.555 7.57143 0
      vertex 177.463 7.56509 0
    endloop
  endfacet
  facet normal 0 -0 -1
    outer loop
      vertex 176.944 9.92888 0
      vertex 177.978 9.92888 0
      vertex 176.912 9.81125 0
    endloop
  endfacet
  facet normal -0 0 -1
    outer loop
      vertex 177.941 7.87569 0
      vertex 177.463 7.56509 0
      vertex 176.982 7.87569 0
    endloop
  endfacet
  facet normal 0 0 -1
    outer loop
      vertex 177.978 9.92888 0
      vertex 176.944 9.92888 0
      vertex 177.94 10.028 0
    endloop
  endfacet
  facet normal 0 0 -1
    outer loop
      vertex 176.982 7.87569 0
      vertex 177.463 7.56509 0
      vertex 177.37 7.57143 0
    endloop
  endfacet
  facet normal 0 -0 -1
    outer loop
      vertex 176.982 10.028 0
      vertex 177.94 10.028 0
      vertex 176.944 9.92888 0
    endloop
  endfacet
  facet normal 0 0 -1
    outer loop
      vertex 177.027 7.79329 0
      vertex 177.37 7.57143 0
      vertex 177.286 7.59044 0
    endloop
  endfacet
  facet normal 0 0 -1
    outer loop
      vertex 177.94 10.028 0
      vertex 176.982 10.028 0
      vertex 177.895 10.1115 0
    endloop
  endfacet
  facet normal 0 0 -1
    outer loop
      vertex 177.08 7.72356 0
      vertex 177.286 7.59044 0
      vertex 177.21 7.62213 0
    endloop
  endfacet
  facet normal 0 -0 -1
    outer loop
      vertex 177.463 10.3427 0
      vertex 177.895 10.1115 0
      vertex 176.982 10.028 0
    endloop
  endfacet
  facet normal 0 0 -1
    outer loop
      vertex 177.08 7.72356 0
      vertex 177.21 7.62213 0
      vertex 177.141 7.6665 0
    endloop
  endfacet
  facet normal -0 -0 -1
    outer loop
      vertex 177.554 10.3363 0
      vertex 177.895 10.1115 0
      vertex 177.463 10.3427 0
    endloop
  endfacet
  facet normal 0 0 -1
    outer loop
      vertex 177.286 7.59044 0
      vertex 177.08 7.72356 0
      vertex 177.027 7.79329 0
    endloop
  endfacet
  facet normal 0 0 -1
    outer loop
      vertex 177.842 10.1821 0
      vertex 177.554 10.3363 0
      vertex 177.782 10.2399 0
    endloop
  endfacet
  facet normal 0 0 -1
    outer loop
      vertex 177.37 7.57143 0
      vertex 177.027 7.79329 0
      vertex 176.982 7.87569 0
    endloop
  endfacet
  facet normal 0 0 -1
    outer loop
      vertex 177.782 10.2399 0
      vertex 177.554 10.3363 0
      vertex 177.714 10.2849 0
    endloop
  endfacet
  facet normal 0 0 -1
    outer loop
      vertex 177.941 7.87569 0
      vertex 176.982 7.87569 0
      vertex 176.944 7.97359 0
    endloop
  endfacet
  facet normal 0 0 -1
    outer loop
      vertex 177.714 10.2849 0
      vertex 177.554 10.3363 0
      vertex 177.638 10.317 0
    endloop
  endfacet
  facet normal 0 0 -1
    outer loop
      vertex 177.979 7.97359 0
      vertex 176.944 7.97359 0
      vertex 176.912 8.0898 0
    endloop
  endfacet
  facet normal 0 0 -1
    outer loop
      vertex 177.895 10.1115 0
      vertex 177.554 10.3363 0
      vertex 177.842 10.1821 0
    endloop
  endfacet
  facet normal 0 0 -1
    outer loop
      vertex 178.011 8.0898 0
      vertex 176.912 8.0898 0
      vertex 176.886 8.22435 0
    endloop
  endfacet
  facet normal 0 0 -1
    outer loop
      vertex 178.081 8.73793 0
      vertex 176.842 8.73793 0
      vertex 176.839 8.94577 0
    endloop
  endfacet
  facet normal 0 0 -1
    outer loop
      vertex 178.037 8.22435 0
      vertex 176.886 8.22435 0
      vertex 176.865 8.37721 0
    endloop
  endfacet
  facet normal 0 -0 -1
    outer loop
      vertex 177.027 10.1115 0
      vertex 177.463 10.3427 0
      vertex 176.982 10.028 0
    endloop
  endfacet
  facet normal 0 0 -1
    outer loop
      vertex 178.058 8.37721 0
      vertex 176.865 8.37721 0
      vertex 176.85 8.5484 0
    endloop
  endfacet
  facet normal 0 0 -1
    outer loop
      vertex 178.072 8.5484 0
      vertex 176.85 8.5484 0
      vertex 176.842 8.73793 0
    endloop
  endfacet
  facet normal 0 0 -1
    outer loop
      vertex 177.463 10.3427 0
      vertex 177.027 10.1115 0
      vertex 177.37 10.3363 0
    endloop
  endfacet
  facet normal 0 0 -1
    outer loop
      vertex 177.21 10.2849 0
      vertex 177.08 10.1821 0
      vertex 177.141 10.2399 0
    endloop
  endfacet
  facet normal 0 -0 -1
    outer loop
      vertex 177.08 10.1821 0
      vertex 177.286 10.317 0
      vertex 177.027 10.1115 0
    endloop
  endfacet
  facet normal 0 0 -1
    outer loop
      vertex 177.286 10.317 0
      vertex 177.08 10.1821 0
      vertex 177.21 10.2849 0
    endloop
  endfacet
  facet normal 0 0 -1
    outer loop
      vertex 177.37 10.3363 0
      vertex 177.027 10.1115 0
      vertex 177.286 10.317 0
    endloop
  endfacet
  facet normal 0 0 -1
    outer loop
      vertex 178.048 64.8844 0
      vertex 178.389 65.3233 0
      vertex 178.386 65.2599 0
    endloop
  endfacet
  facet normal 0 0 -1
    outer loop
      vertex 178.107 64.9008 0
      vertex 178.386 65.2599 0
      vertex 178.377 65.2013 0
    endloop
  endfacet
  facet normal 0 0 -1
    outer loop
      vertex 178.047 65.7692 0
      vertex 178.389 65.3233 0
      vertex 178.048 64.8844 0
    endloop
  endfacet
  facet normal 0 0 -1
    outer loop
      vertex 178.161 64.9219 0
      vertex 178.377 65.2013 0
      vertex 178.363 65.1473 0
    endloop
  endfacet
  facet normal 0 0 -1
    outer loop
      vertex 178.389 65.3233 0
      vertex 178.047 65.7692 0
      vertex 178.386 65.388 0
    endloop
  endfacet
  facet normal 0 0 -1
    outer loop
      vertex 178.161 64.9219 0
      vertex 178.363 65.1473 0
      vertex 178.344 65.098 0
    endloop
  endfacet
  facet normal 0 0 -1
    outer loop
      vertex 178.386 65.2599 0
      vertex 178.107 64.9008 0
      vertex 178.048 64.8844 0
    endloop
  endfacet
  facet normal 0 0 -1
    outer loop
      vertex 178.161 64.9219 0
      vertex 178.344 65.098 0
      vertex 178.318 65.0534 0
    endloop
  endfacet
  facet normal -0 -0 -1
    outer loop
      vertex 178.106 65.7526 0
      vertex 178.386 65.388 0
      vertex 178.047 65.7692 0
    endloop
  endfacet
  facet normal 0 0 -1
    outer loop
      vertex 178.161 64.9219 0
      vertex 178.318 65.0534 0
      vertex 178.288 65.0135 0
    endloop
  endfacet
  facet normal 0 0 -1
    outer loop
      vertex 178.386 65.388 0
      vertex 178.106 65.7526 0
      vertex 178.377 65.4478 0
    endloop
  endfacet
  facet normal 0 0 -1
    outer loop
      vertex 178.161 64.9219 0
      vertex 178.288 65.0135 0
      vertex 178.251 64.9783 0
    endloop
  endfacet
  facet normal 0 0 -1
    outer loop
      vertex 178.377 65.2013 0
      vertex 178.161 64.9219 0
      vertex 178.107 64.9008 0
    endloop
  endfacet
  facet normal 0 0 -1
    outer loop
      vertex 178.161 64.9219 0
      vertex 178.251 64.9783 0
      vertex 178.209 64.9478 0
    endloop
  endfacet
  facet normal 0 0 -1
    outer loop
      vertex 178.363 65.5028 0
      vertex 178.159 65.7313 0
      vertex 178.343 65.553 0
    endloop
  endfacet
  facet normal 0 0 -1
    outer loop
      vertex 178.287 65.6387 0
      vertex 178.159 65.7313 0
      vertex 178.25 65.6744 0
    endloop
  endfacet
  facet normal 0 0 -1
    outer loop
      vertex 178.25 65.6744 0
      vertex 178.159 65.7313 0
      vertex 178.207 65.7052 0
    endloop
  endfacet
  facet normal 0 0 -1
    outer loop
      vertex 178.318 65.5983 0
      vertex 178.159 65.7313 0
      vertex 178.287 65.6387 0
    endloop
  endfacet
  facet normal 0 0 -1
    outer loop
      vertex 178.343 65.553 0
      vertex 178.159 65.7313 0
      vertex 178.318 65.5983 0
    endloop
  endfacet
  facet normal 0 0 -1
    outer loop
      vertex 178.377 65.4478 0
      vertex 178.159 65.7313 0
      vertex 178.363 65.5028 0
    endloop
  endfacet
  facet normal -0 -0 -1
    outer loop
      vertex 178.159 65.7313 0
      vertex 178.377 65.4478 0
      vertex 178.106 65.7526 0
    endloop
  endfacet
  facet normal 0 0 -1
    outer loop
      vertex 177.983 64.8726 0
      vertex 178.047 65.7692 0
      vertex 178.048 64.8844 0
    endloop
  endfacet
  facet normal 0 0 -1
    outer loop
      vertex 177.983 64.8726 0
      vertex 177.982 65.7811 0
      vertex 178.047 65.7692 0
    endloop
  endfacet
  facet normal 0 0 -1
    outer loop
      vertex 177.912 64.8656 0
      vertex 177.982 65.7811 0
      vertex 177.983 64.8726 0
    endloop
  endfacet
  facet normal 0 0 -1
    outer loop
      vertex 177.912 64.8656 0
      vertex 177.912 65.7882 0
      vertex 177.982 65.7811 0
    endloop
  endfacet
  facet normal 0 0 -1
    outer loop
      vertex 177.836 64.8632 0
      vertex 177.912 65.7882 0
      vertex 177.912 64.8656 0
    endloop
  endfacet
  facet normal 0 0 -1
    outer loop
      vertex 177.836 64.8632 0
      vertex 177.836 65.7906 0
      vertex 177.912 65.7882 0
    endloop
  endfacet
  facet normal 0 0 -1
    outer loop
      vertex 177.299 64.8632 0
      vertex 177.836 65.7906 0
      vertex 177.836 64.8632 0
    endloop
  endfacet
  facet normal -0 0 -1
    outer loop
      vertex 177.836 65.7906 0
      vertex 177.299 64.8632 0
      vertex 177.299 65.7906 0
    endloop
  endfacet
  facet normal 0 0 -1
    outer loop
      vertex 177.971 63.51 0
      vertex 178.244 63.8664 0
      vertex 178.242 63.8161 0
    endloop
  endfacet
  facet normal 0 0 -1
    outer loop
      vertex 178.018 63.5237 0
      vertex 178.242 63.8161 0
      vertex 178.235 63.7693 0
    endloop
  endfacet
  facet normal 0 0 -1
    outer loop
      vertex 177.971 64.2231 0
      vertex 178.244 63.8664 0
      vertex 177.971 63.51 0
    endloop
  endfacet
  facet normal 0 0 -1
    outer loop
      vertex 178.06 63.5413 0
      vertex 178.235 63.7693 0
      vertex 178.223 63.726 0
    endloop
  endfacet
  facet normal 0 0 -1
    outer loop
      vertex 178.244 63.8664 0
      vertex 177.971 64.2231 0
      vertex 178.242 63.9174 0
    endloop
  endfacet
  facet normal 0 0 -1
    outer loop
      vertex 178.06 63.5413 0
      vertex 178.223 63.726 0
      vertex 178.207 63.6863 0
    endloop
  endfacet
  facet normal 0 0 -1
    outer loop
      vertex 178.242 63.8161 0
      vertex 178.018 63.5237 0
      vertex 177.971 63.51 0
    endloop
  endfacet
  facet normal 0 0 -1
    outer loop
      vertex 178.06 63.5413 0
      vertex 178.207 63.6863 0
      vertex 178.187 63.6501 0
    endloop
  endfacet
  facet normal -0 -0 -1
    outer loop
      vertex 178.018 64.2096 0
      vertex 178.242 63.9174 0
      vertex 177.971 64.2231 0
    endloop
  endfacet
  facet normal 0 0 -1
    outer loop
      vertex 178.06 63.5413 0
      vertex 178.187 63.6501 0
      vertex 178.162 63.6174 0
    endloop
  endfacet
  facet normal 0 0 -1
    outer loop
      vertex 178.235 63.7693 0
      vertex 178.06 63.5413 0
      vertex 178.018 63.5237 0
    endloop
  endfacet
  facet normal 0 0 -1
    outer loop
      vertex 178.06 63.5413 0
      vertex 178.162 63.6174 0
      vertex 178.132 63.5883 0
    endloop
  endfacet
  facet normal 0 0 -1
    outer loop
      vertex 178.06 63.5413 0
      vertex 178.132 63.5883 0
      vertex 178.098 63.5628 0
    endloop
  endfacet
  facet normal 0 0 -1
    outer loop
      vertex 178.235 63.9646 0
      vertex 178.06 64.1922 0
      vertex 178.223 64.0082 0
    endloop
  endfacet
  facet normal 0 0 -1
    outer loop
      vertex 178.162 64.1169 0
      vertex 178.098 64.1709 0
      vertex 178.132 64.1458 0
    endloop
  endfacet
  facet normal 0 0 -1
    outer loop
      vertex 178.207 64.0481 0
      vertex 178.098 64.1709 0
      vertex 178.187 64.0844 0
    endloop
  endfacet
  facet normal 0 0 -1
    outer loop
      vertex 178.187 64.0844 0
      vertex 178.098 64.1709 0
      vertex 178.162 64.1169 0
    endloop
  endfacet
  facet normal 0 0 -1
    outer loop
      vertex 178.223 64.0082 0
      vertex 178.06 64.1922 0
      vertex 178.207 64.0481 0
    endloop
  endfacet
  facet normal -0 -0 -1
    outer loop
      vertex 178.098 64.1709 0
      vertex 178.207 64.0481 0
      vertex 178.06 64.1922 0
    endloop
  endfacet
  facet normal 0 0 -1
    outer loop
      vertex 178.242 63.9174 0
      vertex 178.018 64.2096 0
      vertex 178.235 63.9646 0
    endloop
  endfacet
  facet normal -0 -0 -1
    outer loop
      vertex 178.06 64.1922 0
      vertex 178.235 63.9646 0
      vertex 178.018 64.2096 0
    endloop
  endfacet
  facet normal 0 0 -1
    outer loop
      vertex 177.92 63.5002 0
      vertex 177.971 64.2231 0
      vertex 177.971 63.51 0
    endloop
  endfacet
  facet normal 0 0 -1
    outer loop
      vertex 177.92 63.5002 0
      vertex 177.92 64.2328 0
      vertex 177.971 64.2231 0
    endloop
  endfacet
  facet normal 0 0 -1
    outer loop
      vertex 177.864 63.4943 0
      vertex 177.92 64.2328 0
      vertex 177.92 63.5002 0
    endloop
  endfacet
  facet normal 0 0 -1
    outer loop
      vertex 177.864 63.4943 0
      vertex 177.864 64.2386 0
      vertex 177.92 64.2328 0
    endloop
  endfacet
  facet normal 0 0 -1
    outer loop
      vertex 177.805 63.4924 0
      vertex 177.864 64.2386 0
      vertex 177.864 63.4943 0
    endloop
  endfacet
  facet normal 0 0 -1
    outer loop
      vertex 177.805 63.4924 0
      vertex 177.805 64.2405 0
      vertex 177.864 64.2386 0
    endloop
  endfacet
  facet normal 0 0 -1
    outer loop
      vertex 177.299 63.4924 0
      vertex 177.805 64.2405 0
      vertex 177.805 63.4924 0
    endloop
  endfacet
  facet normal -0 0 -1
    outer loop
      vertex 177.805 64.2405 0
      vertex 177.299 63.4924 0
      vertex 177.299 64.2405 0
    endloop
  endfacet
  facet normal 0 0 -1
    outer loop
      vertex 181.598 7.69478 0
      vertex 182.07 8.24597 0
      vertex 182.067 8.17116 0
    endloop
  endfacet
  facet normal 0 0 -1
    outer loop
      vertex 181.671 7.7097 0
      vertex 182.067 8.17116 0
      vertex 182.057 8.10144 0
    endloop
  endfacet
  facet normal 0 0 -1
    outer loop
      vertex 181.598 7.69478 0
      vertex 182.067 8.17116 0
      vertex 181.671 7.7097 0
    endloop
  endfacet
  facet normal 0 0 -1
    outer loop
      vertex 181.738 7.73059 0
      vertex 182.057 8.10144 0
      vertex 182.04 8.03679 0
    endloop
  endfacet
  facet normal 0 0 -1
    outer loop
      vertex 181.598 8.79976 0
      vertex 182.07 8.24597 0
      vertex 181.598 7.69478 0
    endloop
  endfacet
  facet normal 0 0 -1
    outer loop
      vertex 181.799 7.75745 0
      vertex 182.04 8.03679 0
      vertex 182.016 7.97723 0
    endloop
  endfacet
  facet normal 0 0 -1
    outer loop
      vertex 182.07 8.24597 0
      vertex 181.598 8.79976 0
      vertex 182.067 8.32082 0
    endloop
  endfacet
  facet normal 0 0 -1
    outer loop
      vertex 181.799 7.75745 0
      vertex 182.016 7.97723 0
      vertex 181.986 7.92276 0
    endloop
  endfacet
  facet normal 0 0 -1
    outer loop
      vertex 182.057 8.10144 0
      vertex 181.738 7.73059 0
      vertex 181.671 7.7097 0
    endloop
  endfacet
  facet normal 0 0 -1
    outer loop
      vertex 181.799 7.75745 0
      vertex 181.986 7.92276 0
      vertex 181.949 7.87337 0
    endloop
  endfacet
  facet normal -0 -0 -1
    outer loop
      vertex 181.738 8.76364 0
      vertex 182.057 8.39062 0
      vertex 181.671 8.78471 0
    endloop
  endfacet
  facet normal 0 0 -1
    outer loop
      vertex 181.799 7.75745 0
      vertex 181.949 7.87337 0
      vertex 181.905 7.82904 0
    endloop
  endfacet
  facet normal 0 0 -1
    outer loop
      vertex 182.04 8.03679 0
      vertex 181.799 7.75745 0
      vertex 181.738 7.73059 0
    endloop
  endfacet
  facet normal 0 0 -1
    outer loop
      vertex 181.799 7.75745 0
      vertex 181.905 7.82904 0
      vertex 181.855 7.79025 0
    endloop
  endfacet
  facet normal 0 0 -1
    outer loop
      vertex 182.04 8.45541 0
      vertex 181.799 8.73654 0
      vertex 182.016 8.51518 0
    endloop
  endfacet
  facet normal 0 0 -1
    outer loop
      vertex 181.949 8.61961 0
      vertex 181.799 8.73654 0
      vertex 181.905 8.66429 0
    endloop
  endfacet
  facet normal 0 0 -1
    outer loop
      vertex 181.905 8.66429 0
      vertex 181.799 8.73654 0
      vertex 181.855 8.70343 0
    endloop
  endfacet
  facet normal 0 0 -1
    outer loop
      vertex 182.016 8.51518 0
      vertex 181.799 8.73654 0
      vertex 181.986 8.56992 0
    endloop
  endfacet
  facet normal 0 0 -1
    outer loop
      vertex 181.986 8.56992 0
      vertex 181.799 8.73654 0
      vertex 181.949 8.61961 0
    endloop
  endfacet
  facet normal 0 0 -1
    outer loop
      vertex 182.057 8.39062 0
      vertex 181.738 8.76364 0
      vertex 182.04 8.45541 0
    endloop
  endfacet
  facet normal -0 -0 -1
    outer loop
      vertex 181.799 8.73654 0
      vertex 182.04 8.45541 0
      vertex 181.738 8.76364 0
    endloop
  endfacet
  facet normal 0 0 -1
    outer loop
      vertex 182.067 8.32082 0
      vertex 181.671 8.78471 0
      vertex 182.057 8.39062 0
    endloop
  endfacet
  facet normal 0 0 -1
    outer loop
      vertex 182.067 8.32082 0
      vertex 181.598 8.79976 0
      vertex 181.671 8.78471 0
    endloop
  endfacet
  facet normal 0 0 -1
    outer loop
      vertex 181.519 7.68584 0
      vertex 181.598 8.79976 0
      vertex 181.598 7.69478 0
    endloop
  endfacet
  facet normal 0 0 -1
    outer loop
      vertex 181.519 7.68584 0
      vertex 181.519 8.80879 0
      vertex 181.598 8.79976 0
    endloop
  endfacet
  facet normal 0 0 -1
    outer loop
      vertex 181.436 7.68285 0
      vertex 181.519 8.80879 0
      vertex 181.519 7.68584 0
    endloop
  endfacet
  facet normal 0 0 -1
    outer loop
      vertex 181.436 7.68285 0
      vertex 181.436 8.81181 0
      vertex 181.519 8.80879 0
    endloop
  endfacet
  facet normal 0 0 -1
    outer loop
      vertex 180.858 7.68285 0
      vertex 181.436 8.81181 0
      vertex 181.436 7.68285 0
    endloop
  endfacet
  facet normal -0 0 -1
    outer loop
      vertex 181.436 8.81181 0
      vertex 180.858 7.68285 0
      vertex 180.858 8.81181 0
    endloop
  endfacet
  facet normal 0 0 -1
    outer loop
      vertex 186.146 131.4 0
      vertex 187.569 132.932 0
      vertex 187.56 132.725 0
    endloop
  endfacet
  facet normal 0 0 -1
    outer loop
      vertex 186.352 131.424 0
      vertex 187.56 132.725 0
      vertex 187.534 132.531 0
    endloop
  endfacet
  facet normal 0 0 -1
    outer loop
      vertex 186.145 134.475 0
      vertex 187.569 132.932 0
      vertex 186.146 131.4 0
    endloop
  endfacet
  facet normal 0 0 -1
    outer loop
      vertex 186.543 131.464 0
      vertex 187.534 132.531 0
      vertex 187.491 132.353 0
    endloop
  endfacet
  facet normal 0 0 -1
    outer loop
      vertex 187.56 132.725 0
      vertex 186.352 131.424 0
      vertex 186.146 131.4 0
    endloop
  endfacet
  facet normal 0 0 -1
    outer loop
      vertex 186.717 131.52 0
      vertex 187.491 132.353 0
      vertex 187.431 132.189 0
    endloop
  endfacet
  facet normal 0 0 -1
    outer loop
      vertex 187.569 132.932 0
      vertex 186.145 134.475 0
      vertex 187.56 133.141 0
    endloop
  endfacet
  facet normal 0 0 -1
    outer loop
      vertex 186.717 131.52 0
      vertex 187.431 132.189 0
      vertex 187.354 132.04 0
    endloop
  endfacet
  facet normal -0 -0 -1
    outer loop
      vertex 186.541 134.41 0
      vertex 187.534 133.335 0
      vertex 186.351 134.451 0
    endloop
  endfacet
  facet normal 0 0 -1
    outer loop
      vertex 186.717 131.52 0
      vertex 187.354 132.04 0
      vertex 187.26 131.905 0
    endloop
  endfacet
  facet normal 0 0 -1
    outer loop
      vertex 187.534 132.531 0
      vertex 186.543 131.464 0
      vertex 186.352 131.424 0
    endloop
  endfacet
  facet normal 0 0 -1
    outer loop
      vertex 186.717 131.52 0
      vertex 187.26 131.905 0
      vertex 187.148 131.786 0
    endloop
  endfacet
  facet normal 0 0 -1
    outer loop
      vertex 187.534 133.335 0
      vertex 186.541 134.41 0
      vertex 187.491 133.515 0
    endloop
  endfacet
  facet normal 0 0 -1
    outer loop
      vertex 186.717 131.52 0
      vertex 187.148 131.786 0
      vertex 187.02 131.681 0
    endloop
  endfacet
  facet normal 0 0 -1
    outer loop
      vertex 187.491 132.353 0
      vertex 186.717 131.52 0
      vertex 186.543 131.464 0
    endloop
  endfacet
  facet normal 0 0 -1
    outer loop
      vertex 186.717 131.52 0
      vertex 187.02 131.681 0
      vertex 186.877 131.593 0
    endloop
  endfacet
  facet normal 0 0 -1
    outer loop
      vertex 187.431 133.68 0
      vertex 186.715 134.354 0
      vertex 187.353 133.83 0
    endloop
  endfacet
  facet normal 0 0 -1
    outer loop
      vertex 187.147 134.086 0
      vertex 186.715 134.354 0
      vertex 187.018 134.191 0
    endloop
  endfacet
  facet normal 0 0 -1
    outer loop
      vertex 187.018 134.191 0
      vertex 186.715 134.354 0
      vertex 186.874 134.281 0
    endloop
  endfacet
  facet normal 0 0 -1
    outer loop
      vertex 187.353 133.83 0
      vertex 186.715 134.354 0
      vertex 187.259 133.965 0
    endloop
  endfacet
  facet normal 0 0 -1
    outer loop
      vertex 187.259 133.965 0
      vertex 186.715 134.354 0
      vertex 187.147 134.086 0
    endloop
  endfacet
  facet normal -0 -0 -1
    outer loop
      vertex 186.715 134.354 0
      vertex 187.491 133.515 0
      vertex 186.541 134.41 0
    endloop
  endfacet
  facet normal 0 0 -1
    outer loop
      vertex 187.491 133.515 0
      vertex 186.715 134.354 0
      vertex 187.431 133.68 0
    endloop
  endfacet
  facet normal -0 -0 -1
    outer loop
      vertex 186.351 134.451 0
      vertex 187.56 133.141 0
      vertex 186.145 134.475 0
    endloop
  endfacet
  facet normal 0 0 -1
    outer loop
      vertex 187.56 133.141 0
      vertex 186.351 134.451 0
      vertex 187.534 133.335 0
    endloop
  endfacet
  facet normal 0 0 -1
    outer loop
      vertex 185.924 131.392 0
      vertex 186.145 134.475 0
      vertex 186.146 131.4 0
    endloop
  endfacet
  facet normal 0 0 -1
    outer loop
      vertex 185.924 131.392 0
      vertex 185.924 134.483 0
      vertex 186.145 134.475 0
    endloop
  endfacet
  facet normal 0 0 -1
    outer loop
      vertex 185.456 131.392 0
      vertex 185.924 134.483 0
      vertex 185.924 131.392 0
    endloop
  endfacet
  facet normal -0 0 -1
    outer loop
      vertex 185.924 134.483 0
      vertex 185.456 131.392 0
      vertex 185.456 134.483 0
    endloop
  endfacet
  facet normal -0 0 -1
    outer loop
      vertex 195.161 9.48508 0
      vertex 194.607 7.87425 0
      vertex 194.051 9.48508 0
    endloop
  endfacet
  facet normal 0 0 -1
    outer loop
      vertex 198.53 136.275 0
      vertex 198.937 135.817 0
      vertex 198.934 135.754 0
    endloop
  endfacet
  facet normal 0 0 -1
    outer loop
      vertex 198.795 135.469 0
      vertex 198.934 135.754 0
      vertex 198.926 135.695 0
    endloop
  endfacet
  facet normal -0 -0 -1
    outer loop
      vertex 198.595 136.263 0
      vertex 198.937 135.817 0
      vertex 198.53 136.275 0
    endloop
  endfacet
  facet normal 0 0 -1
    outer loop
      vertex 198.795 135.469 0
      vertex 198.926 135.695 0
      vertex 198.912 135.641 0
    endloop
  endfacet
  facet normal -0 -0 -1
    outer loop
      vertex 198.654 136.247 0
      vertex 198.934 135.882 0
      vertex 198.595 136.263 0
    endloop
  endfacet
  facet normal 0 0 -1
    outer loop
      vertex 198.795 135.469 0
      vertex 198.912 135.641 0
      vertex 198.892 135.592 0
    endloop
  endfacet
  facet normal 0 0 -1
    outer loop
      vertex 198.934 135.882 0
      vertex 198.654 136.247 0
      vertex 198.926 135.942 0
    endloop
  endfacet
  facet normal 0 0 -1
    outer loop
      vertex 198.795 135.469 0
      vertex 198.892 135.592 0
      vertex 198.867 135.547 0
    endloop
  endfacet
  facet normal -0 -0 -1
    outer loop
      vertex 198.708 136.225 0
      vertex 198.926 135.942 0
      vertex 198.654 136.247 0
    endloop
  endfacet
  facet normal 0 0 -1
    outer loop
      vertex 198.795 135.469 0
      vertex 198.867 135.547 0
      vertex 198.836 135.507 0
    endloop
  endfacet
  facet normal 0 0 -1
    outer loop
      vertex 198.912 135.997 0
      vertex 198.708 136.225 0
      vertex 198.892 136.047 0
    endloop
  endfacet
  facet normal 0 0 -1
    outer loop
      vertex 198.795 135.469 0
      vertex 198.836 135.507 0
      vertex 198.799 135.472 0
    endloop
  endfacet
  facet normal -0 0 -1
    outer loop
      vertex 198.934 135.754 0
      vertex 198.795 135.469 0
      vertex 198.53 136.275 0
    endloop
  endfacet
  facet normal 0 0 -1
    outer loop
      vertex 198.892 136.047 0
      vertex 198.708 136.225 0
      vertex 198.866 136.092 0
    endloop
  endfacet
  facet normal 0 0 -1
    outer loop
      vertex 198.835 136.133 0
      vertex 198.708 136.225 0
      vertex 198.798 136.168 0
    endloop
  endfacet
  facet normal 0 0 -1
    outer loop
      vertex 198.798 136.168 0
      vertex 198.708 136.225 0
      vertex 198.756 136.199 0
    endloop
  endfacet
  facet normal 0 0 -1
    outer loop
      vertex 198.866 136.092 0
      vertex 198.708 136.225 0
      vertex 198.835 136.133 0
    endloop
  endfacet
  facet normal 0 0 -1
    outer loop
      vertex 198.926 135.942 0
      vertex 198.708 136.225 0
      vertex 198.912 135.997 0
    endloop
  endfacet
  facet normal 0 0 -1
    outer loop
      vertex 198.937 135.817 0
      vertex 198.595 136.263 0
      vertex 198.934 135.882 0
    endloop
  endfacet
  facet normal 0 0 -1
    outer loop
      vertex 198.795 135.469 0
      vertex 198.46 136.282 0
      vertex 198.53 136.275 0
    endloop
  endfacet
  facet normal 0 0 -1
    outer loop
      vertex 198.795 135.469 0
      vertex 198.384 136.285 0
      vertex 198.46 136.282 0
    endloop
  endfacet
  facet normal 0 0 -1
    outer loop
      vertex 197.848 135.469 0
      vertex 198.384 136.285 0
      vertex 198.795 135.469 0
    endloop
  endfacet
  facet normal -0 0 -1
    outer loop
      vertex 198.384 136.285 0
      vertex 197.848 135.469 0
      vertex 197.848 136.285 0
    endloop
  endfacet
  facet normal 0 0 -1
    outer loop
      vertex 200.248 26.3984 0
      vertex 200.589 26.8374 0
      vertex 200.586 26.774 0
    endloop
  endfacet
  facet normal 0 0 -1
    outer loop
      vertex 200.307 26.4149 0
      vertex 200.586 26.774 0
      vertex 200.577 26.7153 0
    endloop
  endfacet
  facet normal 0 0 -1
    outer loop
      vertex 200.247 27.2833 0
      vertex 200.589 26.8374 0
      vertex 200.248 26.3984 0
    endloop
  endfacet
  facet normal 0 0 -1
    outer loop
      vertex 200.361 26.436 0
      vertex 200.577 26.7153 0
      vertex 200.563 26.6614 0
    endloop
  endfacet
  facet normal 0 0 -1
    outer loop
      vertex 200.589 26.8374 0
      vertex 200.247 27.2833 0
      vertex 200.586 26.9021 0
    endloop
  endfacet
  facet normal 0 0 -1
    outer loop
      vertex 200.361 26.436 0
      vertex 200.563 26.6614 0
      vertex 200.544 26.6121 0
    endloop
  endfacet
  facet normal 0 0 -1
    outer loop
      vertex 200.586 26.774 0
      vertex 200.307 26.4149 0
      vertex 200.248 26.3984 0
    endloop
  endfacet
  facet normal 0 0 -1
    outer loop
      vertex 200.361 26.436 0
      vertex 200.544 26.6121 0
      vertex 200.518 26.5675 0
    endloop
  endfacet
  facet normal -0 -0 -1
    outer loop
      vertex 200.306 27.2667 0
      vertex 200.586 26.9021 0
      vertex 200.247 27.2833 0
    endloop
  endfacet
  facet normal 0 0 -1
    outer loop
      vertex 200.361 26.436 0
      vertex 200.518 26.5675 0
      vertex 200.488 26.5276 0
    endloop
  endfacet
  facet normal 0 0 -1
    outer loop
      vertex 200.586 26.9021 0
      vertex 200.306 27.2667 0
      vertex 200.577 26.9619 0
    endloop
  endfacet
  facet normal 0 0 -1
    outer loop
      vertex 200.361 26.436 0
      vertex 200.488 26.5276 0
      vertex 200.451 26.4924 0
    endloop
  endfacet
  facet normal 0 0 -1
    outer loop
      vertex 200.577 26.7153 0
      vertex 200.361 26.436 0
      vertex 200.307 26.4149 0
    endloop
  endfacet
  facet normal 0 0 -1
    outer loop
      vertex 200.361 26.436 0
      vertex 200.451 26.4924 0
      vertex 200.409 26.4618 0
    endloop
  endfacet
  facet normal 0 0 -1
    outer loop
      vertex 200.563 27.0169 0
      vertex 200.359 27.2454 0
      vertex 200.543 27.0671 0
    endloop
  endfacet
  facet normal 0 0 -1
    outer loop
      vertex 200.487 27.1528 0
      vertex 200.359 27.2454 0
      vertex 200.45 27.1885 0
    endloop
  endfacet
  facet normal 0 0 -1
    outer loop
      vertex 200.45 27.1885 0
      vertex 200.359 27.2454 0
      vertex 200.407 27.2193 0
    endloop
  endfacet
  facet normal 0 0 -1
    outer loop
      vertex 200.518 27.1124 0
      vertex 200.359 27.2454 0
      vertex 200.487 27.1528 0
    endloop
  endfacet
  facet normal 0 0 -1
    outer loop
      vertex 200.543 27.0671 0
      vertex 200.359 27.2454 0
      vertex 200.518 27.1124 0
    endloop
  endfacet
  facet normal 0 0 -1
    outer loop
      vertex 200.577 26.9619 0
      vertex 200.359 27.2454 0
      vertex 200.563 27.0169 0
    endloop
  endfacet
  facet normal -0 -0 -1
    outer loop
      vertex 200.359 27.2454 0
      vertex 200.577 26.9619 0
      vertex 200.306 27.2667 0
    endloop
  endfacet
  facet normal 0 0 -1
    outer loop
      vertex 200.183 26.3867 0
      vertex 200.247 27.2833 0
      vertex 200.248 26.3984 0
    endloop
  endfacet
  facet normal 0 0 -1
    outer loop
      vertex 200.183 26.3867 0
      vertex 200.182 27.2952 0
      vertex 200.247 27.2833 0
    endloop
  endfacet
  facet normal 0 0 -1
    outer loop
      vertex 200.112 26.3797 0
      vertex 200.182 27.2952 0
      vertex 200.183 26.3867 0
    endloop
  endfacet
  facet normal 0 0 -1
    outer loop
      vertex 200.112 26.3797 0
      vertex 200.112 27.3023 0
      vertex 200.182 27.2952 0
    endloop
  endfacet
  facet normal 0 0 -1
    outer loop
      vertex 200.036 26.3773 0
      vertex 200.112 27.3023 0
      vertex 200.112 26.3797 0
    endloop
  endfacet
  facet normal 0 0 -1
    outer loop
      vertex 200.036 26.3773 0
      vertex 200.036 27.3047 0
      vertex 200.112 27.3023 0
    endloop
  endfacet
  facet normal 0 0 -1
    outer loop
      vertex 199.499 26.3773 0
      vertex 200.036 27.3047 0
      vertex 200.036 26.3773 0
    endloop
  endfacet
  facet normal -0 0 -1
    outer loop
      vertex 200.036 27.3047 0
      vertex 199.499 26.3773 0
      vertex 199.499 27.3047 0
    endloop
  endfacet
  facet normal 0 0 -1
    outer loop
      vertex 200.171 25.0241 0
      vertex 200.444 25.3805 0
      vertex 200.442 25.3302 0
    endloop
  endfacet
  facet normal 0 0 -1
    outer loop
      vertex 200.218 25.0378 0
      vertex 200.442 25.3302 0
      vertex 200.435 25.2834 0
    endloop
  endfacet
  facet normal 0 0 -1
    outer loop
      vertex 200.171 25.7372 0
      vertex 200.444 25.3805 0
      vertex 200.171 25.0241 0
    endloop
  endfacet
  facet normal 0 0 -1
    outer loop
      vertex 200.26 25.0554 0
      vertex 200.435 25.2834 0
      vertex 200.423 25.2401 0
    endloop
  endfacet
  facet normal 0 0 -1
    outer loop
      vertex 200.444 25.3805 0
      vertex 200.171 25.7372 0
      vertex 200.442 25.4314 0
    endloop
  endfacet
  facet normal 0 0 -1
    outer loop
      vertex 200.26 25.0554 0
      vertex 200.423 25.2401 0
      vertex 200.407 25.2004 0
    endloop
  endfacet
  facet normal 0 0 -1
    outer loop
      vertex 200.442 25.3302 0
      vertex 200.218 25.0378 0
      vertex 200.171 25.0241 0
    endloop
  endfacet
  facet normal 0 0 -1
    outer loop
      vertex 200.26 25.0554 0
      vertex 200.407 25.2004 0
      vertex 200.387 25.1642 0
    endloop
  endfacet
  facet normal -0 -0 -1
    outer loop
      vertex 200.218 25.7237 0
      vertex 200.442 25.4314 0
      vertex 200.171 25.7372 0
    endloop
  endfacet
  facet normal 0 0 -1
    outer loop
      vertex 200.26 25.0554 0
      vertex 200.387 25.1642 0
      vertex 200.362 25.1315 0
    endloop
  endfacet
  facet normal 0 0 -1
    outer loop
      vertex 200.435 25.2834 0
      vertex 200.26 25.0554 0
      vertex 200.218 25.0378 0
    endloop
  endfacet
  facet normal 0 0 -1
    outer loop
      vertex 200.26 25.0554 0
      vertex 200.362 25.1315 0
      vertex 200.332 25.1023 0
    endloop
  endfacet
  facet normal 0 0 -1
    outer loop
      vertex 200.26 25.0554 0
      vertex 200.332 25.1023 0
      vertex 200.298 25.0769 0
    endloop
  endfacet
  facet normal 0 0 -1
    outer loop
      vertex 200.435 25.4787 0
      vertex 200.26 25.7063 0
      vertex 200.423 25.5223 0
    endloop
  endfacet
  facet normal 0 0 -1
    outer loop
      vertex 200.362 25.631 0
      vertex 200.298 25.685 0
      vertex 200.332 25.6599 0
    endloop
  endfacet
  facet normal 0 0 -1
    outer loop
      vertex 200.407 25.5622 0
      vertex 200.298 25.685 0
      vertex 200.387 25.5984 0
    endloop
  endfacet
  facet normal 0 0 -1
    outer loop
      vertex 200.387 25.5984 0
      vertex 200.298 25.685 0
      vertex 200.362 25.631 0
    endloop
  endfacet
  facet normal 0 0 -1
    outer loop
      vertex 200.423 25.5223 0
      vertex 200.26 25.7063 0
      vertex 200.407 25.5622 0
    endloop
  endfacet
  facet normal -0 -0 -1
    outer loop
      vertex 200.298 25.685 0
      vertex 200.407 25.5622 0
      vertex 200.26 25.7063 0
    endloop
  endfacet
  facet normal 0 0 -1
    outer loop
      vertex 200.442 25.4314 0
      vertex 200.218 25.7237 0
      vertex 200.435 25.4787 0
    endloop
  endfacet
  facet normal -0 -0 -1
    outer loop
      vertex 200.26 25.7063 0
      vertex 200.435 25.4787 0
      vertex 200.218 25.7237 0
    endloop
  endfacet
  facet normal 0 0 -1
    outer loop
      vertex 200.12 25.0143 0
      vertex 200.171 25.7372 0
      vertex 200.171 25.0241 0
    endloop
  endfacet
  facet normal 0 0 -1
    outer loop
      vertex 200.12 25.0143 0
      vertex 200.12 25.7469 0
      vertex 200.171 25.7372 0
    endloop
  endfacet
  facet normal 0 0 -1
    outer loop
      vertex 200.064 25.0084 0
      vertex 200.12 25.7469 0
      vertex 200.12 25.0143 0
    endloop
  endfacet
  facet normal 0 0 -1
    outer loop
      vertex 200.064 25.0084 0
      vertex 200.064 25.7527 0
      vertex 200.12 25.7469 0
    endloop
  endfacet
  facet normal 0 0 -1
    outer loop
      vertex 200.005 25.0064 0
      vertex 200.064 25.7527 0
      vertex 200.064 25.0084 0
    endloop
  endfacet
  facet normal 0 0 -1
    outer loop
      vertex 200.005 25.0064 0
      vertex 200.005 25.7546 0
      vertex 200.064 25.7527 0
    endloop
  endfacet
  facet normal 0 0 -1
    outer loop
      vertex 199.499 25.0064 0
      vertex 200.005 25.7546 0
      vertex 200.005 25.0064 0
    endloop
  endfacet
  facet normal -0 0 -1
    outer loop
      vertex 200.005 25.7546 0
      vertex 199.499 25.0064 0
      vertex 199.499 25.7546 0
    endloop
  endfacet
  facet normal 0 0 -1
    outer loop
      vertex 201.381 134.007 0
      vertex 201.483 134.483 0
      vertex 201.483 133.986 0
    endloop
  endfacet
  facet normal -0 0 -1
    outer loop
      vertex 201.483 134.483 0
      vertex 201.381 134.007 0
      vertex 201.381 134.483 0
    endloop
  endfacet
  facet normal 0 0 -1
    outer loop
      vertex 212.407 131.366 0
      vertex 212.958 131.996 0
      vertex 212.955 131.902 0
    endloop
  endfacet
  facet normal 0 0 -1
    outer loop
      vertex 212.501 131.381 0
      vertex 212.955 131.902 0
      vertex 212.944 131.815 0
    endloop
  endfacet
  facet normal 0 0 -1
    outer loop
      vertex 212.407 132.637 0
      vertex 212.958 131.996 0
      vertex 212.407 131.366 0
    endloop
  endfacet
  facet normal 0 0 -1
    outer loop
      vertex 212.585 131.402 0
      vertex 212.944 131.815 0
      vertex 212.926 131.737 0
    endloop
  endfacet
  facet normal 0 0 -1
    outer loop
      vertex 212.958 131.996 0
      vertex 212.407 132.637 0
      vertex 212.955 132.092 0
    endloop
  endfacet
  facet normal 0 0 -1
    outer loop
      vertex 212.66 131.43 0
      vertex 212.926 131.737 0
      vertex 212.9 131.666 0
    endloop
  endfacet
  facet normal 0 0 -1
    outer loop
      vertex 212.955 131.902 0
      vertex 212.501 131.381 0
      vertex 212.407 131.366 0
    endloop
  endfacet
  facet normal 0 0 -1
    outer loop
      vertex 212.66 131.43 0
      vertex 212.9 131.666 0
      vertex 212.867 131.604 0
    endloop
  endfacet
  facet normal -0 -0 -1
    outer loop
      vertex 212.501 132.622 0
      vertex 212.955 132.092 0
      vertex 212.407 132.637 0
    endloop
  endfacet
  facet normal 0 0 -1
    outer loop
      vertex 212.725 131.463 0
      vertex 212.867 131.604 0
      vertex 212.827 131.549 0
    endloop
  endfacet
  facet normal 0 0 -1
    outer loop
      vertex 212.944 131.815 0
      vertex 212.585 131.402 0
      vertex 212.501 131.381 0
    endloop
  endfacet
  facet normal 0 0 -1
    outer loop
      vertex 212.725 131.463 0
      vertex 212.827 131.549 0
      vertex 212.78 131.502 0
    endloop
  endfacet
  facet normal 0 0 -1
    outer loop
      vertex 212.944 132.18 0
      vertex 212.585 132.6 0
      vertex 212.926 132.259 0
    endloop
  endfacet
  facet normal 0 0 -1
    outer loop
      vertex 212.867 131.604 0
      vertex 212.725 131.463 0
      vertex 212.66 131.43 0
    endloop
  endfacet
  facet normal 0 0 -1
    outer loop
      vertex 212.926 131.737 0
      vertex 212.66 131.43 0
      vertex 212.585 131.402 0
    endloop
  endfacet
  facet normal -0 -0 -1
    outer loop
      vertex 212.66 132.572 0
      vertex 212.926 132.259 0
      vertex 212.585 132.6 0
    endloop
  endfacet
  facet normal 0 0 -1
    outer loop
      vertex 212.827 132.45 0
      vertex 212.725 132.538 0
      vertex 212.78 132.497 0
    endloop
  endfacet
  facet normal -0 -0 -1
    outer loop
      vertex 212.725 132.538 0
      vertex 212.867 132.394 0
      vertex 212.66 132.572 0
    endloop
  endfacet
  facet normal 0 0 -1
    outer loop
      vertex 212.867 132.394 0
      vertex 212.725 132.538 0
      vertex 212.827 132.45 0
    endloop
  endfacet
  facet normal 0 0 -1
    outer loop
      vertex 212.9 132.331 0
      vertex 212.66 132.572 0
      vertex 212.867 132.394 0
    endloop
  endfacet
  facet normal 0 0 -1
    outer loop
      vertex 212.926 132.259 0
      vertex 212.66 132.572 0
      vertex 212.9 132.331 0
    endloop
  endfacet
  facet normal 0 0 -1
    outer loop
      vertex 212.955 132.092 0
      vertex 212.501 132.622 0
      vertex 212.944 132.18 0
    endloop
  endfacet
  facet normal -0 -0 -1
    outer loop
      vertex 212.585 132.6 0
      vertex 212.944 132.18 0
      vertex 212.501 132.622 0
    endloop
  endfacet
  facet normal 0 0 -1
    outer loop
      vertex 212.304 131.357 0
      vertex 212.407 132.637 0
      vertex 212.407 131.366 0
    endloop
  endfacet
  facet normal 0 0 -1
    outer loop
      vertex 212.304 131.357 0
      vertex 212.304 132.646 0
      vertex 212.407 132.637 0
    endloop
  endfacet
  facet normal 0 0 -1
    outer loop
      vertex 212.192 131.354 0
      vertex 212.304 132.646 0
      vertex 212.304 131.357 0
    endloop
  endfacet
  facet normal 0 0 -1
    outer loop
      vertex 212.192 131.354 0
      vertex 212.192 132.65 0
      vertex 212.304 132.646 0
    endloop
  endfacet
  facet normal 0 0 -1
    outer loop
      vertex 211.643 131.354 0
      vertex 212.192 132.65 0
      vertex 212.192 131.354 0
    endloop
  endfacet
  facet normal -0 0 -1
    outer loop
      vertex 212.192 132.65 0
      vertex 211.643 131.354 0
      vertex 211.643 132.65 0
    endloop
  endfacet
  facet normal 0 0 -1
    outer loop
      vertex 203.2 126.077 1.7
      vertex 203.7 130.277 1.7
      vertex 203.7 126.077 1.7
    endloop
  endfacet
  facet normal -0 0 -1
    outer loop
      vertex 203.7 130.277 1.7
      vertex 203.2 126.077 1.7
      vertex 203.2 130.277 1.7
    endloop
  endfacet
  facet normal 0 0 -1
    outer loop
      vertex 203.2 16.231 1.7
      vertex 204.6 22.231 1.7
      vertex 204.6 16.231 1.7
    endloop
  endfacet
  facet normal -0 0 -1
    outer loop
      vertex 204.6 22.231 1.7
      vertex 203.2 16.231 1.7
      vertex 203.2 22.231 1.7
    endloop
  endfacet
  facet normal 0 0 -1
    outer loop
      vertex 181 54.683 1.7
      vertex 182.4 60.683 1.7
      vertex 182.4 54.683 1.7
    endloop
  endfacet
  facet normal -0 0 -1
    outer loop
      vertex 182.4 60.683 1.7
      vertex 181 54.683 1.7
      vertex 181 60.683 1.7
    endloop
  endfacet
  facet normal 0 0 -1
    outer loop
      vertex 168.3 126.077 1.7
      vertex 200 130.277 1.7
      vertex 200 126.077 1.7
    endloop
  endfacet
  facet normal -0 0 -1
    outer loop
      vertex 200 130.277 1.7
      vertex 168.3 126.077 1.7
      vertex 168.3 130.277 1.7
    endloop
  endfacet
  facet normal 0 0 -1
    outer loop
      vertex 168.3 16.231 1.7
      vertex 200 22.231 1.7
      vertex 200 16.231 1.7
    endloop
  endfacet
  facet normal -0 0 -1
    outer loop
      vertex 200 22.231 1.7
      vertex 168.3 16.231 1.7
      vertex 168.3 22.231 1.7
    endloop
  endfacet
  facet normal 0 0 -1
    outer loop
      vertex 168.3 54.683 1.7
      vertex 177.8 60.683 1.7
      vertex 177.8 54.683 1.7
    endloop
  endfacet
  facet normal -0 0 -1
    outer loop
      vertex 177.8 60.683 1.7
      vertex 168.3 54.683 1.7
      vertex 168.3 60.683 1.7
    endloop
  endfacet
  facet normal 0 1 -0
    outer loop
      vertex 270 141 0
      vertex 168.3 141 2.8
      vertex 270 141 2.8
    endloop
  endfacet
  facet normal 0 1 0
    outer loop
      vertex 168.3 141 2.8
      vertex 270 141 0
      vertex 168.3 141 0
    endloop
  endfacet
  facet normal 0 -1 0
    outer loop
      vertex 168.3 0 0
      vertex 270 0 2.8
      vertex 168.3 0 2.8
    endloop
  endfacet
  facet normal 0 -1 -0
    outer loop
      vertex 270 0 2.8
      vertex 168.3 0 0
      vertex 270 0 0
    endloop
  endfacet
  facet normal 1 -0 0
    outer loop
      vertex 270 0 2.8
      vertex 270 141 0
      vertex 270 141 2.8
    endloop
  endfacet
  facet normal 1 0 0
    outer loop
      vertex 270 141 0
      vertex 270 0 2.8
      vertex 270 0 0
    endloop
  endfacet
  facet normal 0 -1 0
    outer loop
      vertex 203.2 130.277 0
      vertex 203.7 130.277 1.7
      vertex 203.2 130.277 1.7
    endloop
  endfacet
  facet normal 0 -1 -0
    outer loop
      vertex 203.7 130.277 1.7
      vertex 203.2 130.277 0
      vertex 203.7 130.277 0
    endloop
  endfacet
  facet normal 0 -1 0
    outer loop
      vertex 168.3 130.277 0
      vertex 200 130.277 1.7
      vertex 168.3 130.277 1.7
    endloop
  endfacet
  facet normal 0 -1 -0
    outer loop
      vertex 200 130.277 1.7
      vertex 168.3 130.277 0
      vertex 200 130.277 0
    endloop
  endfacet
  facet normal -1 0 0
    outer loop
      vertex 203.7 126.077 0
      vertex 203.7 130.277 1.7
      vertex 203.7 130.277 0
    endloop
  endfacet
  facet normal -1 -0 0
    outer loop
      vertex 203.7 130.277 1.7
      vertex 203.7 126.077 0
      vertex 203.7 126.077 1.7
    endloop
  endfacet
  facet normal 0 1 -0
    outer loop
      vertex 203.7 126.077 0
      vertex 203.2 126.077 1.7
      vertex 203.7 126.077 1.7
    endloop
  endfacet
  facet normal 0 1 0
    outer loop
      vertex 203.2 126.077 1.7
      vertex 203.7 126.077 0
      vertex 203.2 126.077 0
    endloop
  endfacet
  facet normal 0 1 -0
    outer loop
      vertex 200 126.077 0
      vertex 168.3 126.077 1.7
      vertex 200 126.077 1.7
    endloop
  endfacet
  facet normal 0 1 0
    outer loop
      vertex 168.3 126.077 1.7
      vertex 200 126.077 0
      vertex 168.3 126.077 0
    endloop
  endfacet
  facet normal 0 -1 0
    outer loop
      vertex 181 60.683 0
      vertex 182.4 60.683 1.7
      vertex 181 60.683 1.7
    endloop
  endfacet
  facet normal 0 -1 -0
    outer loop
      vertex 182.4 60.683 1.7
      vertex 181 60.683 0
      vertex 182.4 60.683 0
    endloop
  endfacet
  facet normal 0 -1 0
    outer loop
      vertex 168.3 60.683 0
      vertex 177.8 60.683 1.7
      vertex 168.3 60.683 1.7
    endloop
  endfacet
  facet normal 0 -1 -0
    outer loop
      vertex 177.8 60.683 1.7
      vertex 168.3 60.683 0
      vertex 177.8 60.683 0
    endloop
  endfacet
  facet normal -1 0 0
    outer loop
      vertex 182.4 54.683 0
      vertex 182.4 60.683 1.7
      vertex 182.4 60.683 0
    endloop
  endfacet
  facet normal -1 -0 0
    outer loop
      vertex 182.4 60.683 1.7
      vertex 182.4 54.683 0
      vertex 182.4 54.683 1.7
    endloop
  endfacet
  facet normal 0 1 -0
    outer loop
      vertex 182.4 54.683 0
      vertex 181 54.683 1.7
      vertex 182.4 54.683 1.7
    endloop
  endfacet
  facet normal 0 1 0
    outer loop
      vertex 181 54.683 1.7
      vertex 182.4 54.683 0
      vertex 181 54.683 0
    endloop
  endfacet
  facet normal 0 1 -0
    outer loop
      vertex 177.8 54.683 0
      vertex 168.3 54.683 1.7
      vertex 177.8 54.683 1.7
    endloop
  endfacet
  facet normal 0 1 0
    outer loop
      vertex 168.3 54.683 1.7
      vertex 177.8 54.683 0
      vertex 168.3 54.683 0
    endloop
  endfacet
  facet normal 0 -1 0
    outer loop
      vertex 203.2 22.231 0
      vertex 204.6 22.231 1.7
      vertex 203.2 22.231 1.7
    endloop
  endfacet
  facet normal 0 -1 -0
    outer loop
      vertex 204.6 22.231 1.7
      vertex 203.2 22.231 0
      vertex 204.6 22.231 0
    endloop
  endfacet
  facet normal 0 -1 0
    outer loop
      vertex 168.3 22.231 0
      vertex 200 22.231 1.7
      vertex 168.3 22.231 1.7
    endloop
  endfacet
  facet normal 0 -1 -0
    outer loop
      vertex 200 22.231 1.7
      vertex 168.3 22.231 0
      vertex 200 22.231 0
    endloop
  endfacet
  facet normal -1 0 0
    outer loop
      vertex 204.6 16.231 0
      vertex 204.6 22.231 1.7
      vertex 204.6 22.231 0
    endloop
  endfacet
  facet normal -1 -0 0
    outer loop
      vertex 204.6 22.231 1.7
      vertex 204.6 16.231 0
      vertex 204.6 16.231 1.7
    endloop
  endfacet
  facet normal 0 1 -0
    outer loop
      vertex 204.6 16.231 0
      vertex 203.2 16.231 1.7
      vertex 204.6 16.231 1.7
    endloop
  endfacet
  facet normal 0 1 0
    outer loop
      vertex 203.2 16.231 1.7
      vertex 204.6 16.231 0
      vertex 203.2 16.231 0
    endloop
  endfacet
  facet normal 0 1 -0
    outer loop
      vertex 200 16.231 0
      vertex 168.3 16.231 1.7
      vertex 200 16.231 1.7
    endloop
  endfacet
  facet normal 0 1 0
    outer loop
      vertex 168.3 16.231 1.7
      vertex 200 16.231 0
      vertex 168.3 16.231 0
    endloop
  endfacet
  facet normal 0 0 1
    outer loop
      vertex 181 61.183 2.8
      vertex 203.2 124.677 2.8
      vertex 200 124.677 2.8
    endloop
  endfacet
  facet normal 0 0 1
    outer loop
      vertex 203.2 124.677 2.8
      vertex 181 61.183 2.8
      vertex 203.2 22.731 2.8
    endloop
  endfacet
  facet normal -0 0 1
    outer loop
      vertex 264.882 69.9824 2.8
      vertex 264.95 32.048 2.8
      vertex 264.95 70.5 2.8
    endloop
  endfacet
  facet normal 0 0 1
    outer loop
      vertex 264.882 69.9824 2.8
      vertex 264.882 32.5656 2.8
      vertex 264.95 32.048 2.8
    endloop
  endfacet
  facet normal -0 0 1
    outer loop
      vertex 264.682 69.5 2.8
      vertex 264.882 32.5656 2.8
      vertex 264.882 69.9824 2.8
    endloop
  endfacet
  facet normal 0 0 1
    outer loop
      vertex 264.682 69.5 2.8
      vertex 264.682 33.048 2.8
      vertex 264.882 32.5656 2.8
    endloop
  endfacet
  facet normal -0 0 1
    outer loop
      vertex 264.364 69.0858 2.8
      vertex 264.682 33.048 2.8
      vertex 264.682 69.5 2.8
    endloop
  endfacet
  facet normal 0 0 1
    outer loop
      vertex 264.364 69.0858 2.8
      vertex 264.364 33.4622 2.8
      vertex 264.682 33.048 2.8
    endloop
  endfacet
  facet normal -0 0 1
    outer loop
      vertex 263.95 68.768 2.8
      vertex 264.364 33.4622 2.8
      vertex 264.364 69.0858 2.8
    endloop
  endfacet
  facet normal 0 0 1
    outer loop
      vertex 263.95 68.768 2.8
      vertex 263.95 33.7801 2.8
      vertex 264.364 33.4622 2.8
    endloop
  endfacet
  facet normal -0 0 1
    outer loop
      vertex 263.468 68.5681 2.8
      vertex 263.95 33.7801 2.8
      vertex 263.95 68.768 2.8
    endloop
  endfacet
  facet normal 0 0 1
    outer loop
      vertex 263.468 68.5681 2.8
      vertex 263.468 33.9799 2.8
      vertex 263.95 33.7801 2.8
    endloop
  endfacet
  facet normal -0 0 1
    outer loop
      vertex 262.95 68.5 2.8
      vertex 263.468 33.9799 2.8
      vertex 263.468 68.5681 2.8
    endloop
  endfacet
  facet normal 0 0 1
    outer loop
      vertex 262.95 68.5 2.8
      vertex 262.95 34.048 2.8
      vertex 263.468 33.9799 2.8
    endloop
  endfacet
  facet normal 0 0 1
    outer loop
      vertex 262.432 68.5681 2.8
      vertex 262.95 34.048 2.8
      vertex 262.95 68.5 2.8
    endloop
  endfacet
  facet normal 0 0 1
    outer loop
      vertex 262.432 68.5681 2.8
      vertex 262.432 33.9799 2.8
      vertex 262.95 34.048 2.8
    endloop
  endfacet
  facet normal 0 0 1
    outer loop
      vertex 261.95 68.768 2.8
      vertex 262.432 33.9799 2.8
      vertex 262.432 68.5681 2.8
    endloop
  endfacet
  facet normal 0 0 1
    outer loop
      vertex 261.95 68.768 2.8
      vertex 261.95 33.7801 2.8
      vertex 262.432 33.9799 2.8
    endloop
  endfacet
  facet normal 0 0 1
    outer loop
      vertex 261.536 69.0858 2.8
      vertex 261.95 33.7801 2.8
      vertex 261.95 68.768 2.8
    endloop
  endfacet
  facet normal 0 0 1
    outer loop
      vertex 261.536 69.0858 2.8
      vertex 261.536 33.4622 2.8
      vertex 261.95 33.7801 2.8
    endloop
  endfacet
  facet normal 0 0 1
    outer loop
      vertex 261.218 69.5 2.8
      vertex 261.536 33.4622 2.8
      vertex 261.536 69.0858 2.8
    endloop
  endfacet
  facet normal 0 0 1
    outer loop
      vertex 261.218 69.5 2.8
      vertex 261.218 33.048 2.8
      vertex 261.536 33.4622 2.8
    endloop
  endfacet
  facet normal 0 0 1
    outer loop
      vertex 203.2 22.731 2.8
      vertex 261.218 69.5 2.8
      vertex 261.018 69.9824 2.8
    endloop
  endfacet
  facet normal 0 0 1
    outer loop
      vertex 261.218 69.5 2.8
      vertex 203.2 22.731 2.8
      vertex 261.218 33.048 2.8
    endloop
  endfacet
  facet normal 0 0 1
    outer loop
      vertex 203.2 22.731 2.8
      vertex 261.018 69.9824 2.8
      vertex 260.95 70.5 2.8
    endloop
  endfacet
  facet normal 0 0 1
    outer loop
      vertex 261.218 33.048 2.8
      vertex 203.2 22.731 2.8
      vertex 261.018 32.5656 2.8
    endloop
  endfacet
  facet normal -0 0 1
    outer loop
      vertex 264.882 108.434 2.8
      vertex 264.95 70.5 2.8
      vertex 264.95 108.952 2.8
    endloop
  endfacet
  facet normal 0 0 1
    outer loop
      vertex 264.882 108.434 2.8
      vertex 264.882 71.0176 2.8
      vertex 264.95 70.5 2.8
    endloop
  endfacet
  facet normal -0 0 1
    outer loop
      vertex 264.682 107.952 2.8
      vertex 264.882 71.0176 2.8
      vertex 264.882 108.434 2.8
    endloop
  endfacet
  facet normal 0 0 1
    outer loop
      vertex 264.682 107.952 2.8
      vertex 264.682 71.5 2.8
      vertex 264.882 71.0176 2.8
    endloop
  endfacet
  facet normal -0 0 1
    outer loop
      vertex 264.364 107.538 2.8
      vertex 264.682 71.5 2.8
      vertex 264.682 107.952 2.8
    endloop
  endfacet
  facet normal 0 0 1
    outer loop
      vertex 264.364 107.538 2.8
      vertex 264.364 71.9142 2.8
      vertex 264.682 71.5 2.8
    endloop
  endfacet
  facet normal -0 0 1
    outer loop
      vertex 263.95 107.22 2.8
      vertex 264.364 71.9142 2.8
      vertex 264.364 107.538 2.8
    endloop
  endfacet
  facet normal 0 0 1
    outer loop
      vertex 263.95 107.22 2.8
      vertex 263.95 72.232 2.8
      vertex 264.364 71.9142 2.8
    endloop
  endfacet
  facet normal -0 0 1
    outer loop
      vertex 263.468 107.02 2.8
      vertex 263.95 72.232 2.8
      vertex 263.95 107.22 2.8
    endloop
  endfacet
  facet normal 0 0 1
    outer loop
      vertex 263.468 107.02 2.8
      vertex 263.468 72.4319 2.8
      vertex 263.95 72.232 2.8
    endloop
  endfacet
  facet normal -0 0 1
    outer loop
      vertex 262.95 106.952 2.8
      vertex 263.468 72.4319 2.8
      vertex 263.468 107.02 2.8
    endloop
  endfacet
  facet normal 0 0 1
    outer loop
      vertex 262.95 106.952 2.8
      vertex 262.95 72.5 2.8
      vertex 263.468 72.4319 2.8
    endloop
  endfacet
  facet normal 0 0 1
    outer loop
      vertex 262.432 107.02 2.8
      vertex 262.95 72.5 2.8
      vertex 262.95 106.952 2.8
    endloop
  endfacet
  facet normal 0 0 1
    outer loop
      vertex 262.432 107.02 2.8
      vertex 262.432 72.4319 2.8
      vertex 262.95 72.5 2.8
    endloop
  endfacet
  facet normal 0 0 1
    outer loop
      vertex 261.95 107.22 2.8
      vertex 262.432 72.4319 2.8
      vertex 262.432 107.02 2.8
    endloop
  endfacet
  facet normal 0 0 1
    outer loop
      vertex 261.95 107.22 2.8
      vertex 261.95 72.232 2.8
      vertex 262.432 72.4319 2.8
    endloop
  endfacet
  facet normal 0 0 1
    outer loop
      vertex 261.536 107.538 2.8
      vertex 261.95 72.232 2.8
      vertex 261.95 107.22 2.8
    endloop
  endfacet
  facet normal 0 0 1
    outer loop
      vertex 261.536 107.538 2.8
      vertex 261.536 71.9142 2.8
      vertex 261.95 72.232 2.8
    endloop
  endfacet
  facet normal 0 0 1
    outer loop
      vertex 261.218 107.952 2.8
      vertex 261.536 71.9142 2.8
      vertex 261.536 107.538 2.8
    endloop
  endfacet
  facet normal 0 0 1
    outer loop
      vertex 261.218 107.952 2.8
      vertex 261.218 71.5 2.8
      vertex 261.536 71.9142 2.8
    endloop
  endfacet
  facet normal 0 0 1
    outer loop
      vertex 203.2 124.677 2.8
      vertex 261.218 107.952 2.8
      vertex 261.018 108.434 2.8
    endloop
  endfacet
  facet normal 0 0 1
    outer loop
      vertex 261.218 107.952 2.8
      vertex 203.2 124.677 2.8
      vertex 261.218 71.5 2.8
    endloop
  endfacet
  facet normal 0 0 1
    outer loop
      vertex 203.2 124.677 2.8
      vertex 261.018 108.434 2.8
      vertex 260.95 108.952 2.8
    endloop
  endfacet
  facet normal 0 0 1
    outer loop
      vertex 261.218 71.5 2.8
      vertex 203.2 124.677 2.8
      vertex 261.018 71.0176 2.8
    endloop
  endfacet
  facet normal 0 0 1
    outer loop
      vertex 264.95 70.5 2.8
      vertex 270 141 2.8
      vertex 264.95 108.952 2.8
    endloop
  endfacet
  facet normal 0 0 1
    outer loop
      vertex 270 141 2.8
      vertex 264.882 109.47 2.8
      vertex 264.95 108.952 2.8
    endloop
  endfacet
  facet normal 0 0 1
    outer loop
      vertex 270 141 2.8
      vertex 264.682 109.952 2.8
      vertex 264.882 109.47 2.8
    endloop
  endfacet
  facet normal 0 0 1
    outer loop
      vertex 270 141 2.8
      vertex 264.364 110.366 2.8
      vertex 264.682 109.952 2.8
    endloop
  endfacet
  facet normal 0 0 1
    outer loop
      vertex 270 141 2.8
      vertex 263.95 110.684 2.8
      vertex 264.364 110.366 2.8
    endloop
  endfacet
  facet normal 0 0 1
    outer loop
      vertex 270 141 2.8
      vertex 263.468 110.884 2.8
      vertex 263.95 110.684 2.8
    endloop
  endfacet
  facet normal 0 0 1
    outer loop
      vertex 270 141 2.8
      vertex 262.95 110.952 2.8
      vertex 263.468 110.884 2.8
    endloop
  endfacet
  facet normal 0 0 1
    outer loop
      vertex 270 141 2.8
      vertex 262.432 110.884 2.8
      vertex 262.95 110.952 2.8
    endloop
  endfacet
  facet normal 0 0 1
    outer loop
      vertex 270 141 2.8
      vertex 261.95 110.684 2.8
      vertex 262.432 110.884 2.8
    endloop
  endfacet
  facet normal 0 0 1
    outer loop
      vertex 270 141 2.8
      vertex 261.536 110.366 2.8
      vertex 261.95 110.684 2.8
    endloop
  endfacet
  facet normal -0 0 1
    outer loop
      vertex 203.2 131.677 2.8
      vertex 261.536 110.366 2.8
      vertex 270 141 2.8
    endloop
  endfacet
  facet normal 0 0 1
    outer loop
      vertex 261.536 110.366 2.8
      vertex 203.2 131.677 2.8
      vertex 261.218 109.952 2.8
    endloop
  endfacet
  facet normal 0 0 1
    outer loop
      vertex 261.018 71.0176 2.8
      vertex 203.2 124.677 2.8
      vertex 260.95 70.5 2.8
    endloop
  endfacet
  facet normal 0 0 1
    outer loop
      vertex 261.018 109.47 2.8
      vertex 203.2 124.677 2.8
      vertex 260.95 108.952 2.8
    endloop
  endfacet
  facet normal 0 0 1
    outer loop
      vertex 261.218 109.952 2.8
      vertex 203.2 124.677 2.8
      vertex 261.018 109.47 2.8
    endloop
  endfacet
  facet normal -0 0 1
    outer loop
      vertex 203.2 124.677 2.8
      vertex 261.218 109.952 2.8
      vertex 203.2 131.677 2.8
    endloop
  endfacet
  facet normal -0 0 1
    outer loop
      vertex 168.3 141 2.8
      vertex 203.2 131.677 2.8
      vertex 270 141 2.8
    endloop
  endfacet
  facet normal 0 0 1
    outer loop
      vertex 168.3 141 2.8
      vertex 200 124.677 2.8
      vertex 200 131.677 2.8
    endloop
  endfacet
  facet normal -0 0 1
    outer loop
      vertex 181 54.183 2.8
      vertex 203.2 22.731 2.8
      vertex 181 61.183 2.8
    endloop
  endfacet
  facet normal 0 0 1
    outer loop
      vertex 203.2 22.731 2.8
      vertex 181 54.183 2.8
      vertex 200 22.731 2.8
    endloop
  endfacet
  facet normal 0 0 1
    outer loop
      vertex 200 124.677 2.8
      vertex 177.8 61.183 2.8
      vertex 181 61.183 2.8
    endloop
  endfacet
  facet normal 0 0 1
    outer loop
      vertex 168.3 0 2.8
      vertex 177.8 61.183 2.8
      vertex 168.3 141 2.8
    endloop
  endfacet
  facet normal 0 0 1
    outer loop
      vertex 200 124.677 2.8
      vertex 168.3 141 2.8
      vertex 177.8 61.183 2.8
    endloop
  endfacet
  facet normal 0 0 1
    outer loop
      vertex 203.2 131.677 2.8
      vertex 168.3 141 2.8
      vertex 200 131.677 2.8
    endloop
  endfacet
  facet normal 0 0 1
    outer loop
      vertex 270 141 2.8
      vertex 264.95 70.5 2.8
      vertex 270 0 2.8
    endloop
  endfacet
  facet normal -0 0 1
    outer loop
      vertex 264.95 32.048 2.8
      vertex 270 0 2.8
      vertex 264.95 70.5 2.8
    endloop
  endfacet
  facet normal -0 0 1
    outer loop
      vertex 264.882 31.5304 2.8
      vertex 270 0 2.8
      vertex 264.95 32.048 2.8
    endloop
  endfacet
  facet normal -0 0 1
    outer loop
      vertex 264.682 31.048 2.8
      vertex 270 0 2.8
      vertex 264.882 31.5304 2.8
    endloop
  endfacet
  facet normal -0 0 1
    outer loop
      vertex 264.364 30.6338 2.8
      vertex 270 0 2.8
      vertex 264.682 31.048 2.8
    endloop
  endfacet
  facet normal -0 0 1
    outer loop
      vertex 263.95 30.3159 2.8
      vertex 270 0 2.8
      vertex 264.364 30.6338 2.8
    endloop
  endfacet
  facet normal -0 0 1
    outer loop
      vertex 263.468 30.1161 2.8
      vertex 270 0 2.8
      vertex 263.95 30.3159 2.8
    endloop
  endfacet
  facet normal -0 0 1
    outer loop
      vertex 262.95 30.048 2.8
      vertex 270 0 2.8
      vertex 263.468 30.1161 2.8
    endloop
  endfacet
  facet normal 0 0 1
    outer loop
      vertex 262.432 30.1161 2.8
      vertex 270 0 2.8
      vertex 262.95 30.048 2.8
    endloop
  endfacet
  facet normal 0 0 1
    outer loop
      vertex 261.95 30.3159 2.8
      vertex 270 0 2.8
      vertex 262.432 30.1161 2.8
    endloop
  endfacet
  facet normal 0 0 1
    outer loop
      vertex 261.536 30.6338 2.8
      vertex 270 0 2.8
      vertex 261.95 30.3159 2.8
    endloop
  endfacet
  facet normal 0 0 1
    outer loop
      vertex 203.2 15.731 2.8
      vertex 261.536 30.6338 2.8
      vertex 261.218 31.048 2.8
    endloop
  endfacet
  facet normal 0 0 1
    outer loop
      vertex 203.2 22.731 2.8
      vertex 261.218 31.048 2.8
      vertex 261.018 31.5304 2.8
    endloop
  endfacet
  facet normal 0 0 1
    outer loop
      vertex 260.95 70.5 2.8
      vertex 203.2 124.677 2.8
      vertex 203.2 22.731 2.8
    endloop
  endfacet
  facet normal 0 0 1
    outer loop
      vertex 261.018 32.5656 2.8
      vertex 203.2 22.731 2.8
      vertex 260.95 32.048 2.8
    endloop
  endfacet
  facet normal 0 0 1
    outer loop
      vertex 260.95 32.048 2.8
      vertex 203.2 22.731 2.8
      vertex 261.018 31.5304 2.8
    endloop
  endfacet
  facet normal 0 0 1
    outer loop
      vertex 261.218 31.048 2.8
      vertex 203.2 22.731 2.8
      vertex 203.2 15.731 2.8
    endloop
  endfacet
  facet normal 0 0 1
    outer loop
      vertex 261.536 30.6338 2.8
      vertex 203.2 15.731 2.8
      vertex 270 0 2.8
    endloop
  endfacet
  facet normal 0 0 1
    outer loop
      vertex 168.3 0 2.8
      vertex 203.2 15.731 2.8
      vertex 200 15.731 2.8
    endloop
  endfacet
  facet normal -0 0 1
    outer loop
      vertex 177.8 54.183 2.8
      vertex 200 22.731 2.8
      vertex 181 54.183 2.8
    endloop
  endfacet
  facet normal 0 0 1
    outer loop
      vertex 168.3 0 2.8
      vertex 200 22.731 2.8
      vertex 177.8 54.183 2.8
    endloop
  endfacet
  facet normal 0 0 1
    outer loop
      vertex 203.2 15.731 2.8
      vertex 168.3 0 2.8
      vertex 270 0 2.8
    endloop
  endfacet
  facet normal 0 0 1
    outer loop
      vertex 200 22.731 2.8
      vertex 168.3 0 2.8
      vertex 200 15.731 2.8
    endloop
  endfacet
  facet normal 0 0 1
    outer loop
      vertex 177.8 61.183 2.8
      vertex 168.3 0 2.8
      vertex 177.8 54.183 2.8
    endloop
  endfacet
  facet normal 0 -1 0
    outer loop
      vertex 201.381 131.677 0
      vertex 202.938 131.677 0.5
      vertex 201.381 131.677 0.5
    endloop
  endfacet
  facet normal 0 -1 -0
    outer loop
      vertex 202.938 131.677 0.5
      vertex 201.381 131.677 0
      vertex 202.938 131.677 0
    endloop
  endfacet
  facet normal 0 -1 0
    outer loop
      vertex 201.381 131.677 0.5
      vertex 200 131.677 2.8
      vertex 200.075 131.677 0.5
    endloop
  endfacet
  facet normal 0 -1 0
    outer loop
      vertex 200 131.677 0
      vertex 200.075 131.677 0.5
      vertex 200 131.677 2.8
    endloop
  endfacet
  facet normal 0 -1 -0
    outer loop
      vertex 200.075 131.677 0.5
      vertex 200 131.677 0
      vertex 200.075 131.677 0
    endloop
  endfacet
  facet normal 0 -1 0
    outer loop
      vertex 200 131.677 2.8
      vertex 201.381 131.677 0.5
      vertex 203.2 131.677 2.8
    endloop
  endfacet
  facet normal 0 -1 0
    outer loop
      vertex 202.938 131.677 0.5
      vertex 203.2 131.677 2.8
      vertex 201.381 131.677 0.5
    endloop
  endfacet
  facet normal 0 -1 -0
    outer loop
      vertex 203.2 131.677 2.8
      vertex 202.938 131.677 0.5
      vertex 203.2 131.677 0.5
    endloop
  endfacet
  facet normal 1 0 0
    outer loop
      vertex 200 131.677 2.8
      vertex 200 130.277 1.7
      vertex 200 131.677 0
    endloop
  endfacet
  facet normal 1 0 0
    outer loop
      vertex 200 131.677 2.8
      vertex 200 126.077 1.7
      vertex 200 130.277 1.7
    endloop
  endfacet
  facet normal 1 -0 0
    outer loop
      vertex 200 124.677 2.8
      vertex 200 126.077 1.7
      vertex 200 131.677 2.8
    endloop
  endfacet
  facet normal 1 0 0
    outer loop
      vertex 200 124.677 0
      vertex 200 126.077 1.7
      vertex 200 124.677 2.8
    endloop
  endfacet
  facet normal 1 0 0
    outer loop
      vertex 200 126.077 1.7
      vertex 200 124.677 0
      vertex 200 126.077 0
    endloop
  endfacet
  facet normal 1 0 0
    outer loop
      vertex 200 131.677 0
      vertex 200 130.277 1.7
      vertex 200 130.277 0
    endloop
  endfacet
  facet normal 0 1 -0
    outer loop
      vertex 203.2 124.677 0
      vertex 200 124.677 2.8
      vertex 203.2 124.677 2.8
    endloop
  endfacet
  facet normal 0 1 0
    outer loop
      vertex 200 124.677 2.8
      vertex 203.2 124.677 0
      vertex 200 124.677 0
    endloop
  endfacet
  facet normal -1 0 0
    outer loop
      vertex 203.2 126.077 0
      vertex 203.2 124.677 0
      vertex 203.2 126.077 1.7
    endloop
  endfacet
  facet normal -1 0 0
    outer loop
      vertex 203.2 130.581 0
      vertex 203.2 130.277 0
      vertex 203.2 130.581 0.5
    endloop
  endfacet
  facet normal -1 0 0
    outer loop
      vertex 203.2 130.277 1.7
      vertex 203.2 131.677 0.5
      vertex 203.2 130.581 0.5
    endloop
  endfacet
  facet normal -1 0 0
    outer loop
      vertex 203.2 130.277 1.7
      vertex 203.2 130.581 0.5
      vertex 203.2 130.277 0
    endloop
  endfacet
  facet normal -1 0 0
    outer loop
      vertex 203.2 131.677 0.5
      vertex 203.2 130.277 1.7
      vertex 203.2 131.677 2.8
    endloop
  endfacet
  facet normal -1 0 0
    outer loop
      vertex 203.2 126.077 1.7
      vertex 203.2 131.677 2.8
      vertex 203.2 130.277 1.7
    endloop
  endfacet
  facet normal -1 0 0
    outer loop
      vertex 203.2 126.077 1.7
      vertex 203.2 124.677 2.8
      vertex 203.2 131.677 2.8
    endloop
  endfacet
  facet normal -1 0 0
    outer loop
      vertex 203.2 124.677 2.8
      vertex 203.2 126.077 1.7
      vertex 203.2 124.677 0
    endloop
  endfacet
  facet normal 0 -1 0
    outer loop
      vertex 177.8 61.183 0
      vertex 181 61.183 2.8
      vertex 177.8 61.183 2.8
    endloop
  endfacet
  facet normal 0 -1 -0
    outer loop
      vertex 181 61.183 2.8
      vertex 177.8 61.183 0
      vertex 181 61.183 0
    endloop
  endfacet
  facet normal 1 0 0
    outer loop
      vertex 177.8 61.183 2.8
      vertex 177.8 60.683 1.7
      vertex 177.8 61.183 0
    endloop
  endfacet
  facet normal 1 0 0
    outer loop
      vertex 177.8 61.183 2.8
      vertex 177.8 54.683 1.7
      vertex 177.8 60.683 1.7
    endloop
  endfacet
  facet normal 1 -0 0
    outer loop
      vertex 177.8 54.183 2.8
      vertex 177.8 54.683 1.7
      vertex 177.8 61.183 2.8
    endloop
  endfacet
  facet normal 1 0 0
    outer loop
      vertex 177.8 54.183 0
      vertex 177.8 54.683 1.7
      vertex 177.8 54.183 2.8
    endloop
  endfacet
  facet normal 1 0 0
    outer loop
      vertex 177.8 54.683 1.7
      vertex 177.8 54.183 0
      vertex 177.8 54.683 0
    endloop
  endfacet
  facet normal 1 0 0
    outer loop
      vertex 177.8 61.183 0
      vertex 177.8 60.683 1.7
      vertex 177.8 60.683 0
    endloop
  endfacet
  facet normal 0 1 -0
    outer loop
      vertex 181 54.183 0
      vertex 177.8 54.183 2.8
      vertex 181 54.183 2.8
    endloop
  endfacet
  facet normal 0 1 0
    outer loop
      vertex 177.8 54.183 2.8
      vertex 181 54.183 0
      vertex 177.8 54.183 0
    endloop
  endfacet
  facet normal -1 0 0
    outer loop
      vertex 181 54.683 0
      vertex 181 54.183 0
      vertex 181 54.683 1.7
    endloop
  endfacet
  facet normal -1 0 0
    outer loop
      vertex 181 60.683 1.7
      vertex 181 61.183 0
      vertex 181 60.683 0
    endloop
  endfacet
  facet normal -1 0 0
    outer loop
      vertex 181 61.183 0
      vertex 181 60.683 1.7
      vertex 181 61.183 2.8
    endloop
  endfacet
  facet normal -1 0 0
    outer loop
      vertex 181 54.683 1.7
      vertex 181 61.183 2.8
      vertex 181 60.683 1.7
    endloop
  endfacet
  facet normal -1 0 0
    outer loop
      vertex 181 54.683 1.7
      vertex 181 54.183 2.8
      vertex 181 61.183 2.8
    endloop
  endfacet
  facet normal -1 0 0
    outer loop
      vertex 181 54.183 2.8
      vertex 181 54.683 1.7
      vertex 181 54.183 0
    endloop
  endfacet
  facet normal 0 -1 0
    outer loop
      vertex 200 22.731 0
      vertex 203.2 22.731 2.8
      vertex 200 22.731 2.8
    endloop
  endfacet
  facet normal 0 -1 -0
    outer loop
      vertex 203.2 22.731 2.8
      vertex 200 22.731 0
      vertex 203.2 22.731 0
    endloop
  endfacet
  facet normal 1 0 0
    outer loop
      vertex 200 22.731 2.8
      vertex 200 22.231 1.7
      vertex 200 22.731 0
    endloop
  endfacet
  facet normal 1 0 0
    outer loop
      vertex 200 22.731 2.8
      vertex 200 16.231 1.7
      vertex 200 22.231 1.7
    endloop
  endfacet
  facet normal 1 -0 0
    outer loop
      vertex 200 15.731 2.8
      vertex 200 16.231 1.7
      vertex 200 22.731 2.8
    endloop
  endfacet
  facet normal 1 0 0
    outer loop
      vertex 200 15.731 0
      vertex 200 16.231 1.7
      vertex 200 15.731 2.8
    endloop
  endfacet
  facet normal 1 0 0
    outer loop
      vertex 200 16.231 1.7
      vertex 200 15.731 0
      vertex 200 16.231 0
    endloop
  endfacet
  facet normal 1 0 0
    outer loop
      vertex 200 22.731 0
      vertex 200 22.231 1.7
      vertex 200 22.231 0
    endloop
  endfacet
  facet normal 0 1 -0
    outer loop
      vertex 203.2 15.731 0
      vertex 200 15.731 2.8
      vertex 203.2 15.731 2.8
    endloop
  endfacet
  facet normal 0 1 0
    outer loop
      vertex 200 15.731 2.8
      vertex 203.2 15.731 0
      vertex 200 15.731 0
    endloop
  endfacet
  facet normal -1 0 0
    outer loop
      vertex 203.2 16.231 0
      vertex 203.2 15.731 0
      vertex 203.2 16.231 1.7
    endloop
  endfacet
  facet normal -1 0 0
    outer loop
      vertex 203.2 22.231 1.7
      vertex 203.2 22.731 0
      vertex 203.2 22.231 0
    endloop
  endfacet
  facet normal -1 0 0
    outer loop
      vertex 203.2 22.731 0
      vertex 203.2 22.231 1.7
      vertex 203.2 22.731 2.8
    endloop
  endfacet
  facet normal -1 0 0
    outer loop
      vertex 203.2 16.231 1.7
      vertex 203.2 22.731 2.8
      vertex 203.2 22.231 1.7
    endloop
  endfacet
  facet normal -1 0 0
    outer loop
      vertex 203.2 16.231 1.7
      vertex 203.2 15.731 2.8
      vertex 203.2 22.731 2.8
    endloop
  endfacet
  facet normal -1 0 0
    outer loop
      vertex 203.2 15.731 2.8
      vertex 203.2 16.231 1.7
      vertex 203.2 15.731 0
    endloop
  endfacet
  facet normal 0 0 -1
    outer loop
      vertex 200.075 131.677 0.5
      vertex 201.381 133.384 0.5
      vertex 201.381 131.677 0.5
    endloop
  endfacet
  facet normal 0 0 -1
    outer loop
      vertex 200.075 135.469 0.5
      vertex 201.381 133.384 0.5
      vertex 200.075 131.677 0.5
    endloop
  endfacet
  facet normal 0 0 -1
    outer loop
      vertex 201.381 133.384 0.5
      vertex 200.075 135.469 0.5
      vertex 201.381 134.007 0.5
    endloop
  endfacet
  facet normal 0 0 -1
    outer loop
      vertex 201.483 134.483 0.5
      vertex 201.452 135.469 0.5
      vertex 201.483 135.468 0.5
    endloop
  endfacet
  facet normal 0 0 -1
    outer loop
      vertex 201.381 134.483 0.5
      vertex 201.452 135.469 0.5
      vertex 201.483 134.483 0.5
    endloop
  endfacet
  facet normal 0 0 -1
    outer loop
      vertex 201.381 134.007 0.5
      vertex 200.075 135.469 0.5
      vertex 201.381 134.483 0.5
    endloop
  endfacet
  facet normal 0 0 -1
    outer loop
      vertex 201.381 134.483 0.5
      vertex 200.075 135.469 0.5
      vertex 201.452 135.469 0.5
    endloop
  endfacet
  facet normal 0 0 -1
    outer loop
      vertex 201.483 133.986 0.5
      vertex 202.347 134.435 0.5
      vertex 202.347 133.364 0.5
    endloop
  endfacet
  facet normal 0 0 -1
    outer loop
      vertex 202.347 134.435 0.5
      vertex 201.483 134.483 0.5
      vertex 202.347 135.436 0.5
    endloop
  endfacet
  facet normal -0 0 -1
    outer loop
      vertex 202.347 134.435 0.5
      vertex 201.483 133.986 0.5
      vertex 201.483 134.483 0.5
    endloop
  endfacet
  facet normal 0 0 -1
    outer loop
      vertex 201.478 133.364 0.5
      vertex 201.483 133.986 0.5
      vertex 202.347 133.364 0.5
    endloop
  endfacet
  facet normal 0 0 -1
    outer loop
      vertex 201.381 133.384 0.5
      vertex 201.483 133.986 0.5
      vertex 201.478 133.364 0.5
    endloop
  endfacet
  facet normal -0 0 -1
    outer loop
      vertex 201.483 133.986 0.5
      vertex 201.381 133.384 0.5
      vertex 201.381 134.007 0.5
    endloop
  endfacet
  facet normal -0 0 -1
    outer loop
      vertex 204.235 134.646 0.5
      vertex 203.278 133.83 0.5
      vertex 204.137 134.746 0.5
    endloop
  endfacet
  facet normal 0 0 -1
    outer loop
      vertex 203.183 133.965 0.5
      vertex 204.137 134.746 0.5
      vertex 203.278 133.83 0.5
    endloop
  endfacet
  facet normal -0 0 -1
    outer loop
      vertex 204.137 134.746 0.5
      vertex 203.183 133.965 0.5
      vertex 204.018 134.854 0.5
    endloop
  endfacet
  facet normal -0 0 -1
    outer loop
      vertex 204.018 134.854 0.5
      vertex 203.183 133.965 0.5
      vertex 203.891 134.953 0.5
    endloop
  endfacet
  facet normal 0 0 -1
    outer loop
      vertex 203.071 134.086 0.5
      vertex 203.891 134.953 0.5
      vertex 203.183 133.965 0.5
    endloop
  endfacet
  facet normal -0 0 -1
    outer loop
      vertex 203.891 134.953 0.5
      vertex 203.071 134.086 0.5
      vertex 203.759 135.042 0.5
    endloop
  endfacet
  facet normal -0 0 -1
    outer loop
      vertex 203.759 135.042 0.5
      vertex 203.071 134.086 0.5
      vertex 203.619 135.121 0.5
    endloop
  endfacet
  facet normal 0 0 -1
    outer loop
      vertex 202.943 134.191 0.5
      vertex 203.619 135.121 0.5
      vertex 203.071 134.086 0.5
    endloop
  endfacet
  facet normal -0 0 -1
    outer loop
      vertex 203.619 135.121 0.5
      vertex 202.943 134.191 0.5
      vertex 203.473 135.192 0.5
    endloop
  endfacet
  facet normal -0 0 -1
    outer loop
      vertex 203.473 135.192 0.5
      vertex 202.943 134.191 0.5
      vertex 203.32 135.253 0.5
    endloop
  endfacet
  facet normal 0 0 -1
    outer loop
      vertex 202.799 134.281 0.5
      vertex 203.32 135.253 0.5
      vertex 202.943 134.191 0.5
    endloop
  endfacet
  facet normal -0 0 -1
    outer loop
      vertex 203.32 135.253 0.5
      vertex 202.799 134.281 0.5
      vertex 203.161 135.304 0.5
    endloop
  endfacet
  facet normal -0 0 -1
    outer loop
      vertex 203.161 135.304 0.5
      vertex 202.799 134.281 0.5
      vertex 202.986 135.348 0.5
    endloop
  endfacet
  facet normal 0 0 -1
    outer loop
      vertex 202.64 134.354 0.5
      vertex 202.986 135.348 0.5
      vertex 202.799 134.281 0.5
    endloop
  endfacet
  facet normal -0 0 -1
    outer loop
      vertex 202.986 135.348 0.5
      vertex 202.64 134.354 0.5
      vertex 202.789 135.385 0.5
    endloop
  endfacet
  facet normal 0 0 -1
    outer loop
      vertex 202.465 134.41 0.5
      vertex 202.789 135.385 0.5
      vertex 202.64 134.354 0.5
    endloop
  endfacet
  facet normal -0 0 -1
    outer loop
      vertex 202.789 135.385 0.5
      vertex 202.465 134.41 0.5
      vertex 202.568 135.415 0.5
    endloop
  endfacet
  facet normal 0 0 -1
    outer loop
      vertex 202.347 134.435 0.5
      vertex 202.568 135.415 0.5
      vertex 202.465 134.41 0.5
    endloop
  endfacet
  facet normal -0 0 -1
    outer loop
      vertex 202.568 135.415 0.5
      vertex 202.347 134.435 0.5
      vertex 202.347 135.436 0.5
    endloop
  endfacet
  facet normal 0 0 -1
    outer loop
      vertex 203.493 132.932 0.5
      vertex 204.839 132.932 0.5
      vertex 204.836 132.773 0.5
    endloop
  endfacet
  facet normal 0 0 -1
    outer loop
      vertex 203.484 132.725 0.5
      vertex 204.836 132.773 0.5
      vertex 204.825 132.619 0.5
    endloop
  endfacet
  facet normal 0 0 -1
    outer loop
      vertex 204.839 132.932 0.5
      vertex 203.493 132.932 0.5
      vertex 204.836 133.094 0.5
    endloop
  endfacet
  facet normal 0 0 -1
    outer loop
      vertex 203.484 133.141 0.5
      vertex 204.836 133.094 0.5
      vertex 203.493 132.932 0.5
    endloop
  endfacet
  facet normal 0 0 -1
    outer loop
      vertex 203.484 132.725 0.5
      vertex 204.825 132.619 0.5
      vertex 204.807 132.469 0.5
    endloop
  endfacet
  facet normal 0 0 -1
    outer loop
      vertex 209.227 130.406 0.5
      vertex 207.01 131.392 0.5
      vertex 209.227 131.392 0.5
    endloop
  endfacet
  facet normal 0 0 -1
    outer loop
      vertex 205.705 130.406 0.5
      vertex 207.01 132.336 0.5
      vertex 207.01 131.392 0.5
    endloop
  endfacet
  facet normal 0 0 -1
    outer loop
      vertex 207.01 132.336 0.5
      vertex 205.705 133.364 0.5
      vertex 207.01 133.322 0.5
    endloop
  endfacet
  facet normal -0 0 -1
    outer loop
      vertex 207.01 132.336 0.5
      vertex 205.705 130.406 0.5
      vertex 205.705 133.364 0.5
    endloop
  endfacet
  facet normal 0 0 -1
    outer loop
      vertex 205.705 130.406 0.5
      vertex 207.01 131.392 0.5
      vertex 209.227 130.406 0.5
    endloop
  endfacet
  facet normal 0 0 -1
    outer loop
      vertex 207.01 132.336 0.5
      vertex 209.095 133.322 0.5
      vertex 209.095 132.336 0.5
    endloop
  endfacet
  facet normal -0 0 -1
    outer loop
      vertex 209.095 133.322 0.5
      vertex 207.01 132.336 0.5
      vertex 207.01 133.322 0.5
    endloop
  endfacet
  facet normal 0 0 -1
    outer loop
      vertex 207.01 134.483 0.5
      vertex 209.302 135.469 0.5
      vertex 209.302 134.483 0.5
    endloop
  endfacet
  facet normal 0 0 -1
    outer loop
      vertex 207.01 133.322 0.5
      vertex 205.705 133.364 0.5
      vertex 207.01 134.483 0.5
    endloop
  endfacet
  facet normal 0 0 -1
    outer loop
      vertex 205.441 134.036 0.5
      vertex 207.01 134.483 0.5
      vertex 205.705 133.364 0.5
    endloop
  endfacet
  facet normal 0 0 -1
    outer loop
      vertex 205.705 135.469 0.5
      vertex 207.01 134.483 0.5
      vertex 205.705 135.413 0.5
    endloop
  endfacet
  facet normal 0 0 -1
    outer loop
      vertex 207.01 134.483 0.5
      vertex 205.705 135.469 0.5
      vertex 209.302 135.469 0.5
    endloop
  endfacet
  facet normal -0 0 -1
    outer loop
      vertex 207.01 134.483 0.5
      vertex 205.441 134.036 0.5
      vertex 205.705 135.413 0.5
    endloop
  endfacet
  facet normal 0 0 -1
    outer loop
      vertex 204.812 133.364 0.5
      vertex 205.441 134.036 0.5
      vertex 205.705 133.364 0.5
    endloop
  endfacet
  facet normal 0 0 -1
    outer loop
      vertex 203.459 132.531 0.5
      vertex 204.807 132.469 0.5
      vertex 204.783 132.324 0.5
    endloop
  endfacet
  facet normal 0 0 -1
    outer loop
      vertex 203.459 132.531 0.5
      vertex 204.783 132.324 0.5
      vertex 204.751 132.184 0.5
    endloop
  endfacet
  facet normal 0 0 -1
    outer loop
      vertex 203.459 132.531 0.5
      vertex 204.751 132.184 0.5
      vertex 204.712 132.049 0.5
    endloop
  endfacet
  facet normal 0 0 -1
    outer loop
      vertex 203.416 132.353 0.5
      vertex 204.712 132.049 0.5
      vertex 204.666 131.919 0.5
    endloop
  endfacet
  facet normal 0 0 -1
    outer loop
      vertex 204.812 133.364 0.5
      vertex 204.632 134.036 0.5
      vertex 205.441 134.036 0.5
    endloop
  endfacet
  facet normal -0 0 -1
    outer loop
      vertex 204.836 132.773 0.5
      vertex 203.484 132.725 0.5
      vertex 203.493 132.932 0.5
    endloop
  endfacet
  facet normal 0 0 -1
    outer loop
      vertex 203.416 132.353 0.5
      vertex 204.666 131.919 0.5
      vertex 204.613 131.793 0.5
    endloop
  endfacet
  facet normal -0 0 -1
    outer loop
      vertex 204.825 133.25 0.5
      vertex 203.484 133.141 0.5
      vertex 204.812 133.364 0.5
    endloop
  endfacet
  facet normal 0 0 -1
    outer loop
      vertex 203.356 132.189 0.5
      vertex 204.613 131.793 0.5
      vertex 204.552 131.671 0.5
    endloop
  endfacet
  facet normal 0 0 -1
    outer loop
      vertex 203.459 133.335 0.5
      vertex 204.812 133.364 0.5
      vertex 203.484 133.141 0.5
    endloop
  endfacet
  facet normal 0 0 -1
    outer loop
      vertex 203.356 132.189 0.5
      vertex 204.552 131.671 0.5
      vertex 204.484 131.554 0.5
    endloop
  endfacet
  facet normal -0 0 -1
    outer loop
      vertex 204.812 133.364 0.5
      vertex 203.459 133.335 0.5
      vertex 204.632 134.036 0.5
    endloop
  endfacet
  facet normal 0 0 -1
    outer loop
      vertex 203.356 132.189 0.5
      vertex 204.484 131.554 0.5
      vertex 204.409 131.441 0.5
    endloop
  endfacet
  facet normal 0 0 -1
    outer loop
      vertex 203.415 133.515 0.5
      vertex 204.632 134.036 0.5
      vertex 203.459 133.335 0.5
    endloop
  endfacet
  facet normal 0 0 -1
    outer loop
      vertex 203.279 132.04 0.5
      vertex 204.409 131.441 0.5
      vertex 204.326 131.333 0.5
    endloop
  endfacet
  facet normal -0 0 -1
    outer loop
      vertex 204.632 134.036 0.5
      vertex 203.415 133.515 0.5
      vertex 204.613 134.081 0.5
    endloop
  endfacet
  facet normal 0 0 -1
    outer loop
      vertex 203.2 131.677 0.5
      vertex 204.326 131.333 0.5
      vertex 204.235 131.229 0.5
    endloop
  endfacet
  facet normal 0 0 -1
    outer loop
      vertex 203.355 133.68 0.5
      vertex 204.613 134.081 0.5
      vertex 203.415 133.515 0.5
    endloop
  endfacet
  facet normal 0 0 -1
    outer loop
      vertex 203.2 131.677 0.5
      vertex 204.235 131.229 0.5
      vertex 204.137 131.129 0.5
    endloop
  endfacet
  facet normal -0 0 -1
    outer loop
      vertex 204.613 134.081 0.5
      vertex 203.355 133.68 0.5
      vertex 204.552 134.203 0.5
    endloop
  endfacet
  facet normal 0 0 -1
    outer loop
      vertex 203.2 131.677 0.5
      vertex 204.137 131.129 0.5
      vertex 204.019 131.021 0.5
    endloop
  endfacet
  facet normal -0 0 -1
    outer loop
      vertex 204.552 134.203 0.5
      vertex 203.355 133.68 0.5
      vertex 204.484 134.32 0.5
    endloop
  endfacet
  facet normal 0 0 -1
    outer loop
      vertex 203.2 131.677 0.5
      vertex 204.019 131.021 0.5
      vertex 203.894 130.923 0.5
    endloop
  endfacet
  facet normal -0 0 -1
    outer loop
      vertex 204.484 134.32 0.5
      vertex 203.355 133.68 0.5
      vertex 204.409 134.433 0.5
    endloop
  endfacet
  facet normal 0 0 -1
    outer loop
      vertex 203.2 131.677 0.5
      vertex 203.894 130.923 0.5
      vertex 203.762 130.833 0.5
    endloop
  endfacet
  facet normal 0 0 -1
    outer loop
      vertex 203.278 133.83 0.5
      vertex 204.409 134.433 0.5
      vertex 203.355 133.68 0.5
    endloop
  endfacet
  facet normal 0 0 -1
    outer loop
      vertex 203.2 131.677 0.5
      vertex 203.762 130.833 0.5
      vertex 203.624 130.754 0.5
    endloop
  endfacet
  facet normal -0 0 -1
    outer loop
      vertex 204.409 134.433 0.5
      vertex 203.278 133.83 0.5
      vertex 204.326 134.542 0.5
    endloop
  endfacet
  facet normal -0 0 -1
    outer loop
      vertex 204.326 134.542 0.5
      vertex 203.278 133.83 0.5
      vertex 204.235 134.646 0.5
    endloop
  endfacet
  facet normal 0 0 -1
    outer loop
      vertex 204.836 133.094 0.5
      vertex 203.484 133.141 0.5
      vertex 204.825 133.25 0.5
    endloop
  endfacet
  facet normal 0 0 -1
    outer loop
      vertex 203.2 131.677 0.5
      vertex 203.624 130.754 0.5
      vertex 203.479 130.683 0.5
    endloop
  endfacet
  facet normal 0 0 -1
    outer loop
      vertex 204.807 132.469 0.5
      vertex 203.459 132.531 0.5
      vertex 203.484 132.725 0.5
    endloop
  endfacet
  facet normal 0 0 -1
    outer loop
      vertex 204.712 132.049 0.5
      vertex 203.416 132.353 0.5
      vertex 203.459 132.531 0.5
    endloop
  endfacet
  facet normal 0 0 -1
    outer loop
      vertex 204.613 131.793 0.5
      vertex 203.356 132.189 0.5
      vertex 203.416 132.353 0.5
    endloop
  endfacet
  facet normal 0 0 -1
    outer loop
      vertex 203.2 131.677 0.5
      vertex 203.479 130.683 0.5
      vertex 203.327 130.622 0.5
    endloop
  endfacet
  facet normal 0 0 -1
    outer loop
      vertex 204.326 131.333 0.5
      vertex 203.2 131.677 0.5
      vertex 203.279 132.04 0.5
    endloop
  endfacet
  facet normal 0 0 -1
    outer loop
      vertex 203.2 131.677 0.5
      vertex 203.327 130.622 0.5
      vertex 203.2 130.581 0.5
    endloop
  endfacet
  facet normal 0 0 -1
    outer loop
      vertex 204.409 131.441 0.5
      vertex 203.279 132.04 0.5
      vertex 203.356 132.189 0.5
    endloop
  endfacet
  facet normal 0 0 -1
    outer loop
      vertex 203.2 131.677 0.5
      vertex 203.184 131.905 0.5
      vertex 203.279 132.04 0.5
    endloop
  endfacet
  facet normal 0 0 -1
    outer loop
      vertex 203.2 131.677 0.5
      vertex 203.073 131.786 0.5
      vertex 203.184 131.905 0.5
    endloop
  endfacet
  facet normal 0 0 -1
    outer loop
      vertex 203.2 131.677 0.5
      vertex 202.945 131.681 0.5
      vertex 203.073 131.786 0.5
    endloop
  endfacet
  facet normal 0 -0 -1
    outer loop
      vertex 202.945 131.681 0.5
      vertex 203.2 131.677 0.5
      vertex 202.938 131.677 0.5
    endloop
  endfacet
  facet normal 0 0 -1
    outer loop
      vertex 204.133 136.907 0.5
      vertex 205.705 135.413 0.5
      vertex 205.441 134.036 0.5
    endloop
  endfacet
  facet normal 0 0 -1
    outer loop
      vertex 205.705 135.413 0.5
      vertex 204.133 136.907 0.5
      vertex 205.023 136.907 0.5
    endloop
  endfacet
  facet normal 0 0 -1
    outer loop
      vertex 202.347 136.276 0.5
      vertex 203.154 136.907 0.5
      vertex 203.154 136.276 0.5
    endloop
  endfacet
  facet normal 0 0 -1
    outer loop
      vertex 201.483 135.468 0.5
      vertex 202.347 135.436 0.5
      vertex 201.483 134.483 0.5
    endloop
  endfacet
  facet normal 0 0 -1
    outer loop
      vertex 202.347 135.436 0.5
      vertex 201.483 135.468 0.5
      vertex 202.347 136.276 0.5
    endloop
  endfacet
  facet normal 0 0 -1
    outer loop
      vertex 201.483 136.276 0.5
      vertex 202.347 136.276 0.5
      vertex 201.483 135.468 0.5
    endloop
  endfacet
  facet normal 0 0 -1
    outer loop
      vertex 201.483 136.276 0.5
      vertex 203.154 136.907 0.5
      vertex 202.347 136.276 0.5
    endloop
  endfacet
  facet normal 0 0 -1
    outer loop
      vertex 200.676 136.907 0.5
      vertex 201.483 136.276 0.5
      vertex 200.676 136.276 0.5
    endloop
  endfacet
  facet normal 0 0 -1
    outer loop
      vertex 201.483 136.276 0.5
      vertex 200.676 136.907 0.5
      vertex 203.154 136.907 0.5
    endloop
  endfacet
  facet normal 0 0 -1
    outer loop
      vertex 199.234 135.01 0.5
      vertex 199.706 134.301 0.5
      vertex 199.699 134.166 0.5
    endloop
  endfacet
  facet normal 0 0 -1
    outer loop
      vertex 199.706 134.301 0.5
      vertex 199.234 135.01 0.5
      vertex 199.704 134.373 0.5
    endloop
  endfacet
  facet normal 0 0 -1
    outer loop
      vertex 199.704 134.373 0.5
      vertex 199.234 135.01 0.5
      vertex 199.696 134.442 0.5
    endloop
  endfacet
  facet normal 0 0 -1
    outer loop
      vertex 199.153 133.477 0.5
      vertex 199.699 134.166 0.5
      vertex 199.679 134.042 0.5
    endloop
  endfacet
  facet normal -0 -0 -1
    outer loop
      vertex 199.297 134.983 0.5
      vertex 199.696 134.442 0.5
      vertex 199.234 135.01 0.5
    endloop
  endfacet
  facet normal 0 0 -1
    outer loop
      vertex 199.272 133.527 0.5
      vertex 199.679 134.042 0.5
      vertex 199.645 133.929 0.5
    endloop
  endfacet
  facet normal 0 0 -1
    outer loop
      vertex 199.696 134.442 0.5
      vertex 199.297 134.983 0.5
      vertex 199.684 134.508 0.5
    endloop
  endfacet
  facet normal 0 0 -1
    outer loop
      vertex 199.684 134.508 0.5
      vertex 199.297 134.983 0.5
      vertex 199.667 134.571 0.5
    endloop
  endfacet
  facet normal 0 0 -1
    outer loop
      vertex 199.375 133.587 0.5
      vertex 199.645 133.929 0.5
      vertex 199.598 133.827 0.5
    endloop
  endfacet
  facet normal -0 -0 -1
    outer loop
      vertex 199.356 134.952 0.5
      vertex 199.667 134.571 0.5
      vertex 199.297 134.983 0.5
    endloop
  endfacet
  facet normal 0 0 -1
    outer loop
      vertex 199.667 134.571 0.5
      vertex 199.356 134.952 0.5
      vertex 199.644 134.631 0.5
    endloop
  endfacet
  facet normal 0 0 -1
    outer loop
      vertex 199.375 133.587 0.5
      vertex 199.598 133.827 0.5
      vertex 199.537 133.736 0.5
    endloop
  endfacet
  facet normal 0 0 -1
    outer loop
      vertex 199.617 134.687 0.5
      vertex 199.356 134.952 0.5
      vertex 199.585 134.741 0.5
    endloop
  endfacet
  facet normal 0 0 -1
    outer loop
      vertex 199.375 133.587 0.5
      vertex 199.537 133.736 0.5
      vertex 199.463 133.656 0.5
    endloop
  endfacet
  facet normal 0 0 -1
    outer loop
      vertex 199.585 134.741 0.5
      vertex 199.356 134.952 0.5
      vertex 199.548 134.791 0.5
    endloop
  endfacet
  facet normal 0 0 -1
    outer loop
      vertex 199.507 134.837 0.5
      vertex 199.411 134.918 0.5
      vertex 199.461 134.879 0.5
    endloop
  endfacet
  facet normal 0 0 -1
    outer loop
      vertex 199.645 133.929 0.5
      vertex 199.375 133.587 0.5
      vertex 199.272 133.527 0.5
    endloop
  endfacet
  facet normal 0 0 -1
    outer loop
      vertex 199.507 134.837 0.5
      vertex 199.356 134.952 0.5
      vertex 199.411 134.918 0.5
    endloop
  endfacet
  facet normal 0 0 -1
    outer loop
      vertex 199.548 134.791 0.5
      vertex 199.356 134.952 0.5
      vertex 199.507 134.837 0.5
    endloop
  endfacet
  facet normal 0 0 -1
    outer loop
      vertex 199.153 133.477 0.5
      vertex 199.679 134.042 0.5
      vertex 199.272 133.527 0.5
    endloop
  endfacet
  facet normal 0 0 -1
    outer loop
      vertex 199.644 134.631 0.5
      vertex 199.356 134.952 0.5
      vertex 199.617 134.687 0.5
    endloop
  endfacet
  facet normal -0 0 -1
    outer loop
      vertex 199.699 134.166 0.5
      vertex 199.153 133.477 0.5
      vertex 199.234 135.01 0.5
    endloop
  endfacet
  facet normal 0 0 -1
    outer loop
      vertex 198.937 135.817 0.5
      vertex 199.851 135.891 0.5
      vertex 199.848 135.798 0.5
    endloop
  endfacet
  facet normal 0 0 -1
    outer loop
      vertex 198.937 135.817 0.5
      vertex 199.848 135.798 0.5
      vertex 199.838 135.708 0.5
    endloop
  endfacet
  facet normal -0 0 -1
    outer loop
      vertex 199.851 135.891 0.5
      vertex 198.934 135.882 0.5
      vertex 199.844 136.032 0.5
    endloop
  endfacet
  facet normal 0 0 -1
    outer loop
      vertex 198.934 135.754 0.5
      vertex 199.838 135.708 0.5
      vertex 199.821 135.623 0.5
    endloop
  endfacet
  facet normal 0 0 -1
    outer loop
      vertex 198.934 135.754 0.5
      vertex 199.821 135.623 0.5
      vertex 199.798 135.543 0.5
    endloop
  endfacet
  facet normal 0 0 -1
    outer loop
      vertex 198.926 135.942 0.5
      vertex 199.844 136.032 0.5
      vertex 198.934 135.882 0.5
    endloop
  endfacet
  facet normal 0 0 -1
    outer loop
      vertex 198.934 135.754 0.5
      vertex 199.798 135.543 0.5
      vertex 199.769 135.466 0.5
    endloop
  endfacet
  facet normal -0 0 -1
    outer loop
      vertex 199.844 136.032 0.5
      vertex 198.926 135.942 0.5
      vertex 199.823 136.163 0.5
    endloop
  endfacet
  facet normal 0 0 -1
    outer loop
      vertex 198.926 135.695 0.5
      vertex 199.769 135.466 0.5
      vertex 199.732 135.394 0.5
    endloop
  endfacet
  facet normal 0 0 -1
    outer loop
      vertex 198.926 135.695 0.5
      vertex 199.732 135.394 0.5
      vertex 199.69 135.326 0.5
    endloop
  endfacet
  facet normal 0 0 -1
    outer loop
      vertex 199.851 135.891 0.5
      vertex 198.937 135.817 0.5
      vertex 198.934 135.882 0.5
    endloop
  endfacet
  facet normal 0 0 -1
    outer loop
      vertex 198.912 135.641 0.5
      vertex 199.69 135.326 0.5
      vertex 199.641 135.263 0.5
    endloop
  endfacet
  facet normal -0 0 -1
    outer loop
      vertex 199.823 136.163 0.5
      vertex 198.912 135.997 0.5
      vertex 199.787 136.283 0.5
    endloop
  endfacet
  facet normal 0 0 -1
    outer loop
      vertex 198.912 135.641 0.5
      vertex 199.641 135.263 0.5
      vertex 199.586 135.206 0.5
    endloop
  endfacet
  facet normal 0 0 -1
    outer loop
      vertex 198.912 135.641 0.5
      vertex 199.586 135.206 0.5
      vertex 199.527 135.155 0.5
    endloop
  endfacet
  facet normal 0 0 -1
    outer loop
      vertex 198.912 135.997 0.5
      vertex 199.823 136.163 0.5
      vertex 198.926 135.942 0.5
    endloop
  endfacet
  facet normal 0 0 -1
    outer loop
      vertex 198.892 135.592 0.5
      vertex 199.527 135.155 0.5
      vertex 199.462 135.11 0.5
    endloop
  endfacet
  facet normal -0 0 -1
    outer loop
      vertex 199.787 136.283 0.5
      vertex 198.912 135.997 0.5
      vertex 199.738 136.392 0.5
    endloop
  endfacet
  facet normal 0 0 -1
    outer loop
      vertex 198.892 135.592 0.5
      vertex 199.462 135.11 0.5
      vertex 199.391 135.071 0.5
    endloop
  endfacet
  facet normal 0 0 -1
    outer loop
      vertex 198.892 135.592 0.5
      vertex 199.391 135.071 0.5
      vertex 199.315 135.038 0.5
    endloop
  endfacet
  facet normal 0 0 -1
    outer loop
      vertex 198.892 136.047 0.5
      vertex 199.738 136.392 0.5
      vertex 198.912 135.997 0.5
    endloop
  endfacet
  facet normal 0 0 -1
    outer loop
      vertex 198.867 135.547 0.5
      vertex 199.315 135.038 0.5
      vertex 199.234 135.01 0.5
    endloop
  endfacet
  facet normal 0 0 -1
    outer loop
      vertex 199.016 133.436 0.5
      vertex 199.234 135.01 0.5
      vertex 199.153 133.477 0.5
    endloop
  endfacet
  facet normal 0 0 -1
    outer loop
      vertex 199.769 135.466 0.5
      vertex 198.926 135.695 0.5
      vertex 198.934 135.754 0.5
    endloop
  endfacet
  facet normal 0 0 -1
    outer loop
      vertex 198.864 133.405 0.5
      vertex 199.234 135.01 0.5
      vertex 199.016 133.436 0.5
    endloop
  endfacet
  facet normal -0 0 -1
    outer loop
      vertex 199.738 136.392 0.5
      vertex 198.892 136.047 0.5
      vertex 199.674 136.49 0.5
    endloop
  endfacet
  facet normal -0 0 -1
    outer loop
      vertex 199.596 136.578 0.5
      vertex 198.892 136.047 0.5
      vertex 199.504 136.656 0.5
    endloop
  endfacet
  facet normal -0 0 -1
    outer loop
      vertex 199.674 136.49 0.5
      vertex 198.892 136.047 0.5
      vertex 199.596 136.578 0.5
    endloop
  endfacet
  facet normal 0 0 -1
    outer loop
      vertex 199.838 135.708 0.5
      vertex 198.934 135.754 0.5
      vertex 198.937 135.817 0.5
    endloop
  endfacet
  facet normal 0 0 -1
    outer loop
      vertex 199.69 135.326 0.5
      vertex 198.912 135.641 0.5
      vertex 198.926 135.695 0.5
    endloop
  endfacet
  facet normal 0 0 -1
    outer loop
      vertex 199.527 135.155 0.5
      vertex 198.892 135.592 0.5
      vertex 198.912 135.641 0.5
    endloop
  endfacet
  facet normal 0 0 -1
    outer loop
      vertex 199.315 135.038 0.5
      vertex 198.867 135.547 0.5
      vertex 198.892 135.592 0.5
    endloop
  endfacet
  facet normal 0 0 -1
    outer loop
      vertex 198.857 133.404 0.5
      vertex 199.234 135.01 0.5
      vertex 198.864 133.405 0.5
    endloop
  endfacet
  facet normal 0 0 -1
    outer loop
      vertex 197.848 135.469 0.5
      vertex 199.234 135.01 0.5
      vertex 198.857 133.404 0.5
    endloop
  endfacet
  facet normal 0 0 -1
    outer loop
      vertex 199.234 135.01 0.5
      vertex 198.836 135.507 0.5
      vertex 198.867 135.547 0.5
    endloop
  endfacet
  facet normal 0 0 -1
    outer loop
      vertex 197.552 133.364 0.5
      vertex 198.857 133.404 0.5
      vertex 198.857 130.406 0.5
    endloop
  endfacet
  facet normal 0 0 -1
    outer loop
      vertex 199.234 135.01 0.5
      vertex 198.799 135.472 0.5
      vertex 198.836 135.507 0.5
    endloop
  endfacet
  facet normal 0 0 -1
    outer loop
      vertex 199.234 135.01 0.5
      vertex 198.795 135.469 0.5
      vertex 198.799 135.472 0.5
    endloop
  endfacet
  facet normal 0 -0 -1
    outer loop
      vertex 197.848 135.469 0.5
      vertex 198.857 133.404 0.5
      vertex 197.552 133.364 0.5
    endloop
  endfacet
  facet normal 0 0 -1
    outer loop
      vertex 199.234 135.01 0.5
      vertex 197.848 135.469 0.5
      vertex 198.795 135.469 0.5
    endloop
  endfacet
  facet normal 0 0 -1
    outer loop
      vertex 197.552 133.364 0.5
      vertex 198.857 130.406 0.5
      vertex 197.552 130.406 0.5
    endloop
  endfacet
  facet normal 0 0 -1
    outer loop
      vertex 198.866 136.092 0.5
      vertex 199.504 136.656 0.5
      vertex 198.892 136.047 0.5
    endloop
  endfacet
  facet normal -0 0 -1
    outer loop
      vertex 199.504 136.656 0.5
      vertex 198.866 136.092 0.5
      vertex 199.398 136.722 0.5
    endloop
  endfacet
  facet normal 0 0 -1
    outer loop
      vertex 198.835 136.133 0.5
      vertex 199.398 136.722 0.5
      vertex 198.866 136.092 0.5
    endloop
  endfacet
  facet normal -0 0 -1
    outer loop
      vertex 199.398 136.722 0.5
      vertex 198.835 136.133 0.5
      vertex 199.277 136.779 0.5
    endloop
  endfacet
  facet normal 0 0 -1
    outer loop
      vertex 198.798 136.168 0.5
      vertex 199.277 136.779 0.5
      vertex 198.835 136.133 0.5
    endloop
  endfacet
  facet normal -0 0 -1
    outer loop
      vertex 199.277 136.779 0.5
      vertex 198.798 136.168 0.5
      vertex 199.141 136.825 0.5
    endloop
  endfacet
  facet normal 0 0 -1
    outer loop
      vertex 198.756 136.199 0.5
      vertex 199.141 136.825 0.5
      vertex 198.798 136.168 0.5
    endloop
  endfacet
  facet normal -0 0 -1
    outer loop
      vertex 199.141 136.825 0.5
      vertex 198.756 136.199 0.5
      vertex 198.991 136.861 0.5
    endloop
  endfacet
  facet normal 0 0 -1
    outer loop
      vertex 198.708 136.225 0.5
      vertex 198.991 136.861 0.5
      vertex 198.756 136.199 0.5
    endloop
  endfacet
  facet normal -0 0 -1
    outer loop
      vertex 198.991 136.861 0.5
      vertex 198.708 136.225 0.5
      vertex 198.825 136.887 0.5
    endloop
  endfacet
  facet normal 0 0 -1
    outer loop
      vertex 198.654 136.247 0.5
      vertex 198.825 136.887 0.5
      vertex 198.708 136.225 0.5
    endloop
  endfacet
  facet normal 0 0 -1
    outer loop
      vertex 198.595 136.263 0.5
      vertex 198.825 136.887 0.5
      vertex 198.654 136.247 0.5
    endloop
  endfacet
  facet normal -0 0 -1
    outer loop
      vertex 198.825 136.887 0.5
      vertex 198.595 136.263 0.5
      vertex 198.645 136.902 0.5
    endloop
  endfacet
  facet normal 0 0 -1
    outer loop
      vertex 198.53 136.275 0.5
      vertex 198.645 136.902 0.5
      vertex 198.595 136.263 0.5
    endloop
  endfacet
  facet normal 0 0 -1
    outer loop
      vertex 198.451 136.907 0.5
      vertex 198.53 136.275 0.5
      vertex 198.46 136.282 0.5
    endloop
  endfacet
  facet normal 0 0 -1
    outer loop
      vertex 198.53 136.275 0.5
      vertex 198.451 136.907 0.5
      vertex 198.645 136.902 0.5
    endloop
  endfacet
  facet normal 0 0 -1
    outer loop
      vertex 198.384 136.285 0.5
      vertex 198.451 136.907 0.5
      vertex 198.46 136.282 0.5
    endloop
  endfacet
  facet normal 0 0 -1
    outer loop
      vertex 197.848 136.285 0.5
      vertex 198.451 136.907 0.5
      vertex 198.384 136.285 0.5
    endloop
  endfacet
  facet normal 0 0 -1
    outer loop
      vertex 196.934 133.364 0.5
      vertex 197.848 135.469 0.5
      vertex 197.552 133.364 0.5
    endloop
  endfacet
  facet normal 0 0 -1
    outer loop
      vertex 196.934 136.907 0.5
      vertex 197.848 135.469 0.5
      vertex 196.934 133.364 0.5
    endloop
  endfacet
  facet normal 0 0 -1
    outer loop
      vertex 197.848 136.285 0.5
      vertex 196.934 136.907 0.5
      vertex 198.451 136.907 0.5
    endloop
  endfacet
  facet normal 0 0 -1
    outer loop
      vertex 197.848 135.469 0.5
      vertex 196.934 136.907 0.5
      vertex 197.848 136.285 0.5
    endloop
  endfacet
  facet normal 0 0 -1
    outer loop
      vertex 212.944 131.815 0.5
      vertex 214.264 131.803 0.5
      vertex 214.254 131.603 0.5
    endloop
  endfacet
  facet normal 0 0 -1
    outer loop
      vertex 214.264 131.803 0.5
      vertex 212.955 131.902 0.5
      vertex 214.259 131.942 0.5
    endloop
  endfacet
  facet normal 0 0 -1
    outer loop
      vertex 212.926 131.737 0.5
      vertex 214.254 131.603 0.5
      vertex 214.226 131.42 0.5
    endloop
  endfacet
  facet normal 0 0 -1
    outer loop
      vertex 214.264 131.803 0.5
      vertex 212.944 131.815 0.5
      vertex 212.955 131.902 0.5
    endloop
  endfacet
  facet normal 0 0 -1
    outer loop
      vertex 214.259 131.942 0.5
      vertex 212.958 131.996 0.5
      vertex 214.244 132.075 0.5
    endloop
  endfacet
  facet normal 0 0 -1
    outer loop
      vertex 212.926 131.737 0.5
      vertex 214.226 131.42 0.5
      vertex 214.178 131.253 0.5
    endloop
  endfacet
  facet normal -0 0 -1
    outer loop
      vertex 214.244 132.075 0.5
      vertex 212.958 131.996 0.5
      vertex 214.219 132.2 0.5
    endloop
  endfacet
  facet normal 0 0 -1
    outer loop
      vertex 212.9 131.666 0.5
      vertex 214.178 131.253 0.5
      vertex 214.111 131.101 0.5
    endloop
  endfacet
  facet normal 0 0 -1
    outer loop
      vertex 212.955 132.092 0.5
      vertex 214.219 132.2 0.5
      vertex 212.958 131.996 0.5
    endloop
  endfacet
  facet normal 0 0 -1
    outer loop
      vertex 212.9 131.666 0.5
      vertex 214.111 131.101 0.5
      vertex 214.026 130.965 0.5
    endloop
  endfacet
  facet normal -0 0 -1
    outer loop
      vertex 214.219 132.2 0.5
      vertex 212.955 132.092 0.5
      vertex 214.184 132.317 0.5
    endloop
  endfacet
  facet normal -0 0 -1
    outer loop
      vertex 214.184 132.317 0.5
      vertex 212.955 132.092 0.5
      vertex 214.14 132.428 0.5
    endloop
  endfacet
  facet normal 0 0 -1
    outer loop
      vertex 212.9 131.666 0.5
      vertex 214.026 130.965 0.5
      vertex 213.921 130.846 0.5
    endloop
  endfacet
  facet normal -0 0 -1
    outer loop
      vertex 214.14 132.428 0.5
      vertex 212.955 132.092 0.5
      vertex 214.085 132.531 0.5
    endloop
  endfacet
  facet normal 0 0 -1
    outer loop
      vertex 212.867 131.604 0.5
      vertex 213.921 130.846 0.5
      vertex 213.797 130.742 0.5
    endloop
  endfacet
  facet normal 0 0 -1
    outer loop
      vertex 212.944 132.18 0.5
      vertex 214.085 132.531 0.5
      vertex 212.955 132.092 0.5
    endloop
  endfacet
  facet normal -0 0 -1
    outer loop
      vertex 214.085 132.531 0.5
      vertex 212.944 132.18 0.5
      vertex 214.021 132.626 0.5
    endloop
  endfacet
  facet normal 0 0 -1
    outer loop
      vertex 212.867 131.604 0.5
      vertex 213.797 130.742 0.5
      vertex 213.653 130.653 0.5
    endloop
  endfacet
  facet normal -0 0 -1
    outer loop
      vertex 214.021 132.626 0.5
      vertex 212.944 132.18 0.5
      vertex 213.947 132.715 0.5
    endloop
  endfacet
  facet normal 0 0 -1
    outer loop
      vertex 212.827 131.549 0.5
      vertex 213.653 130.653 0.5
      vertex 213.487 130.578 0.5
    endloop
  endfacet
  facet normal -0 0 -1
    outer loop
      vertex 213.947 132.715 0.5
      vertex 212.944 132.18 0.5
      vertex 213.863 132.796 0.5
    endloop
  endfacet
  facet normal 0 0 -1
    outer loop
      vertex 212.78 131.502 0.5
      vertex 213.487 130.578 0.5
      vertex 213.3 130.516 0.5
    endloop
  endfacet
  facet normal 0 0 -1
    outer loop
      vertex 212.926 132.259 0.5
      vertex 213.863 132.796 0.5
      vertex 212.944 132.18 0.5
    endloop
  endfacet
  facet normal 0 0 -1
    outer loop
      vertex 212.78 131.502 0.5
      vertex 213.3 130.516 0.5
      vertex 213.09 130.468 0.5
    endloop
  endfacet
  facet normal 0 0 -1
    outer loop
      vertex 212.901 134.21 0.5
      vertex 214.199 134.03 0.5
      vertex 214.137 133.91 0.5
    endloop
  endfacet
  facet normal 0 0 -1
    outer loop
      vertex 212.901 134.21 0.5
      vertex 214.137 133.91 0.5
      vertex 214.076 133.798 0.5
    endloop
  endfacet
  facet normal 0 0 -1
    outer loop
      vertex 212.901 134.21 0.5
      vertex 214.076 133.798 0.5
      vertex 214.014 133.696 0.5
    endloop
  endfacet
  facet normal 0 0 -1
    outer loop
      vertex 212.901 134.21 0.5
      vertex 214.014 133.696 0.5
      vertex 213.953 133.603 0.5
    endloop
  endfacet
  facet normal 0 0 -1
    outer loop
      vertex 212.901 134.21 0.5
      vertex 213.953 133.603 0.5
      vertex 213.892 133.518 0.5
    endloop
  endfacet
  facet normal 0 0 -1
    outer loop
      vertex 212.847 134.106 0.5
      vertex 213.892 133.518 0.5
      vertex 213.831 133.443 0.5
    endloop
  endfacet
  facet normal 0 0 -1
    outer loop
      vertex 212.847 134.106 0.5
      vertex 213.831 133.443 0.5
      vertex 213.77 133.377 0.5
    endloop
  endfacet
  facet normal 0 0 -1
    outer loop
      vertex 212.847 134.106 0.5
      vertex 213.77 133.377 0.5
      vertex 213.709 133.319 0.5
    endloop
  endfacet
  facet normal 0 0 -1
    outer loop
      vertex 212.794 134.013 0.5
      vertex 213.709 133.319 0.5
      vertex 213.645 133.267 0.5
    endloop
  endfacet
  facet normal 0 0 -1
    outer loop
      vertex 212.794 134.013 0.5
      vertex 213.645 133.267 0.5
      vertex 213.578 133.221 0.5
    endloop
  endfacet
  facet normal 0 0 -1
    outer loop
      vertex 214.199 134.03 0.5
      vertex 213.518 135.469 0.5
      vertex 214.908 135.469 0.5
    endloop
  endfacet
  facet normal 0 0 -1
    outer loop
      vertex 212.794 134.013 0.5
      vertex 213.578 133.221 0.5
      vertex 213.51 133.181 0.5
    endloop
  endfacet
  facet normal 0 0 -1
    outer loop
      vertex 212.794 134.013 0.5
      vertex 213.51 133.181 0.5
      vertex 213.439 133.148 0.5
    endloop
  endfacet
  facet normal 0 0 -1
    outer loop
      vertex 212.74 133.929 0.5
      vertex 213.439 133.148 0.5
      vertex 213.366 133.121 0.5
    endloop
  endfacet
  facet normal 0 0 -1
    outer loop
      vertex 212.74 133.929 0.5
      vertex 213.366 133.121 0.5
      vertex 213.29 133.101 0.5
    endloop
  endfacet
  facet normal -0 0 -1
    outer loop
      vertex 213.863 132.796 0.5
      vertex 212.926 132.259 0.5
      vertex 213.768 132.871 0.5
    endloop
  endfacet
  facet normal 0 0 -1
    outer loop
      vertex 212.9 132.331 0.5
      vertex 213.664 132.939 0.5
      vertex 212.926 132.259 0.5
    endloop
  endfacet
  facet normal -0 0 -1
    outer loop
      vertex 213.664 132.939 0.5
      vertex 212.9 132.331 0.5
      vertex 213.549 133 0.5
    endloop
  endfacet
  facet normal 0 0 -1
    outer loop
      vertex 212.867 132.394 0.5
      vertex 213.549 133 0.5
      vertex 212.9 132.331 0.5
    endloop
  endfacet
  facet normal -0 0 -1
    outer loop
      vertex 213.549 133 0.5
      vertex 212.867 132.394 0.5
      vertex 213.425 133.054 0.5
    endloop
  endfacet
  facet normal 0 0 -1
    outer loop
      vertex 214.199 134.03 0.5
      vertex 212.901 134.21 0.5
      vertex 213.518 135.469 0.5
    endloop
  endfacet
  facet normal -0 0 -1
    outer loop
      vertex 213.425 133.054 0.5
      vertex 212.867 132.394 0.5
      vertex 213.29 133.101 0.5
    endloop
  endfacet
  facet normal 0 0 -1
    outer loop
      vertex 212.827 132.45 0.5
      vertex 213.29 133.101 0.5
      vertex 212.867 132.394 0.5
    endloop
  endfacet
  facet normal 0 0 -1
    outer loop
      vertex 213.892 133.518 0.5
      vertex 212.847 134.106 0.5
      vertex 212.901 134.21 0.5
    endloop
  endfacet
  facet normal 0 0 -1
    outer loop
      vertex 212.78 132.497 0.5
      vertex 213.29 133.101 0.5
      vertex 212.827 132.45 0.5
    endloop
  endfacet
  facet normal 0 0 -1
    outer loop
      vertex 213.709 133.319 0.5
      vertex 212.794 134.013 0.5
      vertex 212.847 134.106 0.5
    endloop
  endfacet
  facet normal 0 0 -1
    outer loop
      vertex 212.725 132.538 0.5
      vertex 213.29 133.101 0.5
      vertex 212.78 132.497 0.5
    endloop
  endfacet
  facet normal 0 0 -1
    outer loop
      vertex 213.439 133.148 0.5
      vertex 212.74 133.929 0.5
      vertex 212.794 134.013 0.5
    endloop
  endfacet
  facet normal 0 0 -1
    outer loop
      vertex 212.66 132.572 0.5
      vertex 213.29 133.101 0.5
      vertex 212.725 132.538 0.5
    endloop
  endfacet
  facet normal 0 0 -1
    outer loop
      vertex 213.29 133.101 0.5
      vertex 212.686 133.855 0.5
      vertex 212.74 133.929 0.5
    endloop
  endfacet
  facet normal 0 0 -1
    outer loop
      vertex 212.585 132.6 0.5
      vertex 213.29 133.101 0.5
      vertex 212.66 132.572 0.5
    endloop
  endfacet
  facet normal 0 0 -1
    outer loop
      vertex 213.29 133.101 0.5
      vertex 212.632 133.79 0.5
      vertex 212.686 133.855 0.5
    endloop
  endfacet
  facet normal 0 0 -1
    outer loop
      vertex 212.465 133.654 0.5
      vertex 213.29 133.101 0.5
      vertex 212.585 132.6 0.5
    endloop
  endfacet
  facet normal 0 0 -1
    outer loop
      vertex 213.29 133.101 0.5
      vertex 212.577 133.736 0.5
      vertex 212.632 133.79 0.5
    endloop
  endfacet
  facet normal 0 0 -1
    outer loop
      vertex 213.29 133.101 0.5
      vertex 212.522 133.691 0.5
      vertex 212.577 133.736 0.5
    endloop
  endfacet
  facet normal 0 0 -1
    outer loop
      vertex 212.465 133.654 0.5
      vertex 212.585 132.6 0.5
      vertex 212.501 132.622 0.5
    endloop
  endfacet
  facet normal 0 0 -1
    outer loop
      vertex 213.29 133.101 0.5
      vertex 212.465 133.654 0.5
      vertex 212.522 133.691 0.5
    endloop
  endfacet
  facet normal 0 0 -1
    outer loop
      vertex 212.335 133.597 0.5
      vertex 212.501 132.622 0.5
      vertex 212.407 132.637 0.5
    endloop
  endfacet
  facet normal 0 0 -1
    outer loop
      vertex 212.501 132.622 0.5
      vertex 212.403 133.623 0.5
      vertex 212.465 133.654 0.5
    endloop
  endfacet
  facet normal 0 0 -1
    outer loop
      vertex 212.501 132.622 0.5
      vertex 212.335 133.597 0.5
      vertex 212.403 133.623 0.5
    endloop
  endfacet
  facet normal 0 0 -1
    outer loop
      vertex 212.262 133.577 0.5
      vertex 212.407 132.637 0.5
      vertex 212.304 132.646 0.5
    endloop
  endfacet
  facet normal 0 0 -1
    outer loop
      vertex 212.407 132.637 0.5
      vertex 212.262 133.577 0.5
      vertex 212.335 133.597 0.5
    endloop
  endfacet
  facet normal 0 0 -1
    outer loop
      vertex 212.184 133.563 0.5
      vertex 212.304 132.646 0.5
      vertex 212.192 132.65 0.5
    endloop
  endfacet
  facet normal 0 0 -1
    outer loop
      vertex 212.304 132.646 0.5
      vertex 212.184 133.563 0.5
      vertex 212.262 133.577 0.5
    endloop
  endfacet
  facet normal 0 0 -1
    outer loop
      vertex 212.192 132.65 0.5
      vertex 212.101 133.555 0.5
      vertex 212.184 133.563 0.5
    endloop
  endfacet
  facet normal 0 0 -1
    outer loop
      vertex 212.192 132.65 0.5
      vertex 212.012 133.552 0.5
      vertex 212.101 133.555 0.5
    endloop
  endfacet
  facet normal 0 0 -1
    outer loop
      vertex 211.643 132.65 0.5
      vertex 212.012 133.552 0.5
      vertex 212.192 132.65 0.5
    endloop
  endfacet
  facet normal -0 0 -1
    outer loop
      vertex 212.012 133.552 0.5
      vertex 211.643 132.65 0.5
      vertex 211.643 133.552 0.5
    endloop
  endfacet
  facet normal -0 0 -1
    outer loop
      vertex 213.768 132.871 0.5
      vertex 212.926 132.259 0.5
      vertex 213.664 132.939 0.5
    endloop
  endfacet
  facet normal 0 -0 -1
    outer loop
      vertex 212.958 131.996 0.5
      vertex 214.259 131.942 0.5
      vertex 212.955 131.902 0.5
    endloop
  endfacet
  facet normal 0 0 -1
    outer loop
      vertex 214.254 131.603 0.5
      vertex 212.926 131.737 0.5
      vertex 212.944 131.815 0.5
    endloop
  endfacet
  facet normal 0 0 -1
    outer loop
      vertex 214.178 131.253 0.5
      vertex 212.9 131.666 0.5
      vertex 212.926 131.737 0.5
    endloop
  endfacet
  facet normal 0 0 -1
    outer loop
      vertex 213.921 130.846 0.5
      vertex 212.867 131.604 0.5
      vertex 212.9 131.666 0.5
    endloop
  endfacet
  facet normal 0 0 -1
    outer loop
      vertex 212.66 131.43 0.5
      vertex 213.09 130.468 0.5
      vertex 212.859 130.434 0.5
    endloop
  endfacet
  facet normal 0 0 -1
    outer loop
      vertex 213.653 130.653 0.5
      vertex 212.827 131.549 0.5
      vertex 212.867 131.604 0.5
    endloop
  endfacet
  facet normal 0 0 -1
    outer loop
      vertex 213.487 130.578 0.5
      vertex 212.78 131.502 0.5
      vertex 212.827 131.549 0.5
    endloop
  endfacet
  facet normal 0 0 -1
    outer loop
      vertex 213.09 130.468 0.5
      vertex 212.725 131.463 0.5
      vertex 212.78 131.502 0.5
    endloop
  endfacet
  facet normal 0 0 -1
    outer loop
      vertex 213.09 130.468 0.5
      vertex 212.66 131.43 0.5
      vertex 212.725 131.463 0.5
    endloop
  endfacet
  facet normal 0 0 -1
    outer loop
      vertex 212.585 131.402 0.5
      vertex 212.859 130.434 0.5
      vertex 212.606 130.413 0.5
    endloop
  endfacet
  facet normal 0 0 -1
    outer loop
      vertex 212.859 130.434 0.5
      vertex 212.585 131.402 0.5
      vertex 212.66 131.43 0.5
    endloop
  endfacet
  facet normal 0 0 -1
    outer loop
      vertex 212.606 130.413 0.5
      vertex 212.501 131.381 0.5
      vertex 212.585 131.402 0.5
    endloop
  endfacet
  facet normal 0 0 -1
    outer loop
      vertex 212.606 130.413 0.5
      vertex 212.407 131.366 0.5
      vertex 212.501 131.381 0.5
    endloop
  endfacet
  facet normal 0 0 -1
    outer loop
      vertex 212.331 130.406 0.5
      vertex 212.407 131.366 0.5
      vertex 212.606 130.413 0.5
    endloop
  endfacet
  facet normal 0 0 -1
    outer loop
      vertex 212.331 130.406 0.5
      vertex 212.304 131.357 0.5
      vertex 212.407 131.366 0.5
    endloop
  endfacet
  facet normal 0 0 -1
    outer loop
      vertex 212.331 130.406 0.5
      vertex 212.192 131.354 0.5
      vertex 212.304 131.357 0.5
    endloop
  endfacet
  facet normal 0 0 -1
    outer loop
      vertex 212.331 130.406 0.5
      vertex 211.643 131.354 0.5
      vertex 212.192 131.354 0.5
    endloop
  endfacet
  facet normal 0 0 -1
    outer loop
      vertex 210.337 130.406 0.5
      vertex 211.643 132.65 0.5
      vertex 211.643 131.354 0.5
    endloop
  endfacet
  facet normal 0 0 -1
    outer loop
      vertex 210.337 135.469 0.5
      vertex 211.643 132.65 0.5
      vertex 210.337 130.406 0.5
    endloop
  endfacet
  facet normal 0 0 -1
    outer loop
      vertex 210.337 130.406 0.5
      vertex 211.643 131.354 0.5
      vertex 212.331 130.406 0.5
    endloop
  endfacet
  facet normal 0 0 -1
    outer loop
      vertex 211.643 132.65 0.5
      vertex 210.337 135.469 0.5
      vertex 211.643 133.552 0.5
    endloop
  endfacet
  facet normal 0 0 -1
    outer loop
      vertex 211.643 133.552 0.5
      vertex 210.337 135.469 0.5
      vertex 211.643 135.469 0.5
    endloop
  endfacet
  facet normal 0 0 -1
    outer loop
      vertex 189.78 130.406 0.5
      vertex 191.086 135.469 0.5
      vertex 191.086 130.406 0.5
    endloop
  endfacet
  facet normal -0 0 -1
    outer loop
      vertex 191.086 135.469 0.5
      vertex 189.78 130.406 0.5
      vertex 189.78 135.469 0.5
    endloop
  endfacet
  facet normal 0 0 -1
    outer loop
      vertex 194.355 134.143 0.5
      vertex 197.006 130.406 0.5
      vertex 195.694 130.406 0.5
    endloop
  endfacet
  facet normal 0 0 -1
    outer loop
      vertex 197.006 130.406 0.5
      vertex 194.355 134.143 0.5
      vertex 195.131 135.469 0.5
    endloop
  endfacet
  facet normal 0 0 -1
    outer loop
      vertex 194.355 134.143 0.5
      vertex 193.575 135.469 0.5
      vertex 195.131 135.469 0.5
    endloop
  endfacet
  facet normal 0 0 -1
    outer loop
      vertex 191.7 130.406 0.5
      vertex 194.355 134.143 0.5
      vertex 193.012 130.406 0.5
    endloop
  endfacet
  facet normal -0 0 -1
    outer loop
      vertex 194.355 134.143 0.5
      vertex 191.7 130.406 0.5
      vertex 193.575 135.469 0.5
    endloop
  endfacet
  facet normal 0 0 -1
    outer loop
      vertex 177.738 131.322 0.5
      vertex 174.47 133.295 0.5
      vertex 177.738 132.169 0.5
    endloop
  endfacet
  facet normal 0 -0 -1
    outer loop
      vertex 174.47 133.295 0.5
      vertex 177.738 131.322 0.5
      vertex 173.391 132.891 0.5
    endloop
  endfacet
  facet normal 0 0 -1
    outer loop
      vertex 174.47 133.295 0.5
      vertex 177.738 135.261 0.5
      vertex 177.738 134.413 0.5
    endloop
  endfacet
  facet normal 0 0 -1
    outer loop
      vertex 173.391 133.691 0.5
      vertex 174.47 133.295 0.5
      vertex 173.391 132.891 0.5
    endloop
  endfacet
  facet normal 0 0 -1
    outer loop
      vertex 174.47 133.295 0.5
      vertex 173.391 133.691 0.5
      vertex 177.738 135.261 0.5
    endloop
  endfacet
  facet normal 0 0 -1
    outer loop
      vertex 187.569 132.932 0.5
      vertex 188.915 132.932 0.5
      vertex 188.911 132.773 0.5
    endloop
  endfacet
  facet normal 0 0 -1
    outer loop
      vertex 187.56 132.725 0.5
      vertex 188.911 132.773 0.5
      vertex 188.901 132.619 0.5
    endloop
  endfacet
  facet normal 0 0 -1
    outer loop
      vertex 188.915 132.932 0.5
      vertex 187.569 132.932 0.5
      vertex 188.911 133.094 0.5
    endloop
  endfacet
  facet normal 0 0 -1
    outer loop
      vertex 187.56 132.725 0.5
      vertex 188.901 132.619 0.5
      vertex 188.883 132.469 0.5
    endloop
  endfacet
  facet normal 0 0 -1
    outer loop
      vertex 187.56 133.141 0.5
      vertex 188.911 133.094 0.5
      vertex 187.569 132.932 0.5
    endloop
  endfacet
  facet normal 0 0 -1
    outer loop
      vertex 187.534 132.531 0.5
      vertex 188.883 132.469 0.5
      vertex 188.858 132.324 0.5
    endloop
  endfacet
  facet normal 0 0 -1
    outer loop
      vertex 188.911 133.094 0.5
      vertex 187.56 133.141 0.5
      vertex 188.901 133.25 0.5
    endloop
  endfacet
  facet normal 0 0 -1
    outer loop
      vertex 187.534 132.531 0.5
      vertex 188.858 132.324 0.5
      vertex 188.826 132.184 0.5
    endloop
  endfacet
  facet normal -0 0 -1
    outer loop
      vertex 188.901 133.25 0.5
      vertex 187.56 133.141 0.5
      vertex 188.883 133.401 0.5
    endloop
  endfacet
  facet normal 0 0 -1
    outer loop
      vertex 187.534 132.531 0.5
      vertex 188.826 132.184 0.5
      vertex 188.788 132.049 0.5
    endloop
  endfacet
  facet normal 0 0 -1
    outer loop
      vertex 187.534 133.335 0.5
      vertex 188.883 133.401 0.5
      vertex 187.56 133.141 0.5
    endloop
  endfacet
  facet normal 0 0 -1
    outer loop
      vertex 187.491 132.353 0.5
      vertex 188.788 132.049 0.5
      vertex 188.742 131.919 0.5
    endloop
  endfacet
  facet normal -0 0 -1
    outer loop
      vertex 188.883 133.401 0.5
      vertex 187.534 133.335 0.5
      vertex 188.858 133.547 0.5
    endloop
  endfacet
  facet normal 0 0 -1
    outer loop
      vertex 187.491 132.353 0.5
      vertex 188.742 131.919 0.5
      vertex 188.689 131.793 0.5
    endloop
  endfacet
  facet normal -0 0 -1
    outer loop
      vertex 188.858 133.547 0.5
      vertex 187.534 133.335 0.5
      vertex 188.826 133.688 0.5
    endloop
  endfacet
  facet normal 0 0 -1
    outer loop
      vertex 187.431 132.189 0.5
      vertex 188.689 131.793 0.5
      vertex 188.628 131.671 0.5
    endloop
  endfacet
  facet normal -0 0 -1
    outer loop
      vertex 188.826 133.688 0.5
      vertex 187.534 133.335 0.5
      vertex 188.788 133.824 0.5
    endloop
  endfacet
  facet normal 0 0 -1
    outer loop
      vertex 187.431 132.189 0.5
      vertex 188.628 131.671 0.5
      vertex 188.56 131.554 0.5
    endloop
  endfacet
  facet normal 0 0 -1
    outer loop
      vertex 187.491 133.515 0.5
      vertex 188.788 133.824 0.5
      vertex 187.534 133.335 0.5
    endloop
  endfacet
  facet normal 0 0 -1
    outer loop
      vertex 187.431 132.189 0.5
      vertex 188.56 131.554 0.5
      vertex 188.484 131.441 0.5
    endloop
  endfacet
  facet normal -0 0 -1
    outer loop
      vertex 188.788 133.824 0.5
      vertex 187.491 133.515 0.5
      vertex 188.742 133.955 0.5
    endloop
  endfacet
  facet normal 0 0 -1
    outer loop
      vertex 187.354 132.04 0.5
      vertex 188.484 131.441 0.5
      vertex 188.401 131.333 0.5
    endloop
  endfacet
  facet normal -0 0 -1
    outer loop
      vertex 188.742 133.955 0.5
      vertex 187.491 133.515 0.5
      vertex 188.689 134.081 0.5
    endloop
  endfacet
  facet normal 0 0 -1
    outer loop
      vertex 187.354 132.04 0.5
      vertex 188.401 131.333 0.5
      vertex 188.311 131.229 0.5
    endloop
  endfacet
  facet normal 0 0 -1
    outer loop
      vertex 187.431 133.68 0.5
      vertex 188.689 134.081 0.5
      vertex 187.491 133.515 0.5
    endloop
  endfacet
  facet normal 0 0 -1
    outer loop
      vertex 187.354 132.04 0.5
      vertex 188.311 131.229 0.5
      vertex 188.213 131.129 0.5
    endloop
  endfacet
  facet normal -0 0 -1
    outer loop
      vertex 188.689 134.081 0.5
      vertex 187.431 133.68 0.5
      vertex 188.628 134.203 0.5
    endloop
  endfacet
  facet normal 0 0 -1
    outer loop
      vertex 187.26 131.905 0.5
      vertex 188.213 131.129 0.5
      vertex 188.094 131.021 0.5
    endloop
  endfacet
  facet normal -0 0 -1
    outer loop
      vertex 188.628 134.203 0.5
      vertex 187.431 133.68 0.5
      vertex 188.56 134.32 0.5
    endloop
  endfacet
  facet normal 0 0 -1
    outer loop
      vertex 187.26 131.905 0.5
      vertex 188.094 131.021 0.5
      vertex 187.969 130.923 0.5
    endloop
  endfacet
  facet normal -0 0 -1
    outer loop
      vertex 188.56 134.32 0.5
      vertex 187.431 133.68 0.5
      vertex 188.484 134.433 0.5
    endloop
  endfacet
  facet normal 0 0 -1
    outer loop
      vertex 187.148 131.786 0.5
      vertex 187.969 130.923 0.5
      vertex 187.837 130.833 0.5
    endloop
  endfacet
  facet normal 0 0 -1
    outer loop
      vertex 187.353 133.83 0.5
      vertex 188.484 134.433 0.5
      vertex 187.431 133.68 0.5
    endloop
  endfacet
  facet normal 0 0 -1
    outer loop
      vertex 187.148 131.786 0.5
      vertex 187.837 130.833 0.5
      vertex 187.699 130.754 0.5
    endloop
  endfacet
  facet normal -0 0 -1
    outer loop
      vertex 188.484 134.433 0.5
      vertex 187.353 133.83 0.5
      vertex 188.401 134.542 0.5
    endloop
  endfacet
  facet normal -0 0 -1
    outer loop
      vertex 188.401 134.542 0.5
      vertex 187.353 133.83 0.5
      vertex 188.311 134.646 0.5
    endloop
  endfacet
  facet normal -0 0 -1
    outer loop
      vertex 188.911 132.773 0.5
      vertex 187.56 132.725 0.5
      vertex 187.569 132.932 0.5
    endloop
  endfacet
  facet normal 0 0 -1
    outer loop
      vertex 187.02 131.681 0.5
      vertex 187.699 130.754 0.5
      vertex 187.554 130.683 0.5
    endloop
  endfacet
  facet normal 0 0 -1
    outer loop
      vertex 188.883 132.469 0.5
      vertex 187.534 132.531 0.5
      vertex 187.56 132.725 0.5
    endloop
  endfacet
  facet normal 0 0 -1
    outer loop
      vertex 188.788 132.049 0.5
      vertex 187.491 132.353 0.5
      vertex 187.534 132.531 0.5
    endloop
  endfacet
  facet normal 0 0 -1
    outer loop
      vertex 188.689 131.793 0.5
      vertex 187.431 132.189 0.5
      vertex 187.491 132.353 0.5
    endloop
  endfacet
  facet normal 0 0 -1
    outer loop
      vertex 187.02 131.681 0.5
      vertex 187.554 130.683 0.5
      vertex 187.403 130.622 0.5
    endloop
  endfacet
  facet normal 0 0 -1
    outer loop
      vertex 188.484 131.441 0.5
      vertex 187.354 132.04 0.5
      vertex 187.431 132.189 0.5
    endloop
  endfacet
  facet normal 0 0 -1
    outer loop
      vertex 188.213 131.129 0.5
      vertex 187.26 131.905 0.5
      vertex 187.354 132.04 0.5
    endloop
  endfacet
  facet normal 0 0 -1
    outer loop
      vertex 186.877 131.593 0.5
      vertex 187.403 130.622 0.5
      vertex 187.245 130.571 0.5
    endloop
  endfacet
  facet normal 0 0 -1
    outer loop
      vertex 187.969 130.923 0.5
      vertex 187.148 131.786 0.5
      vertex 187.26 131.905 0.5
    endloop
  endfacet
  facet normal 0 0 -1
    outer loop
      vertex 186.877 131.593 0.5
      vertex 187.245 130.571 0.5
      vertex 187.072 130.527 0.5
    endloop
  endfacet
  facet normal 0 0 -1
    outer loop
      vertex 187.699 130.754 0.5
      vertex 187.02 131.681 0.5
      vertex 187.148 131.786 0.5
    endloop
  endfacet
  facet normal 0 0 -1
    outer loop
      vertex 187.403 130.622 0.5
      vertex 186.877 131.593 0.5
      vertex 187.02 131.681 0.5
    endloop
  endfacet
  facet normal 0 0 -1
    outer loop
      vertex 186.717 131.52 0.5
      vertex 187.072 130.527 0.5
      vertex 186.874 130.49 0.5
    endloop
  endfacet
  facet normal 0 0 -1
    outer loop
      vertex 187.072 130.527 0.5
      vertex 186.717 131.52 0.5
      vertex 186.877 131.593 0.5
    endloop
  endfacet
  facet normal 0 0 -1
    outer loop
      vertex 186.543 131.464 0.5
      vertex 186.874 130.49 0.5
      vertex 186.653 130.46 0.5
    endloop
  endfacet
  facet normal 0 0 -1
    outer loop
      vertex 186.874 130.49 0.5
      vertex 186.543 131.464 0.5
      vertex 186.717 131.52 0.5
    endloop
  endfacet
  facet normal 0 0 -1
    outer loop
      vertex 186.352 131.424 0.5
      vertex 186.653 130.46 0.5
      vertex 186.408 130.437 0.5
    endloop
  endfacet
  facet normal 0 0 -1
    outer loop
      vertex 186.653 130.46 0.5
      vertex 186.352 131.424 0.5
      vertex 186.543 131.464 0.5
    endloop
  endfacet
  facet normal 0 0 -1
    outer loop
      vertex 186.408 130.437 0.5
      vertex 186.146 131.4 0.5
      vertex 186.352 131.424 0.5
    endloop
  endfacet
  facet normal 0 0 -1
    outer loop
      vertex 186.138 130.42 0.5
      vertex 186.146 131.4 0.5
      vertex 186.408 130.437 0.5
    endloop
  endfacet
  facet normal 0 0 -1
    outer loop
      vertex 186.138 130.42 0.5
      vertex 185.924 131.392 0.5
      vertex 186.146 131.4 0.5
    endloop
  endfacet
  facet normal 0 0 -1
    outer loop
      vertex 185.845 130.41 0.5
      vertex 185.924 131.392 0.5
      vertex 186.138 130.42 0.5
    endloop
  endfacet
  facet normal 0 0 -1
    outer loop
      vertex 185.456 131.392 0.5
      vertex 185.845 130.41 0.5
      vertex 185.528 130.406 0.5
    endloop
  endfacet
  facet normal 0 0 -1
    outer loop
      vertex 185.845 130.41 0.5
      vertex 185.456 131.392 0.5
      vertex 185.924 131.392 0.5
    endloop
  endfacet
  facet normal -0 0 -1
    outer loop
      vertex 185.456 131.392 0.5
      vertex 184.151 130.406 0.5
      vertex 185.456 134.483 0.5
    endloop
  endfacet
  facet normal 0 0 -1
    outer loop
      vertex 184.151 130.406 0.5
      vertex 185.456 131.392 0.5
      vertex 185.528 130.406 0.5
    endloop
  endfacet
  facet normal -0 0 -1
    outer loop
      vertex 188.311 134.646 0.5
      vertex 187.353 133.83 0.5
      vertex 188.213 134.746 0.5
    endloop
  endfacet
  facet normal 0 0 -1
    outer loop
      vertex 187.259 133.965 0.5
      vertex 188.213 134.746 0.5
      vertex 187.353 133.83 0.5
    endloop
  endfacet
  facet normal -0 0 -1
    outer loop
      vertex 188.213 134.746 0.5
      vertex 187.259 133.965 0.5
      vertex 188.093 134.854 0.5
    endloop
  endfacet
  facet normal -0 0 -1
    outer loop
      vertex 188.093 134.854 0.5
      vertex 187.259 133.965 0.5
      vertex 187.967 134.953 0.5
    endloop
  endfacet
  facet normal 0 0 -1
    outer loop
      vertex 187.147 134.086 0.5
      vertex 187.967 134.953 0.5
      vertex 187.259 133.965 0.5
    endloop
  endfacet
  facet normal -0 0 -1
    outer loop
      vertex 187.967 134.953 0.5
      vertex 187.147 134.086 0.5
      vertex 187.834 135.042 0.5
    endloop
  endfacet
  facet normal -0 0 -1
    outer loop
      vertex 187.834 135.042 0.5
      vertex 187.147 134.086 0.5
      vertex 187.695 135.121 0.5
    endloop
  endfacet
  facet normal 0 0 -1
    outer loop
      vertex 187.018 134.191 0.5
      vertex 187.695 135.121 0.5
      vertex 187.147 134.086 0.5
    endloop
  endfacet
  facet normal -0 0 -1
    outer loop
      vertex 187.695 135.121 0.5
      vertex 187.018 134.191 0.5
      vertex 187.549 135.192 0.5
    endloop
  endfacet
  facet normal -0 0 -1
    outer loop
      vertex 187.549 135.192 0.5
      vertex 187.018 134.191 0.5
      vertex 187.396 135.253 0.5
    endloop
  endfacet
  facet normal 0 0 -1
    outer loop
      vertex 186.874 134.281 0.5
      vertex 187.396 135.253 0.5
      vertex 187.018 134.191 0.5
    endloop
  endfacet
  facet normal -0 0 -1
    outer loop
      vertex 187.396 135.253 0.5
      vertex 186.874 134.281 0.5
      vertex 187.236 135.304 0.5
    endloop
  endfacet
  facet normal -0 0 -1
    outer loop
      vertex 187.236 135.304 0.5
      vertex 186.874 134.281 0.5
      vertex 187.062 135.348 0.5
    endloop
  endfacet
  facet normal 0 0 -1
    outer loop
      vertex 186.715 134.354 0.5
      vertex 187.062 135.348 0.5
      vertex 186.874 134.281 0.5
    endloop
  endfacet
  facet normal -0 0 -1
    outer loop
      vertex 187.062 135.348 0.5
      vertex 186.715 134.354 0.5
      vertex 186.864 135.385 0.5
    endloop
  endfacet
  facet normal 0 0 -1
    outer loop
      vertex 186.541 134.41 0.5
      vertex 186.864 135.385 0.5
      vertex 186.715 134.354 0.5
    endloop
  endfacet
  facet normal -0 0 -1
    outer loop
      vertex 186.864 135.385 0.5
      vertex 186.541 134.41 0.5
      vertex 186.644 135.415 0.5
    endloop
  endfacet
  facet normal 0 0 -1
    outer loop
      vertex 186.351 134.451 0.5
      vertex 186.644 135.415 0.5
      vertex 186.541 134.41 0.5
    endloop
  endfacet
  facet normal -0 0 -1
    outer loop
      vertex 186.644 135.415 0.5
      vertex 186.351 134.451 0.5
      vertex 186.399 135.439 0.5
    endloop
  endfacet
  facet normal 0 0 -1
    outer loop
      vertex 186.145 134.475 0.5
      vertex 186.399 135.439 0.5
      vertex 186.351 134.451 0.5
    endloop
  endfacet
  facet normal 0 0 -1
    outer loop
      vertex 186.145 134.475 0.5
      vertex 186.132 135.455 0.5
      vertex 186.399 135.439 0.5
    endloop
  endfacet
  facet normal 0 0 -1
    outer loop
      vertex 185.924 134.483 0.5
      vertex 186.132 135.455 0.5
      vertex 186.145 134.475 0.5
    endloop
  endfacet
  facet normal 0 0 -1
    outer loop
      vertex 185.924 134.483 0.5
      vertex 185.841 135.465 0.5
      vertex 186.132 135.455 0.5
    endloop
  endfacet
  facet normal 0 0 -1
    outer loop
      vertex 185.456 134.483 0.5
      vertex 185.841 135.465 0.5
      vertex 185.924 134.483 0.5
    endloop
  endfacet
  facet normal -0 0 -1
    outer loop
      vertex 185.841 135.465 0.5
      vertex 185.456 134.483 0.5
      vertex 185.528 135.469 0.5
    endloop
  endfacet
  facet normal 0 0 -1
    outer loop
      vertex 184.151 135.469 0.5
      vertex 185.456 134.483 0.5
      vertex 184.151 130.406 0.5
    endloop
  endfacet
  facet normal 0 0 -1
    outer loop
      vertex 185.456 134.483 0.5
      vertex 184.151 135.469 0.5
      vertex 185.528 135.469 0.5
    endloop
  endfacet
  facet normal 0 0 -1
    outer loop
      vertex 178.714 132.976 0.5
      vertex 180.843 133.962 0.5
      vertex 180.843 132.976 0.5
    endloop
  endfacet
  facet normal -0 0 -1
    outer loop
      vertex 180.843 133.962 0.5
      vertex 178.714 132.976 0.5
      vertex 178.714 133.962 0.5
    endloop
  endfacet
  facet normal 0 0 -1
    outer loop
      vertex 182.553 62.8696 0.5
      vertex 181.589 63.5416 0.5
      vertex 182.553 63.3847 0.5
    endloop
  endfacet
  facet normal 0 0 -1
    outer loop
      vertex 179.883 62.8696 0.5
      vertex 181.589 63.5416 0.5
      vertex 182.553 62.8696 0.5
    endloop
  endfacet
  facet normal -0 0 -1
    outer loop
      vertex 181.589 63.5416 0.5
      vertex 179.883 62.8696 0.5
      vertex 179.883 63.5416 0.5
    endloop
  endfacet
  facet normal 0 0 -1
    outer loop
      vertex 181.589 63.5416 0.5
      vertex 181.172 66.4133 0.5
      vertex 182.553 63.3847 0.5
    endloop
  endfacet
  facet normal -0 -0 -1
    outer loop
      vertex 181.172 66.4133 0.5
      vertex 181.589 63.5416 0.5
      vertex 180.282 66.4133 0.5
    endloop
  endfacet
  facet normal 0 0 -1
    outer loop
      vertex 178.242 63.8161 0.5
      vertex 179.158 63.8068 0.5
      vertex 179.151 63.672 0.5
    endloop
  endfacet
  facet normal 0 -0 -1
    outer loop
      vertex 178.244 63.8664 0.5
      vertex 179.158 63.8068 0.5
      vertex 178.242 63.8161 0.5
    endloop
  endfacet
  facet normal 0 0 -1
    outer loop
      vertex 179.158 63.8068 0.5
      vertex 178.244 63.8664 0.5
      vertex 179.155 63.8791 0.5
    endloop
  endfacet
  facet normal 0 0 -1
    outer loop
      vertex 178.235 63.7693 0.5
      vertex 179.151 63.672 0.5
      vertex 179.131 63.548 0.5
    endloop
  endfacet
  facet normal -0 0 -1
    outer loop
      vertex 179.155 63.8791 0.5
      vertex 178.244 63.8664 0.5
      vertex 179.148 63.9483 0.5
    endloop
  endfacet
  facet normal 0 0 -1
    outer loop
      vertex 178.223 63.726 0.5
      vertex 179.131 63.548 0.5
      vertex 179.097 63.4351 0.5
    endloop
  endfacet
  facet normal -0 0 -1
    outer loop
      vertex 179.148 63.9483 0.5
      vertex 178.244 63.8664 0.5
      vertex 179.135 64.0143 0.5
    endloop
  endfacet
  facet normal 0 0 -1
    outer loop
      vertex 178.242 63.9174 0.5
      vertex 179.135 64.0143 0.5
      vertex 178.244 63.8664 0.5
    endloop
  endfacet
  facet normal 0 0 -1
    outer loop
      vertex 178.223 63.726 0.5
      vertex 179.097 63.4351 0.5
      vertex 179.05 63.3331 0.5
    endloop
  endfacet
  facet normal -0 0 -1
    outer loop
      vertex 179.135 64.0143 0.5
      vertex 178.242 63.9174 0.5
      vertex 179.118 64.0772 0.5
    endloop
  endfacet
  facet normal -0 0 -1
    outer loop
      vertex 179.118 64.0772 0.5
      vertex 178.242 63.9174 0.5
      vertex 179.096 64.1369 0.5
    endloop
  endfacet
  facet normal 0 0 -1
    outer loop
      vertex 178.223 63.726 0.5
      vertex 179.05 63.3331 0.5
      vertex 178.989 63.242 0.5
    endloop
  endfacet
  facet normal -0 0 -1
    outer loop
      vertex 179.096 64.1369 0.5
      vertex 178.242 63.9174 0.5
      vertex 179.069 64.1935 0.5
    endloop
  endfacet
  facet normal 0 0 -1
    outer loop
      vertex 178.207 63.6863 0.5
      vertex 178.989 63.242 0.5
      vertex 178.914 63.1618 0.5
    endloop
  endfacet
  facet normal -0 0 -1
    outer loop
      vertex 179.069 64.1935 0.5
      vertex 178.242 63.9174 0.5
      vertex 179.037 64.2469 0.5
    endloop
  endfacet
  facet normal 0 0 -1
    outer loop
      vertex 178.235 63.9646 0.5
      vertex 179.037 64.2469 0.5
      vertex 178.242 63.9174 0.5
    endloop
  endfacet
  facet normal 0 0 -1
    outer loop
      vertex 178.207 63.6863 0.5
      vertex 178.914 63.1618 0.5
      vertex 178.827 63.0927 0.5
    endloop
  endfacet
  facet normal -0 0 -1
    outer loop
      vertex 179.037 64.2469 0.5
      vertex 178.235 63.9646 0.5
      vertex 179 64.2969 0.5
    endloop
  endfacet
  facet normal -0 0 -1
    outer loop
      vertex 179 64.2969 0.5
      vertex 178.235 63.9646 0.5
      vertex 178.959 64.343 0.5
    endloop
  endfacet
  facet normal 0 0 -1
    outer loop
      vertex 178.187 63.6501 0.5
      vertex 178.827 63.0927 0.5
      vertex 178.724 63.0335 0.5
    endloop
  endfacet
  facet normal -0 0 -1
    outer loop
      vertex 178.959 64.343 0.5
      vertex 178.235 63.9646 0.5
      vertex 178.913 64.3853 0.5
    endloop
  endfacet
  facet normal 0 0 -1
    outer loop
      vertex 178.187 63.6501 0.5
      vertex 178.724 63.0335 0.5
      vertex 178.604 62.9834 0.5
    endloop
  endfacet
  facet normal 0 0 -1
    outer loop
      vertex 178.389 65.3233 0.5
      vertex 179.302 65.3971 0.5
      vertex 179.299 65.3036 0.5
    endloop
  endfacet
  facet normal 0 0 -1
    outer loop
      vertex 178.389 65.3233 0.5
      vertex 179.299 65.3036 0.5
      vertex 179.289 65.2143 0.5
    endloop
  endfacet
  facet normal -0 0 -1
    outer loop
      vertex 179.302 65.3971 0.5
      vertex 178.386 65.388 0.5
      vertex 179.295 65.5383 0.5
    endloop
  endfacet
  facet normal 0 0 -1
    outer loop
      vertex 178.386 65.2599 0.5
      vertex 179.289 65.2143 0.5
      vertex 179.273 65.1293 0.5
    endloop
  endfacet
  facet normal 0 0 -1
    outer loop
      vertex 178.386 65.2599 0.5
      vertex 179.273 65.1293 0.5
      vertex 179.25 65.0486 0.5
    endloop
  endfacet
  facet normal 0 0 -1
    outer loop
      vertex 178.377 65.4478 0.5
      vertex 179.295 65.5383 0.5
      vertex 178.386 65.388 0.5
    endloop
  endfacet
  facet normal 0 0 -1
    outer loop
      vertex 178.386 65.2599 0.5
      vertex 179.25 65.0486 0.5
      vertex 179.22 64.9721 0.5
    endloop
  endfacet
  facet normal -0 0 -1
    outer loop
      vertex 179.295 65.5383 0.5
      vertex 178.377 65.4478 0.5
      vertex 179.274 65.6688 0.5
    endloop
  endfacet
  facet normal 0 0 -1
    outer loop
      vertex 178.377 65.2013 0.5
      vertex 179.22 64.9721 0.5
      vertex 179.184 64.8999 0.5
    endloop
  endfacet
  facet normal 0 0 -1
    outer loop
      vertex 178.377 65.2013 0.5
      vertex 179.184 64.8999 0.5
      vertex 179.141 64.832 0.5
    endloop
  endfacet
  facet normal 0 0 -1
    outer loop
      vertex 179.302 65.3971 0.5
      vertex 178.389 65.3233 0.5
      vertex 178.386 65.388 0.5
    endloop
  endfacet
  facet normal 0 0 -1
    outer loop
      vertex 178.363 65.1473 0.5
      vertex 179.141 64.832 0.5
      vertex 179.092 64.7691 0.5
    endloop
  endfacet
  facet normal -0 0 -1
    outer loop
      vertex 179.274 65.6688 0.5
      vertex 178.363 65.5028 0.5
      vertex 179.239 65.7887 0.5
    endloop
  endfacet
  facet normal 0 0 -1
    outer loop
      vertex 178.363 65.1473 0.5
      vertex 179.092 64.7691 0.5
      vertex 179.038 64.7122 0.5
    endloop
  endfacet
  facet normal 0 0 -1
    outer loop
      vertex 178.363 65.1473 0.5
      vertex 179.038 64.7122 0.5
      vertex 178.978 64.6612 0.5
    endloop
  endfacet
  facet normal 0 0 -1
    outer loop
      vertex 178.363 65.5028 0.5
      vertex 179.274 65.6688 0.5
      vertex 178.377 65.4478 0.5
    endloop
  endfacet
  facet normal 0 0 -1
    outer loop
      vertex 178.344 65.098 0.5
      vertex 178.978 64.6612 0.5
      vertex 178.913 64.6161 0.5
    endloop
  endfacet
  facet normal -0 0 -1
    outer loop
      vertex 179.239 65.7887 0.5
      vertex 178.363 65.5028 0.5
      vertex 179.189 65.8979 0.5
    endloop
  endfacet
  facet normal 0 0 -1
    outer loop
      vertex 178.344 65.098 0.5
      vertex 178.913 64.6161 0.5
      vertex 178.843 64.5769 0.5
    endloop
  endfacet
  facet normal 0 0 -1
    outer loop
      vertex 178.344 65.098 0.5
      vertex 178.843 64.5769 0.5
      vertex 178.767 64.5436 0.5
    endloop
  endfacet
  facet normal 0 0 -1
    outer loop
      vertex 178.343 65.553 0.5
      vertex 179.189 65.8979 0.5
      vertex 178.363 65.5028 0.5
    endloop
  endfacet
  facet normal 0 0 -1
    outer loop
      vertex 178.318 65.0534 0.5
      vertex 178.767 64.5436 0.5
      vertex 178.685 64.5162 0.5
    endloop
  endfacet
  facet normal -0 0 -1
    outer loop
      vertex 178.913 64.3853 0.5
      vertex 178.235 63.9646 0.5
      vertex 178.863 64.4238 0.5
    endloop
  endfacet
  facet normal 0 0 -1
    outer loop
      vertex 179.22 64.9721 0.5
      vertex 178.377 65.2013 0.5
      vertex 178.386 65.2599 0.5
    endloop
  endfacet
  facet normal 0 0 -1
    outer loop
      vertex 178.162 63.6174 0.5
      vertex 178.604 62.9834 0.5
      vertex 178.468 62.9425 0.5
    endloop
  endfacet
  facet normal -0 0 -1
    outer loop
      vertex 179.189 65.8979 0.5
      vertex 178.343 65.553 0.5
      vertex 179.126 65.9965 0.5
    endloop
  endfacet
  facet normal -0 0 -1
    outer loop
      vertex 179.048 66.0844 0.5
      vertex 178.343 65.553 0.5
      vertex 178.956 66.1616 0.5
    endloop
  endfacet
  facet normal -0 0 -1
    outer loop
      vertex 179.126 65.9965 0.5
      vertex 178.343 65.553 0.5
      vertex 179.048 66.0844 0.5
    endloop
  endfacet
  facet normal 0 0 -1
    outer loop
      vertex 179.289 65.2143 0.5
      vertex 178.386 65.2599 0.5
      vertex 178.389 65.3233 0.5
    endloop
  endfacet
  facet normal 0 0 -1
    outer loop
      vertex 179.141 64.832 0.5
      vertex 178.363 65.1473 0.5
      vertex 178.377 65.2013 0.5
    endloop
  endfacet
  facet normal -0 0 -1
    outer loop
      vertex 178.808 64.4584 0.5
      vertex 178.223 64.0082 0.5
      vertex 178.749 64.4892 0.5
    endloop
  endfacet
  facet normal -0 0 -1
    outer loop
      vertex 178.749 64.4892 0.5
      vertex 178.223 64.0082 0.5
      vertex 178.685 64.5162 0.5
    endloop
  endfacet
  facet normal 0 0 -1
    outer loop
      vertex 178.098 63.5628 0.5
      vertex 178.468 62.9425 0.5
      vertex 178.315 62.9106 0.5
    endloop
  endfacet
  facet normal -0 0 -1
    outer loop
      vertex 178.863 64.4238 0.5
      vertex 178.223 64.0082 0.5
      vertex 178.808 64.4584 0.5
    endloop
  endfacet
  facet normal 0 0 -1
    outer loop
      vertex 178.978 64.6612 0.5
      vertex 178.344 65.098 0.5
      vertex 178.363 65.1473 0.5
    endloop
  endfacet
  facet normal 0 0 -1
    outer loop
      vertex 178.207 64.0481 0.5
      vertex 178.685 64.5162 0.5
      vertex 178.223 64.0082 0.5
    endloop
  endfacet
  facet normal 0 0 -1
    outer loop
      vertex 178.223 64.0082 0.5
      vertex 178.863 64.4238 0.5
      vertex 178.235 63.9646 0.5
    endloop
  endfacet
  facet normal 0 0 -1
    outer loop
      vertex 179.151 63.672 0.5
      vertex 178.235 63.7693 0.5
      vertex 178.242 63.8161 0.5
    endloop
  endfacet
  facet normal 0 0 -1
    outer loop
      vertex 179.131 63.548 0.5
      vertex 178.223 63.726 0.5
      vertex 178.235 63.7693 0.5
    endloop
  endfacet
  facet normal 0 0 -1
    outer loop
      vertex 178.989 63.242 0.5
      vertex 178.207 63.6863 0.5
      vertex 178.223 63.726 0.5
    endloop
  endfacet
  facet normal 0 0 -1
    outer loop
      vertex 178.827 63.0927 0.5
      vertex 178.187 63.6501 0.5
      vertex 178.207 63.6863 0.5
    endloop
  endfacet
  facet normal 0 0 -1
    outer loop
      vertex 178.604 62.9834 0.5
      vertex 178.162 63.6174 0.5
      vertex 178.187 63.6501 0.5
    endloop
  endfacet
  facet normal 0 0 -1
    outer loop
      vertex 178.06 63.5413 0.5
      vertex 178.315 62.9106 0.5
      vertex 178.146 62.8878 0.5
    endloop
  endfacet
  facet normal 0 0 -1
    outer loop
      vertex 178.468 62.9425 0.5
      vertex 178.132 63.5883 0.5
      vertex 178.162 63.6174 0.5
    endloop
  endfacet
  facet normal 0 0 -1
    outer loop
      vertex 178.468 62.9425 0.5
      vertex 178.098 63.5628 0.5
      vertex 178.132 63.5883 0.5
    endloop
  endfacet
  facet normal 0 0 -1
    outer loop
      vertex 178.315 62.9106 0.5
      vertex 178.06 63.5413 0.5
      vertex 178.098 63.5628 0.5
    endloop
  endfacet
  facet normal 0 0 -1
    outer loop
      vertex 178.146 62.8878 0.5
      vertex 178.018 63.5237 0.5
      vertex 178.06 63.5413 0.5
    endloop
  endfacet
  facet normal 0 0 -1
    outer loop
      vertex 178.146 62.8878 0.5
      vertex 177.971 63.51 0.5
      vertex 178.018 63.5237 0.5
    endloop
  endfacet
  facet normal 0 0 -1
    outer loop
      vertex 177.96 62.8742 0.5
      vertex 177.971 63.51 0.5
      vertex 178.146 62.8878 0.5
    endloop
  endfacet
  facet normal 0 0 -1
    outer loop
      vertex 177.96 62.8742 0.5
      vertex 177.92 63.5002 0.5
      vertex 177.971 63.51 0.5
    endloop
  endfacet
  facet normal 0 0 -1
    outer loop
      vertex 177.96 62.8742 0.5
      vertex 177.864 63.4943 0.5
      vertex 177.92 63.5002 0.5
    endloop
  endfacet
  facet normal 0 0 -1
    outer loop
      vertex 177.757 62.8696 0.5
      vertex 177.864 63.4943 0.5
      vertex 177.96 62.8742 0.5
    endloop
  endfacet
  facet normal 0 0 -1
    outer loop
      vertex 177.864 63.4943 0.5
      vertex 177.757 62.8696 0.5
      vertex 177.805 63.4924 0.5
    endloop
  endfacet
  facet normal 0 0 -1
    outer loop
      vertex 177.757 62.8696 0.5
      vertex 177.299 63.4924 0.5
      vertex 177.805 63.4924 0.5
    endloop
  endfacet
  facet normal 0 0 -1
    outer loop
      vertex 176.386 62.8696 0.5
      vertex 177.299 64.2405 0.5
      vertex 177.299 63.4924 0.5
    endloop
  endfacet
  facet normal -0 0 -1
    outer loop
      vertex 177.299 64.2405 0.5
      vertex 176.386 62.8696 0.5
      vertex 177.299 64.8632 0.5
    endloop
  endfacet
  facet normal 0 0 -1
    outer loop
      vertex 176.386 66.4133 0.5
      vertex 177.299 64.8632 0.5
      vertex 176.386 62.8696 0.5
    endloop
  endfacet
  facet normal 0 0 -1
    outer loop
      vertex 176.386 62.8696 0.5
      vertex 177.299 63.4924 0.5
      vertex 177.757 62.8696 0.5
    endloop
  endfacet
  facet normal 0 0 -1
    outer loop
      vertex 178.318 65.5983 0.5
      vertex 178.956 66.1616 0.5
      vertex 178.343 65.553 0.5
    endloop
  endfacet
  facet normal -0 0 -1
    outer loop
      vertex 178.956 66.1616 0.5
      vertex 178.318 65.5983 0.5
      vertex 178.85 66.2284 0.5
    endloop
  endfacet
  facet normal 0 0 -1
    outer loop
      vertex 178.287 65.6387 0.5
      vertex 178.85 66.2284 0.5
      vertex 178.318 65.5983 0.5
    endloop
  endfacet
  facet normal -0 0 -1
    outer loop
      vertex 178.85 66.2284 0.5
      vertex 178.287 65.6387 0.5
      vertex 178.728 66.2849 0.5
    endloop
  endfacet
  facet normal 0 0 -1
    outer loop
      vertex 178.25 65.6744 0.5
      vertex 178.728 66.2849 0.5
      vertex 178.287 65.6387 0.5
    endloop
  endfacet
  facet normal -0 0 -1
    outer loop
      vertex 178.728 66.2849 0.5
      vertex 178.25 65.6744 0.5
      vertex 178.593 66.3311 0.5
    endloop
  endfacet
  facet normal 0 0 -1
    outer loop
      vertex 178.207 65.7052 0.5
      vertex 178.593 66.3311 0.5
      vertex 178.25 65.6744 0.5
    endloop
  endfacet
  facet normal -0 0 -1
    outer loop
      vertex 178.593 66.3311 0.5
      vertex 178.207 65.7052 0.5
      vertex 178.442 66.3671 0.5
    endloop
  endfacet
  facet normal 0 0 -1
    outer loop
      vertex 178.159 65.7313 0.5
      vertex 178.442 66.3671 0.5
      vertex 178.207 65.7052 0.5
    endloop
  endfacet
  facet normal -0 0 -1
    outer loop
      vertex 178.442 66.3671 0.5
      vertex 178.159 65.7313 0.5
      vertex 178.277 66.3928 0.5
    endloop
  endfacet
  facet normal 0 0 -1
    outer loop
      vertex 178.106 65.7526 0.5
      vertex 178.277 66.3928 0.5
      vertex 178.159 65.7313 0.5
    endloop
  endfacet
  facet normal 0 0 -1
    outer loop
      vertex 178.047 65.7692 0.5
      vertex 178.277 66.3928 0.5
      vertex 178.106 65.7526 0.5
    endloop
  endfacet
  facet normal -0 0 -1
    outer loop
      vertex 178.277 66.3928 0.5
      vertex 178.047 65.7692 0.5
      vertex 178.097 66.4082 0.5
    endloop
  endfacet
  facet normal 0 0 -1
    outer loop
      vertex 177.982 65.7811 0.5
      vertex 178.097 66.4082 0.5
      vertex 178.047 65.7692 0.5
    endloop
  endfacet
  facet normal 0 0 -1
    outer loop
      vertex 177.902 66.4133 0.5
      vertex 177.982 65.7811 0.5
      vertex 177.912 65.7882 0.5
    endloop
  endfacet
  facet normal 0 0 -1
    outer loop
      vertex 177.982 65.7811 0.5
      vertex 177.902 66.4133 0.5
      vertex 178.097 66.4082 0.5
    endloop
  endfacet
  facet normal 0 0 -1
    outer loop
      vertex 177.836 65.7906 0.5
      vertex 177.902 66.4133 0.5
      vertex 177.912 65.7882 0.5
    endloop
  endfacet
  facet normal 0 0 -1
    outer loop
      vertex 177.299 65.7906 0.5
      vertex 177.902 66.4133 0.5
      vertex 177.836 65.7906 0.5
    endloop
  endfacet
  facet normal 0 0 -1
    outer loop
      vertex 177.299 65.7906 0.5
      vertex 176.386 66.4133 0.5
      vertex 177.902 66.4133 0.5
    endloop
  endfacet
  facet normal 0 0 -1
    outer loop
      vertex 177.299 64.8632 0.5
      vertex 176.386 66.4133 0.5
      vertex 177.299 65.7906 0.5
    endloop
  endfacet
  facet normal 0 0 -1
    outer loop
      vertex 178.767 64.5436 0.5
      vertex 178.318 65.0534 0.5
      vertex 178.344 65.098 0.5
    endloop
  endfacet
  facet normal 0 0 -1
    outer loop
      vertex 178.187 64.0844 0.5
      vertex 178.685 64.5162 0.5
      vertex 178.207 64.0481 0.5
    endloop
  endfacet
  facet normal 0 0 -1
    outer loop
      vertex 178.685 64.5162 0.5
      vertex 178.288 65.0135 0.5
      vertex 178.318 65.0534 0.5
    endloop
  endfacet
  facet normal 0 0 -1
    outer loop
      vertex 178.162 64.1169 0.5
      vertex 178.685 64.5162 0.5
      vertex 178.187 64.0844 0.5
    endloop
  endfacet
  facet normal 0 0 -1
    outer loop
      vertex 178.685 64.5162 0.5
      vertex 178.251 64.9783 0.5
      vertex 178.288 65.0135 0.5
    endloop
  endfacet
  facet normal 0 0 -1
    outer loop
      vertex 178.132 64.1458 0.5
      vertex 178.685 64.5162 0.5
      vertex 178.162 64.1169 0.5
    endloop
  endfacet
  facet normal 0 0 -1
    outer loop
      vertex 178.685 64.5162 0.5
      vertex 178.209 64.9478 0.5
      vertex 178.251 64.9783 0.5
    endloop
  endfacet
  facet normal 0 0 -1
    outer loop
      vertex 178.098 64.1709 0.5
      vertex 178.685 64.5162 0.5
      vertex 178.132 64.1458 0.5
    endloop
  endfacet
  facet normal 0 0 -1
    outer loop
      vertex 178.685 64.5162 0.5
      vertex 178.161 64.9219 0.5
      vertex 178.209 64.9478 0.5
    endloop
  endfacet
  facet normal -0 0 -1
    outer loop
      vertex 178.685 64.5162 0.5
      vertex 178.098 64.1709 0.5
      vertex 178.161 64.9219 0.5
    endloop
  endfacet
  facet normal 0 0 -1
    outer loop
      vertex 178.161 64.9219 0.5
      vertex 178.098 64.1709 0.5
      vertex 178.107 64.9008 0.5
    endloop
  endfacet
  facet normal 0 0 -1
    outer loop
      vertex 178.06 64.1922 0.5
      vertex 178.107 64.9008 0.5
      vertex 178.098 64.1709 0.5
    endloop
  endfacet
  facet normal 0 0 -1
    outer loop
      vertex 178.06 64.1922 0.5
      vertex 178.048 64.8844 0.5
      vertex 178.107 64.9008 0.5
    endloop
  endfacet
  facet normal 0 0 -1
    outer loop
      vertex 178.018 64.2096 0.5
      vertex 178.048 64.8844 0.5
      vertex 178.06 64.1922 0.5
    endloop
  endfacet
  facet normal 0 0 -1
    outer loop
      vertex 177.971 64.2231 0.5
      vertex 178.048 64.8844 0.5
      vertex 178.018 64.2096 0.5
    endloop
  endfacet
  facet normal 0 0 -1
    outer loop
      vertex 178.048 64.8844 0.5
      vertex 177.971 64.2231 0.5
      vertex 177.983 64.8726 0.5
    endloop
  endfacet
  facet normal 0 0 -1
    outer loop
      vertex 177.92 64.2328 0.5
      vertex 177.983 64.8726 0.5
      vertex 177.971 64.2231 0.5
    endloop
  endfacet
  facet normal 0 0 -1
    outer loop
      vertex 177.92 64.2328 0.5
      vertex 177.912 64.8656 0.5
      vertex 177.983 64.8726 0.5
    endloop
  endfacet
  facet normal 0 0 -1
    outer loop
      vertex 177.864 64.2386 0.5
      vertex 177.912 64.8656 0.5
      vertex 177.92 64.2328 0.5
    endloop
  endfacet
  facet normal 0 0 -1
    outer loop
      vertex 177.864 64.2386 0.5
      vertex 177.836 64.8632 0.5
      vertex 177.912 64.8656 0.5
    endloop
  endfacet
  facet normal 0 0 -1
    outer loop
      vertex 177.805 64.2405 0.5
      vertex 177.836 64.8632 0.5
      vertex 177.864 64.2386 0.5
    endloop
  endfacet
  facet normal 0 0 -1
    outer loop
      vertex 177.299 64.8632 0.5
      vertex 177.805 64.2405 0.5
      vertex 177.299 64.2405 0.5
    endloop
  endfacet
  facet normal 0 0 -1
    outer loop
      vertex 177.805 64.2405 0.5
      vertex 177.299 64.8632 0.5
      vertex 177.836 64.8632 0.5
    endloop
  endfacet
  facet normal 0 0 -1
    outer loop
      vertex 204.544 24.3837 0.5
      vertex 203.001 25.0557 0.5
      vertex 204.544 25.0557 0.5
    endloop
  endfacet
  facet normal 0 0 -1
    outer loop
      vertex 202.273 24.3837 0.5
      vertex 203.001 25.6034 0.5
      vertex 203.001 25.0557 0.5
    endloop
  endfacet
  facet normal 0 0 -1
    outer loop
      vertex 203.001 25.6034 0.5
      vertex 202.939 26.1856 0.5
      vertex 202.999 26.1783 0.5
    endloop
  endfacet
  facet normal 0 0 -1
    outer loop
      vertex 203.001 25.6034 0.5
      vertex 202.877 26.195 0.5
      vertex 202.939 26.1856 0.5
    endloop
  endfacet
  facet normal 0 0 -1
    outer loop
      vertex 203.001 25.6034 0.5
      vertex 202.815 26.2064 0.5
      vertex 202.877 26.195 0.5
    endloop
  endfacet
  facet normal 0 0 -1
    outer loop
      vertex 203.001 25.6034 0.5
      vertex 202.752 26.2199 0.5
      vertex 202.815 26.2064 0.5
    endloop
  endfacet
  facet normal 0 0 -1
    outer loop
      vertex 203.001 25.6034 0.5
      vertex 202.688 26.2355 0.5
      vertex 202.752 26.2199 0.5
    endloop
  endfacet
  facet normal 0 0 -1
    outer loop
      vertex 203.001 25.6034 0.5
      vertex 202.622 26.2535 0.5
      vertex 202.688 26.2355 0.5
    endloop
  endfacet
  facet normal 0 0 -1
    outer loop
      vertex 203.001 25.6034 0.5
      vertex 202.555 26.2737 0.5
      vertex 202.622 26.2535 0.5
    endloop
  endfacet
  facet normal 0 0 -1
    outer loop
      vertex 203.001 25.6034 0.5
      vertex 202.486 26.2962 0.5
      vertex 202.555 26.2737 0.5
    endloop
  endfacet
  facet normal 0 0 -1
    outer loop
      vertex 203.001 25.6034 0.5
      vertex 202.416 26.321 0.5
      vertex 202.486 26.2962 0.5
    endloop
  endfacet
  facet normal 0 -0 -1
    outer loop
      vertex 202.345 26.348 0.5
      vertex 203.001 25.6034 0.5
      vertex 202.273 24.3837 0.5
    endloop
  endfacet
  facet normal 0 0 -1
    outer loop
      vertex 202.273 24.3837 0.5
      vertex 203.001 25.0557 0.5
      vertex 204.544 24.3837 0.5
    endloop
  endfacet
  facet normal 0 0 -1
    outer loop
      vertex 203.001 25.6034 0.5
      vertex 202.345 26.348 0.5
      vertex 202.416 26.321 0.5
    endloop
  endfacet
  facet normal -0 0 -1
    outer loop
      vertex 202.345 26.348 0.5
      vertex 202.273 24.3837 0.5
      vertex 202.273 26.3773 0.5
    endloop
  endfacet
  facet normal 0 0 -1
    outer loop
      vertex 204.793 26.6113 0.5
      vertex 203.883 26.694 0.5
      vertex 203.887 26.7715 0.5
    endloop
  endfacet
  facet normal 0 0 -1
    outer loop
      vertex 204.078 25.6499 0.5
      vertex 203.871 26.6213 0.5
      vertex 203.883 26.694 0.5
    endloop
  endfacet
  facet normal 0 0 -1
    outer loop
      vertex 204.078 25.6499 0.5
      vertex 203.851 26.5534 0.5
      vertex 203.871 26.6213 0.5
    endloop
  endfacet
  facet normal 0 0 -1
    outer loop
      vertex 204.078 25.6499 0.5
      vertex 203.824 26.4904 0.5
      vertex 203.851 26.5534 0.5
    endloop
  endfacet
  facet normal 0 0 -1
    outer loop
      vertex 204.078 25.6499 0.5
      vertex 203.789 26.4322 0.5
      vertex 203.824 26.4904 0.5
    endloop
  endfacet
  facet normal 0 0 -1
    outer loop
      vertex 203.575 26.2513 0.5
      vertex 203.934 25.6036 0.5
      vertex 203.778 25.5705 0.5
    endloop
  endfacet
  facet normal 0 0 -1
    outer loop
      vertex 204.078 25.6499 0.5
      vertex 203.746 26.3788 0.5
      vertex 203.789 26.4322 0.5
    endloop
  endfacet
  facet normal 0 0 -1
    outer loop
      vertex 204.078 25.6499 0.5
      vertex 203.696 26.3303 0.5
      vertex 203.746 26.3788 0.5
    endloop
  endfacet
  facet normal 0 0 -1
    outer loop
      vertex 204.078 25.6499 0.5
      vertex 203.638 26.2875 0.5
      vertex 203.696 26.3303 0.5
    endloop
  endfacet
  facet normal 0 0 -1
    outer loop
      vertex 203.506 26.2217 0.5
      vertex 203.778 25.5705 0.5
      vertex 203.61 25.5507 0.5
    endloop
  endfacet
  facet normal 0 0 -1
    outer loop
      vertex 203.934 25.6036 0.5
      vertex 203.575 26.2513 0.5
      vertex 203.638 26.2875 0.5
    endloop
  endfacet
  facet normal 0 0 -1
    outer loop
      vertex 203.778 25.5705 0.5
      vertex 203.506 26.2217 0.5
      vertex 203.575 26.2513 0.5
    endloop
  endfacet
  facet normal 0 0 -1
    outer loop
      vertex 203.61 25.5507 0.5
      vertex 203.431 26.1986 0.5
      vertex 203.506 26.2217 0.5
    endloop
  endfacet
  facet normal 0 0 -1
    outer loop
      vertex 203.431 25.544 0.5
      vertex 203.431 26.1986 0.5
      vertex 203.61 25.5507 0.5
    endloop
  endfacet
  facet normal 0 0 -1
    outer loop
      vertex 203.351 26.1822 0.5
      vertex 203.431 25.544 0.5
      vertex 203.398 25.5444 0.5
    endloop
  endfacet
  facet normal 0 0 -1
    outer loop
      vertex 203.351 26.1822 0.5
      vertex 203.398 25.5444 0.5
      vertex 203.366 25.5453 0.5
    endloop
  endfacet
  facet normal 0 0 -1
    outer loop
      vertex 203.431 25.544 0.5
      vertex 203.351 26.1822 0.5
      vertex 203.431 26.1986 0.5
    endloop
  endfacet
  facet normal 0 0 -1
    outer loop
      vertex 203.335 25.5469 0.5
      vertex 203.351 26.1822 0.5
      vertex 203.366 25.5453 0.5
    endloop
  endfacet
  facet normal 0 0 -1
    outer loop
      vertex 203.303 25.5491 0.5
      vertex 203.351 26.1822 0.5
      vertex 203.335 25.5469 0.5
    endloop
  endfacet
  facet normal 0 0 -1
    outer loop
      vertex 203.264 26.1723 0.5
      vertex 203.303 25.5491 0.5
      vertex 203.272 25.5519 0.5
    endloop
  endfacet
  facet normal 0 0 -1
    outer loop
      vertex 203.303 25.5491 0.5
      vertex 203.264 26.1723 0.5
      vertex 203.351 26.1822 0.5
    endloop
  endfacet
  facet normal 0 0 -1
    outer loop
      vertex 203.242 25.5554 0.5
      vertex 203.264 26.1723 0.5
      vertex 203.272 25.5519 0.5
    endloop
  endfacet
  facet normal 0 0 -1
    outer loop
      vertex 203.211 25.5595 0.5
      vertex 203.264 26.1723 0.5
      vertex 203.242 25.5554 0.5
    endloop
  endfacet
  facet normal 0 0 -1
    outer loop
      vertex 203.181 25.5641 0.5
      vertex 203.264 26.1723 0.5
      vertex 203.211 25.5595 0.5
    endloop
  endfacet
  facet normal 0 0 -1
    outer loop
      vertex 203.181 25.5641 0.5
      vertex 203.172 26.169 0.5
      vertex 203.264 26.1723 0.5
    endloop
  endfacet
  facet normal 0 0 -1
    outer loop
      vertex 203.151 25.5694 0.5
      vertex 203.172 26.169 0.5
      vertex 203.181 25.5641 0.5
    endloop
  endfacet
  facet normal 0 0 -1
    outer loop
      vertex 203.121 25.5751 0.5
      vertex 203.172 26.169 0.5
      vertex 203.151 25.5694 0.5
    endloop
  endfacet
  facet normal 0 0 -1
    outer loop
      vertex 203.091 25.5814 0.5
      vertex 203.172 26.169 0.5
      vertex 203.121 25.5751 0.5
    endloop
  endfacet
  facet normal 0 0 -1
    outer loop
      vertex 203.061 25.5882 0.5
      vertex 203.172 26.169 0.5
      vertex 203.091 25.5814 0.5
    endloop
  endfacet
  facet normal -0 0 -1
    outer loop
      vertex 203.172 26.169 0.5
      vertex 203.061 25.5882 0.5
      vertex 203.115 26.17 0.5
    endloop
  endfacet
  facet normal 0 0 -1
    outer loop
      vertex 203.031 25.5956 0.5
      vertex 203.115 26.17 0.5
      vertex 203.061 25.5882 0.5
    endloop
  endfacet
  facet normal 0 0 -1
    outer loop
      vertex 203.001 25.6034 0.5
      vertex 203.115 26.17 0.5
      vertex 203.031 25.5956 0.5
    endloop
  endfacet
  facet normal -0 0 -1
    outer loop
      vertex 203.115 26.17 0.5
      vertex 203.001 25.6034 0.5
      vertex 203.057 26.1732 0.5
    endloop
  endfacet
  facet normal -0 0 -1
    outer loop
      vertex 203.057 26.1732 0.5
      vertex 203.001 25.6034 0.5
      vertex 202.999 26.1783 0.5
    endloop
  endfacet
  facet normal 0 0 -1
    outer loop
      vertex 203.887 26.7715 0.5
      vertex 204.8 26.7716 0.5
      vertex 204.793 26.6113 0.5
    endloop
  endfacet
  facet normal 0 0 -1
    outer loop
      vertex 203.883 26.694 0.5
      vertex 204.793 26.6113 0.5
      vertex 204.771 26.4614 0.5
    endloop
  endfacet
  facet normal -0 0 -1
    outer loop
      vertex 204.8 26.7716 0.5
      vertex 203.887 26.7715 0.5
      vertex 204.792 26.9307 0.5
    endloop
  endfacet
  facet normal 0 0 -1
    outer loop
      vertex 203.883 26.694 0.5
      vertex 204.771 26.4614 0.5
      vertex 204.734 26.3219 0.5
    endloop
  endfacet
  facet normal 0 0 -1
    outer loop
      vertex 203.883 26.8485 0.5
      vertex 204.792 26.9307 0.5
      vertex 203.887 26.7715 0.5
    endloop
  endfacet
  facet normal 0 0 -1
    outer loop
      vertex 203.883 26.694 0.5
      vertex 204.734 26.3219 0.5
      vertex 204.683 26.1929 0.5
    endloop
  endfacet
  facet normal -0 0 -1
    outer loop
      vertex 204.792 26.9307 0.5
      vertex 203.883 26.8485 0.5
      vertex 204.768 27.0796 0.5
    endloop
  endfacet
  facet normal 0 0 -1
    outer loop
      vertex 203.883 26.694 0.5
      vertex 204.683 26.1929 0.5
      vertex 204.616 26.0742 0.5
    endloop
  endfacet
  facet normal 0 0 -1
    outer loop
      vertex 203.871 26.9208 0.5
      vertex 204.768 27.0796 0.5
      vertex 203.883 26.8485 0.5
    endloop
  endfacet
  facet normal 0 0 -1
    outer loop
      vertex 203.883 26.694 0.5
      vertex 204.616 26.0742 0.5
      vertex 204.535 25.966 0.5
    endloop
  endfacet
  facet normal -0 0 -1
    outer loop
      vertex 204.768 27.0796 0.5
      vertex 203.871 26.9208 0.5
      vertex 204.728 27.2184 0.5
    endloop
  endfacet
  facet normal 0 0 -1
    outer loop
      vertex 203.883 26.694 0.5
      vertex 204.535 25.966 0.5
      vertex 204.44 25.8682 0.5
    endloop
  endfacet
  facet normal 0 0 -1
    outer loop
      vertex 203.851 26.9883 0.5
      vertex 204.728 27.2184 0.5
      vertex 203.871 26.9208 0.5
    endloop
  endfacet
  facet normal 0 0 -1
    outer loop
      vertex 203.883 26.694 0.5
      vertex 204.44 25.8682 0.5
      vertex 204.331 25.7822 0.5
    endloop
  endfacet
  facet normal -0 0 -1
    outer loop
      vertex 204.728 27.2184 0.5
      vertex 203.851 26.9883 0.5
      vertex 204.672 27.3469 0.5
    endloop
  endfacet
  facet normal 0 0 -1
    outer loop
      vertex 203.883 26.694 0.5
      vertex 204.331 25.7822 0.5
      vertex 204.21 25.7094 0.5
    endloop
  endfacet
  facet normal -0 0 -1
    outer loop
      vertex 204.672 27.3469 0.5
      vertex 203.851 26.9883 0.5
      vertex 204.6 27.4653 0.5
    endloop
  endfacet
  facet normal 0 0 -1
    outer loop
      vertex 203.883 26.694 0.5
      vertex 204.21 25.7094 0.5
      vertex 204.078 25.6499 0.5
    endloop
  endfacet
  facet normal 0 0 -1
    outer loop
      vertex 203.824 27.0512 0.5
      vertex 204.6 27.4653 0.5
      vertex 203.851 26.9883 0.5
    endloop
  endfacet
  facet normal 0 0 -1
    outer loop
      vertex 203.638 26.2875 0.5
      vertex 204.078 25.6499 0.5
      vertex 203.934 25.6036 0.5
    endloop
  endfacet
  facet normal -0 0 -1
    outer loop
      vertex 204.6 27.4653 0.5
      vertex 203.824 27.0512 0.5
      vertex 204.512 27.5735 0.5
    endloop
  endfacet
  facet normal 0 0 -1
    outer loop
      vertex 203.789 27.1093 0.5
      vertex 204.512 27.5735 0.5
      vertex 203.824 27.0512 0.5
    endloop
  endfacet
  facet normal -0 0 -1
    outer loop
      vertex 204.512 27.5735 0.5
      vertex 203.789 27.1093 0.5
      vertex 204.408 27.6715 0.5
    endloop
  endfacet
  facet normal -0 0 -1
    outer loop
      vertex 204.408 27.6715 0.5
      vertex 203.789 27.1093 0.5
      vertex 204.289 27.7578 0.5
    endloop
  endfacet
  facet normal 0 0 -1
    outer loop
      vertex 203.746 27.1628 0.5
      vertex 204.289 27.7578 0.5
      vertex 203.789 27.1093 0.5
    endloop
  endfacet
  facet normal -0 0 -1
    outer loop
      vertex 204.289 27.7578 0.5
      vertex 203.746 27.1628 0.5
      vertex 204.158 27.8309 0.5
    endloop
  endfacet
  facet normal 0 0 -1
    outer loop
      vertex 203.696 27.2116 0.5
      vertex 204.158 27.8309 0.5
      vertex 203.746 27.1628 0.5
    endloop
  endfacet
  facet normal -0 0 -1
    outer loop
      vertex 204.158 27.8309 0.5
      vertex 203.696 27.2116 0.5
      vertex 204.015 27.8906 0.5
    endloop
  endfacet
  facet normal 0 0 -1
    outer loop
      vertex 203.638 27.2547 0.5
      vertex 204.015 27.8906 0.5
      vertex 203.696 27.2116 0.5
    endloop
  endfacet
  facet normal -0 0 -1
    outer loop
      vertex 204.015 27.8906 0.5
      vertex 203.638 27.2547 0.5
      vertex 203.859 27.9371 0.5
    endloop
  endfacet
  facet normal 0 0 -1
    outer loop
      vertex 203.575 27.2912 0.5
      vertex 203.859 27.9371 0.5
      vertex 203.638 27.2547 0.5
    endloop
  endfacet
  facet normal -0 0 -1
    outer loop
      vertex 203.859 27.9371 0.5
      vertex 203.575 27.2912 0.5
      vertex 203.691 27.9703 0.5
    endloop
  endfacet
  facet normal 0 0 -1
    outer loop
      vertex 203.506 27.321 0.5
      vertex 203.691 27.9703 0.5
      vertex 203.575 27.2912 0.5
    endloop
  endfacet
  facet normal 0 0 -1
    outer loop
      vertex 203.431 27.3443 0.5
      vertex 203.691 27.9703 0.5
      vertex 203.506 27.321 0.5
    endloop
  endfacet
  facet normal -0 0 -1
    outer loop
      vertex 203.691 27.9703 0.5
      vertex 203.431 27.3443 0.5
      vertex 203.51 27.9902 0.5
    endloop
  endfacet
  facet normal 0 0 -1
    outer loop
      vertex 203.351 27.3608 0.5
      vertex 203.51 27.9902 0.5
      vertex 203.431 27.3443 0.5
    endloop
  endfacet
  facet normal 0 0 -1
    outer loop
      vertex 203.351 27.3608 0.5
      vertex 203.317 27.9968 0.5
      vertex 203.51 27.9902 0.5
    endloop
  endfacet
  facet normal 0 0 -1
    outer loop
      vertex 203.264 27.3708 0.5
      vertex 203.317 27.9968 0.5
      vertex 203.351 27.3608 0.5
    endloop
  endfacet
  facet normal 0 0 -1
    outer loop
      vertex 203.264 27.3708 0.5
      vertex 203.231 27.9956 0.5
      vertex 203.317 27.9968 0.5
    endloop
  endfacet
  facet normal 0 0 -1
    outer loop
      vertex 203.172 27.3741 0.5
      vertex 203.231 27.9956 0.5
      vertex 203.264 27.3708 0.5
    endloop
  endfacet
  facet normal 0 0 -1
    outer loop
      vertex 203.172 27.3741 0.5
      vertex 203.145 27.9921 0.5
      vertex 203.231 27.9956 0.5
    endloop
  endfacet
  facet normal 0 0 -1
    outer loop
      vertex 203.106 27.3724 0.5
      vertex 203.145 27.9921 0.5
      vertex 203.172 27.3741 0.5
    endloop
  endfacet
  facet normal 0 0 -1
    outer loop
      vertex 203.106 27.3724 0.5
      vertex 203.06 27.9861 0.5
      vertex 203.145 27.9921 0.5
    endloop
  endfacet
  facet normal 0 0 -1
    outer loop
      vertex 203.038 27.3673 0.5
      vertex 203.06 27.9861 0.5
      vertex 203.106 27.3724 0.5
    endloop
  endfacet
  facet normal 0 0 -1
    outer loop
      vertex 203.038 27.3673 0.5
      vertex 202.974 27.9778 0.5
      vertex 203.06 27.9861 0.5
    endloop
  endfacet
  facet normal 0 0 -1
    outer loop
      vertex 202.889 27.9671 0.5
      vertex 203.038 27.3673 0.5
      vertex 202.969 27.3589 0.5
    endloop
  endfacet
  facet normal 0 0 -1
    outer loop
      vertex 202.805 27.9541 0.5
      vertex 202.969 27.3589 0.5
      vertex 202.899 27.347 0.5
    endloop
  endfacet
  facet normal 0 0 -1
    outer loop
      vertex 203.038 27.3673 0.5
      vertex 202.889 27.9671 0.5
      vertex 202.974 27.9778 0.5
    endloop
  endfacet
  facet normal 0 0 -1
    outer loop
      vertex 202.72 27.9386 0.5
      vertex 202.899 27.347 0.5
      vertex 202.828 27.3318 0.5
    endloop
  endfacet
  facet normal 0 0 -1
    outer loop
      vertex 202.969 27.3589 0.5
      vertex 202.805 27.9541 0.5
      vertex 202.889 27.9671 0.5
    endloop
  endfacet
  facet normal 0 0 -1
    outer loop
      vertex 202.636 27.9208 0.5
      vertex 202.828 27.3318 0.5
      vertex 202.756 27.3132 0.5
    endloop
  endfacet
  facet normal 0 0 -1
    outer loop
      vertex 202.899 27.347 0.5
      vertex 202.72 27.9386 0.5
      vertex 202.805 27.9541 0.5
    endloop
  endfacet
  facet normal 0 0 -1
    outer loop
      vertex 202.551 27.9004 0.5
      vertex 202.756 27.3132 0.5
      vertex 202.682 27.2912 0.5
    endloop
  endfacet
  facet normal 0 0 -1
    outer loop
      vertex 202.828 27.3318 0.5
      vertex 202.636 27.9208 0.5
      vertex 202.72 27.9386 0.5
    endloop
  endfacet
  facet normal 0 0 -1
    outer loop
      vertex 202.467 27.8776 0.5
      vertex 202.682 27.2912 0.5
      vertex 202.607 27.2659 0.5
    endloop
  endfacet
  facet normal 0 0 -1
    outer loop
      vertex 202.756 27.3132 0.5
      vertex 202.551 27.9004 0.5
      vertex 202.636 27.9208 0.5
    endloop
  endfacet
  facet normal 0 0 -1
    outer loop
      vertex 202.383 27.8523 0.5
      vertex 202.607 27.2659 0.5
      vertex 202.531 27.2371 0.5
    endloop
  endfacet
  facet normal 0 0 -1
    outer loop
      vertex 202.682 27.2912 0.5
      vertex 202.467 27.8776 0.5
      vertex 202.551 27.9004 0.5
    endloop
  endfacet
  facet normal 0 0 -1
    outer loop
      vertex 202.3 27.8246 0.5
      vertex 202.531 27.2371 0.5
      vertex 202.454 27.205 0.5
    endloop
  endfacet
  facet normal 0 0 -1
    outer loop
      vertex 202.607 27.2659 0.5
      vertex 202.383 27.8523 0.5
      vertex 202.467 27.8776 0.5
    endloop
  endfacet
  facet normal 0 0 -1
    outer loop
      vertex 202.133 27.7616 0.5
      vertex 202.454 27.205 0.5
      vertex 202.375 27.1694 0.5
    endloop
  endfacet
  facet normal 0 0 -1
    outer loop
      vertex 202.531 27.2371 0.5
      vertex 202.3 27.8246 0.5
      vertex 202.383 27.8523 0.5
    endloop
  endfacet
  facet normal 0 0 -1
    outer loop
      vertex 202.133 27.7616 0.5
      vertex 202.375 27.1694 0.5
      vertex 202.296 27.1305 0.5
    endloop
  endfacet
  facet normal 0 0 -1
    outer loop
      vertex 202.454 27.205 0.5
      vertex 202.216 27.7943 0.5
      vertex 202.3 27.8246 0.5
    endloop
  endfacet
  facet normal 0 0 -1
    outer loop
      vertex 202.133 27.7616 0.5
      vertex 202.296 27.1305 0.5
      vertex 202.215 27.0883 0.5
    endloop
  endfacet
  facet normal 0 0 -1
    outer loop
      vertex 202.133 27.7616 0.5
      vertex 202.215 27.0883 0.5
      vertex 202.133 27.0426 0.5
    endloop
  endfacet
  facet normal 0 0 -1
    outer loop
      vertex 202.454 27.205 0.5
      vertex 202.133 27.7616 0.5
      vertex 202.216 27.7943 0.5
    endloop
  endfacet
  facet normal 0 0 -1
    outer loop
      vertex 200.442 25.3302 0.5
      vertex 201.358 25.3209 0.5
      vertex 201.351 25.186 0.5
    endloop
  endfacet
  facet normal 0 -0 -1
    outer loop
      vertex 200.444 25.3805 0.5
      vertex 201.358 25.3209 0.5
      vertex 200.442 25.3302 0.5
    endloop
  endfacet
  facet normal 0 0 -1
    outer loop
      vertex 201.358 25.3209 0.5
      vertex 200.444 25.3805 0.5
      vertex 201.355 25.3932 0.5
    endloop
  endfacet
  facet normal 0 0 -1
    outer loop
      vertex 200.435 25.2834 0.5
      vertex 201.351 25.186 0.5
      vertex 201.331 25.0621 0.5
    endloop
  endfacet
  facet normal -0 0 -1
    outer loop
      vertex 201.355 25.3932 0.5
      vertex 200.444 25.3805 0.5
      vertex 201.348 25.4624 0.5
    endloop
  endfacet
  facet normal 0 0 -1
    outer loop
      vertex 200.423 25.2401 0.5
      vertex 201.331 25.0621 0.5
      vertex 201.297 24.9492 0.5
    endloop
  endfacet
  facet normal -0 0 -1
    outer loop
      vertex 201.348 25.4624 0.5
      vertex 200.444 25.3805 0.5
      vertex 201.335 25.5284 0.5
    endloop
  endfacet
  facet normal 0 0 -1
    outer loop
      vertex 200.442 25.4314 0.5
      vertex 201.335 25.5284 0.5
      vertex 200.444 25.3805 0.5
    endloop
  endfacet
  facet normal 0 0 -1
    outer loop
      vertex 200.423 25.2401 0.5
      vertex 201.297 24.9492 0.5
      vertex 201.25 24.8471 0.5
    endloop
  endfacet
  facet normal -0 0 -1
    outer loop
      vertex 201.335 25.5284 0.5
      vertex 200.442 25.4314 0.5
      vertex 201.318 25.5913 0.5
    endloop
  endfacet
  facet normal -0 0 -1
    outer loop
      vertex 201.318 25.5913 0.5
      vertex 200.442 25.4314 0.5
      vertex 201.296 25.651 0.5
    endloop
  endfacet
  facet normal 0 0 -1
    outer loop
      vertex 200.423 25.2401 0.5
      vertex 201.25 24.8471 0.5
      vertex 201.189 24.7561 0.5
    endloop
  endfacet
  facet normal -0 0 -1
    outer loop
      vertex 201.296 25.651 0.5
      vertex 200.442 25.4314 0.5
      vertex 201.269 25.7076 0.5
    endloop
  endfacet
  facet normal 0 0 -1
    outer loop
      vertex 200.407 25.2004 0.5
      vertex 201.189 24.7561 0.5
      vertex 201.114 24.6759 0.5
    endloop
  endfacet
  facet normal -0 0 -1
    outer loop
      vertex 201.269 25.7076 0.5
      vertex 200.442 25.4314 0.5
      vertex 201.237 25.761 0.5
    endloop
  endfacet
  facet normal 0 0 -1
    outer loop
      vertex 200.435 25.4787 0.5
      vertex 201.237 25.761 0.5
      vertex 200.442 25.4314 0.5
    endloop
  endfacet
  facet normal 0 0 -1
    outer loop
      vertex 200.407 25.2004 0.5
      vertex 201.114 24.6759 0.5
      vertex 201.027 24.6067 0.5
    endloop
  endfacet
  facet normal -0 0 -1
    outer loop
      vertex 201.237 25.761 0.5
      vertex 200.435 25.4787 0.5
      vertex 201.2 25.811 0.5
    endloop
  endfacet
  facet normal -0 0 -1
    outer loop
      vertex 201.2 25.811 0.5
      vertex 200.435 25.4787 0.5
      vertex 201.159 25.8571 0.5
    endloop
  endfacet
  facet normal 0 0 -1
    outer loop
      vertex 200.387 25.1642 0.5
      vertex 201.027 24.6067 0.5
      vertex 200.924 24.5476 0.5
    endloop
  endfacet
  facet normal -0 0 -1
    outer loop
      vertex 201.159 25.8571 0.5
      vertex 200.435 25.4787 0.5
      vertex 201.113 25.8994 0.5
    endloop
  endfacet
  facet normal 0 0 -1
    outer loop
      vertex 200.387 25.1642 0.5
      vertex 200.924 24.5476 0.5
      vertex 200.804 24.4975 0.5
    endloop
  endfacet
  facet normal 0 0 -1
    outer loop
      vertex 200.589 26.8374 0.5
      vertex 201.502 26.9112 0.5
      vertex 201.499 26.8176 0.5
    endloop
  endfacet
  facet normal 0 0 -1
    outer loop
      vertex 200.589 26.8374 0.5
      vertex 201.499 26.8176 0.5
      vertex 201.489 26.7284 0.5
    endloop
  endfacet
  facet normal -0 0 -1
    outer loop
      vertex 201.502 26.9112 0.5
      vertex 200.586 26.9021 0.5
      vertex 201.495 27.0524 0.5
    endloop
  endfacet
  facet normal 0 0 -1
    outer loop
      vertex 200.586 26.774 0.5
      vertex 201.489 26.7284 0.5
      vertex 201.473 26.6434 0.5
    endloop
  endfacet
  facet normal 0 0 -1
    outer loop
      vertex 200.586 26.774 0.5
      vertex 201.473 26.6434 0.5
      vertex 201.45 26.5627 0.5
    endloop
  endfacet
  facet normal 0 0 -1
    outer loop
      vertex 200.577 26.9619 0.5
      vertex 201.495 27.0524 0.5
      vertex 200.586 26.9021 0.5
    endloop
  endfacet
  facet normal 0 0 -1
    outer loop
      vertex 200.586 26.774 0.5
      vertex 201.45 26.5627 0.5
      vertex 201.42 26.4862 0.5
    endloop
  endfacet
  facet normal -0 0 -1
    outer loop
      vertex 201.495 27.0524 0.5
      vertex 200.577 26.9619 0.5
      vertex 201.474 27.1829 0.5
    endloop
  endfacet
  facet normal 0 0 -1
    outer loop
      vertex 200.577 26.7153 0.5
      vertex 201.42 26.4862 0.5
      vertex 201.384 26.414 0.5
    endloop
  endfacet
  facet normal 0 0 -1
    outer loop
      vertex 200.577 26.7153 0.5
      vertex 201.384 26.414 0.5
      vertex 201.341 26.3461 0.5
    endloop
  endfacet
  facet normal 0 0 -1
    outer loop
      vertex 201.502 26.9112 0.5
      vertex 200.589 26.8374 0.5
      vertex 200.586 26.9021 0.5
    endloop
  endfacet
  facet normal 0 0 -1
    outer loop
      vertex 200.563 26.6614 0.5
      vertex 201.341 26.3461 0.5
      vertex 201.292 26.2832 0.5
    endloop
  endfacet
  facet normal -0 0 -1
    outer loop
      vertex 201.474 27.1829 0.5
      vertex 200.563 27.0169 0.5
      vertex 201.439 27.3028 0.5
    endloop
  endfacet
  facet normal 0 0 -1
    outer loop
      vertex 200.563 26.6614 0.5
      vertex 201.292 26.2832 0.5
      vertex 201.238 26.2263 0.5
    endloop
  endfacet
  facet normal 0 0 -1
    outer loop
      vertex 200.563 26.6614 0.5
      vertex 201.238 26.2263 0.5
      vertex 201.178 26.1753 0.5
    endloop
  endfacet
  facet normal 0 0 -1
    outer loop
      vertex 200.563 27.0169 0.5
      vertex 201.474 27.1829 0.5
      vertex 200.577 26.9619 0.5
    endloop
  endfacet
  facet normal 0 0 -1
    outer loop
      vertex 200.544 26.6121 0.5
      vertex 201.178 26.1753 0.5
      vertex 201.113 26.1302 0.5
    endloop
  endfacet
  facet normal -0 0 -1
    outer loop
      vertex 201.439 27.3028 0.5
      vertex 200.563 27.0169 0.5
      vertex 201.389 27.412 0.5
    endloop
  endfacet
  facet normal 0 0 -1
    outer loop
      vertex 200.544 26.6121 0.5
      vertex 201.113 26.1302 0.5
      vertex 201.043 26.091 0.5
    endloop
  endfacet
  facet normal 0 0 -1
    outer loop
      vertex 200.544 26.6121 0.5
      vertex 201.043 26.091 0.5
      vertex 200.967 26.0577 0.5
    endloop
  endfacet
  facet normal 0 0 -1
    outer loop
      vertex 200.543 27.0671 0.5
      vertex 201.389 27.412 0.5
      vertex 200.563 27.0169 0.5
    endloop
  endfacet
  facet normal 0 0 -1
    outer loop
      vertex 200.518 26.5675 0.5
      vertex 200.967 26.0577 0.5
      vertex 200.885 26.0303 0.5
    endloop
  endfacet
  facet normal -0 0 -1
    outer loop
      vertex 201.113 25.8994 0.5
      vertex 200.435 25.4787 0.5
      vertex 201.063 25.9378 0.5
    endloop
  endfacet
  facet normal 0 0 -1
    outer loop
      vertex 201.42 26.4862 0.5
      vertex 200.577 26.7153 0.5
      vertex 200.586 26.774 0.5
    endloop
  endfacet
  facet normal 0 0 -1
    outer loop
      vertex 200.362 25.1315 0.5
      vertex 200.804 24.4975 0.5
      vertex 200.668 24.4565 0.5
    endloop
  endfacet
  facet normal -0 0 -1
    outer loop
      vertex 201.389 27.412 0.5
      vertex 200.543 27.0671 0.5
      vertex 201.326 27.5106 0.5
    endloop
  endfacet
  facet normal -0 0 -1
    outer loop
      vertex 201.248 27.5985 0.5
      vertex 200.543 27.0671 0.5
      vertex 201.156 27.6757 0.5
    endloop
  endfacet
  facet normal -0 0 -1
    outer loop
      vertex 201.326 27.5106 0.5
      vertex 200.543 27.0671 0.5
      vertex 201.248 27.5985 0.5
    endloop
  endfacet
  facet normal 0 0 -1
    outer loop
      vertex 201.489 26.7284 0.5
      vertex 200.586 26.774 0.5
      vertex 200.589 26.8374 0.5
    endloop
  endfacet
  facet normal 0 0 -1
    outer loop
      vertex 201.341 26.3461 0.5
      vertex 200.563 26.6614 0.5
      vertex 200.577 26.7153 0.5
    endloop
  endfacet
  facet normal -0 0 -1
    outer loop
      vertex 201.008 25.9725 0.5
      vertex 200.423 25.5223 0.5
      vertex 200.949 26.0033 0.5
    endloop
  endfacet
  facet normal -0 0 -1
    outer loop
      vertex 200.949 26.0033 0.5
      vertex 200.423 25.5223 0.5
      vertex 200.885 26.0303 0.5
    endloop
  endfacet
  facet normal 0 0 -1
    outer loop
      vertex 200.298 25.0769 0.5
      vertex 200.668 24.4565 0.5
      vertex 200.515 24.4247 0.5
    endloop
  endfacet
  facet normal -0 0 -1
    outer loop
      vertex 201.063 25.9378 0.5
      vertex 200.423 25.5223 0.5
      vertex 201.008 25.9725 0.5
    endloop
  endfacet
  facet normal 0 0 -1
    outer loop
      vertex 201.178 26.1753 0.5
      vertex 200.544 26.6121 0.5
      vertex 200.563 26.6614 0.5
    endloop
  endfacet
  facet normal 0 0 -1
    outer loop
      vertex 200.407 25.5622 0.5
      vertex 200.885 26.0303 0.5
      vertex 200.423 25.5223 0.5
    endloop
  endfacet
  facet normal 0 0 -1
    outer loop
      vertex 200.423 25.5223 0.5
      vertex 201.063 25.9378 0.5
      vertex 200.435 25.4787 0.5
    endloop
  endfacet
  facet normal 0 0 -1
    outer loop
      vertex 201.351 25.186 0.5
      vertex 200.435 25.2834 0.5
      vertex 200.442 25.3302 0.5
    endloop
  endfacet
  facet normal 0 0 -1
    outer loop
      vertex 201.331 25.0621 0.5
      vertex 200.423 25.2401 0.5
      vertex 200.435 25.2834 0.5
    endloop
  endfacet
  facet normal 0 0 -1
    outer loop
      vertex 201.189 24.7561 0.5
      vertex 200.407 25.2004 0.5
      vertex 200.423 25.2401 0.5
    endloop
  endfacet
  facet normal 0 0 -1
    outer loop
      vertex 201.027 24.6067 0.5
      vertex 200.387 25.1642 0.5
      vertex 200.407 25.2004 0.5
    endloop
  endfacet
  facet normal 0 0 -1
    outer loop
      vertex 200.804 24.4975 0.5
      vertex 200.362 25.1315 0.5
      vertex 200.387 25.1642 0.5
    endloop
  endfacet
  facet normal 0 0 -1
    outer loop
      vertex 200.26 25.0554 0.5
      vertex 200.515 24.4247 0.5
      vertex 200.346 24.4019 0.5
    endloop
  endfacet
  facet normal 0 0 -1
    outer loop
      vertex 200.668 24.4565 0.5
      vertex 200.332 25.1023 0.5
      vertex 200.362 25.1315 0.5
    endloop
  endfacet
  facet normal 0 0 -1
    outer loop
      vertex 200.668 24.4565 0.5
      vertex 200.298 25.0769 0.5
      vertex 200.332 25.1023 0.5
    endloop
  endfacet
  facet normal 0 0 -1
    outer loop
      vertex 200.515 24.4247 0.5
      vertex 200.26 25.0554 0.5
      vertex 200.298 25.0769 0.5
    endloop
  endfacet
  facet normal 0 0 -1
    outer loop
      vertex 200.346 24.4019 0.5
      vertex 200.218 25.0378 0.5
      vertex 200.26 25.0554 0.5
    endloop
  endfacet
  facet normal 0 0 -1
    outer loop
      vertex 200.346 24.4019 0.5
      vertex 200.171 25.0241 0.5
      vertex 200.218 25.0378 0.5
    endloop
  endfacet
  facet normal 0 0 -1
    outer loop
      vertex 200.16 24.3883 0.5
      vertex 200.171 25.0241 0.5
      vertex 200.346 24.4019 0.5
    endloop
  endfacet
  facet normal 0 0 -1
    outer loop
      vertex 200.16 24.3883 0.5
      vertex 200.12 25.0143 0.5
      vertex 200.171 25.0241 0.5
    endloop
  endfacet
  facet normal 0 0 -1
    outer loop
      vertex 200.16 24.3883 0.5
      vertex 200.064 25.0084 0.5
      vertex 200.12 25.0143 0.5
    endloop
  endfacet
  facet normal 0 0 -1
    outer loop
      vertex 199.957 24.3837 0.5
      vertex 200.064 25.0084 0.5
      vertex 200.16 24.3883 0.5
    endloop
  endfacet
  facet normal 0 0 -1
    outer loop
      vertex 200.064 25.0084 0.5
      vertex 199.957 24.3837 0.5
      vertex 200.005 25.0064 0.5
    endloop
  endfacet
  facet normal 0 0 -1
    outer loop
      vertex 199.957 24.3837 0.5
      vertex 199.499 25.0064 0.5
      vertex 200.005 25.0064 0.5
    endloop
  endfacet
  facet normal 0 0 -1
    outer loop
      vertex 198.586 24.3837 0.5
      vertex 199.499 25.7546 0.5
      vertex 199.499 25.0064 0.5
    endloop
  endfacet
  facet normal -0 0 -1
    outer loop
      vertex 199.499 25.7546 0.5
      vertex 198.586 24.3837 0.5
      vertex 199.499 26.3773 0.5
    endloop
  endfacet
  facet normal 0 0 -1
    outer loop
      vertex 198.586 27.9274 0.5
      vertex 199.499 26.3773 0.5
      vertex 198.586 24.3837 0.5
    endloop
  endfacet
  facet normal 0 0 -1
    outer loop
      vertex 198.586 24.3837 0.5
      vertex 199.499 25.0064 0.5
      vertex 199.957 24.3837 0.5
    endloop
  endfacet
  facet normal 0 0 -1
    outer loop
      vertex 200.518 27.1124 0.5
      vertex 201.156 27.6757 0.5
      vertex 200.543 27.0671 0.5
    endloop
  endfacet
  facet normal -0 0 -1
    outer loop
      vertex 201.156 27.6757 0.5
      vertex 200.518 27.1124 0.5
      vertex 201.05 27.7425 0.5
    endloop
  endfacet
  facet normal 0 0 -1
    outer loop
      vertex 200.487 27.1528 0.5
      vertex 201.05 27.7425 0.5
      vertex 200.518 27.1124 0.5
    endloop
  endfacet
  facet normal -0 0 -1
    outer loop
      vertex 201.05 27.7425 0.5
      vertex 200.487 27.1528 0.5
      vertex 200.928 27.799 0.5
    endloop
  endfacet
  facet normal 0 0 -1
    outer loop
      vertex 200.45 27.1885 0.5
      vertex 200.928 27.799 0.5
      vertex 200.487 27.1528 0.5
    endloop
  endfacet
  facet normal -0 0 -1
    outer loop
      vertex 200.928 27.799 0.5
      vertex 200.45 27.1885 0.5
      vertex 200.793 27.8452 0.5
    endloop
  endfacet
  facet normal 0 0 -1
    outer loop
      vertex 200.407 27.2193 0.5
      vertex 200.793 27.8452 0.5
      vertex 200.45 27.1885 0.5
    endloop
  endfacet
  facet normal -0 0 -1
    outer loop
      vertex 200.793 27.8452 0.5
      vertex 200.407 27.2193 0.5
      vertex 200.642 27.8812 0.5
    endloop
  endfacet
  facet normal 0 0 -1
    outer loop
      vertex 200.359 27.2454 0.5
      vertex 200.642 27.8812 0.5
      vertex 200.407 27.2193 0.5
    endloop
  endfacet
  facet normal -0 0 -1
    outer loop
      vertex 200.642 27.8812 0.5
      vertex 200.359 27.2454 0.5
      vertex 200.477 27.9068 0.5
    endloop
  endfacet
  facet normal 0 0 -1
    outer loop
      vertex 200.306 27.2667 0.5
      vertex 200.477 27.9068 0.5
      vertex 200.359 27.2454 0.5
    endloop
  endfacet
  facet normal 0 0 -1
    outer loop
      vertex 200.247 27.2833 0.5
      vertex 200.477 27.9068 0.5
      vertex 200.306 27.2667 0.5
    endloop
  endfacet
  facet normal -0 0 -1
    outer loop
      vertex 200.477 27.9068 0.5
      vertex 200.247 27.2833 0.5
      vertex 200.297 27.9223 0.5
    endloop
  endfacet
  facet normal 0 0 -1
    outer loop
      vertex 200.182 27.2952 0.5
      vertex 200.297 27.9223 0.5
      vertex 200.247 27.2833 0.5
    endloop
  endfacet
  facet normal 0 0 -1
    outer loop
      vertex 200.102 27.9274 0.5
      vertex 200.182 27.2952 0.5
      vertex 200.112 27.3023 0.5
    endloop
  endfacet
  facet normal 0 0 -1
    outer loop
      vertex 200.182 27.2952 0.5
      vertex 200.102 27.9274 0.5
      vertex 200.297 27.9223 0.5
    endloop
  endfacet
  facet normal 0 0 -1
    outer loop
      vertex 200.036 27.3047 0.5
      vertex 200.102 27.9274 0.5
      vertex 200.112 27.3023 0.5
    endloop
  endfacet
  facet normal 0 0 -1
    outer loop
      vertex 199.499 27.3047 0.5
      vertex 200.102 27.9274 0.5
      vertex 200.036 27.3047 0.5
    endloop
  endfacet
  facet normal 0 0 -1
    outer loop
      vertex 199.499 27.3047 0.5
      vertex 198.586 27.9274 0.5
      vertex 200.102 27.9274 0.5
    endloop
  endfacet
  facet normal 0 0 -1
    outer loop
      vertex 199.499 26.3773 0.5
      vertex 198.586 27.9274 0.5
      vertex 199.499 27.3047 0.5
    endloop
  endfacet
  facet normal 0 0 -1
    outer loop
      vertex 200.967 26.0577 0.5
      vertex 200.518 26.5675 0.5
      vertex 200.544 26.6121 0.5
    endloop
  endfacet
  facet normal 0 0 -1
    outer loop
      vertex 200.387 25.5984 0.5
      vertex 200.885 26.0303 0.5
      vertex 200.407 25.5622 0.5
    endloop
  endfacet
  facet normal 0 0 -1
    outer loop
      vertex 200.885 26.0303 0.5
      vertex 200.488 26.5276 0.5
      vertex 200.518 26.5675 0.5
    endloop
  endfacet
  facet normal 0 0 -1
    outer loop
      vertex 200.362 25.631 0.5
      vertex 200.885 26.0303 0.5
      vertex 200.387 25.5984 0.5
    endloop
  endfacet
  facet normal 0 0 -1
    outer loop
      vertex 200.885 26.0303 0.5
      vertex 200.451 26.4924 0.5
      vertex 200.488 26.5276 0.5
    endloop
  endfacet
  facet normal 0 0 -1
    outer loop
      vertex 200.332 25.6599 0.5
      vertex 200.885 26.0303 0.5
      vertex 200.362 25.631 0.5
    endloop
  endfacet
  facet normal 0 0 -1
    outer loop
      vertex 200.885 26.0303 0.5
      vertex 200.409 26.4618 0.5
      vertex 200.451 26.4924 0.5
    endloop
  endfacet
  facet normal 0 0 -1
    outer loop
      vertex 200.298 25.685 0.5
      vertex 200.885 26.0303 0.5
      vertex 200.332 25.6599 0.5
    endloop
  endfacet
  facet normal 0 0 -1
    outer loop
      vertex 200.885 26.0303 0.5
      vertex 200.361 26.436 0.5
      vertex 200.409 26.4618 0.5
    endloop
  endfacet
  facet normal -0 0 -1
    outer loop
      vertex 200.885 26.0303 0.5
      vertex 200.298 25.685 0.5
      vertex 200.361 26.436 0.5
    endloop
  endfacet
  facet normal 0 0 -1
    outer loop
      vertex 200.361 26.436 0.5
      vertex 200.298 25.685 0.5
      vertex 200.307 26.4149 0.5
    endloop
  endfacet
  facet normal 0 0 -1
    outer loop
      vertex 200.26 25.7063 0.5
      vertex 200.307 26.4149 0.5
      vertex 200.298 25.685 0.5
    endloop
  endfacet
  facet normal 0 0 -1
    outer loop
      vertex 200.26 25.7063 0.5
      vertex 200.248 26.3984 0.5
      vertex 200.307 26.4149 0.5
    endloop
  endfacet
  facet normal 0 0 -1
    outer loop
      vertex 200.218 25.7237 0.5
      vertex 200.248 26.3984 0.5
      vertex 200.26 25.7063 0.5
    endloop
  endfacet
  facet normal 0 0 -1
    outer loop
      vertex 200.171 25.7372 0.5
      vertex 200.248 26.3984 0.5
      vertex 200.218 25.7237 0.5
    endloop
  endfacet
  facet normal 0 0 -1
    outer loop
      vertex 200.248 26.3984 0.5
      vertex 200.171 25.7372 0.5
      vertex 200.183 26.3867 0.5
    endloop
  endfacet
  facet normal 0 0 -1
    outer loop
      vertex 200.12 25.7469 0.5
      vertex 200.183 26.3867 0.5
      vertex 200.171 25.7372 0.5
    endloop
  endfacet
  facet normal 0 0 -1
    outer loop
      vertex 200.12 25.7469 0.5
      vertex 200.112 26.3797 0.5
      vertex 200.183 26.3867 0.5
    endloop
  endfacet
  facet normal 0 0 -1
    outer loop
      vertex 200.064 25.7527 0.5
      vertex 200.112 26.3797 0.5
      vertex 200.12 25.7469 0.5
    endloop
  endfacet
  facet normal 0 0 -1
    outer loop
      vertex 200.064 25.7527 0.5
      vertex 200.036 26.3773 0.5
      vertex 200.112 26.3797 0.5
    endloop
  endfacet
  facet normal 0 0 -1
    outer loop
      vertex 200.005 25.7546 0.5
      vertex 200.036 26.3773 0.5
      vertex 200.064 25.7527 0.5
    endloop
  endfacet
  facet normal 0 0 -1
    outer loop
      vertex 199.499 26.3773 0.5
      vertex 200.005 25.7546 0.5
      vertex 199.499 25.7546 0.5
    endloop
  endfacet
  facet normal 0 0 -1
    outer loop
      vertex 200.005 25.7546 0.5
      vertex 199.499 26.3773 0.5
      vertex 200.036 26.3773 0.5
    endloop
  endfacet
  facet normal 0 0 -1
    outer loop
      vertex 209.449 7.92804 0.5
      vertex 210.508 7.88937 0.5
      vertex 210.5 7.74597 0.5
    endloop
  endfacet
  facet normal 0 0 -1
    outer loop
      vertex 210.508 7.88937 0.5
      vertex 209.46 7.98811 0.5
      vertex 210.504 7.98822 0.5
    endloop
  endfacet
  facet normal 0 0 -1
    outer loop
      vertex 209.449 7.92804 0.5
      vertex 210.5 7.74597 0.5
      vertex 210.476 7.61324 0.5
    endloop
  endfacet
  facet normal -0 0 -1
    outer loop
      vertex 210.504 7.98822 0.5
      vertex 209.46 7.98811 0.5
      vertex 210.493 8.08183 0.5
    endloop
  endfacet
  facet normal 0 -0 -1
    outer loop
      vertex 209.464 8.05249 0.5
      vertex 210.493 8.08183 0.5
      vertex 209.46 7.98811 0.5
    endloop
  endfacet
  facet normal 0 0 -1
    outer loop
      vertex 209.429 7.87228 0.5
      vertex 210.476 7.61324 0.5
      vertex 210.436 7.4912 0.5
    endloop
  endfacet
  facet normal -0 0 -1
    outer loop
      vertex 210.493 8.08183 0.5
      vertex 209.464 8.05249 0.5
      vertex 210.474 8.17018 0.5
    endloop
  endfacet
  facet normal 0 0 -1
    outer loop
      vertex 209.429 7.87228 0.5
      vertex 210.436 7.4912 0.5
      vertex 210.38 7.37984 0.5
    endloop
  endfacet
  facet normal -0 0 -1
    outer loop
      vertex 210.474 8.17018 0.5
      vertex 209.464 8.05249 0.5
      vertex 210.447 8.25327 0.5
    endloop
  endfacet
  facet normal -0 0 -1
    outer loop
      vertex 210.447 8.25327 0.5
      vertex 209.464 8.05249 0.5
      vertex 210.413 8.3311 0.5
    endloop
  endfacet
  facet normal 0 0 -1
    outer loop
      vertex 209.429 7.87228 0.5
      vertex 210.38 7.37984 0.5
      vertex 210.308 7.27914 0.5
    endloop
  endfacet
  facet normal -0 0 -1
    outer loop
      vertex 210.413 8.3311 0.5
      vertex 209.464 8.05249 0.5
      vertex 210.371 8.40369 0.5
    endloop
  endfacet
  facet normal 0 0 -1
    outer loop
      vertex 209.429 7.87228 0.5
      vertex 210.308 7.27914 0.5
      vertex 210.22 7.18913 0.5
    endloop
  endfacet
  facet normal 0 0 -1
    outer loop
      vertex 209.46 8.12181 0.5
      vertex 210.371 8.40369 0.5
      vertex 209.464 8.05249 0.5
    endloop
  endfacet
  facet normal -0 0 -1
    outer loop
      vertex 210.371 8.40369 0.5
      vertex 209.46 8.12181 0.5
      vertex 210.321 8.47101 0.5
    endloop
  endfacet
  facet normal 0 0 -1
    outer loop
      vertex 209.403 7.82083 0.5
      vertex 210.22 7.18913 0.5
      vertex 210.116 7.1098 0.5
    endloop
  endfacet
  facet normal -0 0 -1
    outer loop
      vertex 210.321 8.47101 0.5
      vertex 209.46 8.12181 0.5
      vertex 210.264 8.53296 0.5
    endloop
  endfacet
  facet normal 0 0 -1
    outer loop
      vertex 209.403 7.82083 0.5
      vertex 210.116 7.1098 0.5
      vertex 209.996 7.04111 0.5
    endloop
  endfacet
  facet normal -0 0 -1
    outer loop
      vertex 210.264 8.53296 0.5
      vertex 209.46 8.12181 0.5
      vertex 210.199 8.58942 0.5
    endloop
  endfacet
  facet normal 0 0 -1
    outer loop
      vertex 209.448 8.18588 0.5
      vertex 210.199 8.58942 0.5
      vertex 209.46 8.12181 0.5
    endloop
  endfacet
  facet normal 0 0 -1
    outer loop
      vertex 209.368 7.7737 0.5
      vertex 209.996 7.04111 0.5
      vertex 209.86 6.98297 0.5
    endloop
  endfacet
  facet normal -0 0 -1
    outer loop
      vertex 210.199 8.58942 0.5
      vertex 209.448 8.18588 0.5
      vertex 210.128 8.64041 0.5
    endloop
  endfacet
  facet normal 0 0 -1
    outer loop
      vertex 209.326 7.73088 0.5
      vertex 209.86 6.98297 0.5
      vertex 209.707 6.93541 0.5
    endloop
  endfacet
  facet normal 0 0 -1
    outer loop
      vertex 209.559 9.78603 0.5
      vertex 210.603 9.82423 0.5
      vertex 210.599 9.71153 0.5
    endloop
  endfacet
  facet normal 0 0 -1
    outer loop
      vertex 209.559 9.78603 0.5
      vertex 210.599 9.71153 0.5
      vertex 210.586 9.60464 0.5
    endloop
  endfacet
  facet normal 0 0 -1
    outer loop
      vertex 209.554 9.86029 0.5
      vertex 210.603 9.82423 0.5
      vertex 209.559 9.78603 0.5
    endloop
  endfacet
  facet normal 0 0 -1
    outer loop
      vertex 209.554 9.70964 0.5
      vertex 210.586 9.60464 0.5
      vertex 210.564 9.50359 0.5
    endloop
  endfacet
  facet normal 0 0 -1
    outer loop
      vertex 209.554 9.70964 0.5
      vertex 210.564 9.50359 0.5
      vertex 210.534 9.40836 0.5
    endloop
  endfacet
  facet normal 0 0 -1
    outer loop
      vertex 210.603 9.82423 0.5
      vertex 209.554 9.86029 0.5
      vertex 210.594 9.99057 0.5
    endloop
  endfacet
  facet normal 0 0 -1
    outer loop
      vertex 209.54 9.63875 0.5
      vertex 210.534 9.40836 0.5
      vertex 210.494 9.31892 0.5
    endloop
  endfacet
  facet normal -0 0 -1
    outer loop
      vertex 210.594 9.99057 0.5
      vertex 209.554 9.86029 0.5
      vertex 210.565 10.1451 0.5
    endloop
  endfacet
  facet normal 0 0 -1
    outer loop
      vertex 209.54 9.63875 0.5
      vertex 210.494 9.31892 0.5
      vertex 210.447 9.23534 0.5
    endloop
  endfacet
  facet normal 0 0 -1
    outer loop
      vertex 209.54 9.63875 0.5
      vertex 210.447 9.23534 0.5
      vertex 210.39 9.15755 0.5
    endloop
  endfacet
  facet normal 0 0 -1
    outer loop
      vertex 209.541 9.92944 0.5
      vertex 210.565 10.1451 0.5
      vertex 209.554 9.86029 0.5
    endloop
  endfacet
  facet normal 0 0 -1
    outer loop
      vertex 209.54 9.63875 0.5
      vertex 210.39 9.15755 0.5
      vertex 210.325 9.08588 0.5
    endloop
  endfacet
  facet normal -0 0 -1
    outer loop
      vertex 210.565 10.1451 0.5
      vertex 209.541 9.92944 0.5
      vertex 210.518 10.2878 0.5
    endloop
  endfacet
  facet normal 0 0 -1
    outer loop
      vertex 209.517 9.57332 0.5
      vertex 210.325 9.08588 0.5
      vertex 210.252 9.02055 0.5
    endloop
  endfacet
  facet normal 0 0 -1
    outer loop
      vertex 209.517 9.57332 0.5
      vertex 210.252 9.02055 0.5
      vertex 210.171 8.96164 0.5
    endloop
  endfacet
  facet normal -0 0 -1
    outer loop
      vertex 210.518 10.2878 0.5
      vertex 209.541 9.92944 0.5
      vertex 210.452 10.4188 0.5
    endloop
  endfacet
  facet normal 0 0 -1
    outer loop
      vertex 209.485 9.5134 0.5
      vertex 210.171 8.96164 0.5
      vertex 210.083 8.90907 0.5
    endloop
  endfacet
  facet normal 0 0 -1
    outer loop
      vertex 209.518 9.9935 0.5
      vertex 210.452 10.4188 0.5
      vertex 209.541 9.92944 0.5
    endloop
  endfacet
  facet normal 0 0 -1
    outer loop
      vertex 209.485 9.5134 0.5
      vertex 210.083 8.90907 0.5
      vertex 209.986 8.86288 0.5
    endloop
  endfacet
  facet normal 0 0 -1
    outer loop
      vertex 209.443 9.45895 0.5
      vertex 209.986 8.86288 0.5
      vertex 209.881 8.82306 0.5
    endloop
  endfacet
  facet normal -0 0 -1
    outer loop
      vertex 210.452 10.4188 0.5
      vertex 209.518 9.9935 0.5
      vertex 210.368 10.5379 0.5
    endloop
  endfacet
  facet normal 0 0 -1
    outer loop
      vertex 209.443 9.45895 0.5
      vertex 209.881 8.82306 0.5
      vertex 209.768 8.78961 0.5
    endloop
  endfacet
  facet normal -0 0 -1
    outer loop
      vertex 210.368 10.5379 0.5
      vertex 209.518 9.9935 0.5
      vertex 210.264 10.6452 0.5
    endloop
  endfacet
  facet normal -0 0 -1
    outer loop
      vertex 210.128 8.64041 0.5
      vertex 209.448 8.18588 0.5
      vertex 210.049 8.68593 0.5
    endloop
  endfacet
  facet normal 0 0 -1
    outer loop
      vertex 209.487 10.0525 0.5
      vertex 210.264 10.6452 0.5
      vertex 209.518 9.9935 0.5
    endloop
  endfacet
  facet normal 0 0 -1
    outer loop
      vertex 210.586 9.60464 0.5
      vertex 209.554 9.70964 0.5
      vertex 209.559 9.78603 0.5
    endloop
  endfacet
  facet normal 0 0 -1
    outer loop
      vertex 210.534 9.40836 0.5
      vertex 209.54 9.63875 0.5
      vertex 209.554 9.70964 0.5
    endloop
  endfacet
  facet normal 0 0 -1
    outer loop
      vertex 209.277 7.69237 0.5
      vertex 209.707 6.93541 0.5
      vertex 209.538 6.89841 0.5
    endloop
  endfacet
  facet normal 0 0 -1
    outer loop
      vertex 209.428 8.24469 0.5
      vertex 209.962 8.72597 0.5
      vertex 209.448 8.18588 0.5
    endloop
  endfacet
  facet normal -0 0 -1
    outer loop
      vertex 209.962 8.72597 0.5
      vertex 209.428 8.24469 0.5
      vertex 209.869 8.76053 0.5
    endloop
  endfacet
  facet normal 0 0 -1
    outer loop
      vertex 209.401 8.29826 0.5
      vertex 209.869 8.76053 0.5
      vertex 209.428 8.24469 0.5
    endloop
  endfacet
  facet normal -0 0 -1
    outer loop
      vertex 210.049 8.68593 0.5
      vertex 209.448 8.18588 0.5
      vertex 209.962 8.72597 0.5
    endloop
  endfacet
  facet normal 0 0 -1
    outer loop
      vertex 210.508 7.88937 0.5
      vertex 209.449 7.92804 0.5
      vertex 209.46 7.98811 0.5
    endloop
  endfacet
  facet normal 0 0 -1
    outer loop
      vertex 210.476 7.61324 0.5
      vertex 209.429 7.87228 0.5
      vertex 209.449 7.92804 0.5
    endloop
  endfacet
  facet normal 0 0 -1
    outer loop
      vertex 210.22 7.18913 0.5
      vertex 209.403 7.82083 0.5
      vertex 209.429 7.87228 0.5
    endloop
  endfacet
  facet normal 0 0 -1
    outer loop
      vertex 209.996 7.04111 0.5
      vertex 209.368 7.7737 0.5
      vertex 209.403 7.82083 0.5
    endloop
  endfacet
  facet normal 0 0 -1
    outer loop
      vertex 209.22 7.6586 0.5
      vertex 209.538 6.89841 0.5
      vertex 209.353 6.87199 0.5
    endloop
  endfacet
  facet normal 0 0 -1
    outer loop
      vertex 209.86 6.98297 0.5
      vertex 209.326 7.73088 0.5
      vertex 209.368 7.7737 0.5
    endloop
  endfacet
  facet normal 0 0 -1
    outer loop
      vertex 209.707 6.93541 0.5
      vertex 209.277 7.69237 0.5
      vertex 209.326 7.73088 0.5
    endloop
  endfacet
  facet normal 0 0 -1
    outer loop
      vertex 209.538 6.89841 0.5
      vertex 209.22 7.6586 0.5
      vertex 209.277 7.69237 0.5
    endloop
  endfacet
  facet normal 0 0 -1
    outer loop
      vertex 209.353 6.87199 0.5
      vertex 209.157 7.63002 0.5
      vertex 209.22 7.6586 0.5
    endloop
  endfacet
  facet normal 0 0 -1
    outer loop
      vertex 209.088 7.60664 0.5
      vertex 209.353 6.87199 0.5
      vertex 209.152 6.85614 0.5
    endloop
  endfacet
  facet normal 0 0 -1
    outer loop
      vertex 209.353 6.87199 0.5
      vertex 209.088 7.60664 0.5
      vertex 209.157 7.63002 0.5
    endloop
  endfacet
  facet normal 0 0 -1
    outer loop
      vertex 209.152 6.85614 0.5
      vertex 209.012 7.58847 0.5
      vertex 209.088 7.60664 0.5
    endloop
  endfacet
  facet normal 0 0 -1
    outer loop
      vertex 208.935 6.85085 0.5
      vertex 209.012 7.58847 0.5
      vertex 209.152 6.85614 0.5
    endloop
  endfacet
  facet normal 0 0 -1
    outer loop
      vertex 208.935 6.85085 0.5
      vertex 208.93 7.57549 0.5
      vertex 209.012 7.58847 0.5
    endloop
  endfacet
  facet normal 0 0 -1
    outer loop
      vertex 208.842 7.56769 0.5
      vertex 208.935 6.85085 0.5
      vertex 208.851 6.85173 0.5
    endloop
  endfacet
  facet normal 0 0 -1
    outer loop
      vertex 208.935 6.85085 0.5
      vertex 208.842 7.56769 0.5
      vertex 208.93 7.57549 0.5
    endloop
  endfacet
  facet normal 0 0 -1
    outer loop
      vertex 208.767 6.8544 0.5
      vertex 208.842 7.56769 0.5
      vertex 208.851 6.85173 0.5
    endloop
  endfacet
  facet normal 0 0 -1
    outer loop
      vertex 208.767 6.8544 0.5
      vertex 208.748 7.56509 0.5
      vertex 208.842 7.56769 0.5
    endloop
  endfacet
  facet normal 0 0 -1
    outer loop
      vertex 208.682 6.85884 0.5
      vertex 208.748 7.56509 0.5
      vertex 208.767 6.8544 0.5
    endloop
  endfacet
  facet normal 0 0 -1
    outer loop
      vertex 208.682 6.85884 0.5
      vertex 208.675 7.56625 0.5
      vertex 208.748 7.56509 0.5
    endloop
  endfacet
  facet normal 0 0 -1
    outer loop
      vertex 208.597 6.86505 0.5
      vertex 208.675 7.56625 0.5
      vertex 208.682 6.85884 0.5
    endloop
  endfacet
  facet normal -0 0 -1
    outer loop
      vertex 208.675 7.56625 0.5
      vertex 208.597 6.86505 0.5
      vertex 208.603 7.56975 0.5
    endloop
  endfacet
  facet normal 0 0 -1
    outer loop
      vertex 208.511 6.87305 0.5
      vertex 208.603 7.56975 0.5
      vertex 208.597 6.86505 0.5
    endloop
  endfacet
  facet normal -0 0 -1
    outer loop
      vertex 208.603 7.56975 0.5
      vertex 208.511 6.87305 0.5
      vertex 208.53 7.57556 0.5
    endloop
  endfacet
  facet normal 0 0 -1
    outer loop
      vertex 208.425 6.88283 0.5
      vertex 208.53 7.57556 0.5
      vertex 208.511 6.87305 0.5
    endloop
  endfacet
  facet normal -0 0 -1
    outer loop
      vertex 208.53 7.57556 0.5
      vertex 208.425 6.88283 0.5
      vertex 208.458 7.58369 0.5
    endloop
  endfacet
  facet normal 0 0 -1
    outer loop
      vertex 208.338 6.89436 0.5
      vertex 208.458 7.58369 0.5
      vertex 208.425 6.88283 0.5
    endloop
  endfacet
  facet normal -0 0 -1
    outer loop
      vertex 208.458 7.58369 0.5
      vertex 208.338 6.89436 0.5
      vertex 208.385 7.59416 0.5
    endloop
  endfacet
  facet normal 0 0 -1
    outer loop
      vertex 208.251 6.90768 0.5
      vertex 208.385 7.59416 0.5
      vertex 208.338 6.89436 0.5
    endloop
  endfacet
  facet normal -0 0 -1
    outer loop
      vertex 208.385 7.59416 0.5
      vertex 208.251 6.90768 0.5
      vertex 208.311 7.60696 0.5
    endloop
  endfacet
  facet normal 0 0 -1
    outer loop
      vertex 208.164 6.92279 0.5
      vertex 208.311 7.60696 0.5
      vertex 208.251 6.90768 0.5
    endloop
  endfacet
  facet normal -0 0 -1
    outer loop
      vertex 208.311 7.60696 0.5
      vertex 208.164 6.92279 0.5
      vertex 208.238 7.62209 0.5
    endloop
  endfacet
  facet normal 0 0 -1
    outer loop
      vertex 208.077 6.93967 0.5
      vertex 208.238 7.62209 0.5
      vertex 208.164 6.92279 0.5
    endloop
  endfacet
  facet normal -0 0 -1
    outer loop
      vertex 208.238 7.62209 0.5
      vertex 208.077 6.93967 0.5
      vertex 208.164 7.63948 0.5
    endloop
  endfacet
  facet normal 0 0 -1
    outer loop
      vertex 207.989 6.95831 0.5
      vertex 208.164 7.63948 0.5
      vertex 208.077 6.93967 0.5
    endloop
  endfacet
  facet normal -0 0 -1
    outer loop
      vertex 208.164 7.63948 0.5
      vertex 207.989 6.95831 0.5
      vertex 208.091 7.65909 0.5
    endloop
  endfacet
  facet normal 0 0 -1
    outer loop
      vertex 207.901 6.97874 0.5
      vertex 208.091 7.65909 0.5
      vertex 207.989 6.95831 0.5
    endloop
  endfacet
  facet normal -0 0 -1
    outer loop
      vertex 208.091 7.65909 0.5
      vertex 207.901 6.97874 0.5
      vertex 208.017 7.68091 0.5
    endloop
  endfacet
  facet normal 0 0 -1
    outer loop
      vertex 207.813 7.00095 0.5
      vertex 208.017 7.68091 0.5
      vertex 207.901 6.97874 0.5
    endloop
  endfacet
  facet normal -0 0 -1
    outer loop
      vertex 208.017 7.68091 0.5
      vertex 207.813 7.00095 0.5
      vertex 207.944 7.70496 0.5
    endloop
  endfacet
  facet normal 0 0 -1
    outer loop
      vertex 207.725 7.02493 0.5
      vertex 207.944 7.70496 0.5
      vertex 207.813 7.00095 0.5
    endloop
  endfacet
  facet normal -0 0 -1
    outer loop
      vertex 207.944 7.70496 0.5
      vertex 207.725 7.02493 0.5
      vertex 207.871 7.73122 0.5
    endloop
  endfacet
  facet normal -0 0 -1
    outer loop
      vertex 207.871 7.73122 0.5
      vertex 207.725 7.02493 0.5
      vertex 207.798 7.75967 0.5
    endloop
  endfacet
  facet normal -0 0 -1
    outer loop
      vertex 207.798 7.75967 0.5
      vertex 207.725 7.02493 0.5
      vertex 207.725 7.79037 0.5
    endloop
  endfacet
  facet normal -0 0 -1
    outer loop
      vertex 210.264 10.6452 0.5
      vertex 209.487 10.0525 0.5
      vertex 210.142 10.7407 0.5
    endloop
  endfacet
  facet normal 0 0 -1
    outer loop
      vertex 209.446 10.1063 0.5
      vertex 210.142 10.7407 0.5
      vertex 209.487 10.0525 0.5
    endloop
  endfacet
  facet normal -0 0 -1
    outer loop
      vertex 210.142 10.7407 0.5
      vertex 209.446 10.1063 0.5
      vertex 210.002 10.8239 0.5
    endloop
  endfacet
  facet normal -0 0 -1
    outer loop
      vertex 210.002 10.8239 0.5
      vertex 209.446 10.1063 0.5
      vertex 209.844 10.8943 0.5
    endloop
  endfacet
  facet normal 0 0 -1
    outer loop
      vertex 209.396 10.1551 0.5
      vertex 209.844 10.8943 0.5
      vertex 209.446 10.1063 0.5
    endloop
  endfacet
  facet normal -0 0 -1
    outer loop
      vertex 209.844 10.8943 0.5
      vertex 209.396 10.1551 0.5
      vertex 209.669 10.9519 0.5
    endloop
  endfacet
  facet normal 0 0 -1
    outer loop
      vertex 209.338 10.1987 0.5
      vertex 209.669 10.9519 0.5
      vertex 209.396 10.1551 0.5
    endloop
  endfacet
  facet normal 0 0 -1
    outer loop
      vertex 209.271 10.2369 0.5
      vertex 209.669 10.9519 0.5
      vertex 209.338 10.1987 0.5
    endloop
  endfacet
  facet normal -0 0 -1
    outer loop
      vertex 209.669 10.9519 0.5
      vertex 209.271 10.2369 0.5
      vertex 209.477 10.9967 0.5
    endloop
  endfacet
  facet normal 0 0 -1
    outer loop
      vertex 209.196 10.2692 0.5
      vertex 209.477 10.9967 0.5
      vertex 209.271 10.2369 0.5
    endloop
  endfacet
  facet normal -0 0 -1
    outer loop
      vertex 209.477 10.9967 0.5
      vertex 209.196 10.2692 0.5
      vertex 209.267 11.0287 0.5
    endloop
  endfacet
  facet normal 0 0 -1
    outer loop
      vertex 209.113 10.2957 0.5
      vertex 209.267 11.0287 0.5
      vertex 209.196 10.2692 0.5
    endloop
  endfacet
  facet normal 0 0 -1
    outer loop
      vertex 209.022 10.3162 0.5
      vertex 209.267 11.0287 0.5
      vertex 209.113 10.2957 0.5
    endloop
  endfacet
  facet normal -0 0 -1
    outer loop
      vertex 209.267 11.0287 0.5
      vertex 209.022 10.3162 0.5
      vertex 209.041 11.048 0.5
    endloop
  endfacet
  facet normal 0 0 -1
    outer loop
      vertex 208.923 10.3309 0.5
      vertex 209.041 11.048 0.5
      vertex 209.022 10.3162 0.5
    endloop
  endfacet
  facet normal 0 0 -1
    outer loop
      vertex 208.797 11.0544 0.5
      vertex 208.923 10.3309 0.5
      vertex 208.816 10.3397 0.5
    endloop
  endfacet
  facet normal 0 0 -1
    outer loop
      vertex 208.923 10.3309 0.5
      vertex 208.797 11.0544 0.5
      vertex 209.041 11.048 0.5
    endloop
  endfacet
  facet normal 0 0 -1
    outer loop
      vertex 208.702 10.3427 0.5
      vertex 208.797 11.0544 0.5
      vertex 208.816 10.3397 0.5
    endloop
  endfacet
  facet normal 0 0 -1
    outer loop
      vertex 208.797 11.0544 0.5
      vertex 208.702 10.3427 0.5
      vertex 208.707 11.0533 0.5
    endloop
  endfacet
  facet normal 0 0 -1
    outer loop
      vertex 208.618 11.0502 0.5
      vertex 208.702 10.3427 0.5
      vertex 208.622 10.3411 0.5
    endloop
  endfacet
  facet normal 0 0 -1
    outer loop
      vertex 208.702 10.3427 0.5
      vertex 208.618 11.0502 0.5
      vertex 208.707 11.0533 0.5
    endloop
  endfacet
  facet normal 0 0 -1
    outer loop
      vertex 208.529 11.0451 0.5
      vertex 208.622 10.3411 0.5
      vertex 208.541 10.3366 0.5
    endloop
  endfacet
  facet normal 0 0 -1
    outer loop
      vertex 208.622 10.3411 0.5
      vertex 208.529 11.0451 0.5
      vertex 208.618 11.0502 0.5
    endloop
  endfacet
  facet normal 0 0 -1
    outer loop
      vertex 208.44 11.0378 0.5
      vertex 208.541 10.3366 0.5
      vertex 208.46 10.3289 0.5
    endloop
  endfacet
  facet normal 0 0 -1
    outer loop
      vertex 208.541 10.3366 0.5
      vertex 208.44 11.0378 0.5
      vertex 208.529 11.0451 0.5
    endloop
  endfacet
  facet normal 0 0 -1
    outer loop
      vertex 208.35 11.0285 0.5
      vertex 208.46 10.3289 0.5
      vertex 208.379 10.3182 0.5
    endloop
  endfacet
  facet normal 0 0 -1
    outer loop
      vertex 208.46 10.3289 0.5
      vertex 208.35 11.0285 0.5
      vertex 208.44 11.0378 0.5
    endloop
  endfacet
  facet normal 0 0 -1
    outer loop
      vertex 208.261 11.0172 0.5
      vertex 208.379 10.3182 0.5
      vertex 208.298 10.3044 0.5
    endloop
  endfacet
  facet normal 0 0 -1
    outer loop
      vertex 208.379 10.3182 0.5
      vertex 208.261 11.0172 0.5
      vertex 208.35 11.0285 0.5
    endloop
  endfacet
  facet normal 0 0 -1
    outer loop
      vertex 208.171 11.0038 0.5
      vertex 208.298 10.3044 0.5
      vertex 208.216 10.2876 0.5
    endloop
  endfacet
  facet normal 0 0 -1
    outer loop
      vertex 208.298 10.3044 0.5
      vertex 208.171 11.0038 0.5
      vertex 208.261 11.0172 0.5
    endloop
  endfacet
  facet normal 0 0 -1
    outer loop
      vertex 207.993 10.9708 0.5
      vertex 208.216 10.2876 0.5
      vertex 208.133 10.2677 0.5
    endloop
  endfacet
  facet normal 0 0 -1
    outer loop
      vertex 208.216 10.2876 0.5
      vertex 208.082 10.9883 0.5
      vertex 208.171 11.0038 0.5
    endloop
  endfacet
  facet normal 0 0 -1
    outer loop
      vertex 207.904 10.9512 0.5
      vertex 208.133 10.2677 0.5
      vertex 208.051 10.2449 0.5
    endloop
  endfacet
  facet normal 0 0 -1
    outer loop
      vertex 208.216 10.2876 0.5
      vertex 207.993 10.9708 0.5
      vertex 208.082 10.9883 0.5
    endloop
  endfacet
  facet normal 0 0 -1
    outer loop
      vertex 207.815 10.9295 0.5
      vertex 208.051 10.2449 0.5
      vertex 207.968 10.219 0.5
    endloop
  endfacet
  facet normal 0 0 -1
    outer loop
      vertex 208.133 10.2677 0.5
      vertex 207.904 10.9512 0.5
      vertex 207.993 10.9708 0.5
    endloop
  endfacet
  facet normal 0 0 -1
    outer loop
      vertex 207.727 10.9058 0.5
      vertex 207.968 10.219 0.5
      vertex 207.885 10.1903 0.5
    endloop
  endfacet
  facet normal 0 0 -1
    outer loop
      vertex 208.051 10.2449 0.5
      vertex 207.815 10.9295 0.5
      vertex 207.904 10.9512 0.5
    endloop
  endfacet
  facet normal 0 0 -1
    outer loop
      vertex 207.639 10.88 0.5
      vertex 207.885 10.1903 0.5
      vertex 207.802 10.1586 0.5
    endloop
  endfacet
  facet normal 0 0 -1
    outer loop
      vertex 207.968 10.219 0.5
      vertex 207.727 10.9058 0.5
      vertex 207.815 10.9295 0.5
    endloop
  endfacet
  facet normal 0 0 -1
    outer loop
      vertex 207.551 10.8521 0.5
      vertex 207.802 10.1586 0.5
      vertex 207.719 10.1239 0.5
    endloop
  endfacet
  facet normal 0 0 -1
    outer loop
      vertex 207.885 10.1903 0.5
      vertex 207.639 10.88 0.5
      vertex 207.727 10.9058 0.5
    endloop
  endfacet
  facet normal 0 0 -1
    outer loop
      vertex 207.551 10.8521 0.5
      vertex 207.719 10.1239 0.5
      vertex 207.635 10.0863 0.5
    endloop
  endfacet
  facet normal 0 0 -1
    outer loop
      vertex 207.551 10.8521 0.5
      vertex 207.635 10.0863 0.5
      vertex 207.551 10.0457 0.5
    endloop
  endfacet
  facet normal 0 0 -1
    outer loop
      vertex 207.802 10.1586 0.5
      vertex 207.551 10.8521 0.5
      vertex 207.639 10.88 0.5
    endloop
  endfacet
  facet normal 0 0 -1
    outer loop
      vertex 210.325 9.08588 0.5
      vertex 209.517 9.57332 0.5
      vertex 209.54 9.63875 0.5
    endloop
  endfacet
  facet normal -0 0 -1
    outer loop
      vertex 209.869 8.76053 0.5
      vertex 209.401 8.29826 0.5
      vertex 209.768 8.78961 0.5
    endloop
  endfacet
  facet normal 0 0 -1
    outer loop
      vertex 210.171 8.96164 0.5
      vertex 209.485 9.5134 0.5
      vertex 209.517 9.57332 0.5
    endloop
  endfacet
  facet normal 0 0 -1
    outer loop
      vertex 209.366 8.34659 0.5
      vertex 209.768 8.78961 0.5
      vertex 209.401 8.29826 0.5
    endloop
  endfacet
  facet normal 0 0 -1
    outer loop
      vertex 209.986 8.86288 0.5
      vertex 209.443 9.45895 0.5
      vertex 209.485 9.5134 0.5
    endloop
  endfacet
  facet normal 0 0 -1
    outer loop
      vertex 209.322 8.38966 0.5
      vertex 209.768 8.78961 0.5
      vertex 209.366 8.34659 0.5
    endloop
  endfacet
  facet normal 0 0 -1
    outer loop
      vertex 209.768 8.78961 0.5
      vertex 209.392 9.40999 0.5
      vertex 209.443 9.45895 0.5
    endloop
  endfacet
  facet normal 0 0 -1
    outer loop
      vertex 209.271 8.42749 0.5
      vertex 209.768 8.78961 0.5
      vertex 209.322 8.38966 0.5
    endloop
  endfacet
  facet normal 0 0 -1
    outer loop
      vertex 209.768 8.78961 0.5
      vertex 209.332 9.36652 0.5
      vertex 209.392 9.40999 0.5
    endloop
  endfacet
  facet normal 0 0 -1
    outer loop
      vertex 209.212 8.46017 0.5
      vertex 209.768 8.78961 0.5
      vertex 209.271 8.42749 0.5
    endloop
  endfacet
  facet normal 0 0 -1
    outer loop
      vertex 209.768 8.78961 0.5
      vertex 209.263 9.32869 0.5
      vertex 209.332 9.36652 0.5
    endloop
  endfacet
  facet normal 0 0 -1
    outer loop
      vertex 209.145 8.48782 0.5
      vertex 209.768 8.78961 0.5
      vertex 209.212 8.46017 0.5
    endloop
  endfacet
  facet normal 0 0 -1
    outer loop
      vertex 209.768 8.78961 0.5
      vertex 209.185 9.29669 0.5
      vertex 209.263 9.32869 0.5
    endloop
  endfacet
  facet normal -0 0 -1
    outer loop
      vertex 209.768 8.78961 0.5
      vertex 209.145 8.48782 0.5
      vertex 209.185 9.29669 0.5
    endloop
  endfacet
  facet normal 0 0 -1
    outer loop
      vertex 209.145 8.48782 0.5
      vertex 209.098 9.27051 0.5
      vertex 209.185 9.29669 0.5
    endloop
  endfacet
  facet normal 0 0 -1
    outer loop
      vertex 209.069 8.51045 0.5
      vertex 209.098 9.27051 0.5
      vertex 209.145 8.48782 0.5
    endloop
  endfacet
  facet normal 0 0 -1
    outer loop
      vertex 209.069 8.51045 0.5
      vertex 209.003 9.25014 0.5
      vertex 209.098 9.27051 0.5
    endloop
  endfacet
  facet normal 0 0 -1
    outer loop
      vertex 208.986 8.52806 0.5
      vertex 209.003 9.25014 0.5
      vertex 209.069 8.51045 0.5
    endloop
  endfacet
  facet normal 0 0 -1
    outer loop
      vertex 208.986 8.52806 0.5
      vertex 208.899 9.2356 0.5
      vertex 209.003 9.25014 0.5
    endloop
  endfacet
  facet normal 0 0 -1
    outer loop
      vertex 208.894 8.54063 0.5
      vertex 208.899 9.2356 0.5
      vertex 208.986 8.52806 0.5
    endloop
  endfacet
  facet normal 0 0 -1
    outer loop
      vertex 208.794 8.54817 0.5
      vertex 208.899 9.2356 0.5
      vertex 208.894 8.54063 0.5
    endloop
  endfacet
  facet normal 0 0 -1
    outer loop
      vertex 208.794 8.54817 0.5
      vertex 208.786 9.22687 0.5
      vertex 208.899 9.2356 0.5
    endloop
  endfacet
  facet normal 0 0 -1
    outer loop
      vertex 208.685 8.55069 0.5
      vertex 208.786 9.22687 0.5
      vertex 208.794 8.54817 0.5
    endloop
  endfacet
  facet normal 0 0 -1
    outer loop
      vertex 208.685 8.55069 0.5
      vertex 208.664 9.22395 0.5
      vertex 208.786 9.22687 0.5
    endloop
  endfacet
  facet normal 0 0 -1
    outer loop
      vertex 208.246 8.55069 0.5
      vertex 208.664 9.22395 0.5
      vertex 208.685 8.55069 0.5
    endloop
  endfacet
  facet normal -0 0 -1
    outer loop
      vertex 208.664 9.22395 0.5
      vertex 208.246 8.55069 0.5
      vertex 208.246 9.22395 0.5
    endloop
  endfacet
  facet normal 0 0 -1
    outer loop
      vertex 206.341 7.80234 0.5
      vertex 206.728 7.15233 0.5
      vertex 206.633 7.11115 0.5
    endloop
  endfacet
  facet normal 0 0 -1
    outer loop
      vertex 206.728 7.15233 0.5
      vertex 206.631 7.93715 0.5
      vertex 206.728 7.99005 0.5
    endloop
  endfacet
  facet normal 0 0 -1
    outer loop
      vertex 206.341 7.80234 0.5
      vertex 206.633 7.11115 0.5
      vertex 206.537 7.07295 0.5
    endloop
  endfacet
  facet normal 0 0 -1
    outer loop
      vertex 206.728 7.15233 0.5
      vertex 206.534 7.88824 0.5
      vertex 206.631 7.93715 0.5
    endloop
  endfacet
  facet normal 0 0 -1
    outer loop
      vertex 206.245 7.76534 0.5
      vertex 206.537 7.07295 0.5
      vertex 206.439 7.03775 0.5
    endloop
  endfacet
  facet normal 0 0 -1
    outer loop
      vertex 206.728 7.15233 0.5
      vertex 206.438 7.84329 0.5
      vertex 206.534 7.88824 0.5
    endloop
  endfacet
  facet normal 0 0 -1
    outer loop
      vertex 206.728 7.15233 0.5
      vertex 206.341 7.80234 0.5
      vertex 206.438 7.84329 0.5
    endloop
  endfacet
  facet normal 0 0 -1
    outer loop
      vertex 206.149 7.73233 0.5
      vertex 206.439 7.03775 0.5
      vertex 206.339 7.00554 0.5
    endloop
  endfacet
  facet normal 0 0 -1
    outer loop
      vertex 206.537 7.07295 0.5
      vertex 206.245 7.76534 0.5
      vertex 206.341 7.80234 0.5
    endloop
  endfacet
  facet normal 0 0 -1
    outer loop
      vertex 206.054 7.70329 0.5
      vertex 206.339 7.00554 0.5
      vertex 206.237 6.97633 0.5
    endloop
  endfacet
  facet normal 0 0 -1
    outer loop
      vertex 206.439 7.03775 0.5
      vertex 206.149 7.73233 0.5
      vertex 206.245 7.76534 0.5
    endloop
  endfacet
  facet normal 0 0 -1
    outer loop
      vertex 205.958 7.67816 0.5
      vertex 206.237 6.97633 0.5
      vertex 206.134 6.9501 0.5
    endloop
  endfacet
  facet normal 0 0 -1
    outer loop
      vertex 206.339 7.00554 0.5
      vertex 206.054 7.70329 0.5
      vertex 206.149 7.73233 0.5
    endloop
  endfacet
  facet normal 0 0 -1
    outer loop
      vertex 205.958 7.67816 0.5
      vertex 206.134 6.9501 0.5
      vertex 206.029 6.9269 0.5
    endloop
  endfacet
  facet normal 0 0 -1
    outer loop
      vertex 206.237 6.97633 0.5
      vertex 205.958 7.67816 0.5
      vertex 206.054 7.70329 0.5
    endloop
  endfacet
  facet normal 0 0 -1
    outer loop
      vertex 205.862 7.65691 0.5
      vertex 206.029 6.9269 0.5
      vertex 205.923 6.90671 0.5
    endloop
  endfacet
  facet normal 0 0 -1
    outer loop
      vertex 206.029 6.9269 0.5
      vertex 205.862 7.65691 0.5
      vertex 205.958 7.67816 0.5
    endloop
  endfacet
  facet normal 0 0 -1
    outer loop
      vertex 205.766 7.63953 0.5
      vertex 205.923 6.90671 0.5
      vertex 205.815 6.88965 0.5
    endloop
  endfacet
  facet normal 0 0 -1
    outer loop
      vertex 205.923 6.90671 0.5
      vertex 205.766 7.63953 0.5
      vertex 205.862 7.65691 0.5
    endloop
  endfacet
  facet normal 0 0 -1
    outer loop
      vertex 205.67 7.62599 0.5
      vertex 205.815 6.88965 0.5
      vertex 205.706 6.87567 0.5
    endloop
  endfacet
  facet normal 0 0 -1
    outer loop
      vertex 205.815 6.88965 0.5
      vertex 205.67 7.62599 0.5
      vertex 205.766 7.63953 0.5
    endloop
  endfacet
  facet normal 0 0 -1
    outer loop
      vertex 205.574 7.61633 0.5
      vertex 205.706 6.87567 0.5
      vertex 205.595 6.86481 0.5
    endloop
  endfacet
  facet normal 0 0 -1
    outer loop
      vertex 205.706 6.87567 0.5
      vertex 205.574 7.61633 0.5
      vertex 205.67 7.62599 0.5
    endloop
  endfacet
  facet normal 0 0 -1
    outer loop
      vertex 205.478 7.61053 0.5
      vertex 205.595 6.86481 0.5
      vertex 205.483 6.85706 0.5
    endloop
  endfacet
  facet normal 0 0 -1
    outer loop
      vertex 205.595 6.86481 0.5
      vertex 205.478 7.61053 0.5
      vertex 205.574 7.61633 0.5
    endloop
  endfacet
  facet normal 0 0 -1
    outer loop
      vertex 205.483 6.85706 0.5
      vertex 205.382 7.60861 0.5
      vertex 205.478 7.61053 0.5
    endloop
  endfacet
  facet normal 0 0 -1
    outer loop
      vertex 205.37 6.8524 0.5
      vertex 205.382 7.60861 0.5
      vertex 205.483 6.85706 0.5
    endloop
  endfacet
  facet normal 0 0 -1
    outer loop
      vertex 205.255 6.85085 0.5
      vertex 205.382 7.60861 0.5
      vertex 205.37 6.8524 0.5
    endloop
  endfacet
  facet normal 0 0 -1
    outer loop
      vertex 205.255 6.85085 0.5
      vertex 205.21 7.61572 0.5
      vertex 205.382 7.60861 0.5
    endloop
  endfacet
  facet normal 0 0 -1
    outer loop
      vertex 204.965 6.8623 0.5
      vertex 205.21 7.61572 0.5
      vertex 205.255 6.85085 0.5
    endloop
  endfacet
  facet normal -0 0 -1
    outer loop
      vertex 205.21 7.61572 0.5
      vertex 204.965 6.8623 0.5
      vertex 205.049 7.63705 0.5
    endloop
  endfacet
  facet normal 0 0 -1
    outer loop
      vertex 204.965 6.8623 0.5
      vertex 204.9 7.67262 0.5
      vertex 205.049 7.63705 0.5
    endloop
  endfacet
  facet normal 0 0 -1
    outer loop
      vertex 204.693 6.8967 0.5
      vertex 204.9 7.67262 0.5
      vertex 204.965 6.8623 0.5
    endloop
  endfacet
  facet normal -0 0 -1
    outer loop
      vertex 204.9 7.67262 0.5
      vertex 204.693 6.8967 0.5
      vertex 204.763 7.72243 0.5
    endloop
  endfacet
  facet normal 0 0 -1
    outer loop
      vertex 204.439 6.95403 0.5
      vertex 204.763 7.72243 0.5
      vertex 204.693 6.8967 0.5
    endloop
  endfacet
  facet normal -0 0 -1
    outer loop
      vertex 204.763 7.72243 0.5
      vertex 204.439 6.95403 0.5
      vertex 204.637 7.78644 0.5
    endloop
  endfacet
  facet normal 0 0 -1
    outer loop
      vertex 204.203 7.03429 0.5
      vertex 204.637 7.78644 0.5
      vertex 204.439 6.95403 0.5
    endloop
  endfacet
  facet normal -0 0 -1
    outer loop
      vertex 204.637 7.78644 0.5
      vertex 204.203 7.03429 0.5
      vertex 204.523 7.86469 0.5
    endloop
  endfacet
  facet normal 0 0 -1
    outer loop
      vertex 203.986 7.13747 0.5
      vertex 204.523 7.86469 0.5
      vertex 204.203 7.03429 0.5
    endloop
  endfacet
  facet normal -0 0 -1
    outer loop
      vertex 204.523 7.86469 0.5
      vertex 203.986 7.13747 0.5
      vertex 204.421 7.95717 0.5
    endloop
  endfacet
  facet normal 0 0 -1
    outer loop
      vertex 203.787 7.26357 0.5
      vertex 204.421 7.95717 0.5
      vertex 203.986 7.13747 0.5
    endloop
  endfacet
  facet normal -0 0 -1
    outer loop
      vertex 204.421 7.95717 0.5
      vertex 203.787 7.26357 0.5
      vertex 204.331 8.06287 0.5
    endloop
  endfacet
  facet normal 0 0 -1
    outer loop
      vertex 203.606 7.41261 0.5
      vertex 204.331 8.06287 0.5
      vertex 203.787 7.26357 0.5
    endloop
  endfacet
  facet normal 0 0 -1
    outer loop
      vertex 203.446 7.58163 0.5
      vertex 204.331 8.06287 0.5
      vertex 203.606 7.41261 0.5
    endloop
  endfacet
  facet normal -0 0 -1
    outer loop
      vertex 204.331 8.06287 0.5
      vertex 203.446 7.58163 0.5
      vertex 204.255 8.18079 0.5
    endloop
  endfacet
  facet normal -0 0 -1
    outer loop
      vertex 204.255 8.18079 0.5
      vertex 203.311 7.7677 0.5
      vertex 204.193 8.31096 0.5
    endloop
  endfacet
  facet normal 0 0 -1
    outer loop
      vertex 203.311 7.7677 0.5
      vertex 204.255 8.18079 0.5
      vertex 203.446 7.58163 0.5
    endloop
  endfacet
  facet normal 0 0 -1
    outer loop
      vertex 205.887 9.42619 0.5
      vertex 206.877 10.6741 0.5
      vertex 206.877 8.72733 0.5
    endloop
  endfacet
  facet normal 0 0 -1
    outer loop
      vertex 205.887 10.2126 0.5
      vertex 206.877 10.6741 0.5
      vertex 205.887 9.42619 0.5
    endloop
  endfacet
  facet normal -0 0 -1
    outer loop
      vertex 206.877 10.6741 0.5
      vertex 205.887 10.2126 0.5
      vertex 206.765 10.7265 0.5
    endloop
  endfacet
  facet normal -0 0 -1
    outer loop
      vertex 206.765 10.7265 0.5
      vertex 205.887 10.2126 0.5
      vertex 206.651 10.775 0.5
    endloop
  endfacet
  facet normal -0 0 -1
    outer loop
      vertex 206.537 10.8196 0.5
      vertex 205.887 10.2126 0.5
      vertex 206.421 10.8604 0.5
    endloop
  endfacet
  facet normal -0 0 -1
    outer loop
      vertex 206.421 10.8604 0.5
      vertex 205.887 10.2126 0.5
      vertex 206.304 10.8972 0.5
    endloop
  endfacet
  facet normal -0 0 -1
    outer loop
      vertex 206.304 10.8972 0.5
      vertex 205.887 10.2126 0.5
      vertex 206.185 10.9302 0.5
    endloop
  endfacet
  facet normal -0 0 -1
    outer loop
      vertex 206.185 10.9302 0.5
      vertex 205.887 10.2126 0.5
      vertex 206.066 10.9593 0.5
    endloop
  endfacet
  facet normal -0 0 -1
    outer loop
      vertex 206.651 10.775 0.5
      vertex 205.887 10.2126 0.5
      vertex 206.537 10.8196 0.5
    endloop
  endfacet
  facet normal 0 0 -1
    outer loop
      vertex 205.249 8.72733 0.5
      vertex 205.887 9.42619 0.5
      vertex 206.877 8.72733 0.5
    endloop
  endfacet
  facet normal -0 0 -1
    outer loop
      vertex 205.887 9.42619 0.5
      vertex 205.249 8.72733 0.5
      vertex 205.249 9.42619 0.5
    endloop
  endfacet
  facet normal 0 0 -1
    outer loop
      vertex 205.854 10.2245 0.5
      vertex 206.066 10.9593 0.5
      vertex 205.887 10.2126 0.5
    endloop
  endfacet
  facet normal 0 0 -1
    outer loop
      vertex 205.821 10.2355 0.5
      vertex 206.066 10.9593 0.5
      vertex 205.854 10.2245 0.5
    endloop
  endfacet
  facet normal -0 0 -1
    outer loop
      vertex 206.066 10.9593 0.5
      vertex 205.821 10.2355 0.5
      vertex 205.945 10.9845 0.5
    endloop
  endfacet
  facet normal 0 0 -1
    outer loop
      vertex 205.786 10.2455 0.5
      vertex 205.945 10.9845 0.5
      vertex 205.821 10.2355 0.5
    endloop
  endfacet
  facet normal 0 0 -1
    outer loop
      vertex 205.75 10.2546 0.5
      vertex 205.945 10.9845 0.5
      vertex 205.786 10.2455 0.5
    endloop
  endfacet
  facet normal -0 0 -1
    outer loop
      vertex 205.945 10.9845 0.5
      vertex 205.75 10.2546 0.5
      vertex 205.823 11.0059 0.5
    endloop
  endfacet
  facet normal 0 0 -1
    outer loop
      vertex 205.713 10.2628 0.5
      vertex 205.823 11.0059 0.5
      vertex 205.75 10.2546 0.5
    endloop
  endfacet
  facet normal 0 0 -1
    outer loop
      vertex 205.675 10.27 0.5
      vertex 205.823 11.0059 0.5
      vertex 205.713 10.2628 0.5
    endloop
  endfacet
  facet normal 0 0 -1
    outer loop
      vertex 205.636 10.2763 0.5
      vertex 205.823 11.0059 0.5
      vertex 205.675 10.27 0.5
    endloop
  endfacet
  facet normal -0 0 -1
    outer loop
      vertex 205.823 11.0059 0.5
      vertex 205.636 10.2763 0.5
      vertex 205.7 11.0233 0.5
    endloop
  endfacet
  facet normal 0 0 -1
    outer loop
      vertex 205.596 10.2817 0.5
      vertex 205.7 11.0233 0.5
      vertex 205.636 10.2763 0.5
    endloop
  endfacet
  facet normal 0 0 -1
    outer loop
      vertex 205.554 10.2862 0.5
      vertex 205.7 11.0233 0.5
      vertex 205.596 10.2817 0.5
    endloop
  endfacet
  facet normal -0 0 -1
    outer loop
      vertex 205.7 11.0233 0.5
      vertex 205.554 10.2862 0.5
      vertex 205.576 11.0369 0.5
    endloop
  endfacet
  facet normal 0 0 -1
    outer loop
      vertex 205.512 10.29 0.5
      vertex 205.576 11.0369 0.5
      vertex 205.554 10.2862 0.5
    endloop
  endfacet
  facet normal 0 0 -1
    outer loop
      vertex 205.469 10.2929 0.5
      vertex 205.576 11.0369 0.5
      vertex 205.512 10.29 0.5
    endloop
  endfacet
  facet normal 0 0 -1
    outer loop
      vertex 205.469 10.2929 0.5
      vertex 205.451 11.0466 0.5
      vertex 205.576 11.0369 0.5
    endloop
  endfacet
  facet normal 0 0 -1
    outer loop
      vertex 205.425 10.2949 0.5
      vertex 205.451 11.0466 0.5
      vertex 205.469 10.2929 0.5
    endloop
  endfacet
  facet normal 0 0 -1
    outer loop
      vertex 205.38 10.2962 0.5
      vertex 205.451 11.0466 0.5
      vertex 205.425 10.2949 0.5
    endloop
  endfacet
  facet normal 0 0 -1
    outer loop
      vertex 205.325 11.0524 0.5
      vertex 205.38 10.2962 0.5
      vertex 205.333 10.2966 0.5
    endloop
  endfacet
  facet normal 0 0 -1
    outer loop
      vertex 205.38 10.2962 0.5
      vertex 205.325 11.0524 0.5
      vertex 205.451 11.0466 0.5
    endloop
  endfacet
  facet normal 0 0 -1
    outer loop
      vertex 205.333 10.2966 0.5
      vertex 205.198 11.0544 0.5
      vertex 205.325 11.0524 0.5
    endloop
  endfacet
  facet normal 0 0 -1
    outer loop
      vertex 205.168 10.2895 0.5
      vertex 205.198 11.0544 0.5
      vertex 205.333 10.2966 0.5
    endloop
  endfacet
  facet normal 0 0 -1
    outer loop
      vertex 204.917 11.0428 0.5
      vertex 205.168 10.2895 0.5
      vertex 205.013 10.268 0.5
    endloop
  endfacet
  facet normal 0 0 -1
    outer loop
      vertex 205.168 10.2895 0.5
      vertex 204.917 11.0428 0.5
      vertex 205.198 11.0544 0.5
    endloop
  endfacet
  facet normal 0 0 -1
    outer loop
      vertex 204.87 10.2323 0.5
      vertex 204.917 11.0428 0.5
      vertex 205.013 10.268 0.5
    endloop
  endfacet
  facet normal 0 0 -1
    outer loop
      vertex 204.654 11.0082 0.5
      vertex 204.87 10.2323 0.5
      vertex 204.738 10.1823 0.5
    endloop
  endfacet
  facet normal 0 0 -1
    outer loop
      vertex 204.87 10.2323 0.5
      vertex 204.654 11.0082 0.5
      vertex 204.917 11.0428 0.5
    endloop
  endfacet
  facet normal 0 0 -1
    outer loop
      vertex 204.408 10.9504 0.5
      vertex 204.738 10.1823 0.5
      vertex 204.617 10.1181 0.5
    endloop
  endfacet
  facet normal 0 0 -1
    outer loop
      vertex 204.179 10.8696 0.5
      vertex 204.617 10.1181 0.5
      vertex 204.507 10.0395 0.5
    endloop
  endfacet
  facet normal 0 0 -1
    outer loop
      vertex 203.967 10.7657 0.5
      vertex 204.507 10.0395 0.5
      vertex 204.408 9.94672 0.5
    endloop
  endfacet
  facet normal 0 0 -1
    outer loop
      vertex 204.738 10.1823 0.5
      vertex 204.408 10.9504 0.5
      vertex 204.654 11.0082 0.5
    endloop
  endfacet
  facet normal 0 0 -1
    outer loop
      vertex 203.772 10.6387 0.5
      vertex 204.408 9.94672 0.5
      vertex 204.322 9.84076 0.5
    endloop
  endfacet
  facet normal 0 0 -1
    outer loop
      vertex 203.438 10.3187 0.5
      vertex 204.322 9.84076 0.5
      vertex 204.249 9.72284 0.5
    endloop
  endfacet
  facet normal 0 0 -1
    outer loop
      vertex 203.305 10.1323 0.5
      vertex 204.249 9.72284 0.5
      vertex 204.189 9.59297 0.5
    endloop
  endfacet
  facet normal 0 0 -1
    outer loop
      vertex 204.617 10.1181 0.5
      vertex 204.179 10.8696 0.5
      vertex 204.408 10.9504 0.5
    endloop
  endfacet
  facet normal 0 0 -1
    outer loop
      vertex 203.197 9.92957 0.5
      vertex 204.189 9.59297 0.5
      vertex 204.143 9.45116 0.5
    endloop
  endfacet
  facet normal 0 0 -1
    outer loop
      vertex 203.112 9.71033 0.5
      vertex 204.143 9.45116 0.5
      vertex 204.11 9.29738 0.5
    endloop
  endfacet
  facet normal 0 0 -1
    outer loop
      vertex 203.052 9.47466 0.5
      vertex 204.11 9.29738 0.5
      vertex 204.09 9.13164 0.5
    endloop
  endfacet
  facet normal 0 0 -1
    outer loop
      vertex 203.2 7.97084 0.5
      vertex 204.193 8.31096 0.5
      vertex 203.311 7.7677 0.5
    endloop
  endfacet
  facet normal -0 0 -1
    outer loop
      vertex 204.193 8.31096 0.5
      vertex 203.2 7.97084 0.5
      vertex 204.145 8.45335 0.5
    endloop
  endfacet
  facet normal 0 -0 -1
    outer loop
      vertex 203.016 9.22253 0.5
      vertex 204.09 9.13164 0.5
      vertex 203.003 8.95396 0.5
    endloop
  endfacet
  facet normal 0 0 -1
    outer loop
      vertex 203.114 8.19104 0.5
      vertex 204.145 8.45335 0.5
      vertex 203.2 7.97084 0.5
    endloop
  endfacet
  facet normal 0 -0 -1
    outer loop
      vertex 203.052 9.47466 0.5
      vertex 204.09 9.13164 0.5
      vertex 203.016 9.22253 0.5
    endloop
  endfacet
  facet normal -0 0 -1
    outer loop
      vertex 204.145 8.45335 0.5
      vertex 203.114 8.19104 0.5
      vertex 204.111 8.60799 0.5
    endloop
  endfacet
  facet normal 0 0 -1
    outer loop
      vertex 204.11 9.29738 0.5
      vertex 203.052 9.47466 0.5
      vertex 203.112 9.71033 0.5
    endloop
  endfacet
  facet normal 0 0 -1
    outer loop
      vertex 203.053 8.42828 0.5
      vertex 204.111 8.60799 0.5
      vertex 203.114 8.19104 0.5
    endloop
  endfacet
  facet normal 0 0 -1
    outer loop
      vertex 204.507 10.0395 0.5
      vertex 203.967 10.7657 0.5
      vertex 204.179 10.8696 0.5
    endloop
  endfacet
  facet normal -0 0 -1
    outer loop
      vertex 204.111 8.60799 0.5
      vertex 203.053 8.42828 0.5
      vertex 204.09 8.77486 0.5
    endloop
  endfacet
  facet normal 0 0 -1
    outer loop
      vertex 204.408 9.94672 0.5
      vertex 203.772 10.6387 0.5
      vertex 203.967 10.7657 0.5
    endloop
  endfacet
  facet normal 0 0 -1
    outer loop
      vertex 203.016 8.6826 0.5
      vertex 204.09 8.77486 0.5
      vertex 203.053 8.42828 0.5
    endloop
  endfacet
  facet normal 0 0 -1
    outer loop
      vertex 204.143 9.45116 0.5
      vertex 203.112 9.71033 0.5
      vertex 203.197 9.92957 0.5
    endloop
  endfacet
  facet normal -0 0 -1
    outer loop
      vertex 204.09 8.77486 0.5
      vertex 203.016 8.6826 0.5
      vertex 204.083 8.95396 0.5
    endloop
  endfacet
  facet normal 0 0 -1
    outer loop
      vertex 204.083 8.95396 0.5
      vertex 203.003 8.95396 0.5
      vertex 204.09 9.13164 0.5
    endloop
  endfacet
  facet normal 0 0 -1
    outer loop
      vertex 203.003 8.95396 0.5
      vertex 204.083 8.95396 0.5
      vertex 203.016 8.6826 0.5
    endloop
  endfacet
  facet normal 0 0 -1
    outer loop
      vertex 204.322 9.84076 0.5
      vertex 203.595 10.4886 0.5
      vertex 203.772 10.6387 0.5
    endloop
  endfacet
  facet normal 0 0 -1
    outer loop
      vertex 204.322 9.84076 0.5
      vertex 203.438 10.3187 0.5
      vertex 203.595 10.4886 0.5
    endloop
  endfacet
  facet normal 0 0 -1
    outer loop
      vertex 204.249 9.72284 0.5
      vertex 203.305 10.1323 0.5
      vertex 203.438 10.3187 0.5
    endloop
  endfacet
  facet normal 0 0 -1
    outer loop
      vertex 204.189 9.59297 0.5
      vertex 203.197 9.92957 0.5
      vertex 203.305 10.1323 0.5
    endloop
  endfacet
  facet normal 0 0 -1
    outer loop
      vertex 195.228 6.92509 0.5
      vertex 194.607 7.87425 0.5
      vertex 195.161 9.48508 0.5
    endloop
  endfacet
  facet normal -0 0 -1
    outer loop
      vertex 194.607 7.87425 0.5
      vertex 193.983 6.92509 0.5
      vertex 194.051 9.48508 0.5
    endloop
  endfacet
  facet normal 0 0 -1
    outer loop
      vertex 193.983 6.92509 0.5
      vertex 194.607 7.87425 0.5
      vertex 195.228 6.92509 0.5
    endloop
  endfacet
  facet normal -0 0 -1
    outer loop
      vertex 196.728 10.975 0.5
      vertex 195.424 10.2377 0.5
      vertex 195.679 10.975 0.5
    endloop
  endfacet
  facet normal 0 0 -1
    outer loop
      vertex 195.161 9.48508 0.5
      vertex 196.728 10.975 0.5
      vertex 195.228 6.92509 0.5
    endloop
  endfacet
  facet normal 0 0 -1
    outer loop
      vertex 196.728 10.975 0.5
      vertex 195.161 9.48508 0.5
      vertex 195.424 10.2377 0.5
    endloop
  endfacet
  facet normal 0 0 -1
    outer loop
      vertex 194.051 9.48508 0.5
      vertex 195.424 10.2377 0.5
      vertex 195.161 9.48508 0.5
    endloop
  endfacet
  facet normal 0 0 -1
    outer loop
      vertex 194.051 9.48508 0.5
      vertex 193.791 10.2377 0.5
      vertex 195.424 10.2377 0.5
    endloop
  endfacet
  facet normal 0 0 -1
    outer loop
      vertex 192.483 10.975 0.5
      vertex 194.051 9.48508 0.5
      vertex 193.983 6.92509 0.5
    endloop
  endfacet
  facet normal 0 0 -1
    outer loop
      vertex 194.051 9.48508 0.5
      vertex 192.483 10.975 0.5
      vertex 193.791 10.2377 0.5
    endloop
  endfacet
  facet normal 0 0 -1
    outer loop
      vertex 193.791 10.2377 0.5
      vertex 192.483 10.975 0.5
      vertex 193.533 10.975 0.5
    endloop
  endfacet
  facet normal 0 0 -1
    outer loop
      vertex 199.677 6.92509 0.5
      vertex 199.422 8.908 0.5
      vertex 200.773 6.92509 0.5
    endloop
  endfacet
  facet normal 0 -0 -1
    outer loop
      vertex 199.422 8.908 0.5
      vertex 199.677 6.92509 0.5
      vertex 198.792 8.22984 0.5
    endloop
  endfacet
  facet normal 0 0 -1
    outer loop
      vertex 199.422 8.908 0.5
      vertex 199.739 10.975 0.5
      vertex 200.827 10.975 0.5
    endloop
  endfacet
  facet normal 0 0 -1
    outer loop
      vertex 198.166 8.908 0.5
      vertex 199.422 8.908 0.5
      vertex 198.792 8.22984 0.5
    endloop
  endfacet
  facet normal 0 0 -1
    outer loop
      vertex 199.422 8.908 0.5
      vertex 198.792 9.59155 0.5
      vertex 199.739 10.975 0.5
    endloop
  endfacet
  facet normal 0 0 -1
    outer loop
      vertex 199.422 8.908 0.5
      vertex 198.166 8.908 0.5
      vertex 198.792 9.59155 0.5
    endloop
  endfacet
  facet normal 0 0 -1
    outer loop
      vertex 197.905 6.92509 0.5
      vertex 198.166 8.908 0.5
      vertex 198.792 8.22984 0.5
    endloop
  endfacet
  facet normal 0 0 -1
    outer loop
      vertex 198.166 8.908 0.5
      vertex 197.905 6.92509 0.5
      vertex 196.815 6.92509 0.5
    endloop
  endfacet
  facet normal 0 0 -1
    outer loop
      vertex 198.166 8.908 0.5
      vertex 197.854 10.975 0.5
      vertex 198.792 9.59155 0.5
    endloop
  endfacet
  facet normal -0 -0 -1
    outer loop
      vertex 197.854 10.975 0.5
      vertex 198.166 8.908 0.5
      vertex 196.761 10.975 0.5
    endloop
  endfacet
  facet normal 0 0 -1
    outer loop
      vertex 178.084 8.94577 0.5
      vertex 179.128 8.95396 0.5
      vertex 179.119 8.67499 0.5
    endloop
  endfacet
  facet normal 0 0 -1
    outer loop
      vertex 178.072 8.5484 0.5
      vertex 179.119 8.67499 0.5
      vertex 179.093 8.41489 0.5
    endloop
  endfacet
  facet normal 0 0 -1
    outer loop
      vertex 178.081 9.15582 0.5
      vertex 179.128 8.95396 0.5
      vertex 178.084 8.94577 0.5
    endloop
  endfacet
  facet normal 0 0 -1
    outer loop
      vertex 178.058 8.37721 0.5
      vertex 179.093 8.41489 0.5
      vertex 179.048 8.17368 0.5
    endloop
  endfacet
  facet normal 0 0 -1
    outer loop
      vertex 179.128 8.95396 0.5
      vertex 178.081 9.15582 0.5
      vertex 179.119 9.23221 0.5
    endloop
  endfacet
  facet normal 0 0 -1
    outer loop
      vertex 178.037 8.22435 0.5
      vertex 179.048 8.17368 0.5
      vertex 178.986 7.95135 0.5
    endloop
  endfacet
  facet normal 0 0 -1
    outer loop
      vertex 178.072 9.34741 0.5
      vertex 179.119 9.23221 0.5
      vertex 178.081 9.15582 0.5
    endloop
  endfacet
  facet normal 0 0 -1
    outer loop
      vertex 178.011 8.0898 0.5
      vertex 178.986 7.95135 0.5
      vertex 178.907 7.74791 0.5
    endloop
  endfacet
  facet normal 0 0 -1
    outer loop
      vertex 179.119 9.23221 0.5
      vertex 178.072 9.34741 0.5
      vertex 179.093 9.4917 0.5
    endloop
  endfacet
  facet normal 0 0 -1
    outer loop
      vertex 177.979 7.97359 0.5
      vertex 178.907 7.74791 0.5
      vertex 178.809 7.56335 0.5
    endloop
  endfacet
  facet normal 0 0 -1
    outer loop
      vertex 178.057 9.52051 0.5
      vertex 179.093 9.4917 0.5
      vertex 178.072 9.34741 0.5
    endloop
  endfacet
  facet normal 0 0 -1
    outer loop
      vertex 177.941 7.87569 0.5
      vertex 178.809 7.56335 0.5
      vertex 178.694 7.39769 0.5
    endloop
  endfacet
  facet normal 0 0 -1
    outer loop
      vertex 179.093 9.4917 0.5
      vertex 178.057 9.52051 0.5
      vertex 179.048 9.73242 0.5
    endloop
  endfacet
  facet normal 0 0 -1
    outer loop
      vertex 177.897 7.79329 0.5
      vertex 178.694 7.39769 0.5
      vertex 178.563 7.25261 0.5
    endloop
  endfacet
  facet normal 0 0 -1
    outer loop
      vertex 178.037 9.67511 0.5
      vertex 179.048 9.73242 0.5
      vertex 178.057 9.52051 0.5
    endloop
  endfacet
  facet normal 0 0 -1
    outer loop
      vertex 177.897 7.79329 0.5
      vertex 178.563 7.25261 0.5
      vertex 178.416 7.12985 0.5
    endloop
  endfacet
  facet normal 0 0 -1
    outer loop
      vertex 179.119 8.67499 0.5
      vertex 178.081 8.73793 0.5
      vertex 178.084 8.94577 0.5
    endloop
  endfacet
  facet normal 0 0 -1
    outer loop
      vertex 177.844 7.72356 0.5
      vertex 178.416 7.12985 0.5
      vertex 178.255 7.0294 0.5
    endloop
  endfacet
  facet normal -0 0 -1
    outer loop
      vertex 179.048 9.73242 0.5
      vertex 178.037 9.67511 0.5
      vertex 178.986 9.95436 0.5
    endloop
  endfacet
  facet normal -0 0 -1
    outer loop
      vertex 178.986 9.95436 0.5
      vertex 178.01 9.81125 0.5
      vertex 178.907 10.1575 0.5
    endloop
  endfacet
  facet normal 0 0 -1
    outer loop
      vertex 178.01 9.81125 0.5
      vertex 178.986 9.95436 0.5
      vertex 178.037 9.67511 0.5
    endloop
  endfacet
  facet normal 0 0 -1
    outer loop
      vertex 177.784 7.6665 0.5
      vertex 178.255 7.0294 0.5
      vertex 178.079 6.95129 0.5
    endloop
  endfacet
  facet normal -0 0 -1
    outer loop
      vertex 179.119 8.67499 0.5
      vertex 178.072 8.5484 0.5
      vertex 178.081 8.73793 0.5
    endloop
  endfacet
  facet normal -0 0 -1
    outer loop
      vertex 179.093 8.41489 0.5
      vertex 178.058 8.37721 0.5
      vertex 178.072 8.5484 0.5
    endloop
  endfacet
  facet normal 0 0 -1
    outer loop
      vertex 179.048 8.17368 0.5
      vertex 178.037 8.22435 0.5
      vertex 178.058 8.37721 0.5
    endloop
  endfacet
  facet normal 0 0 -1
    outer loop
      vertex 178.986 7.95135 0.5
      vertex 178.011 8.0898 0.5
      vertex 178.037 8.22435 0.5
    endloop
  endfacet
  facet normal 0 0 -1
    outer loop
      vertex 178.907 7.74791 0.5
      vertex 177.979 7.97359 0.5
      vertex 178.011 8.0898 0.5
    endloop
  endfacet
  facet normal 0 0 -1
    outer loop
      vertex 178.809 7.56335 0.5
      vertex 177.941 7.87569 0.5
      vertex 177.979 7.97359 0.5
    endloop
  endfacet
  facet normal 0 0 -1
    outer loop
      vertex 178.694 7.39769 0.5
      vertex 177.897 7.79329 0.5
      vertex 177.941 7.87569 0.5
    endloop
  endfacet
  facet normal 0 0 -1
    outer loop
      vertex 177.715 7.62213 0.5
      vertex 178.079 6.95129 0.5
      vertex 177.889 6.89549 0.5
    endloop
  endfacet
  facet normal 0 0 -1
    outer loop
      vertex 178.416 7.12985 0.5
      vertex 177.844 7.72356 0.5
      vertex 177.897 7.79329 0.5
    endloop
  endfacet
  facet normal 0 0 -1
    outer loop
      vertex 178.255 7.0294 0.5
      vertex 177.784 7.6665 0.5
      vertex 177.844 7.72356 0.5
    endloop
  endfacet
  facet normal 0 0 -1
    outer loop
      vertex 178.079 6.95129 0.5
      vertex 177.715 7.62213 0.5
      vertex 177.784 7.6665 0.5
    endloop
  endfacet
  facet normal 0 0 -1
    outer loop
      vertex 177.639 7.59044 0.5
      vertex 177.889 6.89549 0.5
      vertex 177.683 6.86201 0.5
    endloop
  endfacet
  facet normal 0 0 -1
    outer loop
      vertex 177.889 6.89549 0.5
      vertex 177.639 7.59044 0.5
      vertex 177.715 7.62213 0.5
    endloop
  endfacet
  facet normal 0 0 -1
    outer loop
      vertex 177.683 6.86201 0.5
      vertex 177.555 7.57143 0.5
      vertex 177.639 7.59044 0.5
    endloop
  endfacet
  facet normal 0 0 -1
    outer loop
      vertex 177.463 6.85085 0.5
      vertex 177.555 7.57143 0.5
      vertex 177.683 6.86201 0.5
    endloop
  endfacet
  facet normal 0 0 -1
    outer loop
      vertex 177.463 6.85085 0.5
      vertex 177.463 7.56509 0.5
      vertex 177.555 7.57143 0.5
    endloop
  endfacet
  facet normal 0 0 -1
    outer loop
      vertex 177.463 6.85085 0.5
      vertex 177.37 7.57143 0.5
      vertex 177.463 7.56509 0.5
    endloop
  endfacet
  facet normal 0 0 -1
    outer loop
      vertex 177.241 6.86201 0.5
      vertex 177.37 7.57143 0.5
      vertex 177.463 6.85085 0.5
    endloop
  endfacet
  facet normal -0 0 -1
    outer loop
      vertex 177.37 7.57143 0.5
      vertex 177.241 6.86201 0.5
      vertex 177.286 7.59044 0.5
    endloop
  endfacet
  facet normal 0 0 -1
    outer loop
      vertex 177.035 6.89549 0.5
      vertex 177.286 7.59044 0.5
      vertex 177.241 6.86201 0.5
    endloop
  endfacet
  facet normal -0 0 -1
    outer loop
      vertex 177.286 7.59044 0.5
      vertex 177.035 6.89549 0.5
      vertex 177.21 7.62213 0.5
    endloop
  endfacet
  facet normal 0 0 -1
    outer loop
      vertex 176.844 6.95129 0.5
      vertex 177.21 7.62213 0.5
      vertex 177.035 6.89549 0.5
    endloop
  endfacet
  facet normal -0 0 -1
    outer loop
      vertex 177.21 7.62213 0.5
      vertex 176.844 6.95129 0.5
      vertex 177.141 7.6665 0.5
    endloop
  endfacet
  facet normal 0 0 -1
    outer loop
      vertex 176.668 7.0294 0.5
      vertex 177.141 7.6665 0.5
      vertex 176.844 6.95129 0.5
    endloop
  endfacet
  facet normal -0 0 -1
    outer loop
      vertex 177.141 7.6665 0.5
      vertex 176.668 7.0294 0.5
      vertex 177.08 7.72356 0.5
    endloop
  endfacet
  facet normal 0 0 -1
    outer loop
      vertex 176.506 7.12985 0.5
      vertex 177.08 7.72356 0.5
      vertex 176.668 7.0294 0.5
    endloop
  endfacet
  facet normal -0 0 -1
    outer loop
      vertex 177.08 7.72356 0.5
      vertex 176.506 7.12985 0.5
      vertex 177.027 7.79329 0.5
    endloop
  endfacet
  facet normal 0 0 -1
    outer loop
      vertex 176.36 7.25261 0.5
      vertex 177.027 7.79329 0.5
      vertex 176.506 7.12985 0.5
    endloop
  endfacet
  facet normal -0 0 -1
    outer loop
      vertex 177.027 7.79329 0.5
      vertex 176.36 7.25261 0.5
      vertex 176.982 7.87569 0.5
    endloop
  endfacet
  facet normal 0 0 -1
    outer loop
      vertex 176.228 7.39769 0.5
      vertex 176.982 7.87569 0.5
      vertex 176.36 7.25261 0.5
    endloop
  endfacet
  facet normal 0 0 -1
    outer loop
      vertex 176.113 7.56335 0.5
      vertex 176.982 7.87569 0.5
      vertex 176.228 7.39769 0.5
    endloop
  endfacet
  facet normal -0 0 -1
    outer loop
      vertex 176.982 7.87569 0.5
      vertex 176.113 7.56335 0.5
      vertex 176.944 7.97359 0.5
    endloop
  endfacet
  facet normal 0 0 -1
    outer loop
      vertex 176.016 7.74791 0.5
      vertex 176.944 7.97359 0.5
      vertex 176.113 7.56335 0.5
    endloop
  endfacet
  facet normal -0 0 -1
    outer loop
      vertex 176.944 7.97359 0.5
      vertex 176.016 7.74791 0.5
      vertex 176.912 8.0898 0.5
    endloop
  endfacet
  facet normal 0 0 -1
    outer loop
      vertex 177.978 9.92888 0.5
      vertex 178.907 10.1575 0.5
      vertex 178.01 9.81125 0.5
    endloop
  endfacet
  facet normal -0 0 -1
    outer loop
      vertex 178.907 10.1575 0.5
      vertex 177.978 9.92888 0.5
      vertex 178.809 10.3419 0.5
    endloop
  endfacet
  facet normal 0 0 -1
    outer loop
      vertex 177.94 10.028 0.5
      vertex 178.809 10.3419 0.5
      vertex 177.978 9.92888 0.5
    endloop
  endfacet
  facet normal -0 0 -1
    outer loop
      vertex 178.809 10.3419 0.5
      vertex 177.94 10.028 0.5
      vertex 178.694 10.5076 0.5
    endloop
  endfacet
  facet normal 0 0 -1
    outer loop
      vertex 177.895 10.1115 0.5
      vertex 178.694 10.5076 0.5
      vertex 177.94 10.028 0.5
    endloop
  endfacet
  facet normal -0 0 -1
    outer loop
      vertex 178.694 10.5076 0.5
      vertex 177.895 10.1115 0.5
      vertex 178.563 10.6526 0.5
    endloop
  endfacet
  facet normal -0 0 -1
    outer loop
      vertex 178.563 10.6526 0.5
      vertex 177.895 10.1115 0.5
      vertex 178.416 10.7754 0.5
    endloop
  endfacet
  facet normal 0 0 -1
    outer loop
      vertex 177.842 10.1821 0.5
      vertex 178.416 10.7754 0.5
      vertex 177.895 10.1115 0.5
    endloop
  endfacet
  facet normal -0 0 -1
    outer loop
      vertex 178.416 10.7754 0.5
      vertex 177.842 10.1821 0.5
      vertex 178.255 10.8758 0.5
    endloop
  endfacet
  facet normal 0 0 -1
    outer loop
      vertex 177.782 10.2399 0.5
      vertex 178.255 10.8758 0.5
      vertex 177.842 10.1821 0.5
    endloop
  endfacet
  facet normal -0 0 -1
    outer loop
      vertex 178.255 10.8758 0.5
      vertex 177.782 10.2399 0.5
      vertex 178.079 10.9539 0.5
    endloop
  endfacet
  facet normal 0 0 -1
    outer loop
      vertex 177.714 10.2849 0.5
      vertex 178.079 10.9539 0.5
      vertex 177.782 10.2399 0.5
    endloop
  endfacet
  facet normal -0 0 -1
    outer loop
      vertex 178.079 10.9539 0.5
      vertex 177.714 10.2849 0.5
      vertex 177.889 11.0097 0.5
    endloop
  endfacet
  facet normal 0 0 -1
    outer loop
      vertex 177.638 10.317 0.5
      vertex 177.889 11.0097 0.5
      vertex 177.714 10.2849 0.5
    endloop
  endfacet
  facet normal -0 0 -1
    outer loop
      vertex 177.889 11.0097 0.5
      vertex 177.638 10.317 0.5
      vertex 177.683 11.0432 0.5
    endloop
  endfacet
  facet normal 0 0 -1
    outer loop
      vertex 177.554 10.3363 0.5
      vertex 177.683 11.0432 0.5
      vertex 177.638 10.317 0.5
    endloop
  endfacet
  facet normal 0 0 -1
    outer loop
      vertex 177.463 11.0544 0.5
      vertex 177.554 10.3363 0.5
      vertex 177.463 10.3427 0.5
    endloop
  endfacet
  facet normal 0 0 -1
    outer loop
      vertex 177.554 10.3363 0.5
      vertex 177.463 11.0544 0.5
      vertex 177.683 11.0432 0.5
    endloop
  endfacet
  facet normal 0 0 -1
    outer loop
      vertex 177.37 10.3363 0.5
      vertex 177.463 11.0544 0.5
      vertex 177.463 10.3427 0.5
    endloop
  endfacet
  facet normal 0 0 -1
    outer loop
      vertex 177.241 11.0432 0.5
      vertex 177.37 10.3363 0.5
      vertex 177.286 10.317 0.5
    endloop
  endfacet
  facet normal 0 0 -1
    outer loop
      vertex 177.37 10.3363 0.5
      vertex 177.241 11.0432 0.5
      vertex 177.463 11.0544 0.5
    endloop
  endfacet
  facet normal 0 0 -1
    outer loop
      vertex 177.035 11.0097 0.5
      vertex 177.286 10.317 0.5
      vertex 177.21 10.2849 0.5
    endloop
  endfacet
  facet normal 0 0 -1
    outer loop
      vertex 176.844 10.9539 0.5
      vertex 177.21 10.2849 0.5
      vertex 177.141 10.2399 0.5
    endloop
  endfacet
  facet normal 0 0 -1
    outer loop
      vertex 176.668 10.8758 0.5
      vertex 177.141 10.2399 0.5
      vertex 177.08 10.1821 0.5
    endloop
  endfacet
  facet normal 0 0 -1
    outer loop
      vertex 177.286 10.317 0.5
      vertex 177.035 11.0097 0.5
      vertex 177.241 11.0432 0.5
    endloop
  endfacet
  facet normal 0 0 -1
    outer loop
      vertex 176.506 10.7754 0.5
      vertex 177.08 10.1821 0.5
      vertex 177.027 10.1115 0.5
    endloop
  endfacet
  facet normal 0 0 -1
    outer loop
      vertex 176.228 10.5076 0.5
      vertex 177.027 10.1115 0.5
      vertex 176.982 10.028 0.5
    endloop
  endfacet
  facet normal 0 0 -1
    outer loop
      vertex 176.113 10.3419 0.5
      vertex 176.982 10.028 0.5
      vertex 176.944 9.92888 0.5
    endloop
  endfacet
  facet normal 0 0 -1
    outer loop
      vertex 176.016 10.1575 0.5
      vertex 176.944 9.92888 0.5
      vertex 176.912 9.81125 0.5
    endloop
  endfacet
  facet normal 0 0 -1
    outer loop
      vertex 175.936 9.95436 0.5
      vertex 176.912 9.81125 0.5
      vertex 176.886 9.67511 0.5
    endloop
  endfacet
  facet normal 0 0 -1
    outer loop
      vertex 175.874 9.73242 0.5
      vertex 176.886 9.67511 0.5
      vertex 176.865 9.52051 0.5
    endloop
  endfacet
  facet normal 0 0 -1
    outer loop
      vertex 177.21 10.2849 0.5
      vertex 176.844 10.9539 0.5
      vertex 177.035 11.0097 0.5
    endloop
  endfacet
  facet normal 0 0 -1
    outer loop
      vertex 175.83 9.4917 0.5
      vertex 176.865 9.52051 0.5
      vertex 176.85 9.34741 0.5
    endloop
  endfacet
  facet normal 0 0 -1
    outer loop
      vertex 175.803 9.23221 0.5
      vertex 176.85 9.34741 0.5
      vertex 176.842 9.15582 0.5
    endloop
  endfacet
  facet normal 0 0 -1
    outer loop
      vertex 175.794 8.95396 0.5
      vertex 176.842 9.15582 0.5
      vertex 176.839 8.94577 0.5
    endloop
  endfacet
  facet normal 0 0 -1
    outer loop
      vertex 175.936 7.95135 0.5
      vertex 176.912 8.0898 0.5
      vertex 176.016 7.74791 0.5
    endloop
  endfacet
  facet normal -0 0 -1
    outer loop
      vertex 176.842 9.15582 0.5
      vertex 175.794 8.95396 0.5
      vertex 175.803 9.23221 0.5
    endloop
  endfacet
  facet normal -0 0 -1
    outer loop
      vertex 176.912 8.0898 0.5
      vertex 175.936 7.95135 0.5
      vertex 176.886 8.22435 0.5
    endloop
  endfacet
  facet normal -0 0 -1
    outer loop
      vertex 176.85 9.34741 0.5
      vertex 175.803 9.23221 0.5
      vertex 175.83 9.4917 0.5
    endloop
  endfacet
  facet normal 0 0 -1
    outer loop
      vertex 175.874 8.17368 0.5
      vertex 176.886 8.22435 0.5
      vertex 175.936 7.95135 0.5
    endloop
  endfacet
  facet normal -0 0 -1
    outer loop
      vertex 176.865 9.52051 0.5
      vertex 175.83 9.4917 0.5
      vertex 175.874 9.73242 0.5
    endloop
  endfacet
  facet normal -0 0 -1
    outer loop
      vertex 176.886 8.22435 0.5
      vertex 175.874 8.17368 0.5
      vertex 176.865 8.37721 0.5
    endloop
  endfacet
  facet normal 0 0 -1
    outer loop
      vertex 176.886 9.67511 0.5
      vertex 175.874 9.73242 0.5
      vertex 175.936 9.95436 0.5
    endloop
  endfacet
  facet normal 0 0 -1
    outer loop
      vertex 175.83 8.41489 0.5
      vertex 176.865 8.37721 0.5
      vertex 175.874 8.17368 0.5
    endloop
  endfacet
  facet normal 0 0 -1
    outer loop
      vertex 176.912 9.81125 0.5
      vertex 175.936 9.95436 0.5
      vertex 176.016 10.1575 0.5
    endloop
  endfacet
  facet normal 0 0 -1
    outer loop
      vertex 176.865 8.37721 0.5
      vertex 175.83 8.41489 0.5
      vertex 176.85 8.5484 0.5
    endloop
  endfacet
  facet normal 0 0 -1
    outer loop
      vertex 176.944 9.92888 0.5
      vertex 176.016 10.1575 0.5
      vertex 176.113 10.3419 0.5
    endloop
  endfacet
  facet normal 0 0 -1
    outer loop
      vertex 175.803 8.67499 0.5
      vertex 176.85 8.5484 0.5
      vertex 175.83 8.41489 0.5
    endloop
  endfacet
  facet normal -0 0 -1
    outer loop
      vertex 176.839 8.94577 0.5
      vertex 175.803 8.67499 0.5
      vertex 175.794 8.95396 0.5
    endloop
  endfacet
  facet normal 0 0 -1
    outer loop
      vertex 176.85 8.5484 0.5
      vertex 175.803 8.67499 0.5
      vertex 176.842 8.73793 0.5
    endloop
  endfacet
  facet normal 0 0 -1
    outer loop
      vertex 176.982 10.028 0.5
      vertex 176.113 10.3419 0.5
      vertex 176.228 10.5076 0.5
    endloop
  endfacet
  facet normal -0 0 -1
    outer loop
      vertex 176.842 8.73793 0.5
      vertex 175.803 8.67499 0.5
      vertex 176.839 8.94577 0.5
    endloop
  endfacet
  facet normal 0 0 -1
    outer loop
      vertex 177.141 10.2399 0.5
      vertex 176.668 10.8758 0.5
      vertex 176.844 10.9539 0.5
    endloop
  endfacet
  facet normal 0 0 -1
    outer loop
      vertex 177.08 10.1821 0.5
      vertex 176.506 10.7754 0.5
      vertex 176.668 10.8758 0.5
    endloop
  endfacet
  facet normal 0 0 -1
    outer loop
      vertex 177.027 10.1115 0.5
      vertex 176.36 10.6526 0.5
      vertex 176.506 10.7754 0.5
    endloop
  endfacet
  facet normal 0 0 -1
    outer loop
      vertex 177.027 10.1115 0.5
      vertex 176.228 10.5076 0.5
      vertex 176.36 10.6526 0.5
    endloop
  endfacet
  facet normal 0 0 -1
    outer loop
      vertex 192.073 6.92509 0.5
      vertex 191.085 8.01292 0.5
      vertex 192.073 10.975 0.5
    endloop
  endfacet
  facet normal 0 0 -1
    outer loop
      vertex 190.746 6.92509 0.5
      vertex 191.085 8.01292 0.5
      vertex 192.073 6.92509 0.5
    endloop
  endfacet
  facet normal 0 0 -1
    outer loop
      vertex 189.819 9.09264 0.5
      vertex 191.085 8.01292 0.5
      vertex 190.746 6.92509 0.5
    endloop
  endfacet
  facet normal 0 0 -1
    outer loop
      vertex 191.085 8.01292 0.5
      vertex 189.819 9.09264 0.5
      vertex 190.152 10.1967 0.5
    endloop
  endfacet
  facet normal 0 0 -1
    outer loop
      vertex 189.819 9.09264 0.5
      vertex 189.49 10.1967 0.5
      vertex 190.152 10.1967 0.5
    endloop
  endfacet
  facet normal 0 0 -1
    outer loop
      vertex 188.557 8.01292 0.5
      vertex 189.819 9.09264 0.5
      vertex 188.896 6.92509 0.5
    endloop
  endfacet
  facet normal -0 0 -1
    outer loop
      vertex 189.819 9.09264 0.5
      vertex 188.557 8.01292 0.5
      vertex 189.49 10.1967 0.5
    endloop
  endfacet
  facet normal 0 0 -1
    outer loop
      vertex 187.567 6.92509 0.5
      vertex 188.557 8.01292 0.5
      vertex 188.896 6.92509 0.5
    endloop
  endfacet
  facet normal 0 0 -1
    outer loop
      vertex 187.567 10.975 0.5
      vertex 188.557 8.01292 0.5
      vertex 187.567 6.92509 0.5
    endloop
  endfacet
  facet normal 0 0 -1
    outer loop
      vertex 188.557 8.01292 0.5
      vertex 187.567 10.975 0.5
      vertex 188.557 10.975 0.5
    endloop
  endfacet
  facet normal -0 0 -1
    outer loop
      vertex 192.073 10.975 0.5
      vertex 191.085 8.01292 0.5
      vertex 191.085 10.975 0.5
    endloop
  endfacet
  facet normal 0 0 -1
    outer loop
      vertex 182.07 8.24597 0.5
      vertex 183.147 8.24597 0.5
      vertex 183.139 8.07059 0.5
    endloop
  endfacet
  facet normal 0 0 -1
    outer loop
      vertex 182.067 8.17116 0.5
      vertex 183.139 8.07059 0.5
      vertex 183.113 7.9071 0.5
    endloop
  endfacet
  facet normal 0 0 -1
    outer loop
      vertex 183.147 8.24597 0.5
      vertex 182.07 8.24597 0.5
      vertex 183.139 8.42207 0.5
    endloop
  endfacet
  facet normal 0 0 -1
    outer loop
      vertex 182.057 8.10144 0.5
      vertex 183.113 7.9071 0.5
      vertex 183.071 7.75551 0.5
    endloop
  endfacet
  facet normal 0 0 -1
    outer loop
      vertex 182.067 8.32082 0.5
      vertex 183.139 8.42207 0.5
      vertex 182.07 8.24597 0.5
    endloop
  endfacet
  facet normal 0 0 -1
    outer loop
      vertex 182.04 8.03679 0.5
      vertex 183.071 7.75551 0.5
      vertex 183.012 7.61583 0.5
    endloop
  endfacet
  facet normal -0 0 -1
    outer loop
      vertex 183.139 8.42207 0.5
      vertex 182.067 8.32082 0.5
      vertex 183.113 8.58617 0.5
    endloop
  endfacet
  facet normal 0 0 -1
    outer loop
      vertex 182.04 8.03679 0.5
      vertex 183.012 7.61583 0.5
      vertex 182.936 7.48805 0.5
    endloop
  endfacet
  facet normal 0 0 -1
    outer loop
      vertex 182.057 8.39062 0.5
      vertex 183.113 8.58617 0.5
      vertex 182.067 8.32082 0.5
    endloop
  endfacet
  facet normal 0 0 -1
    outer loop
      vertex 182.016 7.97723 0.5
      vertex 182.936 7.48805 0.5
      vertex 182.843 7.37218 0.5
    endloop
  endfacet
  facet normal -0 0 -1
    outer loop
      vertex 183.113 8.58617 0.5
      vertex 182.057 8.39062 0.5
      vertex 183.071 8.73827 0.5
    endloop
  endfacet
  facet normal 0 0 -1
    outer loop
      vertex 181.986 7.92276 0.5
      vertex 182.843 7.37218 0.5
      vertex 182.733 7.2682 0.5
    endloop
  endfacet
  facet normal 0 0 -1
    outer loop
      vertex 182.04 8.45541 0.5
      vertex 183.071 8.73827 0.5
      vertex 182.057 8.39062 0.5
    endloop
  endfacet
  facet normal 0 0 -1
    outer loop
      vertex 181.986 7.92276 0.5
      vertex 182.733 7.2682 0.5
      vertex 182.608 7.17717 0.5
    endloop
  endfacet
  facet normal -0 0 -1
    outer loop
      vertex 183.071 8.73827 0.5
      vertex 182.04 8.45541 0.5
      vertex 183.012 8.87833 0.5
    endloop
  endfacet
  facet normal 0 0 -1
    outer loop
      vertex 181.949 7.87337 0.5
      vertex 182.608 7.17717 0.5
      vertex 182.468 7.10014 0.5
    endloop
  endfacet
  facet normal -0 0 -1
    outer loop
      vertex 183.012 8.87833 0.5
      vertex 182.04 8.45541 0.5
      vertex 182.936 9.00638 0.5
    endloop
  endfacet
  facet normal 0 0 -1
    outer loop
      vertex 181.905 7.82904 0.5
      vertex 182.468 7.10014 0.5
      vertex 182.313 7.03712 0.5
    endloop
  endfacet
  facet normal 0 0 -1
    outer loop
      vertex 182.016 8.51518 0.5
      vertex 182.936 9.00638 0.5
      vertex 182.04 8.45541 0.5
    endloop
  endfacet
  facet normal 0 0 -1
    outer loop
      vertex 181.855 7.79025 0.5
      vertex 182.313 7.03712 0.5
      vertex 182.143 6.98811 0.5
    endloop
  endfacet
  facet normal 0 0 -1
    outer loop
      vertex 183.139 8.07059 0.5
      vertex 182.067 8.17116 0.5
      vertex 182.07 8.24597 0.5
    endloop
  endfacet
  facet normal 0 0 -1
    outer loop
      vertex 181.986 8.56992 0.5
      vertex 182.843 9.12244 0.5
      vertex 182.016 8.51518 0.5
    endloop
  endfacet
  facet normal -0 0 -1
    outer loop
      vertex 182.936 9.00638 0.5
      vertex 182.016 8.51518 0.5
      vertex 182.843 9.12244 0.5
    endloop
  endfacet
  facet normal 0 0 -1
    outer loop
      vertex 183.113 7.9071 0.5
      vertex 182.057 8.10144 0.5
      vertex 182.067 8.17116 0.5
    endloop
  endfacet
  facet normal 0 0 -1
    outer loop
      vertex 183.071 7.75551 0.5
      vertex 182.04 8.03679 0.5
      vertex 182.057 8.10144 0.5
    endloop
  endfacet
  facet normal 0 0 -1
    outer loop
      vertex 182.936 7.48805 0.5
      vertex 182.016 7.97723 0.5
      vertex 182.04 8.03679 0.5
    endloop
  endfacet
  facet normal 0 0 -1
    outer loop
      vertex 182.843 7.37218 0.5
      vertex 181.986 7.92276 0.5
      vertex 182.016 7.97723 0.5
    endloop
  endfacet
  facet normal 0 0 -1
    outer loop
      vertex 181.799 7.75745 0.5
      vertex 182.143 6.98811 0.5
      vertex 181.959 6.95309 0.5
    endloop
  endfacet
  facet normal 0 0 -1
    outer loop
      vertex 182.608 7.17717 0.5
      vertex 181.949 7.87337 0.5
      vertex 181.986 7.92276 0.5
    endloop
  endfacet
  facet normal 0 0 -1
    outer loop
      vertex 182.468 7.10014 0.5
      vertex 181.905 7.82904 0.5
      vertex 181.949 7.87337 0.5
    endloop
  endfacet
  facet normal 0 0 -1
    outer loop
      vertex 182.313 7.03712 0.5
      vertex 181.855 7.79025 0.5
      vertex 181.905 7.82904 0.5
    endloop
  endfacet
  facet normal 0 0 -1
    outer loop
      vertex 182.143 6.98811 0.5
      vertex 181.799 7.75745 0.5
      vertex 181.855 7.79025 0.5
    endloop
  endfacet
  facet normal 0 0 -1
    outer loop
      vertex 181.671 7.7097 0.5
      vertex 181.959 6.95309 0.5
      vertex 181.76 6.93208 0.5
    endloop
  endfacet
  facet normal 0 0 -1
    outer loop
      vertex 181.959 6.95309 0.5
      vertex 181.738 7.73059 0.5
      vertex 181.799 7.75745 0.5
    endloop
  endfacet
  facet normal 0 0 -1
    outer loop
      vertex 181.959 6.95309 0.5
      vertex 181.671 7.7097 0.5
      vertex 181.738 7.73059 0.5
    endloop
  endfacet
  facet normal 0 0 -1
    outer loop
      vertex 181.76 6.93208 0.5
      vertex 181.598 7.69478 0.5
      vertex 181.671 7.7097 0.5
    endloop
  endfacet
  facet normal 0 0 -1
    outer loop
      vertex 181.547 6.92509 0.5
      vertex 181.598 7.69478 0.5
      vertex 181.76 6.93208 0.5
    endloop
  endfacet
  facet normal 0 0 -1
    outer loop
      vertex 181.547 6.92509 0.5
      vertex 181.519 7.68584 0.5
      vertex 181.598 7.69478 0.5
    endloop
  endfacet
  facet normal 0 0 -1
    outer loop
      vertex 181.547 6.92509 0.5
      vertex 181.436 7.68285 0.5
      vertex 181.519 7.68584 0.5
    endloop
  endfacet
  facet normal 0 0 -1
    outer loop
      vertex 181.547 6.92509 0.5
      vertex 180.858 7.68285 0.5
      vertex 181.436 7.68285 0.5
    endloop
  endfacet
  facet normal 0 0 -1
    outer loop
      vertex 179.813 6.92509 0.5
      vertex 180.858 8.81181 0.5
      vertex 180.858 7.68285 0.5
    endloop
  endfacet
  facet normal 0 0 -1
    outer loop
      vertex 179.813 10.975 0.5
      vertex 180.858 8.81181 0.5
      vertex 179.813 6.92509 0.5
    endloop
  endfacet
  facet normal 0 0 -1
    outer loop
      vertex 179.813 6.92509 0.5
      vertex 180.858 7.68285 0.5
      vertex 181.547 6.92509 0.5
    endloop
  endfacet
  facet normal 0 0 -1
    outer loop
      vertex 180.858 8.81181 0.5
      vertex 179.813 10.975 0.5
      vertex 180.858 9.56955 0.5
    endloop
  endfacet
  facet normal 0 0 -1
    outer loop
      vertex 180.858 9.56955 0.5
      vertex 179.813 10.975 0.5
      vertex 180.858 10.975 0.5
    endloop
  endfacet
  facet normal -0 0 -1
    outer loop
      vertex 182.843 9.12244 0.5
      vertex 181.986 8.56992 0.5
      vertex 182.733 9.22647 0.5
    endloop
  endfacet
  facet normal -0 0 -1
    outer loop
      vertex 182.733 9.22647 0.5
      vertex 181.986 8.56992 0.5
      vertex 182.608 9.31749 0.5
    endloop
  endfacet
  facet normal 0 0 -1
    outer loop
      vertex 181.949 8.61961 0.5
      vertex 182.608 9.31749 0.5
      vertex 181.986 8.56992 0.5
    endloop
  endfacet
  facet normal -0 0 -1
    outer loop
      vertex 182.608 9.31749 0.5
      vertex 181.949 8.61961 0.5
      vertex 182.468 9.39452 0.5
    endloop
  endfacet
  facet normal 0 0 -1
    outer loop
      vertex 181.905 8.66429 0.5
      vertex 182.468 9.39452 0.5
      vertex 181.949 8.61961 0.5
    endloop
  endfacet
  facet normal -0 0 -1
    outer loop
      vertex 182.468 9.39452 0.5
      vertex 181.905 8.66429 0.5
      vertex 182.313 9.45752 0.5
    endloop
  endfacet
  facet normal 0 0 -1
    outer loop
      vertex 181.855 8.70343 0.5
      vertex 182.313 9.45752 0.5
      vertex 181.905 8.66429 0.5
    endloop
  endfacet
  facet normal -0 0 -1
    outer loop
      vertex 182.313 9.45752 0.5
      vertex 181.855 8.70343 0.5
      vertex 182.143 9.50653 0.5
    endloop
  endfacet
  facet normal 0 0 -1
    outer loop
      vertex 181.799 8.73654 0.5
      vertex 182.143 9.50653 0.5
      vertex 181.855 8.70343 0.5
    endloop
  endfacet
  facet normal -0 0 -1
    outer loop
      vertex 182.143 9.50653 0.5
      vertex 181.799 8.73654 0.5
      vertex 181.959 9.54155 0.5
    endloop
  endfacet
  facet normal 0 0 -1
    outer loop
      vertex 181.738 8.76364 0.5
      vertex 181.959 9.54155 0.5
      vertex 181.799 8.73654 0.5
    endloop
  endfacet
  facet normal 0 0 -1
    outer loop
      vertex 181.671 8.78471 0.5
      vertex 181.959 9.54155 0.5
      vertex 181.738 8.76364 0.5
    endloop
  endfacet
  facet normal -0 0 -1
    outer loop
      vertex 181.959 9.54155 0.5
      vertex 181.671 8.78471 0.5
      vertex 181.76 9.56255 0.5
    endloop
  endfacet
  facet normal 0 0 -1
    outer loop
      vertex 181.598 8.79976 0.5
      vertex 181.76 9.56255 0.5
      vertex 181.671 8.78471 0.5
    endloop
  endfacet
  facet normal 0 0 -1
    outer loop
      vertex 181.598 8.79976 0.5
      vertex 181.547 9.56955 0.5
      vertex 181.76 9.56255 0.5
    endloop
  endfacet
  facet normal 0 0 -1
    outer loop
      vertex 181.519 8.80879 0.5
      vertex 181.547 9.56955 0.5
      vertex 181.598 8.79976 0.5
    endloop
  endfacet
  facet normal 0 0 -1
    outer loop
      vertex 181.436 8.81181 0.5
      vertex 181.547 9.56955 0.5
      vertex 181.519 8.80879 0.5
    endloop
  endfacet
  facet normal 0 0 -1
    outer loop
      vertex 180.858 9.56955 0.5
      vertex 181.436 8.81181 0.5
      vertex 180.858 8.81181 0.5
    endloop
  endfacet
  facet normal 0 0 -1
    outer loop
      vertex 181.436 8.81181 0.5
      vertex 180.858 9.56955 0.5
      vertex 181.547 9.56955 0.5
    endloop
  endfacet
  facet normal 0 0 -1
    outer loop
      vertex 172.654 9.47995 0.5
      vertex 173.799 10.2377 0.5
      vertex 173.799 9.47995 0.5
    endloop
  endfacet
  facet normal 0 0 -1
    outer loop
      vertex 172.003 10.2377 0.5
      vertex 172.654 9.47995 0.5
      vertex 172.003 9.34239 0.5
    endloop
  endfacet
  facet normal 0 0 -1
    outer loop
      vertex 172.654 9.47995 0.5
      vertex 172.003 10.2377 0.5
      vertex 173.799 10.2377 0.5
    endloop
  endfacet
  facet normal 0 0 -1
    outer loop
      vertex 173.799 7.78485 0.5
      vertex 174.786 9.47995 0.5
      vertex 174.786 6.92509 0.5
    endloop
  endfacet
  facet normal 0 0 -1
    outer loop
      vertex 173.799 9.47995 0.5
      vertex 174.786 9.47995 0.5
      vertex 173.799 7.78485 0.5
    endloop
  endfacet
  facet normal 0 0 -1
    outer loop
      vertex 174.786 9.47995 0.5
      vertex 173.799 9.47995 0.5
      vertex 174.786 10.2377 0.5
    endloop
  endfacet
  facet normal 0 0 -1
    outer loop
      vertex 173.625 6.92509 0.5
      vertex 173.799 7.78485 0.5
      vertex 174.786 6.92509 0.5
    endloop
  endfacet
  facet normal 0 0 -1
    outer loop
      vertex 172.003 9.34239 0.5
      vertex 173.799 7.78485 0.5
      vertex 173.625 6.92509 0.5
    endloop
  endfacet
  facet normal 0 0 -1
    outer loop
      vertex 173.799 7.78485 0.5
      vertex 172.003 9.34239 0.5
      vertex 172.654 9.47995 0.5
    endloop
  endfacet
  facet normal 0 0 -1
    outer loop
      vertex 174.786 9.47995 0.5
      vertex 175.364 10.2377 0.5
      vertex 175.364 9.47995 0.5
    endloop
  endfacet
  facet normal -0 0 -1
    outer loop
      vertex 175.364 10.2377 0.5
      vertex 174.786 9.47995 0.5
      vertex 174.786 10.2377 0.5
    endloop
  endfacet
  facet normal 0 0 -1
    outer loop
      vertex 173.799 10.2377 0.5
      vertex 174.786 10.2377 0.5
      vertex 173.799 9.47995 0.5
    endloop
  endfacet
  facet normal 0 0 -1
    outer loop
      vertex 174.786 10.2377 0.5
      vertex 173.799 10.2377 0.5
      vertex 174.786 10.975 0.5
    endloop
  endfacet
  facet normal -0 0 -1
    outer loop
      vertex 174.786 10.975 0.5
      vertex 173.799 10.2377 0.5
      vertex 173.799 10.975 0.5
    endloop
  endfacet
  facet normal 0 0 -1
    outer loop
      vertex 171.376 6.92509 0.5
      vertex 169.602 7.71356 0.5
      vertex 171.376 7.71356 0.5
    endloop
  endfacet
  facet normal 0 0 -1
    outer loop
      vertex 168.557 6.92509 0.5
      vertex 169.602 8.46877 0.5
      vertex 169.602 7.71356 0.5
    endloop
  endfacet
  facet normal -0 0 -1
    outer loop
      vertex 169.602 8.46877 0.5
      vertex 168.557 6.92509 0.5
      vertex 169.602 9.25723 0.5
    endloop
  endfacet
  facet normal 0 0 -1
    outer loop
      vertex 168.557 10.975 0.5
      vertex 169.602 9.25723 0.5
      vertex 168.557 6.92509 0.5
    endloop
  endfacet
  facet normal 0 0 -1
    outer loop
      vertex 168.557 6.92509 0.5
      vertex 169.602 7.71356 0.5
      vertex 171.376 6.92509 0.5
    endloop
  endfacet
  facet normal 0 0 -1
    outer loop
      vertex 169.602 8.46877 0.5
      vertex 171.27 9.25723 0.5
      vertex 171.27 8.46877 0.5
    endloop
  endfacet
  facet normal -0 0 -1
    outer loop
      vertex 171.27 9.25723 0.5
      vertex 169.602 8.46877 0.5
      vertex 169.602 9.25723 0.5
    endloop
  endfacet
  facet normal 0 0 -1
    outer loop
      vertex 169.602 10.1865 0.5
      vertex 171.435 10.975 0.5
      vertex 171.435 10.1865 0.5
    endloop
  endfacet
  facet normal 0 0 -1
    outer loop
      vertex 169.602 10.1865 0.5
      vertex 168.557 10.975 0.5
      vertex 171.435 10.975 0.5
    endloop
  endfacet
  facet normal 0 0 -1
    outer loop
      vertex 169.602 9.25723 0.5
      vertex 168.557 10.975 0.5
      vertex 169.602 10.1865 0.5
    endloop
  endfacet
  facet normal -0.307222 0.951638 0
    outer loop
      vertex 203.327 130.622 0
      vertex 203.2 130.581 0.5
      vertex 203.327 130.622 0.5
    endloop
  endfacet
  facet normal -0.307222 0.951638 0
    outer loop
      vertex 203.2 130.581 0.5
      vertex 203.327 130.622 0
      vertex 203.2 130.581 0
    endloop
  endfacet
  facet normal -0.372443 0.928055 0
    outer loop
      vertex 203.479 130.683 0
      vertex 203.327 130.622 0.5
      vertex 203.479 130.683 0.5
    endloop
  endfacet
  facet normal -0.372443 0.928055 0
    outer loop
      vertex 203.327 130.622 0.5
      vertex 203.479 130.683 0
      vertex 203.327 130.622 0
    endloop
  endfacet
  facet normal -0.439765 0.898113 0
    outer loop
      vertex 203.624 130.754 0
      vertex 203.479 130.683 0.5
      vertex 203.624 130.754 0.5
    endloop
  endfacet
  facet normal -0.439765 0.898113 0
    outer loop
      vertex 203.479 130.683 0.5
      vertex 203.624 130.754 0
      vertex 203.479 130.683 0
    endloop
  endfacet
  facet normal -0.496816 0.867856 0
    outer loop
      vertex 203.762 130.833 0
      vertex 203.624 130.754 0.5
      vertex 203.762 130.833 0.5
    endloop
  endfacet
  facet normal -0.496816 0.867856 0
    outer loop
      vertex 203.624 130.754 0.5
      vertex 203.762 130.833 0
      vertex 203.624 130.754 0
    endloop
  endfacet
  facet normal -0.563337 0.826227 0
    outer loop
      vertex 203.894 130.923 0
      vertex 203.762 130.833 0.5
      vertex 203.894 130.923 0.5
    endloop
  endfacet
  facet normal -0.563337 0.826227 0
    outer loop
      vertex 203.762 130.833 0.5
      vertex 203.894 130.923 0
      vertex 203.762 130.833 0
    endloop
  endfacet
  facet normal -0.616987 0.786973 0
    outer loop
      vertex 204.019 131.021 0
      vertex 203.894 130.923 0.5
      vertex 204.019 131.021 0.5
    endloop
  endfacet
  facet normal -0.616987 0.786973 0
    outer loop
      vertex 203.894 130.923 0.5
      vertex 204.019 131.021 0
      vertex 203.894 130.923 0
    endloop
  endfacet
  facet normal -0.675158 0.737673 0
    outer loop
      vertex 204.137 131.129 0
      vertex 204.019 131.021 0.5
      vertex 204.137 131.129 0.5
    endloop
  endfacet
  facet normal -0.675158 0.737673 0
    outer loop
      vertex 204.019 131.021 0.5
      vertex 204.137 131.129 0
      vertex 204.019 131.021 0
    endloop
  endfacet
  facet normal -0.714213 0.699929 0
    outer loop
      vertex 204.137 131.129 0
      vertex 204.235 131.229 0.5
      vertex 204.235 131.229 0
    endloop
  endfacet
  facet normal -0.714213 0.699929 0
    outer loop
      vertex 204.235 131.229 0.5
      vertex 204.137 131.129 0
      vertex 204.137 131.129 0.5
    endloop
  endfacet
  facet normal -0.752577 0.658505 0
    outer loop
      vertex 204.235 131.229 0
      vertex 204.326 131.333 0.5
      vertex 204.326 131.333 0
    endloop
  endfacet
  facet normal -0.752577 0.658505 0
    outer loop
      vertex 204.326 131.333 0.5
      vertex 204.235 131.229 0
      vertex 204.235 131.229 0.5
    endloop
  endfacet
  facet normal -0.792897 0.609356 0
    outer loop
      vertex 204.326 131.333 0
      vertex 204.409 131.441 0.5
      vertex 204.409 131.441 0
    endloop
  endfacet
  facet normal -0.792897 0.609356 0
    outer loop
      vertex 204.409 131.441 0.5
      vertex 204.326 131.333 0
      vertex 204.326 131.333 0.5
    endloop
  endfacet
  facet normal -0.833183 0.552998 0
    outer loop
      vertex 204.409 131.441 0
      vertex 204.484 131.554 0.5
      vertex 204.484 131.554 0
    endloop
  endfacet
  facet normal -0.833183 0.552998 0
    outer loop
      vertex 204.484 131.554 0.5
      vertex 204.409 131.441 0
      vertex 204.409 131.441 0.5
    endloop
  endfacet
  facet normal -0.864582 0.502492 0
    outer loop
      vertex 204.484 131.554 0
      vertex 204.552 131.671 0.5
      vertex 204.552 131.671 0
    endloop
  endfacet
  facet normal -0.864582 0.502492 0
    outer loop
      vertex 204.552 131.671 0.5
      vertex 204.484 131.554 0
      vertex 204.484 131.554 0.5
    endloop
  endfacet
  facet normal -0.894427 0.447214 0
    outer loop
      vertex 204.552 131.671 0
      vertex 204.613 131.793 0.5
      vertex 204.613 131.793 0
    endloop
  endfacet
  facet normal -0.894427 0.447214 0
    outer loop
      vertex 204.613 131.793 0.5
      vertex 204.552 131.671 0
      vertex 204.552 131.671 0.5
    endloop
  endfacet
  facet normal -0.921773 0.38773 0
    outer loop
      vertex 204.613 131.793 0
      vertex 204.666 131.919 0.5
      vertex 204.666 131.919 0
    endloop
  endfacet
  facet normal -0.921773 0.38773 0
    outer loop
      vertex 204.666 131.919 0.5
      vertex 204.613 131.793 0
      vertex 204.613 131.793 0.5
    endloop
  endfacet
  facet normal -0.942722 0.333579 0
    outer loop
      vertex 204.666 131.919 0
      vertex 204.712 132.049 0.5
      vertex 204.712 132.049 0
    endloop
  endfacet
  facet normal -0.942722 0.333579 0
    outer loop
      vertex 204.712 132.049 0.5
      vertex 204.666 131.919 0
      vertex 204.666 131.919 0.5
    endloop
  endfacet
  facet normal -0.960714 0.27754 0
    outer loop
      vertex 204.712 132.049 0
      vertex 204.751 132.184 0.5
      vertex 204.751 132.184 0
    endloop
  endfacet
  facet normal -0.960714 0.27754 0
    outer loop
      vertex 204.751 132.184 0.5
      vertex 204.712 132.049 0
      vertex 204.712 132.049 0.5
    endloop
  endfacet
  facet normal -0.974859 0.222825 0
    outer loop
      vertex 204.751 132.184 0
      vertex 204.783 132.324 0.5
      vertex 204.783 132.324 0
    endloop
  endfacet
  facet normal -0.974859 0.222825 0
    outer loop
      vertex 204.783 132.324 0.5
      vertex 204.751 132.184 0
      vertex 204.751 132.184 0.5
    endloop
  endfacet
  facet normal -0.986577 0.163296 0
    outer loop
      vertex 204.783 132.324 0
      vertex 204.807 132.469 0.5
      vertex 204.807 132.469 0
    endloop
  endfacet
  facet normal -0.986577 0.163296 0
    outer loop
      vertex 204.807 132.469 0.5
      vertex 204.783 132.324 0
      vertex 204.783 132.324 0.5
    endloop
  endfacet
  facet normal -0.992877 0.119145 0
    outer loop
      vertex 204.807 132.469 0
      vertex 204.825 132.619 0.5
      vertex 204.825 132.619 0
    endloop
  endfacet
  facet normal -0.992877 0.119145 0
    outer loop
      vertex 204.825 132.619 0.5
      vertex 204.807 132.469 0
      vertex 204.807 132.469 0.5
    endloop
  endfacet
  facet normal -0.997459 0.071247 0
    outer loop
      vertex 204.825 132.619 0
      vertex 204.836 132.773 0.5
      vertex 204.836 132.773 0
    endloop
  endfacet
  facet normal -0.997459 0.071247 0
    outer loop
      vertex 204.836 132.773 0.5
      vertex 204.825 132.619 0
      vertex 204.825 132.619 0.5
    endloop
  endfacet
  facet normal -0.999822 0.0188646 0
    outer loop
      vertex 204.836 132.773 0
      vertex 204.839 132.932 0.5
      vertex 204.839 132.932 0
    endloop
  endfacet
  facet normal -0.999822 0.0188646 0
    outer loop
      vertex 204.839 132.932 0.5
      vertex 204.836 132.773 0
      vertex 204.836 132.773 0.5
    endloop
  endfacet
  facet normal -0.999829 -0.0185153 0
    outer loop
      vertex 204.839 132.932 0
      vertex 204.836 133.094 0.5
      vertex 204.836 133.094 0
    endloop
  endfacet
  facet normal -0.999829 -0.0185153 0
    outer loop
      vertex 204.836 133.094 0.5
      vertex 204.839 132.932 0
      vertex 204.839 132.932 0.5
    endloop
  endfacet
  facet normal -0.997523 -0.0703382 0
    outer loop
      vertex 204.836 133.094 0
      vertex 204.825 133.25 0.5
      vertex 204.825 133.25 0
    endloop
  endfacet
  facet normal -0.997523 -0.0703382 0
    outer loop
      vertex 204.825 133.25 0.5
      vertex 204.836 133.094 0
      vertex 204.836 133.094 0.5
    endloop
  endfacet
  facet normal -0.993561 -0.113301 0
    outer loop
      vertex 204.825 133.25 0
      vertex 204.812 133.364 0.5
      vertex 204.812 133.364 0
    endloop
  endfacet
  facet normal -0.993561 -0.113301 0
    outer loop
      vertex 204.812 133.364 0.5
      vertex 204.825 133.25 0
      vertex 204.825 133.25 0.5
    endloop
  endfacet
  facet normal 0 1 -0
    outer loop
      vertex 205.705 133.364 0
      vertex 204.812 133.364 0.5
      vertex 205.705 133.364 0.5
    endloop
  endfacet
  facet normal 0 1 0
    outer loop
      vertex 204.812 133.364 0.5
      vertex 205.705 133.364 0
      vertex 204.812 133.364 0
    endloop
  endfacet
  facet normal 1 -0 0
    outer loop
      vertex 205.705 130.406 0.5
      vertex 205.705 133.364 0
      vertex 205.705 133.364 0.5
    endloop
  endfacet
  facet normal 1 0 0
    outer loop
      vertex 205.705 133.364 0
      vertex 205.705 130.406 0.5
      vertex 205.705 130.406 0
    endloop
  endfacet
  facet normal 0 1 -0
    outer loop
      vertex 209.227 130.406 0
      vertex 205.705 130.406 0.5
      vertex 209.227 130.406 0.5
    endloop
  endfacet
  facet normal 0 1 0
    outer loop
      vertex 205.705 130.406 0.5
      vertex 209.227 130.406 0
      vertex 205.705 130.406 0
    endloop
  endfacet
  facet normal -1 0 0
    outer loop
      vertex 209.227 130.406 0
      vertex 209.227 131.392 0.5
      vertex 209.227 131.392 0
    endloop
  endfacet
  facet normal -1 -0 0
    outer loop
      vertex 209.227 131.392 0.5
      vertex 209.227 130.406 0
      vertex 209.227 130.406 0.5
    endloop
  endfacet
  facet normal 0 -1 0
    outer loop
      vertex 207.01 131.392 0
      vertex 209.227 131.392 0.5
      vertex 207.01 131.392 0.5
    endloop
  endfacet
  facet normal 0 -1 -0
    outer loop
      vertex 209.227 131.392 0.5
      vertex 207.01 131.392 0
      vertex 209.227 131.392 0
    endloop
  endfacet
  facet normal -1 0 0
    outer loop
      vertex 207.01 131.392 0
      vertex 207.01 132.336 0.5
      vertex 207.01 132.336 0
    endloop
  endfacet
  facet normal -1 -0 0
    outer loop
      vertex 207.01 132.336 0.5
      vertex 207.01 131.392 0
      vertex 207.01 131.392 0.5
    endloop
  endfacet
  facet normal 0 1 -0
    outer loop
      vertex 209.095 132.336 0
      vertex 207.01 132.336 0.5
      vertex 209.095 132.336 0.5
    endloop
  endfacet
  facet normal 0 1 0
    outer loop
      vertex 207.01 132.336 0.5
      vertex 209.095 132.336 0
      vertex 207.01 132.336 0
    endloop
  endfacet
  facet normal -1 0 0
    outer loop
      vertex 209.095 132.336 0
      vertex 209.095 133.322 0.5
      vertex 209.095 133.322 0
    endloop
  endfacet
  facet normal -1 -0 0
    outer loop
      vertex 209.095 133.322 0.5
      vertex 209.095 132.336 0
      vertex 209.095 132.336 0.5
    endloop
  endfacet
  facet normal 0 -1 0
    outer loop
      vertex 207.01 133.322 0
      vertex 209.095 133.322 0.5
      vertex 207.01 133.322 0.5
    endloop
  endfacet
  facet normal 0 -1 -0
    outer loop
      vertex 209.095 133.322 0.5
      vertex 207.01 133.322 0
      vertex 209.095 133.322 0
    endloop
  endfacet
  facet normal -1 0 0
    outer loop
      vertex 207.01 133.322 0
      vertex 207.01 134.483 0.5
      vertex 207.01 134.483 0
    endloop
  endfacet
  facet normal -1 -0 0
    outer loop
      vertex 207.01 134.483 0.5
      vertex 207.01 133.322 0
      vertex 207.01 133.322 0.5
    endloop
  endfacet
  facet normal 0 1 -0
    outer loop
      vertex 209.302 134.483 0
      vertex 207.01 134.483 0.5
      vertex 209.302 134.483 0.5
    endloop
  endfacet
  facet normal 0 1 0
    outer loop
      vertex 207.01 134.483 0.5
      vertex 209.302 134.483 0
      vertex 207.01 134.483 0
    endloop
  endfacet
  facet normal -1 0 0
    outer loop
      vertex 209.302 134.483 0
      vertex 209.302 135.469 0.5
      vertex 209.302 135.469 0
    endloop
  endfacet
  facet normal -1 -0 0
    outer loop
      vertex 209.302 135.469 0.5
      vertex 209.302 134.483 0
      vertex 209.302 134.483 0.5
    endloop
  endfacet
  facet normal 0 -1 0
    outer loop
      vertex 205.705 135.469 0
      vertex 209.302 135.469 0.5
      vertex 205.705 135.469 0.5
    endloop
  endfacet
  facet normal 0 -1 -0
    outer loop
      vertex 209.302 135.469 0.5
      vertex 205.705 135.469 0
      vertex 209.302 135.469 0
    endloop
  endfacet
  facet normal 1 -0 0
    outer loop
      vertex 205.705 135.413 0.5
      vertex 205.705 135.469 0
      vertex 205.705 135.469 0.5
    endloop
  endfacet
  facet normal 1 0 0
    outer loop
      vertex 205.705 135.469 0
      vertex 205.705 135.413 0.5
      vertex 205.705 135.413 0
    endloop
  endfacet
  facet normal -0.909698 -0.41527 0
    outer loop
      vertex 205.705 135.413 0
      vertex 205.023 136.907 0.5
      vertex 205.023 136.907 0
    endloop
  endfacet
  facet normal -0.909698 -0.41527 0
    outer loop
      vertex 205.023 136.907 0.5
      vertex 205.705 135.413 0
      vertex 205.705 135.413 0.5
    endloop
  endfacet
  facet normal 0 -1 0
    outer loop
      vertex 204.133 136.907 0
      vertex 205.023 136.907 0.5
      vertex 204.133 136.907 0.5
    endloop
  endfacet
  facet normal 0 -1 -0
    outer loop
      vertex 205.023 136.907 0.5
      vertex 204.133 136.907 0
      vertex 205.023 136.907 0
    endloop
  endfacet
  facet normal 0.910008 0.414591 0
    outer loop
      vertex 205.441 134.036 0.5
      vertex 204.133 136.907 0
      vertex 204.133 136.907 0.5
    endloop
  endfacet
  facet normal 0.910008 0.414591 0
    outer loop
      vertex 204.133 136.907 0
      vertex 205.441 134.036 0.5
      vertex 205.441 134.036 0
    endloop
  endfacet
  facet normal 0 -1 0
    outer loop
      vertex 204.632 134.036 0
      vertex 205.441 134.036 0.5
      vertex 204.632 134.036 0.5
    endloop
  endfacet
  facet normal 0 -1 -0
    outer loop
      vertex 205.441 134.036 0.5
      vertex 204.632 134.036 0
      vertex 205.441 134.036 0
    endloop
  endfacet
  facet normal -0.92125 -0.388972 0
    outer loop
      vertex 204.632 134.036 0
      vertex 204.613 134.081 0.5
      vertex 204.613 134.081 0
    endloop
  endfacet
  facet normal -0.92125 -0.388972 0
    outer loop
      vertex 204.613 134.081 0.5
      vertex 204.632 134.036 0
      vertex 204.632 134.036 0.5
    endloop
  endfacet
  facet normal -0.894427 -0.447214 0
    outer loop
      vertex 204.613 134.081 0
      vertex 204.552 134.203 0.5
      vertex 204.552 134.203 0
    endloop
  endfacet
  facet normal -0.894427 -0.447214 0
    outer loop
      vertex 204.552 134.203 0.5
      vertex 204.613 134.081 0
      vertex 204.613 134.081 0.5
    endloop
  endfacet
  facet normal -0.864582 -0.502492 0
    outer loop
      vertex 204.552 134.203 0
      vertex 204.484 134.32 0.5
      vertex 204.484 134.32 0
    endloop
  endfacet
  facet normal -0.864582 -0.502492 0
    outer loop
      vertex 204.484 134.32 0.5
      vertex 204.552 134.203 0
      vertex 204.552 134.203 0.5
    endloop
  endfacet
  facet normal -0.833183 -0.552998 0
    outer loop
      vertex 204.484 134.32 0
      vertex 204.409 134.433 0.5
      vertex 204.409 134.433 0
    endloop
  endfacet
  facet normal -0.833183 -0.552998 0
    outer loop
      vertex 204.409 134.433 0.5
      vertex 204.484 134.32 0
      vertex 204.484 134.32 0.5
    endloop
  endfacet
  facet normal -0.795599 -0.605823 0
    outer loop
      vertex 204.409 134.433 0
      vertex 204.326 134.542 0.5
      vertex 204.326 134.542 0
    endloop
  endfacet
  facet normal -0.795599 -0.605823 0
    outer loop
      vertex 204.326 134.542 0.5
      vertex 204.409 134.433 0
      vertex 204.409 134.433 0.5
    endloop
  endfacet
  facet normal -0.752577 -0.658505 0
    outer loop
      vertex 204.326 134.542 0
      vertex 204.235 134.646 0.5
      vertex 204.235 134.646 0
    endloop
  endfacet
  facet normal -0.752577 -0.658505 0
    outer loop
      vertex 204.235 134.646 0.5
      vertex 204.326 134.542 0
      vertex 204.326 134.542 0.5
    endloop
  endfacet
  facet normal -0.714213 -0.699929 0
    outer loop
      vertex 204.235 134.646 0
      vertex 204.137 134.746 0.5
      vertex 204.137 134.746 0
    endloop
  endfacet
  facet normal -0.714213 -0.699929 0
    outer loop
      vertex 204.137 134.746 0.5
      vertex 204.235 134.646 0
      vertex 204.235 134.646 0.5
    endloop
  endfacet
  facet normal -0.672053 -0.740503 0
    outer loop
      vertex 204.018 134.854 0
      vertex 204.137 134.746 0.5
      vertex 204.018 134.854 0.5
    endloop
  endfacet
  facet normal -0.672053 -0.740503 -0
    outer loop
      vertex 204.137 134.746 0.5
      vertex 204.018 134.854 0
      vertex 204.137 134.746 0
    endloop
  endfacet
  facet normal -0.6148 -0.788683 0
    outer loop
      vertex 203.891 134.953 0
      vertex 204.018 134.854 0.5
      vertex 203.891 134.953 0.5
    endloop
  endfacet
  facet normal -0.6148 -0.788683 -0
    outer loop
      vertex 204.018 134.854 0.5
      vertex 203.891 134.953 0
      vertex 204.018 134.854 0
    endloop
  endfacet
  facet normal -0.559041 -0.82914 0
    outer loop
      vertex 203.759 135.042 0
      vertex 203.891 134.953 0.5
      vertex 203.759 135.042 0.5
    endloop
  endfacet
  facet normal -0.559041 -0.82914 -0
    outer loop
      vertex 203.891 134.953 0.5
      vertex 203.759 135.042 0
      vertex 203.891 134.953 0
    endloop
  endfacet
  facet normal -0.491442 -0.87091 0
    outer loop
      vertex 203.619 135.121 0
      vertex 203.759 135.042 0.5
      vertex 203.619 135.121 0.5
    endloop
  endfacet
  facet normal -0.491442 -0.87091 -0
    outer loop
      vertex 203.759 135.042 0.5
      vertex 203.619 135.121 0
      vertex 203.759 135.042 0
    endloop
  endfacet
  facet normal -0.437331 -0.899301 0
    outer loop
      vertex 203.473 135.192 0
      vertex 203.619 135.121 0.5
      vertex 203.473 135.192 0.5
    endloop
  endfacet
  facet normal -0.437331 -0.899301 -0
    outer loop
      vertex 203.619 135.121 0.5
      vertex 203.473 135.192 0
      vertex 203.619 135.121 0
    endloop
  endfacet
  facet normal -0.370344 -0.928895 0
    outer loop
      vertex 203.32 135.253 0
      vertex 203.473 135.192 0.5
      vertex 203.32 135.253 0.5
    endloop
  endfacet
  facet normal -0.370344 -0.928895 -0
    outer loop
      vertex 203.473 135.192 0.5
      vertex 203.32 135.253 0
      vertex 203.473 135.192 0
    endloop
  endfacet
  facet normal -0.305428 -0.952215 0
    outer loop
      vertex 203.161 135.304 0
      vertex 203.32 135.253 0.5
      vertex 203.161 135.304 0.5
    endloop
  endfacet
  facet normal -0.305428 -0.952215 -0
    outer loop
      vertex 203.32 135.253 0.5
      vertex 203.161 135.304 0
      vertex 203.32 135.253 0
    endloop
  endfacet
  facet normal -0.243839 -0.969816 0
    outer loop
      vertex 202.986 135.348 0
      vertex 203.161 135.304 0.5
      vertex 202.986 135.348 0.5
    endloop
  endfacet
  facet normal -0.243839 -0.969816 -0
    outer loop
      vertex 203.161 135.304 0.5
      vertex 202.986 135.348 0
      vertex 203.161 135.304 0
    endloop
  endfacet
  facet normal -0.18459 -0.982816 0
    outer loop
      vertex 202.789 135.385 0
      vertex 202.986 135.348 0.5
      vertex 202.789 135.385 0.5
    endloop
  endfacet
  facet normal -0.18459 -0.982816 -0
    outer loop
      vertex 202.986 135.348 0.5
      vertex 202.789 135.385 0
      vertex 202.986 135.348 0
    endloop
  endfacet
  facet normal -0.134513 -0.990912 0
    outer loop
      vertex 202.568 135.415 0
      vertex 202.789 135.385 0.5
      vertex 202.568 135.415 0.5
    endloop
  endfacet
  facet normal -0.134513 -0.990912 -0
    outer loop
      vertex 202.789 135.385 0.5
      vertex 202.568 135.415 0
      vertex 202.789 135.385 0
    endloop
  endfacet
  facet normal -0.0945965 -0.995516 0
    outer loop
      vertex 202.347 135.436 0
      vertex 202.568 135.415 0.5
      vertex 202.347 135.436 0.5
    endloop
  endfacet
  facet normal -0.0945965 -0.995516 -0
    outer loop
      vertex 202.568 135.415 0.5
      vertex 202.347 135.436 0
      vertex 202.568 135.415 0
    endloop
  endfacet
  facet normal -1 0 0
    outer loop
      vertex 202.347 135.436 0
      vertex 202.347 136.276 0.5
      vertex 202.347 136.276 0
    endloop
  endfacet
  facet normal -1 -0 0
    outer loop
      vertex 202.347 136.276 0.5
      vertex 202.347 135.436 0
      vertex 202.347 135.436 0.5
    endloop
  endfacet
  facet normal 0 1 -0
    outer loop
      vertex 203.154 136.276 0
      vertex 202.347 136.276 0.5
      vertex 203.154 136.276 0.5
    endloop
  endfacet
  facet normal 0 1 0
    outer loop
      vertex 202.347 136.276 0.5
      vertex 203.154 136.276 0
      vertex 202.347 136.276 0
    endloop
  endfacet
  facet normal -1 0 0
    outer loop
      vertex 203.154 136.276 0
      vertex 203.154 136.907 0.5
      vertex 203.154 136.907 0
    endloop
  endfacet
  facet normal -1 -0 0
    outer loop
      vertex 203.154 136.907 0.5
      vertex 203.154 136.276 0
      vertex 203.154 136.276 0.5
    endloop
  endfacet
  facet normal 0 -1 0
    outer loop
      vertex 200.676 136.907 0
      vertex 203.154 136.907 0.5
      vertex 200.676 136.907 0.5
    endloop
  endfacet
  facet normal 0 -1 -0
    outer loop
      vertex 203.154 136.907 0.5
      vertex 200.676 136.907 0
      vertex 203.154 136.907 0
    endloop
  endfacet
  facet normal 1 -0 0
    outer loop
      vertex 200.676 136.276 0.5
      vertex 200.676 136.907 0
      vertex 200.676 136.907 0.5
    endloop
  endfacet
  facet normal 1 0 0
    outer loop
      vertex 200.676 136.907 0
      vertex 200.676 136.276 0.5
      vertex 200.676 136.276 0
    endloop
  endfacet
  facet normal 0 1 -0
    outer loop
      vertex 201.483 136.276 0
      vertex 200.676 136.276 0.5
      vertex 201.483 136.276 0.5
    endloop
  endfacet
  facet normal 0 1 0
    outer loop
      vertex 200.676 136.276 0.5
      vertex 201.483 136.276 0
      vertex 200.676 136.276 0
    endloop
  endfacet
  facet normal 1 -0 0
    outer loop
      vertex 201.483 135.468 0.5
      vertex 201.483 136.276 0
      vertex 201.483 136.276 0.5
    endloop
  endfacet
  facet normal 1 0 0
    outer loop
      vertex 201.483 136.276 0
      vertex 201.483 135.468 0.5
      vertex 201.483 135.468 0
    endloop
  endfacet
  facet normal -0.0322413 -0.99948 0
    outer loop
      vertex 201.452 135.469 0
      vertex 201.483 135.468 0.5
      vertex 201.452 135.469 0.5
    endloop
  endfacet
  facet normal -0.0322413 -0.99948 -0
    outer loop
      vertex 201.483 135.468 0.5
      vertex 201.452 135.469 0
      vertex 201.483 135.468 0
    endloop
  endfacet
  facet normal 0 -1 0
    outer loop
      vertex 200.075 135.469 0
      vertex 201.452 135.469 0.5
      vertex 200.075 135.469 0.5
    endloop
  endfacet
  facet normal 0 -1 -0
    outer loop
      vertex 201.452 135.469 0.5
      vertex 200.075 135.469 0
      vertex 201.452 135.469 0
    endloop
  endfacet
  facet normal 1 -0 0
    outer loop
      vertex 200.075 131.677 0.5
      vertex 200.075 135.469 0
      vertex 200.075 135.469 0.5
    endloop
  endfacet
  facet normal 1 0 0
    outer loop
      vertex 200.075 135.469 0
      vertex 200.075 131.677 0.5
      vertex 200.075 131.677 0
    endloop
  endfacet
  facet normal -1 0 0
    outer loop
      vertex 201.381 134.007 0
      vertex 201.381 134.483 0.5
      vertex 201.381 134.483 0
    endloop
  endfacet
  facet normal -1 -0 0
    outer loop
      vertex 201.381 134.483 0.5
      vertex 201.381 134.007 0
      vertex 201.381 134.007 0.5
    endloop
  endfacet
  facet normal 0 1 -0
    outer loop
      vertex 201.483 134.483 0
      vertex 201.381 134.483 0.5
      vertex 201.483 134.483 0.5
    endloop
  endfacet
  facet normal 0 1 0
    outer loop
      vertex 201.381 134.483 0.5
      vertex 201.483 134.483 0
      vertex 201.381 134.483 0
    endloop
  endfacet
  facet normal 1 -0 0
    outer loop
      vertex 201.483 133.986 0.5
      vertex 201.483 134.483 0
      vertex 201.483 134.483 0.5
    endloop
  endfacet
  facet normal 1 0 0
    outer loop
      vertex 201.483 134.483 0
      vertex 201.483 133.986 0.5
      vertex 201.483 133.986 0
    endloop
  endfacet
  facet normal -0.201653 -0.979457 0
    outer loop
      vertex 201.381 134.007 0
      vertex 201.483 133.986 0.5
      vertex 201.381 134.007 0.5
    endloop
  endfacet
  facet normal -0.201653 -0.979457 -0
    outer loop
      vertex 201.483 133.986 0.5
      vertex 201.381 134.007 0
      vertex 201.483 133.986 0
    endloop
  endfacet
  facet normal -1 0 0
    outer loop
      vertex 201.381 131.677 0
      vertex 201.381 133.384 0.5
      vertex 201.381 133.384 0
    endloop
  endfacet
  facet normal -1 -0 0
    outer loop
      vertex 201.381 133.384 0.5
      vertex 201.381 131.677 0
      vertex 201.381 131.677 0.5
    endloop
  endfacet
  facet normal 0.201938 0.979398 -0
    outer loop
      vertex 201.478 133.364 0
      vertex 201.381 133.384 0.5
      vertex 201.478 133.364 0.5
    endloop
  endfacet
  facet normal 0.201938 0.979398 0
    outer loop
      vertex 201.381 133.384 0.5
      vertex 201.478 133.364 0
      vertex 201.381 133.384 0
    endloop
  endfacet
  facet normal 0 1 -0
    outer loop
      vertex 202.347 133.364 0
      vertex 201.478 133.364 0.5
      vertex 202.347 133.364 0.5
    endloop
  endfacet
  facet normal 0 1 0
    outer loop
      vertex 201.478 133.364 0.5
      vertex 202.347 133.364 0
      vertex 201.478 133.364 0
    endloop
  endfacet
  facet normal -1 0 0
    outer loop
      vertex 202.347 133.364 0
      vertex 202.347 134.435 0.5
      vertex 202.347 134.435 0
    endloop
  endfacet
  facet normal -1 -0 0
    outer loop
      vertex 202.347 134.435 0.5
      vertex 202.347 133.364 0
      vertex 202.347 133.364 0.5
    endloop
  endfacet
  facet normal 0.207264 0.978285 -0
    outer loop
      vertex 202.465 134.41 0
      vertex 202.347 134.435 0.5
      vertex 202.465 134.41 0.5
    endloop
  endfacet
  facet normal 0.207264 0.978285 0
    outer loop
      vertex 202.347 134.435 0.5
      vertex 202.465 134.41 0
      vertex 202.347 134.435 0
    endloop
  endfacet
  facet normal 0.304776 0.952424 -0
    outer loop
      vertex 202.64 134.354 0
      vertex 202.465 134.41 0.5
      vertex 202.64 134.354 0.5
    endloop
  endfacet
  facet normal 0.304776 0.952424 0
    outer loop
      vertex 202.465 134.41 0.5
      vertex 202.64 134.354 0
      vertex 202.465 134.41 0
    endloop
  endfacet
  facet normal 0.417245 0.908794 -0
    outer loop
      vertex 202.799 134.281 0
      vertex 202.64 134.354 0.5
      vertex 202.799 134.281 0.5
    endloop
  endfacet
  facet normal 0.417245 0.908794 0
    outer loop
      vertex 202.64 134.354 0.5
      vertex 202.799 134.281 0
      vertex 202.64 134.354 0
    endloop
  endfacet
  facet normal 0.529999 0.847998 -0
    outer loop
      vertex 202.943 134.191 0
      vertex 202.799 134.281 0.5
      vertex 202.943 134.191 0.5
    endloop
  endfacet
  facet normal 0.529999 0.847998 0
    outer loop
      vertex 202.799 134.281 0.5
      vertex 202.943 134.191 0
      vertex 202.799 134.281 0
    endloop
  endfacet
  facet normal 0.634224 0.773149 -0
    outer loop
      vertex 203.071 134.086 0
      vertex 202.943 134.191 0.5
      vertex 203.071 134.086 0.5
    endloop
  endfacet
  facet normal 0.634224 0.773149 0
    outer loop
      vertex 202.943 134.191 0.5
      vertex 203.071 134.086 0
      vertex 202.943 134.191 0
    endloop
  endfacet
  facet normal 0.733873 0.679287 0
    outer loop
      vertex 203.183 133.965 0.5
      vertex 203.071 134.086 0
      vertex 203.071 134.086 0.5
    endloop
  endfacet
  facet normal 0.733873 0.679287 0
    outer loop
      vertex 203.071 134.086 0
      vertex 203.183 133.965 0.5
      vertex 203.183 133.965 0
    endloop
  endfacet
  facet normal 0.817806 0.575493 0
    outer loop
      vertex 203.278 133.83 0.5
      vertex 203.183 133.965 0
      vertex 203.183 133.965 0.5
    endloop
  endfacet
  facet normal 0.817806 0.575493 0
    outer loop
      vertex 203.183 133.965 0
      vertex 203.278 133.83 0.5
      vertex 203.278 133.83 0
    endloop
  endfacet
  facet normal 0.889632 0.456678 0
    outer loop
      vertex 203.355 133.68 0.5
      vertex 203.278 133.83 0
      vertex 203.278 133.83 0.5
    endloop
  endfacet
  facet normal 0.889632 0.456678 0
    outer loop
      vertex 203.278 133.83 0
      vertex 203.355 133.68 0.5
      vertex 203.355 133.68 0
    endloop
  endfacet
  facet normal 0.939793 0.341743 0
    outer loop
      vertex 203.415 133.515 0.5
      vertex 203.355 133.68 0
      vertex 203.355 133.68 0.5
    endloop
  endfacet
  facet normal 0.939793 0.341743 0
    outer loop
      vertex 203.355 133.68 0
      vertex 203.415 133.515 0.5
      vertex 203.415 133.515 0
    endloop
  endfacet
  facet normal 0.971399 0.237453 0
    outer loop
      vertex 203.459 133.335 0.5
      vertex 203.415 133.515 0
      vertex 203.415 133.515 0.5
    endloop
  endfacet
  facet normal 0.971399 0.237453 0
    outer loop
      vertex 203.415 133.515 0
      vertex 203.459 133.335 0.5
      vertex 203.459 133.335 0
    endloop
  endfacet
  facet normal 0.991799 0.127809 0
    outer loop
      vertex 203.484 133.141 0.5
      vertex 203.459 133.335 0
      vertex 203.459 133.335 0.5
    endloop
  endfacet
  facet normal 0.991799 0.127809 0
    outer loop
      vertex 203.459 133.335 0
      vertex 203.484 133.141 0.5
      vertex 203.484 133.141 0
    endloop
  endfacet
  facet normal 0.999074 0.0430223 0
    outer loop
      vertex 203.493 132.932 0.5
      vertex 203.484 133.141 0
      vertex 203.484 133.141 0.5
    endloop
  endfacet
  facet normal 0.999074 0.0430223 0
    outer loop
      vertex 203.484 133.141 0
      vertex 203.493 132.932 0.5
      vertex 203.493 132.932 0
    endloop
  endfacet
  facet normal 0.999056 -0.0434372 0
    outer loop
      vertex 203.484 132.725 0.5
      vertex 203.493 132.932 0
      vertex 203.493 132.932 0.5
    endloop
  endfacet
  facet normal 0.999056 -0.0434372 0
    outer loop
      vertex 203.493 132.932 0
      vertex 203.484 132.725 0.5
      vertex 203.484 132.725 0
    endloop
  endfacet
  facet normal 0.991799 -0.127809 0
    outer loop
      vertex 203.459 132.531 0.5
      vertex 203.484 132.725 0
      vertex 203.484 132.725 0.5
    endloop
  endfacet
  facet normal 0.991799 -0.127809 0
    outer loop
      vertex 203.484 132.725 0
      vertex 203.459 132.531 0.5
      vertex 203.459 132.531 0
    endloop
  endfacet
  facet normal 0.972039 -0.234818 0
    outer loop
      vertex 203.416 132.353 0.5
      vertex 203.459 132.531 0
      vertex 203.459 132.531 0.5
    endloop
  endfacet
  facet normal 0.972039 -0.234818 0
    outer loop
      vertex 203.459 132.531 0
      vertex 203.416 132.353 0.5
      vertex 203.416 132.353 0
    endloop
  endfacet
  facet normal 0.939123 -0.343582 0
    outer loop
      vertex 203.356 132.189 0.5
      vertex 203.416 132.353 0
      vertex 203.416 132.353 0.5
    endloop
  endfacet
  facet normal 0.939123 -0.343582 0
    outer loop
      vertex 203.416 132.353 0
      vertex 203.356 132.189 0.5
      vertex 203.356 132.189 0
    endloop
  endfacet
  facet normal 0.888385 -0.459098 0
    outer loop
      vertex 203.279 132.04 0.5
      vertex 203.356 132.189 0
      vertex 203.356 132.189 0.5
    endloop
  endfacet
  facet normal 0.888385 -0.459098 0
    outer loop
      vertex 203.356 132.189 0
      vertex 203.279 132.04 0.5
      vertex 203.279 132.04 0
    endloop
  endfacet
  facet normal 0.817806 -0.575493 0
    outer loop
      vertex 203.184 131.905 0.5
      vertex 203.279 132.04 0
      vertex 203.279 132.04 0.5
    endloop
  endfacet
  facet normal 0.817806 -0.575493 0
    outer loop
      vertex 203.279 132.04 0
      vertex 203.184 131.905 0.5
      vertex 203.184 131.905 0
    endloop
  endfacet
  facet normal 0.73126 -0.682099 0
    outer loop
      vertex 203.073 131.786 0.5
      vertex 203.184 131.905 0
      vertex 203.184 131.905 0.5
    endloop
  endfacet
  facet normal 0.73126 -0.682099 0
    outer loop
      vertex 203.184 131.905 0
      vertex 203.073 131.786 0.5
      vertex 203.073 131.786 0
    endloop
  endfacet
  facet normal 0.634224 -0.773149 0
    outer loop
      vertex 202.945 131.681 0
      vertex 203.073 131.786 0.5
      vertex 202.945 131.681 0.5
    endloop
  endfacet
  facet normal 0.634224 -0.773149 0
    outer loop
      vertex 203.073 131.786 0.5
      vertex 202.945 131.681 0
      vertex 203.073 131.786 0
    endloop
  endfacet
  facet normal 0.496139 -0.868243 0
    outer loop
      vertex 202.938 131.677 0
      vertex 202.945 131.681 0.5
      vertex 202.938 131.677 0.5
    endloop
  endfacet
  facet normal 0.496139 -0.868243 0
    outer loop
      vertex 202.945 131.681 0.5
      vertex 202.938 131.677 0
      vertex 202.945 131.681 0
    endloop
  endfacet
  facet normal -0.141421 0.989949 0
    outer loop
      vertex 198.864 133.405 0
      vertex 198.857 133.404 0.5
      vertex 198.864 133.405 0.5
    endloop
  endfacet
  facet normal -0.141421 0.989949 0
    outer loop
      vertex 198.857 133.404 0.5
      vertex 198.864 133.405 0
      vertex 198.857 133.404 0
    endloop
  endfacet
  facet normal -0.199834 0.97983 0
    outer loop
      vertex 199.016 133.436 0
      vertex 198.864 133.405 0.5
      vertex 199.016 133.436 0.5
    endloop
  endfacet
  facet normal -0.199834 0.97983 0
    outer loop
      vertex 198.864 133.405 0.5
      vertex 199.016 133.436 0
      vertex 198.864 133.405 0
    endloop
  endfacet
  facet normal -0.286706 0.958019 0
    outer loop
      vertex 199.153 133.477 0
      vertex 199.016 133.436 0.5
      vertex 199.153 133.477 0.5
    endloop
  endfacet
  facet normal -0.286706 0.958019 0
    outer loop
      vertex 199.016 133.436 0.5
      vertex 199.153 133.477 0
      vertex 199.016 133.436 0
    endloop
  endfacet
  facet normal -0.387364 0.921927 0
    outer loop
      vertex 199.272 133.527 0
      vertex 199.153 133.477 0.5
      vertex 199.272 133.527 0.5
    endloop
  endfacet
  facet normal -0.387364 0.921927 0
    outer loop
      vertex 199.153 133.477 0.5
      vertex 199.272 133.527 0
      vertex 199.153 133.477 0
    endloop
  endfacet
  facet normal -0.503349 0.864083 0
    outer loop
      vertex 199.375 133.587 0
      vertex 199.272 133.527 0.5
      vertex 199.375 133.587 0.5
    endloop
  endfacet
  facet normal -0.503349 0.864083 0
    outer loop
      vertex 199.272 133.527 0.5
      vertex 199.375 133.587 0
      vertex 199.272 133.527 0
    endloop
  endfacet
  facet normal -0.617031 0.786939 0
    outer loop
      vertex 199.463 133.656 0
      vertex 199.375 133.587 0.5
      vertex 199.463 133.656 0.5
    endloop
  endfacet
  facet normal -0.617031 0.786939 0
    outer loop
      vertex 199.375 133.587 0.5
      vertex 199.463 133.656 0
      vertex 199.375 133.587 0
    endloop
  endfacet
  facet normal -0.734099 0.679042 0
    outer loop
      vertex 199.463 133.656 0
      vertex 199.537 133.736 0.5
      vertex 199.537 133.736 0
    endloop
  endfacet
  facet normal -0.734099 0.679042 0
    outer loop
      vertex 199.537 133.736 0.5
      vertex 199.463 133.656 0
      vertex 199.463 133.656 0.5
    endloop
  endfacet
  facet normal -0.830643 0.556805 0
    outer loop
      vertex 199.537 133.736 0
      vertex 199.598 133.827 0.5
      vertex 199.598 133.827 0
    endloop
  endfacet
  facet normal -0.830643 0.556805 0
    outer loop
      vertex 199.598 133.827 0.5
      vertex 199.537 133.736 0
      vertex 199.537 133.736 0.5
    endloop
  endfacet
  facet normal -0.90822 0.418493 0
    outer loop
      vertex 199.598 133.827 0
      vertex 199.645 133.929 0.5
      vertex 199.645 133.929 0
    endloop
  endfacet
  facet normal -0.90822 0.418493 0
    outer loop
      vertex 199.645 133.929 0.5
      vertex 199.598 133.827 0
      vertex 199.598 133.827 0.5
    endloop
  endfacet
  facet normal -0.957593 0.288125 0
    outer loop
      vertex 199.645 133.929 0
      vertex 199.679 134.042 0.5
      vertex 199.679 134.042 0
    endloop
  endfacet
  facet normal -0.957593 0.288125 0
    outer loop
      vertex 199.679 134.042 0.5
      vertex 199.645 133.929 0
      vertex 199.645 133.929 0.5
    endloop
  endfacet
  facet normal -0.987241 0.159232 0
    outer loop
      vertex 199.679 134.042 0
      vertex 199.699 134.166 0.5
      vertex 199.699 134.166 0
    endloop
  endfacet
  facet normal -0.987241 0.159232 0
    outer loop
      vertex 199.699 134.166 0.5
      vertex 199.679 134.042 0
      vertex 199.679 134.042 0.5
    endloop
  endfacet
  facet normal -0.998658 0.0517823 0
    outer loop
      vertex 199.699 134.166 0
      vertex 199.706 134.301 0.5
      vertex 199.706 134.301 0
    endloop
  endfacet
  facet normal -0.998658 0.0517823 0
    outer loop
      vertex 199.706 134.301 0.5
      vertex 199.699 134.166 0
      vertex 199.699 134.166 0.5
    endloop
  endfacet
  facet normal -0.999614 -0.0277671 0
    outer loop
      vertex 199.706 134.301 0
      vertex 199.704 134.373 0.5
      vertex 199.704 134.373 0
    endloop
  endfacet
  facet normal -0.999614 -0.0277671 0
    outer loop
      vertex 199.704 134.373 0.5
      vertex 199.706 134.301 0
      vertex 199.706 134.301 0.5
    endloop
  endfacet
  facet normal -0.993346 -0.115171 0
    outer loop
      vertex 199.704 134.373 0
      vertex 199.696 134.442 0.5
      vertex 199.696 134.442 0
    endloop
  endfacet
  facet normal -0.993346 -0.115171 0
    outer loop
      vertex 199.696 134.442 0.5
      vertex 199.704 134.373 0
      vertex 199.704 134.373 0.5
    endloop
  endfacet
  facet normal -0.98387 -0.178885 0
    outer loop
      vertex 199.696 134.442 0
      vertex 199.684 134.508 0.5
      vertex 199.684 134.508 0
    endloop
  endfacet
  facet normal -0.98387 -0.178885 0
    outer loop
      vertex 199.684 134.508 0.5
      vertex 199.696 134.442 0
      vertex 199.696 134.442 0.5
    endloop
  endfacet
  facet normal -0.965468 -0.260523 0
    outer loop
      vertex 199.684 134.508 0
      vertex 199.667 134.571 0.5
      vertex 199.667 134.571 0
    endloop
  endfacet
  facet normal -0.965468 -0.260523 0
    outer loop
      vertex 199.667 134.571 0.5
      vertex 199.684 134.508 0
      vertex 199.684 134.508 0.5
    endloop
  endfacet
  facet normal -0.933746 -0.357936 0
    outer loop
      vertex 199.667 134.571 0
      vertex 199.644 134.631 0.5
      vertex 199.644 134.631 0
    endloop
  endfacet
  facet normal -0.933746 -0.357936 0
    outer loop
      vertex 199.644 134.631 0.5
      vertex 199.667 134.571 0
      vertex 199.667 134.571 0.5
    endloop
  endfacet
  facet normal -0.900769 -0.434299 0
    outer loop
      vertex 199.644 134.631 0
      vertex 199.617 134.687 0.5
      vertex 199.617 134.687 0
    endloop
  endfacet
  facet normal -0.900769 -0.434299 0
    outer loop
      vertex 199.617 134.687 0.5
      vertex 199.644 134.631 0
      vertex 199.644 134.631 0.5
    endloop
  endfacet
  facet normal -0.860292 -0.509802 0
    outer loop
      vertex 199.617 134.687 0
      vertex 199.585 134.741 0.5
      vertex 199.585 134.741 0
    endloop
  endfacet
  facet normal -0.860292 -0.509802 0
    outer loop
      vertex 199.585 134.741 0.5
      vertex 199.617 134.687 0
      vertex 199.617 134.687 0.5
    endloop
  endfacet
  facet normal -0.803842 -0.594843 0
    outer loop
      vertex 199.585 134.741 0
      vertex 199.548 134.791 0.5
      vertex 199.548 134.791 0
    endloop
  endfacet
  facet normal -0.803842 -0.594843 0
    outer loop
      vertex 199.548 134.791 0.5
      vertex 199.585 134.741 0
      vertex 199.585 134.741 0.5
    endloop
  endfacet
  facet normal -0.746513 -0.665371 0
    outer loop
      vertex 199.548 134.791 0
      vertex 199.507 134.837 0.5
      vertex 199.507 134.837 0
    endloop
  endfacet
  facet normal -0.746513 -0.665371 0
    outer loop
      vertex 199.507 134.837 0.5
      vertex 199.548 134.791 0
      vertex 199.548 134.791 0.5
    endloop
  endfacet
  facet normal -0.674269 -0.738485 0
    outer loop
      vertex 199.461 134.879 0
      vertex 199.507 134.837 0.5
      vertex 199.461 134.879 0.5
    endloop
  endfacet
  facet normal -0.674269 -0.738485 -0
    outer loop
      vertex 199.507 134.837 0.5
      vertex 199.461 134.879 0
      vertex 199.507 134.837 0
    endloop
  endfacet
  facet normal -0.615032 -0.788502 0
    outer loop
      vertex 199.411 134.918 0
      vertex 199.461 134.879 0.5
      vertex 199.411 134.918 0.5
    endloop
  endfacet
  facet normal -0.615032 -0.788502 -0
    outer loop
      vertex 199.461 134.879 0.5
      vertex 199.411 134.918 0
      vertex 199.461 134.879 0
    endloop
  endfacet
  facet normal -0.525822 -0.850595 0
    outer loop
      vertex 199.356 134.952 0
      vertex 199.411 134.918 0.5
      vertex 199.356 134.952 0.5
    endloop
  endfacet
  facet normal -0.525822 -0.850595 -0
    outer loop
      vertex 199.411 134.918 0.5
      vertex 199.356 134.952 0
      vertex 199.411 134.918 0
    endloop
  endfacet
  facet normal -0.465128 -0.885243 0
    outer loop
      vertex 199.297 134.983 0
      vertex 199.356 134.952 0.5
      vertex 199.297 134.983 0.5
    endloop
  endfacet
  facet normal -0.465128 -0.885243 -0
    outer loop
      vertex 199.356 134.952 0.5
      vertex 199.297 134.983 0
      vertex 199.356 134.952 0
    endloop
  endfacet
  facet normal -0.393919 -0.919145 0
    outer loop
      vertex 199.234 135.01 0
      vertex 199.297 134.983 0.5
      vertex 199.234 135.01 0.5
    endloop
  endfacet
  facet normal -0.393919 -0.919145 -0
    outer loop
      vertex 199.297 134.983 0.5
      vertex 199.234 135.01 0
      vertex 199.297 134.983 0
    endloop
  endfacet
  facet normal -0.32671 0.945125 0
    outer loop
      vertex 199.315 135.038 0
      vertex 199.234 135.01 0.5
      vertex 199.315 135.038 0.5
    endloop
  endfacet
  facet normal -0.32671 0.945125 0
    outer loop
      vertex 199.234 135.01 0.5
      vertex 199.315 135.038 0
      vertex 199.234 135.01 0
    endloop
  endfacet
  facet normal -0.398285 0.917262 0
    outer loop
      vertex 199.391 135.071 0
      vertex 199.315 135.038 0.5
      vertex 199.391 135.071 0.5
    endloop
  endfacet
  facet normal -0.398285 0.917262 0
    outer loop
      vertex 199.315 135.038 0.5
      vertex 199.391 135.071 0
      vertex 199.315 135.038 0
    endloop
  endfacet
  facet normal -0.481445 0.876476 0
    outer loop
      vertex 199.462 135.11 0
      vertex 199.391 135.071 0.5
      vertex 199.462 135.11 0.5
    endloop
  endfacet
  facet normal -0.481445 0.876476 0
    outer loop
      vertex 199.391 135.071 0.5
      vertex 199.462 135.11 0
      vertex 199.391 135.071 0
    endloop
  endfacet
  facet normal -0.56921 0.822192 0
    outer loop
      vertex 199.527 135.155 0
      vertex 199.462 135.11 0.5
      vertex 199.527 135.155 0.5
    endloop
  endfacet
  facet normal -0.56921 0.822192 0
    outer loop
      vertex 199.462 135.11 0.5
      vertex 199.527 135.155 0
      vertex 199.462 135.11 0
    endloop
  endfacet
  facet normal -0.653954 0.756535 0
    outer loop
      vertex 199.586 135.206 0
      vertex 199.527 135.155 0.5
      vertex 199.586 135.206 0.5
    endloop
  endfacet
  facet normal -0.653954 0.756535 0
    outer loop
      vertex 199.527 135.155 0.5
      vertex 199.586 135.206 0
      vertex 199.527 135.155 0
    endloop
  endfacet
  facet normal -0.719619 0.694369 0
    outer loop
      vertex 199.586 135.206 0
      vertex 199.641 135.263 0.5
      vertex 199.641 135.263 0
    endloop
  endfacet
  facet normal -0.719619 0.694369 0
    outer loop
      vertex 199.641 135.263 0.5
      vertex 199.586 135.206 0
      vertex 199.586 135.206 0.5
    endloop
  endfacet
  facet normal -0.789352 0.613941 0
    outer loop
      vertex 199.641 135.263 0
      vertex 199.69 135.326 0.5
      vertex 199.69 135.326 0
    endloop
  endfacet
  facet normal -0.789352 0.613941 0
    outer loop
      vertex 199.69 135.326 0.5
      vertex 199.641 135.263 0
      vertex 199.641 135.263 0.5
    endloop
  endfacet
  facet normal -0.850798 0.525493 0
    outer loop
      vertex 199.69 135.326 0
      vertex 199.732 135.394 0.5
      vertex 199.732 135.394 0
    endloop
  endfacet
  facet normal -0.850798 0.525493 0
    outer loop
      vertex 199.732 135.394 0.5
      vertex 199.69 135.326 0
      vertex 199.69 135.326 0.5
    endloop
  endfacet
  facet normal -0.889431 0.457069 0
    outer loop
      vertex 199.732 135.394 0
      vertex 199.769 135.466 0.5
      vertex 199.769 135.466 0
    endloop
  endfacet
  facet normal -0.889431 0.457069 0
    outer loop
      vertex 199.769 135.466 0.5
      vertex 199.732 135.394 0
      vertex 199.732 135.394 0.5
    endloop
  endfacet
  facet normal -0.935829 0.352455 0
    outer loop
      vertex 199.769 135.466 0
      vertex 199.798 135.543 0.5
      vertex 199.798 135.543 0
    endloop
  endfacet
  facet normal -0.935829 0.352455 0
    outer loop
      vertex 199.798 135.543 0.5
      vertex 199.769 135.466 0
      vertex 199.769 135.466 0.5
    endloop
  endfacet
  facet normal -0.961069 0.276307 0
    outer loop
      vertex 199.798 135.543 0
      vertex 199.821 135.623 0.5
      vertex 199.821 135.623 0
    endloop
  endfacet
  facet normal -0.961069 0.276307 0
    outer loop
      vertex 199.821 135.623 0.5
      vertex 199.798 135.543 0
      vertex 199.798 135.543 0.5
    endloop
  endfacet
  facet normal -0.980581 0.196116 0
    outer loop
      vertex 199.821 135.623 0
      vertex 199.838 135.708 0.5
      vertex 199.838 135.708 0
    endloop
  endfacet
  facet normal -0.980581 0.196116 0
    outer loop
      vertex 199.838 135.708 0.5
      vertex 199.821 135.623 0
      vertex 199.821 135.623 0.5
    endloop
  endfacet
  facet normal -0.993884 0.110432 0
    outer loop
      vertex 199.838 135.708 0
      vertex 199.848 135.798 0.5
      vertex 199.848 135.798 0
    endloop
  endfacet
  facet normal -0.993884 0.110432 0
    outer loop
      vertex 199.848 135.798 0.5
      vertex 199.838 135.708 0
      vertex 199.838 135.708 0.5
    endloop
  endfacet
  facet normal -0.99948 0.0322413 0
    outer loop
      vertex 199.848 135.798 0
      vertex 199.851 135.891 0.5
      vertex 199.851 135.891 0
    endloop
  endfacet
  facet normal -0.99948 0.0322413 0
    outer loop
      vertex 199.851 135.891 0.5
      vertex 199.848 135.798 0
      vertex 199.848 135.798 0.5
    endloop
  endfacet
  facet normal -0.99877 -0.0495843 0
    outer loop
      vertex 199.851 135.891 0
      vertex 199.844 136.032 0.5
      vertex 199.844 136.032 0
    endloop
  endfacet
  facet normal -0.99877 -0.0495843 0
    outer loop
      vertex 199.844 136.032 0.5
      vertex 199.851 135.891 0
      vertex 199.851 135.891 0.5
    endloop
  endfacet
  facet normal -0.987394 -0.158284 0
    outer loop
      vertex 199.844 136.032 0
      vertex 199.823 136.163 0.5
      vertex 199.823 136.163 0
    endloop
  endfacet
  facet normal -0.987394 -0.158284 0
    outer loop
      vertex 199.823 136.163 0.5
      vertex 199.844 136.032 0
      vertex 199.844 136.032 0.5
    endloop
  endfacet
  facet normal -0.957826 -0.287348 0
    outer loop
      vertex 199.823 136.163 0
      vertex 199.787 136.283 0.5
      vertex 199.787 136.283 0
    endloop
  endfacet
  facet normal -0.957826 -0.287348 0
    outer loop
      vertex 199.787 136.283 0.5
      vertex 199.823 136.163 0
      vertex 199.823 136.163 0.5
    endloop
  endfacet
  facet normal -0.912078 -0.410017 0
    outer loop
      vertex 199.787 136.283 0
      vertex 199.738 136.392 0.5
      vertex 199.738 136.392 0
    endloop
  endfacet
  facet normal -0.912078 -0.410017 0
    outer loop
      vertex 199.738 136.392 0.5
      vertex 199.787 136.283 0
      vertex 199.787 136.283 0.5
    endloop
  endfacet
  facet normal -0.837271 -0.546789 0
    outer loop
      vertex 199.738 136.392 0
      vertex 199.674 136.49 0.5
      vertex 199.674 136.49 0
    endloop
  endfacet
  facet normal -0.837271 -0.546789 0
    outer loop
      vertex 199.674 136.49 0.5
      vertex 199.738 136.392 0
      vertex 199.738 136.392 0.5
    endloop
  endfacet
  facet normal -0.748347 -0.663308 0
    outer loop
      vertex 199.674 136.49 0
      vertex 199.596 136.578 0.5
      vertex 199.596 136.578 0
    endloop
  endfacet
  facet normal -0.748347 -0.663308 0
    outer loop
      vertex 199.596 136.578 0.5
      vertex 199.674 136.49 0
      vertex 199.674 136.49 0.5
    endloop
  endfacet
  facet normal -0.646685 -0.762757 0
    outer loop
      vertex 199.504 136.656 0
      vertex 199.596 136.578 0.5
      vertex 199.504 136.656 0.5
    endloop
  endfacet
  facet normal -0.646685 -0.762757 -0
    outer loop
      vertex 199.596 136.578 0.5
      vertex 199.504 136.656 0
      vertex 199.596 136.578 0
    endloop
  endfacet
  facet normal -0.528558 -0.848897 0
    outer loop
      vertex 199.398 136.722 0
      vertex 199.504 136.656 0.5
      vertex 199.398 136.722 0.5
    endloop
  endfacet
  facet normal -0.528558 -0.848897 -0
    outer loop
      vertex 199.504 136.656 0.5
      vertex 199.398 136.722 0
      vertex 199.504 136.656 0
    endloop
  endfacet
  facet normal -0.426157 -0.904649 0
    outer loop
      vertex 199.277 136.779 0
      vertex 199.398 136.722 0.5
      vertex 199.277 136.779 0.5
    endloop
  endfacet
  facet normal -0.426157 -0.904649 -0
    outer loop
      vertex 199.398 136.722 0.5
      vertex 199.277 136.779 0
      vertex 199.398 136.722 0
    endloop
  endfacet
  facet normal -0.320404 -0.947281 0
    outer loop
      vertex 199.141 136.825 0
      vertex 199.277 136.779 0.5
      vertex 199.141 136.825 0.5
    endloop
  endfacet
  facet normal -0.320404 -0.947281 -0
    outer loop
      vertex 199.277 136.779 0.5
      vertex 199.141 136.825 0
      vertex 199.277 136.779 0
    endloop
  endfacet
  facet normal -0.233373 -0.972387 0
    outer loop
      vertex 198.991 136.861 0
      vertex 199.141 136.825 0.5
      vertex 198.991 136.861 0.5
    endloop
  endfacet
  facet normal -0.233373 -0.972387 -0
    outer loop
      vertex 199.141 136.825 0.5
      vertex 198.991 136.861 0
      vertex 199.141 136.825 0
    endloop
  endfacet
  facet normal -0.15474 -0.987955 0
    outer loop
      vertex 198.825 136.887 0
      vertex 198.991 136.861 0.5
      vertex 198.825 136.887 0.5
    endloop
  endfacet
  facet normal -0.15474 -0.987955 -0
    outer loop
      vertex 198.991 136.861 0.5
      vertex 198.825 136.887 0
      vertex 198.991 136.861 0
    endloop
  endfacet
  facet normal -0.0830455 -0.996546 0
    outer loop
      vertex 198.645 136.902 0
      vertex 198.825 136.887 0.5
      vertex 198.645 136.902 0.5
    endloop
  endfacet
  facet normal -0.0830455 -0.996546 -0
    outer loop
      vertex 198.825 136.887 0.5
      vertex 198.645 136.902 0
      vertex 198.825 136.887 0
    endloop
  endfacet
  facet normal -0.0257646 -0.999668 0
    outer loop
      vertex 198.451 136.907 0
      vertex 198.645 136.902 0.5
      vertex 198.451 136.907 0.5
    endloop
  endfacet
  facet normal -0.0257646 -0.999668 -0
    outer loop
      vertex 198.645 136.902 0.5
      vertex 198.451 136.907 0
      vertex 198.645 136.902 0
    endloop
  endfacet
  facet normal 0 -1 0
    outer loop
      vertex 196.934 136.907 0
      vertex 198.451 136.907 0.5
      vertex 196.934 136.907 0.5
    endloop
  endfacet
  facet normal 0 -1 -0
    outer loop
      vertex 198.451 136.907 0.5
      vertex 196.934 136.907 0
      vertex 198.451 136.907 0
    endloop
  endfacet
  facet normal 1 -0 0
    outer loop
      vertex 196.934 133.364 0.5
      vertex 196.934 136.907 0
      vertex 196.934 136.907 0.5
    endloop
  endfacet
  facet normal 1 0 0
    outer loop
      vertex 196.934 136.907 0
      vertex 196.934 133.364 0.5
      vertex 196.934 133.364 0
    endloop
  endfacet
  facet normal 0 1 -0
    outer loop
      vertex 197.552 133.364 0
      vertex 196.934 133.364 0.5
      vertex 197.552 133.364 0.5
    endloop
  endfacet
  facet normal 0 1 0
    outer loop
      vertex 196.934 133.364 0.5
      vertex 197.552 133.364 0
      vertex 196.934 133.364 0
    endloop
  endfacet
  facet normal 1 -0 0
    outer loop
      vertex 197.552 130.406 0.5
      vertex 197.552 133.364 0
      vertex 197.552 133.364 0.5
    endloop
  endfacet
  facet normal 1 0 0
    outer loop
      vertex 197.552 133.364 0
      vertex 197.552 130.406 0.5
      vertex 197.552 130.406 0
    endloop
  endfacet
  facet normal 0 1 -0
    outer loop
      vertex 198.857 130.406 0
      vertex 197.552 130.406 0.5
      vertex 198.857 130.406 0.5
    endloop
  endfacet
  facet normal 0 1 0
    outer loop
      vertex 197.552 130.406 0.5
      vertex 198.857 130.406 0
      vertex 197.552 130.406 0
    endloop
  endfacet
  facet normal -1 0 0
    outer loop
      vertex 198.857 130.406 0
      vertex 198.857 133.404 0.5
      vertex 198.857 133.404 0
    endloop
  endfacet
  facet normal -1 -0 0
    outer loop
      vertex 198.857 133.404 0.5
      vertex 198.857 130.406 0
      vertex 198.857 130.406 0.5
    endloop
  endfacet
  facet normal -1 0 0
    outer loop
      vertex 197.848 135.469 0
      vertex 197.848 136.285 0.5
      vertex 197.848 136.285 0
    endloop
  endfacet
  facet normal -1 -0 0
    outer loop
      vertex 197.848 136.285 0.5
      vertex 197.848 135.469 0
      vertex 197.848 135.469 0.5
    endloop
  endfacet
  facet normal 0 1 -0
    outer loop
      vertex 198.384 136.285 0
      vertex 197.848 136.285 0.5
      vertex 198.384 136.285 0.5
    endloop
  endfacet
  facet normal 0 1 0
    outer loop
      vertex 197.848 136.285 0.5
      vertex 198.384 136.285 0
      vertex 197.848 136.285 0
    endloop
  endfacet
  facet normal 0.039443 0.999222 -0
    outer loop
      vertex 198.46 136.282 0
      vertex 198.384 136.285 0.5
      vertex 198.46 136.282 0.5
    endloop
  endfacet
  facet normal 0.039443 0.999222 0
    outer loop
      vertex 198.384 136.285 0.5
      vertex 198.46 136.282 0
      vertex 198.384 136.285 0
    endloop
  endfacet
  facet normal 0.0995037 0.995037 -0
    outer loop
      vertex 198.53 136.275 0
      vertex 198.46 136.282 0.5
      vertex 198.53 136.275 0.5
    endloop
  endfacet
  facet normal 0.0995037 0.995037 0
    outer loop
      vertex 198.46 136.282 0.5
      vertex 198.53 136.275 0
      vertex 198.46 136.282 0
    endloop
  endfacet
  facet normal 0.181547 0.983382 -0
    outer loop
      vertex 198.595 136.263 0
      vertex 198.53 136.275 0.5
      vertex 198.595 136.263 0.5
    endloop
  endfacet
  facet normal 0.181547 0.983382 0
    outer loop
      vertex 198.53 136.275 0.5
      vertex 198.595 136.263 0
      vertex 198.53 136.275 0
    endloop
  endfacet
  facet normal 0.261733 0.96514 -0
    outer loop
      vertex 198.654 136.247 0
      vertex 198.595 136.263 0.5
      vertex 198.654 136.247 0.5
    endloop
  endfacet
  facet normal 0.261733 0.96514 0
    outer loop
      vertex 198.595 136.263 0.5
      vertex 198.654 136.247 0
      vertex 198.595 136.263 0
    endloop
  endfacet
  facet normal 0.377297 0.926092 -0
    outer loop
      vertex 198.708 136.225 0
      vertex 198.654 136.247 0.5
      vertex 198.708 136.225 0.5
    endloop
  endfacet
  facet normal 0.377297 0.926092 0
    outer loop
      vertex 198.654 136.247 0.5
      vertex 198.708 136.225 0
      vertex 198.654 136.247 0
    endloop
  endfacet
  facet normal 0.476283 0.879292 -0
    outer loop
      vertex 198.756 136.199 0
      vertex 198.708 136.225 0.5
      vertex 198.756 136.199 0.5
    endloop
  endfacet
  facet normal 0.476283 0.879292 0
    outer loop
      vertex 198.708 136.225 0.5
      vertex 198.756 136.199 0
      vertex 198.708 136.225 0
    endloop
  endfacet
  facet normal 0.593852 0.804574 -0
    outer loop
      vertex 198.798 136.168 0
      vertex 198.756 136.199 0.5
      vertex 198.798 136.168 0.5
    endloop
  endfacet
  facet normal 0.593852 0.804574 0
    outer loop
      vertex 198.756 136.199 0.5
      vertex 198.798 136.168 0
      vertex 198.756 136.199 0
    endloop
  endfacet
  facet normal 0.6872 0.726468 -0
    outer loop
      vertex 198.835 136.133 0
      vertex 198.798 136.168 0.5
      vertex 198.835 136.133 0.5
    endloop
  endfacet
  facet normal 0.6872 0.726468 0
    outer loop
      vertex 198.798 136.168 0.5
      vertex 198.835 136.133 0
      vertex 198.798 136.168 0
    endloop
  endfacet
  facet normal 0.797659 0.603108 0
    outer loop
      vertex 198.866 136.092 0.5
      vertex 198.835 136.133 0
      vertex 198.835 136.133 0.5
    endloop
  endfacet
  facet normal 0.797659 0.603108 0
    outer loop
      vertex 198.835 136.133 0
      vertex 198.866 136.092 0.5
      vertex 198.866 136.092 0
    endloop
  endfacet
  facet normal 0.865865 0.500278 0
    outer loop
      vertex 198.892 136.047 0.5
      vertex 198.866 136.092 0
      vertex 198.866 136.092 0.5
    endloop
  endfacet
  facet normal 0.865865 0.500278 0
    outer loop
      vertex 198.866 136.092 0
      vertex 198.892 136.047 0.5
      vertex 198.892 136.047 0
    endloop
  endfacet
  facet normal 0.928477 0.371391 0
    outer loop
      vertex 198.912 135.997 0.5
      vertex 198.892 136.047 0
      vertex 198.892 136.047 0.5
    endloop
  endfacet
  facet normal 0.928477 0.371391 0
    outer loop
      vertex 198.892 136.047 0
      vertex 198.912 135.997 0.5
      vertex 198.912 135.997 0
    endloop
  endfacet
  facet normal 0.969097 0.246679 0
    outer loop
      vertex 198.926 135.942 0.5
      vertex 198.912 135.997 0
      vertex 198.912 135.997 0.5
    endloop
  endfacet
  facet normal 0.969097 0.246679 0
    outer loop
      vertex 198.912 135.997 0
      vertex 198.926 135.942 0.5
      vertex 198.926 135.942 0
    endloop
  endfacet
  facet normal 0.991228 0.132164 0
    outer loop
      vertex 198.934 135.882 0.5
      vertex 198.926 135.942 0
      vertex 198.926 135.942 0.5
    endloop
  endfacet
  facet normal 0.991228 0.132164 0
    outer loop
      vertex 198.926 135.942 0
      vertex 198.934 135.882 0.5
      vertex 198.934 135.882 0
    endloop
  endfacet
  facet normal 0.998937 0.0461048 0
    outer loop
      vertex 198.937 135.817 0.5
      vertex 198.934 135.882 0
      vertex 198.934 135.882 0.5
    endloop
  endfacet
  facet normal 0.998937 0.0461048 0
    outer loop
      vertex 198.934 135.882 0
      vertex 198.937 135.817 0.5
      vertex 198.937 135.817 0
    endloop
  endfacet
  facet normal 0.998868 -0.0475651 0
    outer loop
      vertex 198.934 135.754 0.5
      vertex 198.937 135.817 0
      vertex 198.937 135.817 0.5
    endloop
  endfacet
  facet normal 0.998868 -0.0475651 0
    outer loop
      vertex 198.937 135.817 0
      vertex 198.934 135.754 0.5
      vertex 198.934 135.754 0
    endloop
  endfacet
  facet normal 0.990932 -0.134364 0
    outer loop
      vertex 198.926 135.695 0.5
      vertex 198.934 135.754 0
      vertex 198.934 135.754 0.5
    endloop
  endfacet
  facet normal 0.990932 -0.134364 0
    outer loop
      vertex 198.934 135.754 0
      vertex 198.926 135.695 0.5
      vertex 198.926 135.695 0
    endloop
  endfacet
  facet normal 0.967997 -0.250962 0
    outer loop
      vertex 198.912 135.641 0.5
      vertex 198.926 135.695 0
      vertex 198.926 135.695 0.5
    endloop
  endfacet
  facet normal 0.967997 -0.250962 0
    outer loop
      vertex 198.926 135.695 0
      vertex 198.912 135.641 0.5
      vertex 198.912 135.641 0
    endloop
  endfacet
  facet normal 0.925848 -0.377897 0
    outer loop
      vertex 198.892 135.592 0.5
      vertex 198.912 135.641 0
      vertex 198.912 135.641 0.5
    endloop
  endfacet
  facet normal 0.925848 -0.377897 0
    outer loop
      vertex 198.912 135.641 0
      vertex 198.892 135.592 0.5
      vertex 198.892 135.592 0
    endloop
  endfacet
  facet normal 0.874157 -0.485643 0
    outer loop
      vertex 198.867 135.547 0.5
      vertex 198.892 135.592 0
      vertex 198.892 135.592 0.5
    endloop
  endfacet
  facet normal 0.874157 -0.485643 0
    outer loop
      vertex 198.892 135.592 0
      vertex 198.867 135.547 0.5
      vertex 198.867 135.547 0
    endloop
  endfacet
  facet normal 0.790415 -0.612572 0
    outer loop
      vertex 198.836 135.507 0.5
      vertex 198.867 135.547 0
      vertex 198.867 135.547 0.5
    endloop
  endfacet
  facet normal 0.790415 -0.612572 0
    outer loop
      vertex 198.867 135.547 0
      vertex 198.836 135.507 0.5
      vertex 198.836 135.507 0
    endloop
  endfacet
  facet normal 0.6872 -0.726468 0
    outer loop
      vertex 198.799 135.472 0
      vertex 198.836 135.507 0.5
      vertex 198.799 135.472 0.5
    endloop
  endfacet
  facet normal 0.6872 -0.726468 0
    outer loop
      vertex 198.836 135.507 0.5
      vertex 198.799 135.472 0
      vertex 198.836 135.507 0
    endloop
  endfacet
  facet normal 0.6 -0.8 0
    outer loop
      vertex 198.795 135.469 0
      vertex 198.799 135.472 0.5
      vertex 198.795 135.469 0.5
    endloop
  endfacet
  facet normal 0.6 -0.8 0
    outer loop
      vertex 198.799 135.472 0.5
      vertex 198.795 135.469 0
      vertex 198.799 135.472 0
    endloop
  endfacet
  facet normal 0 -1 0
    outer loop
      vertex 197.848 135.469 0
      vertex 198.795 135.469 0.5
      vertex 197.848 135.469 0.5
    endloop
  endfacet
  facet normal 0 -1 -0
    outer loop
      vertex 198.795 135.469 0.5
      vertex 197.848 135.469 0
      vertex 198.795 135.469 0
    endloop
  endfacet
  facet normal -0.0827195 0.996573 0
    outer loop
      vertex 212.859 130.434 0
      vertex 212.606 130.413 0.5
      vertex 212.859 130.434 0.5
    endloop
  endfacet
  facet normal -0.0827195 0.996573 0
    outer loop
      vertex 212.606 130.413 0.5
      vertex 212.859 130.434 0
      vertex 212.606 130.413 0
    endloop
  endfacet
  facet normal -0.145617 0.989341 0
    outer loop
      vertex 213.09 130.468 0
      vertex 212.859 130.434 0.5
      vertex 213.09 130.468 0.5
    endloop
  endfacet
  facet normal -0.145617 0.989341 0
    outer loop
      vertex 212.859 130.434 0.5
      vertex 213.09 130.468 0
      vertex 212.859 130.434 0
    endloop
  endfacet
  facet normal -0.222825 0.974859 0
    outer loop
      vertex 213.3 130.516 0
      vertex 213.09 130.468 0.5
      vertex 213.3 130.516 0.5
    endloop
  endfacet
  facet normal -0.222825 0.974859 0
    outer loop
      vertex 213.09 130.468 0.5
      vertex 213.3 130.516 0
      vertex 213.09 130.468 0
    endloop
  endfacet
  facet normal -0.314705 0.94919 0
    outer loop
      vertex 213.487 130.578 0
      vertex 213.3 130.516 0.5
      vertex 213.487 130.578 0.5
    endloop
  endfacet
  facet normal -0.314705 0.94919 0
    outer loop
      vertex 213.3 130.516 0.5
      vertex 213.487 130.578 0
      vertex 213.3 130.516 0
    endloop
  endfacet
  facet normal -0.411734 0.911304 0
    outer loop
      vertex 213.653 130.653 0
      vertex 213.487 130.578 0.5
      vertex 213.653 130.653 0.5
    endloop
  endfacet
  facet normal -0.411734 0.911304 0
    outer loop
      vertex 213.487 130.578 0.5
      vertex 213.653 130.653 0
      vertex 213.487 130.578 0
    endloop
  endfacet
  facet normal -0.525744 0.850643 0
    outer loop
      vertex 213.797 130.742 0
      vertex 213.653 130.653 0.5
      vertex 213.797 130.742 0.5
    endloop
  endfacet
  facet normal -0.525744 0.850643 0
    outer loop
      vertex 213.653 130.653 0.5
      vertex 213.797 130.742 0
      vertex 213.653 130.653 0
    endloop
  endfacet
  facet normal -0.642612 0.766192 0
    outer loop
      vertex 213.921 130.846 0
      vertex 213.797 130.742 0.5
      vertex 213.921 130.846 0.5
    endloop
  endfacet
  facet normal -0.642612 0.766192 0
    outer loop
      vertex 213.797 130.742 0.5
      vertex 213.921 130.846 0
      vertex 213.797 130.742 0
    endloop
  endfacet
  facet normal -0.749838 0.661622 0
    outer loop
      vertex 213.921 130.846 0
      vertex 214.026 130.965 0.5
      vertex 214.026 130.965 0
    endloop
  endfacet
  facet normal -0.749838 0.661622 0
    outer loop
      vertex 214.026 130.965 0.5
      vertex 213.921 130.846 0
      vertex 213.921 130.846 0.5
    endloop
  endfacet
  facet normal -0.847998 0.529999 0
    outer loop
      vertex 214.026 130.965 0
      vertex 214.111 131.101 0.5
      vertex 214.111 131.101 0
    endloop
  endfacet
  facet normal -0.847998 0.529999 0
    outer loop
      vertex 214.111 131.101 0.5
      vertex 214.026 130.965 0
      vertex 214.026 130.965 0.5
    endloop
  endfacet
  facet normal -0.915049 0.403344 0
    outer loop
      vertex 214.111 131.101 0
      vertex 214.178 131.253 0.5
      vertex 214.178 131.253 0
    endloop
  endfacet
  facet normal -0.915049 0.403344 0
    outer loop
      vertex 214.178 131.253 0.5
      vertex 214.111 131.101 0
      vertex 214.111 131.101 0.5
    endloop
  endfacet
  facet normal -0.961088 0.276241 0
    outer loop
      vertex 214.178 131.253 0
      vertex 214.226 131.42 0.5
      vertex 214.226 131.42 0
    endloop
  endfacet
  facet normal -0.961088 0.276241 0
    outer loop
      vertex 214.226 131.42 0.5
      vertex 214.178 131.253 0
      vertex 214.178 131.253 0.5
    endloop
  endfacet
  facet normal -0.988496 0.151245 0
    outer loop
      vertex 214.226 131.42 0
      vertex 214.254 131.603 0.5
      vertex 214.254 131.603 0
    endloop
  endfacet
  facet normal -0.988496 0.151245 0
    outer loop
      vertex 214.254 131.603 0.5
      vertex 214.226 131.42 0
      vertex 214.226 131.42 0.5
    endloop
  endfacet
  facet normal -0.998752 0.0499376 0
    outer loop
      vertex 214.254 131.603 0
      vertex 214.264 131.803 0.5
      vertex 214.264 131.803 0
    endloop
  endfacet
  facet normal -0.998752 0.0499376 0
    outer loop
      vertex 214.264 131.803 0.5
      vertex 214.254 131.603 0
      vertex 214.254 131.603 0.5
    endloop
  endfacet
  facet normal -0.999354 -0.035948 0
    outer loop
      vertex 214.264 131.803 0
      vertex 214.259 131.942 0.5
      vertex 214.259 131.942 0
    endloop
  endfacet
  facet normal -0.999354 -0.035948 0
    outer loop
      vertex 214.259 131.942 0.5
      vertex 214.264 131.803 0
      vertex 214.264 131.803 0.5
    endloop
  endfacet
  facet normal -0.9937 -0.112071 0
    outer loop
      vertex 214.259 131.942 0
      vertex 214.244 132.075 0.5
      vertex 214.244 132.075 0
    endloop
  endfacet
  facet normal -0.9937 -0.112071 0
    outer loop
      vertex 214.244 132.075 0.5
      vertex 214.259 131.942 0
      vertex 214.259 131.942 0.5
    endloop
  endfacet
  facet normal -0.980581 -0.196116 0
    outer loop
      vertex 214.244 132.075 0
      vertex 214.219 132.2 0.5
      vertex 214.219 132.2 0
    endloop
  endfacet
  facet normal -0.980581 -0.196116 0
    outer loop
      vertex 214.219 132.2 0.5
      vertex 214.244 132.075 0
      vertex 214.244 132.075 0.5
    endloop
  endfacet
  facet normal -0.958051 -0.286597 0
    outer loop
      vertex 214.219 132.2 0
      vertex 214.184 132.317 0.5
      vertex 214.184 132.317 0
    endloop
  endfacet
  facet normal -0.958051 -0.286597 0
    outer loop
      vertex 214.184 132.317 0.5
      vertex 214.219 132.2 0
      vertex 214.219 132.2 0.5
    endloop
  endfacet
  facet normal -0.929627 -0.368501 0
    outer loop
      vertex 214.184 132.317 0
      vertex 214.14 132.428 0.5
      vertex 214.14 132.428 0
    endloop
  endfacet
  facet normal -0.929627 -0.368501 0
    outer loop
      vertex 214.14 132.428 0.5
      vertex 214.184 132.317 0
      vertex 214.184 132.317 0.5
    endloop
  endfacet
  facet normal -0.882116 -0.471033 0
    outer loop
      vertex 214.14 132.428 0
      vertex 214.085 132.531 0.5
      vertex 214.085 132.531 0
    endloop
  endfacet
  facet normal -0.882116 -0.471033 0
    outer loop
      vertex 214.085 132.531 0.5
      vertex 214.14 132.428 0
      vertex 214.14 132.428 0.5
    endloop
  endfacet
  facet normal -0.829354 -0.558723 0
    outer loop
      vertex 214.085 132.531 0
      vertex 214.021 132.626 0.5
      vertex 214.021 132.626 0
    endloop
  endfacet
  facet normal -0.829354 -0.558723 0
    outer loop
      vertex 214.021 132.626 0.5
      vertex 214.085 132.531 0
      vertex 214.085 132.531 0.5
    endloop
  endfacet
  facet normal -0.768929 -0.639334 0
    outer loop
      vertex 214.021 132.626 0
      vertex 213.947 132.715 0.5
      vertex 213.947 132.715 0
    endloop
  endfacet
  facet normal -0.768929 -0.639334 0
    outer loop
      vertex 213.947 132.715 0.5
      vertex 214.021 132.626 0
      vertex 214.021 132.626 0.5
    endloop
  endfacet
  facet normal -0.694136 -0.719844 0
    outer loop
      vertex 213.863 132.796 0
      vertex 213.947 132.715 0.5
      vertex 213.863 132.796 0.5
    endloop
  endfacet
  facet normal -0.694136 -0.719844 -0
    outer loop
      vertex 213.947 132.715 0.5
      vertex 213.863 132.796 0
      vertex 213.947 132.715 0
    endloop
  endfacet
  facet normal -0.619644 -0.784883 0
    outer loop
      vertex 213.768 132.871 0
      vertex 213.863 132.796 0.5
      vertex 213.768 132.871 0.5
    endloop
  endfacet
  facet normal -0.619644 -0.784883 -0
    outer loop
      vertex 213.863 132.796 0.5
      vertex 213.768 132.871 0
      vertex 213.863 132.796 0
    endloop
  endfacet
  facet normal -0.547249 -0.83697 0
    outer loop
      vertex 213.664 132.939 0
      vertex 213.768 132.871 0.5
      vertex 213.664 132.939 0.5
    endloop
  endfacet
  facet normal -0.547249 -0.83697 -0
    outer loop
      vertex 213.768 132.871 0.5
      vertex 213.664 132.939 0
      vertex 213.768 132.871 0
    endloop
  endfacet
  facet normal -0.468593 -0.883414 0
    outer loop
      vertex 213.549 133 0
      vertex 213.664 132.939 0.5
      vertex 213.549 133 0.5
    endloop
  endfacet
  facet normal -0.468593 -0.883414 -0
    outer loop
      vertex 213.664 132.939 0.5
      vertex 213.549 133 0
      vertex 213.664 132.939 0
    endloop
  endfacet
  facet normal -0.399267 -0.916835 0
    outer loop
      vertex 213.425 133.054 0
      vertex 213.549 133 0.5
      vertex 213.425 133.054 0.5
    endloop
  endfacet
  facet normal -0.399267 -0.916835 -0
    outer loop
      vertex 213.549 133 0.5
      vertex 213.425 133.054 0
      vertex 213.549 133 0
    endloop
  endfacet
  facet normal -0.328792 -0.944402 0
    outer loop
      vertex 213.29 133.101 0
      vertex 213.425 133.054 0.5
      vertex 213.29 133.101 0.5
    endloop
  endfacet
  facet normal -0.328792 -0.944402 -0
    outer loop
      vertex 213.425 133.054 0.5
      vertex 213.29 133.101 0
      vertex 213.425 133.054 0
    endloop
  endfacet
  facet normal -0.254493 0.967075 0
    outer loop
      vertex 213.366 133.121 0
      vertex 213.29 133.101 0.5
      vertex 213.366 133.121 0.5
    endloop
  endfacet
  facet normal -0.254493 0.967075 0
    outer loop
      vertex 213.29 133.101 0.5
      vertex 213.366 133.121 0
      vertex 213.29 133.101 0
    endloop
  endfacet
  facet normal -0.346896 0.937904 0
    outer loop
      vertex 213.439 133.148 0
      vertex 213.366 133.121 0.5
      vertex 213.439 133.148 0.5
    endloop
  endfacet
  facet normal -0.346896 0.937904 0
    outer loop
      vertex 213.366 133.121 0.5
      vertex 213.439 133.148 0
      vertex 213.366 133.121 0
    endloop
  endfacet
  facet normal -0.421487 0.906835 0
    outer loop
      vertex 213.51 133.181 0
      vertex 213.439 133.148 0.5
      vertex 213.51 133.181 0.5
    endloop
  endfacet
  facet normal -0.421487 0.906835 0
    outer loop
      vertex 213.439 133.148 0.5
      vertex 213.51 133.181 0
      vertex 213.439 133.148 0
    endloop
  endfacet
  facet normal -0.50702 0.861934 0
    outer loop
      vertex 213.578 133.221 0
      vertex 213.51 133.181 0.5
      vertex 213.578 133.221 0.5
    endloop
  endfacet
  facet normal -0.50702 0.861934 0
    outer loop
      vertex 213.51 133.181 0.5
      vertex 213.578 133.221 0
      vertex 213.51 133.181 0
    endloop
  endfacet
  facet normal -0.566007 0.824401 0
    outer loop
      vertex 213.645 133.267 0
      vertex 213.578 133.221 0.5
      vertex 213.645 133.267 0.5
    endloop
  endfacet
  facet normal -0.566007 0.824401 0
    outer loop
      vertex 213.578 133.221 0.5
      vertex 213.645 133.267 0
      vertex 213.578 133.221 0
    endloop
  endfacet
  facet normal -0.630593 0.776114 0
    outer loop
      vertex 213.709 133.319 0
      vertex 213.645 133.267 0.5
      vertex 213.709 133.319 0.5
    endloop
  endfacet
  facet normal -0.630593 0.776114 0
    outer loop
      vertex 213.645 133.267 0.5
      vertex 213.709 133.319 0
      vertex 213.645 133.267 0
    endloop
  endfacet
  facet normal -0.689062 0.724703 0
    outer loop
      vertex 213.77 133.377 0
      vertex 213.709 133.319 0.5
      vertex 213.77 133.377 0.5
    endloop
  endfacet
  facet normal -0.689062 0.724703 0
    outer loop
      vertex 213.709 133.319 0.5
      vertex 213.77 133.377 0
      vertex 213.709 133.319 0
    endloop
  endfacet
  facet normal -0.734377 0.678742 0
    outer loop
      vertex 213.77 133.377 0
      vertex 213.831 133.443 0.5
      vertex 213.831 133.443 0
    endloop
  endfacet
  facet normal -0.734377 0.678742 0
    outer loop
      vertex 213.831 133.443 0.5
      vertex 213.77 133.377 0
      vertex 213.77 133.377 0.5
    endloop
  endfacet
  facet normal -0.775797 0.630982 0
    outer loop
      vertex 213.831 133.443 0
      vertex 213.892 133.518 0.5
      vertex 213.892 133.518 0
    endloop
  endfacet
  facet normal -0.775797 0.630982 0
    outer loop
      vertex 213.892 133.518 0.5
      vertex 213.831 133.443 0
      vertex 213.831 133.443 0.5
    endloop
  endfacet
  facet normal -0.81244 0.583045 0
    outer loop
      vertex 213.892 133.518 0
      vertex 213.953 133.603 0.5
      vertex 213.953 133.603 0
    endloop
  endfacet
  facet normal -0.81244 0.583045 0
    outer loop
      vertex 213.953 133.603 0.5
      vertex 213.892 133.518 0
      vertex 213.892 133.518 0.5
    endloop
  endfacet
  facet normal -0.836177 0.54846 0
    outer loop
      vertex 213.953 133.603 0
      vertex 214.014 133.696 0.5
      vertex 214.014 133.696 0
    endloop
  endfacet
  facet normal -0.836177 0.54846 0
    outer loop
      vertex 214.014 133.696 0.5
      vertex 213.953 133.603 0
      vertex 213.953 133.603 0.5
    endloop
  endfacet
  facet normal -0.854522 0.519415 0
    outer loop
      vertex 214.014 133.696 0
      vertex 214.076 133.798 0.5
      vertex 214.076 133.798 0
    endloop
  endfacet
  facet normal -0.854522 0.519415 0
    outer loop
      vertex 214.076 133.798 0.5
      vertex 214.014 133.696 0
      vertex 214.014 133.696 0.5
    endloop
  endfacet
  facet normal -0.878195 0.478303 0
    outer loop
      vertex 214.076 133.798 0
      vertex 214.137 133.91 0.5
      vertex 214.137 133.91 0
    endloop
  endfacet
  facet normal -0.878195 0.478303 0
    outer loop
      vertex 214.137 133.91 0.5
      vertex 214.076 133.798 0
      vertex 214.076 133.798 0.5
    endloop
  endfacet
  facet normal -0.888426 0.45902 0
    outer loop
      vertex 214.137 133.91 0
      vertex 214.199 134.03 0.5
      vertex 214.199 134.03 0
    endloop
  endfacet
  facet normal -0.888426 0.45902 0
    outer loop
      vertex 214.199 134.03 0.5
      vertex 214.137 133.91 0
      vertex 214.137 133.91 0.5
    endloop
  endfacet
  facet normal -0.89703 0.44197 0
    outer loop
      vertex 214.199 134.03 0
      vertex 214.908 135.469 0.5
      vertex 214.908 135.469 0
    endloop
  endfacet
  facet normal -0.89703 0.44197 0
    outer loop
      vertex 214.908 135.469 0.5
      vertex 214.199 134.03 0
      vertex 214.199 134.03 0.5
    endloop
  endfacet
  facet normal 0 -1 0
    outer loop
      vertex 213.518 135.469 0
      vertex 214.908 135.469 0.5
      vertex 213.518 135.469 0.5
    endloop
  endfacet
  facet normal 0 -1 -0
    outer loop
      vertex 214.908 135.469 0.5
      vertex 213.518 135.469 0
      vertex 214.908 135.469 0
    endloop
  endfacet
  facet normal 0.897965 -0.440067 0
    outer loop
      vertex 212.901 134.21 0.5
      vertex 213.518 135.469 0
      vertex 213.518 135.469 0.5
    endloop
  endfacet
  facet normal 0.897965 -0.440067 0
    outer loop
      vertex 213.518 135.469 0
      vertex 212.901 134.21 0.5
      vertex 212.901 134.21 0
    endloop
  endfacet
  facet normal 0.887496 -0.460815 0
    outer loop
      vertex 212.847 134.106 0.5
      vertex 212.901 134.21 0
      vertex 212.901 134.21 0.5
    endloop
  endfacet
  facet normal 0.887496 -0.460815 0
    outer loop
      vertex 212.901 134.21 0
      vertex 212.847 134.106 0.5
      vertex 212.847 134.106 0
    endloop
  endfacet
  facet normal 0.868817 -0.495133 0
    outer loop
      vertex 212.794 134.013 0.5
      vertex 212.847 134.106 0
      vertex 212.847 134.106 0.5
    endloop
  endfacet
  facet normal 0.868817 -0.495133 0
    outer loop
      vertex 212.847 134.106 0
      vertex 212.794 134.013 0.5
      vertex 212.794 134.013 0
    endloop
  endfacet
  facet normal 0.841178 -0.540758 0
    outer loop
      vertex 212.74 133.929 0.5
      vertex 212.794 134.013 0
      vertex 212.794 134.013 0.5
    endloop
  endfacet
  facet normal 0.841178 -0.540758 0
    outer loop
      vertex 212.794 134.013 0
      vertex 212.74 133.929 0.5
      vertex 212.74 133.929 0
    endloop
  endfacet
  facet normal 0.807791 -0.589469 0
    outer loop
      vertex 212.686 133.855 0.5
      vertex 212.74 133.929 0
      vertex 212.74 133.929 0.5
    endloop
  endfacet
  facet normal 0.807791 -0.589469 0
    outer loop
      vertex 212.74 133.929 0
      vertex 212.686 133.855 0.5
      vertex 212.686 133.855 0
    endloop
  endfacet
  facet normal 0.76919 -0.63902 0
    outer loop
      vertex 212.632 133.79 0.5
      vertex 212.686 133.855 0
      vertex 212.686 133.855 0.5
    endloop
  endfacet
  facet normal 0.76919 -0.63902 0
    outer loop
      vertex 212.686 133.855 0
      vertex 212.632 133.79 0.5
      vertex 212.632 133.79 0
    endloop
  endfacet
  facet normal 0.70059 -0.713564 0
    outer loop
      vertex 212.577 133.736 0.5
      vertex 212.632 133.79 0
      vertex 212.632 133.79 0.5
    endloop
  endfacet
  facet normal 0.70059 -0.713564 0
    outer loop
      vertex 212.632 133.79 0
      vertex 212.577 133.736 0.5
      vertex 212.577 133.736 0
    endloop
  endfacet
  facet normal 0.633238 -0.773957 0
    outer loop
      vertex 212.522 133.691 0
      vertex 212.577 133.736 0.5
      vertex 212.522 133.691 0.5
    endloop
  endfacet
  facet normal 0.633238 -0.773957 0
    outer loop
      vertex 212.577 133.736 0.5
      vertex 212.522 133.691 0
      vertex 212.577 133.736 0
    endloop
  endfacet
  facet normal 0.544471 -0.83878 0
    outer loop
      vertex 212.465 133.654 0
      vertex 212.522 133.691 0.5
      vertex 212.465 133.654 0.5
    endloop
  endfacet
  facet normal 0.544471 -0.83878 0
    outer loop
      vertex 212.522 133.691 0.5
      vertex 212.465 133.654 0
      vertex 212.522 133.691 0
    endloop
  endfacet
  facet normal 0.447214 -0.894427 0
    outer loop
      vertex 212.403 133.623 0
      vertex 212.465 133.654 0.5
      vertex 212.403 133.623 0.5
    endloop
  endfacet
  facet normal 0.447214 -0.894427 0
    outer loop
      vertex 212.465 133.654 0.5
      vertex 212.403 133.623 0
      vertex 212.465 133.654 0
    endloop
  endfacet
  facet normal 0.357137 -0.934052 0
    outer loop
      vertex 212.335 133.597 0
      vertex 212.403 133.623 0.5
      vertex 212.335 133.597 0.5
    endloop
  endfacet
  facet normal 0.357137 -0.934052 0
    outer loop
      vertex 212.403 133.623 0.5
      vertex 212.335 133.597 0
      vertex 212.403 133.623 0
    endloop
  endfacet
  facet normal 0.264235 -0.964458 0
    outer loop
      vertex 212.262 133.577 0
      vertex 212.335 133.597 0.5
      vertex 212.262 133.577 0.5
    endloop
  endfacet
  facet normal 0.264235 -0.964458 0
    outer loop
      vertex 212.335 133.597 0.5
      vertex 212.262 133.577 0
      vertex 212.335 133.597 0
    endloop
  endfacet
  facet normal 0.176664 -0.984271 0
    outer loop
      vertex 212.184 133.563 0
      vertex 212.262 133.577 0.5
      vertex 212.184 133.563 0.5
    endloop
  endfacet
  facet normal 0.176664 -0.984271 0
    outer loop
      vertex 212.262 133.577 0.5
      vertex 212.184 133.563 0
      vertex 212.262 133.577 0
    endloop
  endfacet
  facet normal 0.0959409 -0.995387 0
    outer loop
      vertex 212.101 133.555 0
      vertex 212.184 133.563 0.5
      vertex 212.101 133.555 0.5
    endloop
  endfacet
  facet normal 0.0959409 -0.995387 0
    outer loop
      vertex 212.184 133.563 0.5
      vertex 212.101 133.555 0
      vertex 212.184 133.563 0
    endloop
  endfacet
  facet normal 0.0336887 -0.999432 0
    outer loop
      vertex 212.012 133.552 0
      vertex 212.101 133.555 0.5
      vertex 212.012 133.552 0.5
    endloop
  endfacet
  facet normal 0.0336887 -0.999432 0
    outer loop
      vertex 212.101 133.555 0.5
      vertex 212.012 133.552 0
      vertex 212.101 133.555 0
    endloop
  endfacet
  facet normal 0 -1 0
    outer loop
      vertex 211.643 133.552 0
      vertex 212.012 133.552 0.5
      vertex 211.643 133.552 0.5
    endloop
  endfacet
  facet normal 0 -1 -0
    outer loop
      vertex 212.012 133.552 0.5
      vertex 211.643 133.552 0
      vertex 212.012 133.552 0
    endloop
  endfacet
  facet normal -1 0 0
    outer loop
      vertex 211.643 133.552 0
      vertex 211.643 135.469 0.5
      vertex 211.643 135.469 0
    endloop
  endfacet
  facet normal -1 -0 0
    outer loop
      vertex 211.643 135.469 0.5
      vertex 211.643 133.552 0
      vertex 211.643 133.552 0.5
    endloop
  endfacet
  facet normal 0 -1 0
    outer loop
      vertex 210.337 135.469 0
      vertex 211.643 135.469 0.5
      vertex 210.337 135.469 0.5
    endloop
  endfacet
  facet normal 0 -1 -0
    outer loop
      vertex 211.643 135.469 0.5
      vertex 210.337 135.469 0
      vertex 211.643 135.469 0
    endloop
  endfacet
  facet normal 1 -0 0
    outer loop
      vertex 210.337 130.406 0.5
      vertex 210.337 135.469 0
      vertex 210.337 135.469 0.5
    endloop
  endfacet
  facet normal 1 0 0
    outer loop
      vertex 210.337 135.469 0
      vertex 210.337 130.406 0.5
      vertex 210.337 130.406 0
    endloop
  endfacet
  facet normal 0 1 -0
    outer loop
      vertex 212.331 130.406 0
      vertex 210.337 130.406 0.5
      vertex 212.331 130.406 0.5
    endloop
  endfacet
  facet normal 0 1 0
    outer loop
      vertex 210.337 130.406 0.5
      vertex 212.331 130.406 0
      vertex 210.337 130.406 0
    endloop
  endfacet
  facet normal -0.0254463 0.999676 0
    outer loop
      vertex 212.606 130.413 0
      vertex 212.331 130.406 0.5
      vertex 212.606 130.413 0.5
    endloop
  endfacet
  facet normal -0.0254463 0.999676 0
    outer loop
      vertex 212.331 130.406 0.5
      vertex 212.606 130.413 0
      vertex 212.331 130.406 0
    endloop
  endfacet
  facet normal -1 0 0
    outer loop
      vertex 211.643 131.354 0
      vertex 211.643 132.65 0.5
      vertex 211.643 132.65 0
    endloop
  endfacet
  facet normal -1 -0 0
    outer loop
      vertex 211.643 132.65 0.5
      vertex 211.643 131.354 0
      vertex 211.643 131.354 0.5
    endloop
  endfacet
  facet normal 0 1 -0
    outer loop
      vertex 212.192 132.65 0
      vertex 211.643 132.65 0.5
      vertex 212.192 132.65 0.5
    endloop
  endfacet
  facet normal 0 1 0
    outer loop
      vertex 211.643 132.65 0.5
      vertex 212.192 132.65 0
      vertex 211.643 132.65 0
    endloop
  endfacet
  facet normal 0.0356915 0.999363 -0
    outer loop
      vertex 212.304 132.646 0
      vertex 212.192 132.65 0.5
      vertex 212.304 132.646 0.5
    endloop
  endfacet
  facet normal 0.0356915 0.999363 0
    outer loop
      vertex 212.192 132.65 0.5
      vertex 212.304 132.646 0
      vertex 212.192 132.65 0
    endloop
  endfacet
  facet normal 0.087047 0.996204 -0
    outer loop
      vertex 212.407 132.637 0
      vertex 212.304 132.646 0.5
      vertex 212.407 132.637 0.5
    endloop
  endfacet
  facet normal 0.087047 0.996204 0
    outer loop
      vertex 212.304 132.646 0.5
      vertex 212.407 132.637 0
      vertex 212.304 132.646 0
    endloop
  endfacet
  facet normal 0.157581 0.987506 -0
    outer loop
      vertex 212.501 132.622 0
      vertex 212.407 132.637 0.5
      vertex 212.501 132.622 0.5
    endloop
  endfacet
  facet normal 0.157581 0.987506 0
    outer loop
      vertex 212.407 132.637 0.5
      vertex 212.501 132.622 0
      vertex 212.407 132.637 0
    endloop
  endfacet
  facet normal 0.253359 0.967372 -0
    outer loop
      vertex 212.585 132.6 0
      vertex 212.501 132.622 0.5
      vertex 212.585 132.6 0.5
    endloop
  endfacet
  facet normal 0.253359 0.967372 0
    outer loop
      vertex 212.501 132.622 0.5
      vertex 212.585 132.6 0
      vertex 212.501 132.622 0
    endloop
  endfacet
  facet normal 0.349754 0.936842 -0
    outer loop
      vertex 212.66 132.572 0
      vertex 212.585 132.6 0.5
      vertex 212.66 132.572 0.5
    endloop
  endfacet
  facet normal 0.349754 0.936842 0
    outer loop
      vertex 212.585 132.6 0.5
      vertex 212.66 132.572 0
      vertex 212.585 132.6 0
    endloop
  endfacet
  facet normal 0.463498 0.886098 -0
    outer loop
      vertex 212.725 132.538 0
      vertex 212.66 132.572 0.5
      vertex 212.725 132.538 0.5
    endloop
  endfacet
  facet normal 0.463498 0.886098 0
    outer loop
      vertex 212.66 132.572 0.5
      vertex 212.725 132.538 0
      vertex 212.66 132.572 0
    endloop
  endfacet
  facet normal 0.597665 0.801746 -0
    outer loop
      vertex 212.78 132.497 0
      vertex 212.725 132.538 0.5
      vertex 212.78 132.497 0.5
    endloop
  endfacet
  facet normal 0.597665 0.801746 0
    outer loop
      vertex 212.725 132.538 0.5
      vertex 212.78 132.497 0
      vertex 212.725 132.538 0
    endloop
  endfacet
  facet normal 0.707107 0.707107 0
    outer loop
      vertex 212.827 132.45 0.5
      vertex 212.78 132.497 0
      vertex 212.78 132.497 0.5
    endloop
  endfacet
  facet normal 0.707107 0.707107 0
    outer loop
      vertex 212.78 132.497 0
      vertex 212.827 132.45 0.5
      vertex 212.827 132.45 0
    endloop
  endfacet
  facet normal 0.813733 0.581238 0
    outer loop
      vertex 212.867 132.394 0.5
      vertex 212.827 132.45 0
      vertex 212.827 132.45 0.5
    endloop
  endfacet
  facet normal 0.813733 0.581238 0
    outer loop
      vertex 212.827 132.45 0
      vertex 212.867 132.394 0.5
      vertex 212.867 132.394 0
    endloop
  endfacet
  facet normal 0.885832 0.464007 0
    outer loop
      vertex 212.9 132.331 0.5
      vertex 212.867 132.394 0
      vertex 212.867 132.394 0.5
    endloop
  endfacet
  facet normal 0.885832 0.464007 0
    outer loop
      vertex 212.867 132.394 0
      vertex 212.9 132.331 0.5
      vertex 212.9 132.331 0
    endloop
  endfacet
  facet normal 0.940554 0.339644 0
    outer loop
      vertex 212.926 132.259 0.5
      vertex 212.9 132.331 0
      vertex 212.9 132.331 0.5
    endloop
  endfacet
  facet normal 0.940554 0.339644 0
    outer loop
      vertex 212.9 132.331 0
      vertex 212.926 132.259 0.5
      vertex 212.926 132.259 0
    endloop
  endfacet
  facet normal 0.975011 0.222155 0
    outer loop
      vertex 212.944 132.18 0.5
      vertex 212.926 132.259 0
      vertex 212.926 132.259 0.5
    endloop
  endfacet
  facet normal 0.975011 0.222155 0
    outer loop
      vertex 212.926 132.259 0
      vertex 212.944 132.18 0.5
      vertex 212.944 132.18 0
    endloop
  endfacet
  facet normal 0.992278 0.124035 0
    outer loop
      vertex 212.955 132.092 0.5
      vertex 212.944 132.18 0
      vertex 212.944 132.18 0.5
    endloop
  endfacet
  facet normal 0.992278 0.124035 0
    outer loop
      vertex 212.944 132.18 0
      vertex 212.955 132.092 0.5
      vertex 212.955 132.092 0
    endloop
  endfacet
  facet normal 0.999512 0.0312348 0
    outer loop
      vertex 212.958 131.996 0.5
      vertex 212.955 132.092 0
      vertex 212.955 132.092 0.5
    endloop
  endfacet
  facet normal 0.999512 0.0312348 0
    outer loop
      vertex 212.955 132.092 0
      vertex 212.958 131.996 0.5
      vertex 212.958 131.996 0
    endloop
  endfacet
  facet normal 0.999491 -0.0318987 0
    outer loop
      vertex 212.955 131.902 0.5
      vertex 212.958 131.996 0
      vertex 212.958 131.996 0.5
    endloop
  endfacet
  facet normal 0.999491 -0.0318987 0
    outer loop
      vertex 212.958 131.996 0
      vertex 212.955 131.902 0.5
      vertex 212.955 131.902 0
    endloop
  endfacet
  facet normal 0.992101 -0.125438 0
    outer loop
      vertex 212.944 131.815 0.5
      vertex 212.955 131.902 0
      vertex 212.955 131.902 0.5
    endloop
  endfacet
  facet normal 0.992101 -0.125438 0
    outer loop
      vertex 212.955 131.902 0
      vertex 212.944 131.815 0.5
      vertex 212.944 131.815 0
    endloop
  endfacet
  facet normal 0.974391 -0.22486 0
    outer loop
      vertex 212.926 131.737 0.5
      vertex 212.944 131.815 0
      vertex 212.944 131.815 0.5
    endloop
  endfacet
  facet normal 0.974391 -0.22486 0
    outer loop
      vertex 212.944 131.815 0
      vertex 212.926 131.737 0.5
      vertex 212.926 131.737 0
    endloop
  endfacet
  facet normal 0.939019 -0.343866 0
    outer loop
      vertex 212.9 131.666 0.5
      vertex 212.926 131.737 0
      vertex 212.926 131.737 0.5
    endloop
  endfacet
  facet normal 0.939019 -0.343866 0
    outer loop
      vertex 212.926 131.737 0
      vertex 212.9 131.666 0.5
      vertex 212.9 131.666 0
    endloop
  endfacet
  facet normal 0.882747 -0.469849 0
    outer loop
      vertex 212.867 131.604 0.5
      vertex 212.9 131.666 0
      vertex 212.9 131.666 0.5
    endloop
  endfacet
  facet normal 0.882747 -0.469849 0
    outer loop
      vertex 212.9 131.666 0
      vertex 212.867 131.604 0.5
      vertex 212.867 131.604 0
    endloop
  endfacet
  facet normal 0.808736 -0.588172 0
    outer loop
      vertex 212.827 131.549 0.5
      vertex 212.867 131.604 0
      vertex 212.867 131.604 0.5
    endloop
  endfacet
  facet normal 0.808736 -0.588172 0
    outer loop
      vertex 212.867 131.604 0
      vertex 212.827 131.549 0.5
      vertex 212.827 131.549 0
    endloop
  endfacet
  facet normal 0.707107 -0.707107 0
    outer loop
      vertex 212.78 131.502 0
      vertex 212.827 131.549 0.5
      vertex 212.78 131.502 0.5
    endloop
  endfacet
  facet normal 0.707107 -0.707107 0
    outer loop
      vertex 212.827 131.549 0.5
      vertex 212.78 131.502 0
      vertex 212.827 131.549 0
    endloop
  endfacet
  facet normal 0.578429 -0.815733 0
    outer loop
      vertex 212.725 131.463 0
      vertex 212.78 131.502 0.5
      vertex 212.725 131.463 0.5
    endloop
  endfacet
  facet normal 0.578429 -0.815733 0
    outer loop
      vertex 212.78 131.502 0.5
      vertex 212.725 131.463 0
      vertex 212.78 131.502 0
    endloop
  endfacet
  facet normal 0.452692 -0.891667 0
    outer loop
      vertex 212.66 131.43 0
      vertex 212.725 131.463 0.5
      vertex 212.66 131.43 0.5
    endloop
  endfacet
  facet normal 0.452692 -0.891667 0
    outer loop
      vertex 212.725 131.463 0.5
      vertex 212.66 131.43 0
      vertex 212.725 131.463 0
    endloop
  endfacet
  facet normal 0.349754 -0.936842 0
    outer loop
      vertex 212.585 131.402 0
      vertex 212.66 131.43 0.5
      vertex 212.585 131.402 0.5
    endloop
  endfacet
  facet normal 0.349754 -0.936842 0
    outer loop
      vertex 212.66 131.43 0.5
      vertex 212.585 131.402 0
      vertex 212.66 131.43 0
    endloop
  endfacet
  facet normal 0.242536 -0.970143 0
    outer loop
      vertex 212.501 131.381 0
      vertex 212.585 131.402 0.5
      vertex 212.501 131.381 0.5
    endloop
  endfacet
  facet normal 0.242536 -0.970143 0
    outer loop
      vertex 212.585 131.402 0.5
      vertex 212.501 131.381 0
      vertex 212.585 131.402 0
    endloop
  endfacet
  facet normal 0.157581 -0.987506 0
    outer loop
      vertex 212.407 131.366 0
      vertex 212.501 131.381 0.5
      vertex 212.407 131.366 0.5
    endloop
  endfacet
  facet normal 0.157581 -0.987506 0
    outer loop
      vertex 212.501 131.381 0.5
      vertex 212.407 131.366 0
      vertex 212.501 131.381 0
    endloop
  endfacet
  facet normal 0.087047 -0.996204 0
    outer loop
      vertex 212.304 131.357 0
      vertex 212.407 131.366 0.5
      vertex 212.304 131.357 0.5
    endloop
  endfacet
  facet normal 0.087047 -0.996204 0
    outer loop
      vertex 212.407 131.366 0.5
      vertex 212.304 131.357 0
      vertex 212.407 131.366 0
    endloop
  endfacet
  facet normal 0.0267761 -0.999641 0
    outer loop
      vertex 212.192 131.354 0
      vertex 212.304 131.357 0.5
      vertex 212.192 131.354 0.5
    endloop
  endfacet
  facet normal 0.0267761 -0.999641 0
    outer loop
      vertex 212.304 131.357 0.5
      vertex 212.192 131.354 0
      vertex 212.304 131.357 0
    endloop
  endfacet
  facet normal 0 -1 0
    outer loop
      vertex 211.643 131.354 0
      vertex 212.192 131.354 0.5
      vertex 211.643 131.354 0.5
    endloop
  endfacet
  facet normal 0 -1 -0
    outer loop
      vertex 212.192 131.354 0.5
      vertex 211.643 131.354 0
      vertex 212.192 131.354 0
    endloop
  endfacet
  facet normal 0 -1 0
    outer loop
      vertex 189.78 135.469 0
      vertex 191.086 135.469 0.5
      vertex 189.78 135.469 0.5
    endloop
  endfacet
  facet normal 0 -1 -0
    outer loop
      vertex 191.086 135.469 0.5
      vertex 189.78 135.469 0
      vertex 191.086 135.469 0
    endloop
  endfacet
  facet normal 1 -0 0
    outer loop
      vertex 189.78 130.406 0.5
      vertex 189.78 135.469 0
      vertex 189.78 135.469 0.5
    endloop
  endfacet
  facet normal 1 0 0
    outer loop
      vertex 189.78 135.469 0
      vertex 189.78 130.406 0.5
      vertex 189.78 130.406 0
    endloop
  endfacet
  facet normal 0 1 -0
    outer loop
      vertex 191.086 130.406 0
      vertex 189.78 130.406 0.5
      vertex 191.086 130.406 0.5
    endloop
  endfacet
  facet normal 0 1 0
    outer loop
      vertex 189.78 130.406 0.5
      vertex 191.086 130.406 0
      vertex 189.78 130.406 0
    endloop
  endfacet
  facet normal -1 0 0
    outer loop
      vertex 191.086 130.406 0
      vertex 191.086 135.469 0.5
      vertex 191.086 135.469 0
    endloop
  endfacet
  facet normal -1 -0 0
    outer loop
      vertex 191.086 135.469 0.5
      vertex 191.086 130.406 0
      vertex 191.086 130.406 0.5
    endloop
  endfacet
  facet normal 0.941394 0.33731 0
    outer loop
      vertex 195.694 130.406 0.5
      vertex 194.355 134.143 0
      vertex 194.355 134.143 0.5
    endloop
  endfacet
  facet normal 0.941394 0.33731 0
    outer loop
      vertex 194.355 134.143 0
      vertex 195.694 130.406 0.5
      vertex 195.694 130.406 0
    endloop
  endfacet
  facet normal 0 1 -0
    outer loop
      vertex 197.006 130.406 0
      vertex 195.694 130.406 0.5
      vertex 197.006 130.406 0.5
    endloop
  endfacet
  facet normal 0 1 0
    outer loop
      vertex 195.694 130.406 0.5
      vertex 197.006 130.406 0
      vertex 195.694 130.406 0
    endloop
  endfacet
  facet normal -0.93776 -0.347284 0
    outer loop
      vertex 197.006 130.406 0
      vertex 195.131 135.469 0.5
      vertex 195.131 135.469 0
    endloop
  endfacet
  facet normal -0.93776 -0.347284 0
    outer loop
      vertex 195.131 135.469 0.5
      vertex 197.006 130.406 0
      vertex 197.006 130.406 0.5
    endloop
  endfacet
  facet normal 0 -1 0
    outer loop
      vertex 193.575 135.469 0
      vertex 195.131 135.469 0.5
      vertex 193.575 135.469 0.5
    endloop
  endfacet
  facet normal 0 -1 -0
    outer loop
      vertex 195.131 135.469 0.5
      vertex 193.575 135.469 0
      vertex 195.131 135.469 0
    endloop
  endfacet
  facet normal 0.93776 -0.347284 0
    outer loop
      vertex 191.7 130.406 0.5
      vertex 193.575 135.469 0
      vertex 193.575 135.469 0.5
    endloop
  endfacet
  facet normal 0.93776 -0.347284 0
    outer loop
      vertex 193.575 135.469 0
      vertex 191.7 130.406 0.5
      vertex 191.7 130.406 0
    endloop
  endfacet
  facet normal 0 1 -0
    outer loop
      vertex 193.012 130.406 0
      vertex 191.7 130.406 0.5
      vertex 193.012 130.406 0.5
    endloop
  endfacet
  facet normal 0 1 0
    outer loop
      vertex 191.7 130.406 0.5
      vertex 193.012 130.406 0
      vertex 191.7 130.406 0
    endloop
  endfacet
  facet normal -0.941073 0.338202 0
    outer loop
      vertex 193.012 130.406 0
      vertex 194.355 134.143 0.5
      vertex 194.355 134.143 0
    endloop
  endfacet
  facet normal -0.941073 0.338202 0
    outer loop
      vertex 194.355 134.143 0.5
      vertex 193.012 130.406 0
      vertex 193.012 130.406 0.5
    endloop
  endfacet
  facet normal -0.0341098 0.999418 0
    outer loop
      vertex 186.138 130.42 0
      vertex 185.845 130.41 0.5
      vertex 186.138 130.42 0.5
    endloop
  endfacet
  facet normal -0.0341098 0.999418 0
    outer loop
      vertex 185.845 130.41 0.5
      vertex 186.138 130.42 0
      vertex 185.845 130.41 0
    endloop
  endfacet
  facet normal -0.0628385 0.998024 0
    outer loop
      vertex 186.408 130.437 0
      vertex 186.138 130.42 0.5
      vertex 186.408 130.437 0.5
    endloop
  endfacet
  facet normal -0.0628385 0.998024 0
    outer loop
      vertex 186.138 130.42 0.5
      vertex 186.408 130.437 0
      vertex 186.138 130.42 0
    endloop
  endfacet
  facet normal -0.0934666 0.995622 0
    outer loop
      vertex 186.653 130.46 0
      vertex 186.408 130.437 0.5
      vertex 186.653 130.46 0.5
    endloop
  endfacet
  facet normal -0.0934666 0.995622 0
    outer loop
      vertex 186.408 130.437 0.5
      vertex 186.653 130.46 0
      vertex 186.408 130.437 0
    endloop
  endfacet
  facet normal -0.134513 0.990912 0
    outer loop
      vertex 186.874 130.49 0
      vertex 186.653 130.46 0.5
      vertex 186.874 130.49 0.5
    endloop
  endfacet
  facet normal -0.134513 0.990912 0
    outer loop
      vertex 186.653 130.46 0.5
      vertex 186.874 130.49 0
      vertex 186.653 130.46 0
    endloop
  endfacet
  facet normal -0.183689 0.982984 0
    outer loop
      vertex 187.072 130.527 0
      vertex 186.874 130.49 0.5
      vertex 187.072 130.527 0.5
    endloop
  endfacet
  facet normal -0.183689 0.982984 0
    outer loop
      vertex 186.874 130.49 0.5
      vertex 187.072 130.527 0
      vertex 186.874 130.49 0
    endloop
  endfacet
  facet normal -0.246488 0.969146 0
    outer loop
      vertex 187.245 130.571 0
      vertex 187.072 130.527 0.5
      vertex 187.245 130.571 0.5
    endloop
  endfacet
  facet normal -0.246488 0.969146 0
    outer loop
      vertex 187.072 130.527 0.5
      vertex 187.245 130.571 0
      vertex 187.072 130.527 0
    endloop
  endfacet
  facet normal -0.307179 0.951652 0
    outer loop
      vertex 187.403 130.622 0
      vertex 187.245 130.571 0.5
      vertex 187.403 130.622 0.5
    endloop
  endfacet
  facet normal -0.307179 0.951652 0
    outer loop
      vertex 187.245 130.571 0.5
      vertex 187.403 130.622 0
      vertex 187.245 130.571 0
    endloop
  endfacet
  facet normal -0.374565 0.927201 0
    outer loop
      vertex 187.554 130.683 0
      vertex 187.403 130.622 0.5
      vertex 187.554 130.683 0.5
    endloop
  endfacet
  facet normal -0.374565 0.927201 0
    outer loop
      vertex 187.403 130.622 0.5
      vertex 187.554 130.683 0
      vertex 187.403 130.622 0
    endloop
  endfacet
  facet normal -0.439765 0.898113 0
    outer loop
      vertex 187.699 130.754 0
      vertex 187.554 130.683 0.5
      vertex 187.699 130.754 0.5
    endloop
  endfacet
  facet normal -0.439765 0.898113 0
    outer loop
      vertex 187.554 130.683 0.5
      vertex 187.699 130.754 0
      vertex 187.554 130.683 0
    endloop
  endfacet
  facet normal -0.496816 0.867856 0
    outer loop
      vertex 187.837 130.833 0
      vertex 187.699 130.754 0.5
      vertex 187.837 130.833 0.5
    endloop
  endfacet
  facet normal -0.496816 0.867856 0
    outer loop
      vertex 187.699 130.754 0.5
      vertex 187.837 130.833 0
      vertex 187.699 130.754 0
    endloop
  endfacet
  facet normal -0.563337 0.826227 0
    outer loop
      vertex 187.969 130.923 0
      vertex 187.837 130.833 0.5
      vertex 187.969 130.923 0.5
    endloop
  endfacet
  facet normal -0.563337 0.826227 0
    outer loop
      vertex 187.837 130.833 0.5
      vertex 187.969 130.923 0
      vertex 187.837 130.833 0
    endloop
  endfacet
  facet normal -0.616987 0.786973 0
    outer loop
      vertex 188.094 131.021 0
      vertex 187.969 130.923 0.5
      vertex 188.094 131.021 0.5
    endloop
  endfacet
  facet normal -0.616987 0.786973 0
    outer loop
      vertex 187.969 130.923 0.5
      vertex 188.094 131.021 0
      vertex 187.969 130.923 0
    endloop
  endfacet
  facet normal -0.672053 0.740503 0
    outer loop
      vertex 188.213 131.129 0
      vertex 188.094 131.021 0.5
      vertex 188.213 131.129 0.5
    endloop
  endfacet
  facet normal -0.672053 0.740503 0
    outer loop
      vertex 188.094 131.021 0.5
      vertex 188.213 131.129 0
      vertex 188.094 131.021 0
    endloop
  endfacet
  facet normal -0.714213 0.699929 0
    outer loop
      vertex 188.213 131.129 0
      vertex 188.311 131.229 0.5
      vertex 188.311 131.229 0
    endloop
  endfacet
  facet normal -0.714213 0.699929 0
    outer loop
      vertex 188.311 131.229 0.5
      vertex 188.213 131.129 0
      vertex 188.213 131.129 0.5
    endloop
  endfacet
  facet normal -0.756169 0.654377 0
    outer loop
      vertex 188.311 131.229 0
      vertex 188.401 131.333 0.5
      vertex 188.401 131.333 0
    endloop
  endfacet
  facet normal -0.756169 0.654377 0
    outer loop
      vertex 188.401 131.333 0.5
      vertex 188.311 131.229 0
      vertex 188.311 131.229 0.5
    endloop
  endfacet
  facet normal -0.792897 0.609356 0
    outer loop
      vertex 188.401 131.333 0
      vertex 188.484 131.441 0.5
      vertex 188.484 131.441 0
    endloop
  endfacet
  facet normal -0.792897 0.609356 0
    outer loop
      vertex 188.484 131.441 0.5
      vertex 188.401 131.333 0
      vertex 188.401 131.333 0.5
    endloop
  endfacet
  facet normal -0.829784 0.558085 0
    outer loop
      vertex 188.484 131.441 0
      vertex 188.56 131.554 0.5
      vertex 188.56 131.554 0
    endloop
  endfacet
  facet normal -0.829784 0.558085 0
    outer loop
      vertex 188.56 131.554 0.5
      vertex 188.484 131.441 0
      vertex 188.484 131.441 0.5
    endloop
  endfacet
  facet normal -0.864582 0.502492 0
    outer loop
      vertex 188.56 131.554 0
      vertex 188.628 131.671 0.5
      vertex 188.628 131.671 0
    endloop
  endfacet
  facet normal -0.864582 0.502492 0
    outer loop
      vertex 188.628 131.671 0.5
      vertex 188.56 131.554 0
      vertex 188.56 131.554 0.5
    endloop
  endfacet
  facet normal -0.894427 0.447214 0
    outer loop
      vertex 188.628 131.671 0
      vertex 188.689 131.793 0.5
      vertex 188.689 131.793 0
    endloop
  endfacet
  facet normal -0.894427 0.447214 0
    outer loop
      vertex 188.689 131.793 0.5
      vertex 188.628 131.671 0
      vertex 188.628 131.671 0.5
    endloop
  endfacet
  facet normal -0.921773 0.38773 0
    outer loop
      vertex 188.689 131.793 0
      vertex 188.742 131.919 0.5
      vertex 188.742 131.919 0
    endloop
  endfacet
  facet normal -0.921773 0.38773 0
    outer loop
      vertex 188.742 131.919 0.5
      vertex 188.689 131.793 0
      vertex 188.689 131.793 0.5
    endloop
  endfacet
  facet normal -0.942722 0.333579 0
    outer loop
      vertex 188.742 131.919 0
      vertex 188.788 132.049 0.5
      vertex 188.788 132.049 0
    endloop
  endfacet
  facet normal -0.942722 0.333579 0
    outer loop
      vertex 188.788 132.049 0.5
      vertex 188.742 131.919 0
      vertex 188.742 131.919 0.5
    endloop
  endfacet
  facet normal -0.962593 0.270952 0
    outer loop
      vertex 188.788 132.049 0
      vertex 188.826 132.184 0.5
      vertex 188.826 132.184 0
    endloop
  endfacet
  facet normal -0.962593 0.270952 0
    outer loop
      vertex 188.826 132.184 0.5
      vertex 188.788 132.049 0
      vertex 188.788 132.049 0.5
    endloop
  endfacet
  facet normal -0.974859 0.222825 0
    outer loop
      vertex 188.826 132.184 0
      vertex 188.858 132.324 0.5
      vertex 188.858 132.324 0
    endloop
  endfacet
  facet normal -0.974859 0.222825 0
    outer loop
      vertex 188.858 132.324 0.5
      vertex 188.826 132.184 0
      vertex 188.826 132.184 0.5
    endloop
  endfacet
  facet normal -0.98546 0.169907 0
    outer loop
      vertex 188.858 132.324 0
      vertex 188.883 132.469 0.5
      vertex 188.883 132.469 0
    endloop
  endfacet
  facet normal -0.98546 0.169907 0
    outer loop
      vertex 188.883 132.469 0.5
      vertex 188.858 132.324 0
      vertex 188.858 132.324 0.5
    endloop
  endfacet
  facet normal -0.992877 0.119145 0
    outer loop
      vertex 188.883 132.469 0
      vertex 188.901 132.619 0.5
      vertex 188.901 132.619 0
    endloop
  endfacet
  facet normal -0.992877 0.119145 0
    outer loop
      vertex 188.901 132.619 0.5
      vertex 188.883 132.469 0
      vertex 188.883 132.469 0.5
    endloop
  endfacet
  facet normal -0.997898 0.0647986 0
    outer loop
      vertex 188.901 132.619 0
      vertex 188.911 132.773 0.5
      vertex 188.911 132.773 0
    endloop
  endfacet
  facet normal -0.997898 0.0647986 0
    outer loop
      vertex 188.911 132.773 0.5
      vertex 188.901 132.619 0
      vertex 188.901 132.619 0.5
    endloop
  endfacet
  facet normal -0.999684 0.0251493 0
    outer loop
      vertex 188.911 132.773 0
      vertex 188.915 132.932 0.5
      vertex 188.915 132.932 0
    endloop
  endfacet
  facet normal -0.999684 0.0251493 0
    outer loop
      vertex 188.915 132.932 0.5
      vertex 188.911 132.773 0
      vertex 188.911 132.773 0.5
    endloop
  endfacet
  facet normal -0.999695 -0.0246838 0
    outer loop
      vertex 188.915 132.932 0
      vertex 188.911 133.094 0.5
      vertex 188.911 133.094 0
    endloop
  endfacet
  facet normal -0.999695 -0.0246838 0
    outer loop
      vertex 188.911 133.094 0.5
      vertex 188.915 132.932 0
      vertex 188.915 132.932 0.5
    endloop
  endfacet
  facet normal -0.997952 -0.0639713 0
    outer loop
      vertex 188.911 133.094 0
      vertex 188.901 133.25 0.5
      vertex 188.901 133.25 0
    endloop
  endfacet
  facet normal -0.997952 -0.0639713 0
    outer loop
      vertex 188.901 133.25 0.5
      vertex 188.911 133.094 0
      vertex 188.911 133.094 0.5
    endloop
  endfacet
  facet normal -0.99297 -0.118367 0
    outer loop
      vertex 188.901 133.25 0
      vertex 188.883 133.401 0.5
      vertex 188.883 133.401 0
    endloop
  endfacet
  facet normal -0.99297 -0.118367 0
    outer loop
      vertex 188.883 133.401 0.5
      vertex 188.901 133.25 0
      vertex 188.901 133.25 0.5
    endloop
  endfacet
  facet normal -0.985654 -0.168776 0
    outer loop
      vertex 188.883 133.401 0
      vertex 188.858 133.547 0.5
      vertex 188.858 133.547 0
    endloop
  endfacet
  facet normal -0.985654 -0.168776 0
    outer loop
      vertex 188.858 133.547 0.5
      vertex 188.883 133.401 0
      vertex 188.883 133.401 0.5
    endloop
  endfacet
  facet normal -0.975201 -0.221322 0
    outer loop
      vertex 188.858 133.547 0
      vertex 188.826 133.688 0.5
      vertex 188.826 133.688 0
    endloop
  endfacet
  facet normal -0.975201 -0.221322 0
    outer loop
      vertex 188.826 133.688 0.5
      vertex 188.858 133.547 0
      vertex 188.858 133.547 0.5
    endloop
  endfacet
  facet normal -0.963111 -0.269105 0
    outer loop
      vertex 188.826 133.688 0
      vertex 188.788 133.824 0.5
      vertex 188.788 133.824 0
    endloop
  endfacet
  facet normal -0.963111 -0.269105 0
    outer loop
      vertex 188.788 133.824 0.5
      vertex 188.826 133.688 0
      vertex 188.826 133.688 0.5
    endloop
  endfacet
  facet normal -0.943521 -0.331313 0
    outer loop
      vertex 188.788 133.824 0
      vertex 188.742 133.955 0.5
      vertex 188.742 133.955 0
    endloop
  endfacet
  facet normal -0.943521 -0.331313 0
    outer loop
      vertex 188.742 133.955 0.5
      vertex 188.788 133.824 0
      vertex 188.788 133.824 0.5
    endloop
  endfacet
  facet normal -0.921773 -0.38773 0
    outer loop
      vertex 188.742 133.955 0
      vertex 188.689 134.081 0.5
      vertex 188.689 134.081 0
    endloop
  endfacet
  facet normal -0.921773 -0.38773 0
    outer loop
      vertex 188.689 134.081 0.5
      vertex 188.742 133.955 0
      vertex 188.742 133.955 0.5
    endloop
  endfacet
  facet normal -0.894427 -0.447214 0
    outer loop
      vertex 188.689 134.081 0
      vertex 188.628 134.203 0.5
      vertex 188.628 134.203 0
    endloop
  endfacet
  facet normal -0.894427 -0.447214 0
    outer loop
      vertex 188.628 134.203 0.5
      vertex 188.689 134.081 0
      vertex 188.689 134.081 0.5
    endloop
  endfacet
  facet normal -0.864582 -0.502492 0
    outer loop
      vertex 188.628 134.203 0
      vertex 188.56 134.32 0.5
      vertex 188.56 134.32 0
    endloop
  endfacet
  facet normal -0.864582 -0.502492 0
    outer loop
      vertex 188.56 134.32 0.5
      vertex 188.628 134.203 0
      vertex 188.628 134.203 0.5
    endloop
  endfacet
  facet normal -0.829784 -0.558085 0
    outer loop
      vertex 188.56 134.32 0
      vertex 188.484 134.433 0.5
      vertex 188.484 134.433 0
    endloop
  endfacet
  facet normal -0.829784 -0.558085 0
    outer loop
      vertex 188.484 134.433 0.5
      vertex 188.56 134.32 0
      vertex 188.56 134.32 0.5
    endloop
  endfacet
  facet normal -0.795599 -0.605823 0
    outer loop
      vertex 188.484 134.433 0
      vertex 188.401 134.542 0.5
      vertex 188.401 134.542 0
    endloop
  endfacet
  facet normal -0.795599 -0.605823 0
    outer loop
      vertex 188.401 134.542 0.5
      vertex 188.484 134.433 0
      vertex 188.484 134.433 0.5
    endloop
  endfacet
  facet normal -0.756169 -0.654377 0
    outer loop
      vertex 188.401 134.542 0
      vertex 188.311 134.646 0.5
      vertex 188.311 134.646 0
    endloop
  endfacet
  facet normal -0.756169 -0.654377 0
    outer loop
      vertex 188.311 134.646 0.5
      vertex 188.401 134.542 0
      vertex 188.401 134.542 0.5
    endloop
  endfacet
  facet normal -0.714213 -0.699929 0
    outer loop
      vertex 188.311 134.646 0
      vertex 188.213 134.746 0.5
      vertex 188.213 134.746 0
    endloop
  endfacet
  facet normal -0.714213 -0.699929 0
    outer loop
      vertex 188.213 134.746 0.5
      vertex 188.311 134.646 0
      vertex 188.311 134.646 0.5
    endloop
  endfacet
  facet normal -0.668965 -0.743294 0
    outer loop
      vertex 188.093 134.854 0
      vertex 188.213 134.746 0.5
      vertex 188.093 134.854 0.5
    endloop
  endfacet
  facet normal -0.668965 -0.743294 -0
    outer loop
      vertex 188.213 134.746 0.5
      vertex 188.093 134.854 0
      vertex 188.213 134.746 0
    endloop
  endfacet
  facet normal -0.617822 -0.786318 0
    outer loop
      vertex 187.967 134.953 0
      vertex 188.093 134.854 0.5
      vertex 187.967 134.953 0.5
    endloop
  endfacet
  facet normal -0.617822 -0.786318 -0
    outer loop
      vertex 188.093 134.854 0.5
      vertex 187.967 134.953 0
      vertex 188.093 134.854 0
    endloop
  endfacet
  facet normal -0.556141 -0.831088 0
    outer loop
      vertex 187.834 135.042 0
      vertex 187.967 134.953 0.5
      vertex 187.834 135.042 0.5
    endloop
  endfacet
  facet normal -0.556141 -0.831088 -0
    outer loop
      vertex 187.967 134.953 0.5
      vertex 187.834 135.042 0
      vertex 187.967 134.953 0
    endloop
  endfacet
  facet normal -0.494117 -0.869395 0
    outer loop
      vertex 187.695 135.121 0
      vertex 187.834 135.042 0.5
      vertex 187.695 135.121 0.5
    endloop
  endfacet
  facet normal -0.494117 -0.869395 -0
    outer loop
      vertex 187.834 135.042 0.5
      vertex 187.695 135.121 0
      vertex 187.834 135.042 0
    endloop
  endfacet
  facet normal -0.437331 -0.899301 0
    outer loop
      vertex 187.549 135.192 0
      vertex 187.695 135.121 0.5
      vertex 187.549 135.192 0.5
    endloop
  endfacet
  facet normal -0.437331 -0.899301 -0
    outer loop
      vertex 187.695 135.121 0.5
      vertex 187.549 135.192 0
      vertex 187.695 135.121 0
    endloop
  endfacet
  facet normal -0.370344 -0.928895 0
    outer loop
      vertex 187.396 135.253 0
      vertex 187.549 135.192 0.5
      vertex 187.396 135.253 0.5
    endloop
  endfacet
  facet normal -0.370344 -0.928895 -0
    outer loop
      vertex 187.549 135.192 0.5
      vertex 187.396 135.253 0
      vertex 187.549 135.192 0
    endloop
  endfacet
  facet normal -0.303695 -0.952769 0
    outer loop
      vertex 187.236 135.304 0
      vertex 187.396 135.253 0.5
      vertex 187.236 135.304 0.5
    endloop
  endfacet
  facet normal -0.303695 -0.952769 -0
    outer loop
      vertex 187.396 135.253 0.5
      vertex 187.236 135.304 0
      vertex 187.396 135.253 0
    endloop
  endfacet
  facet normal -0.245157 -0.969483 0
    outer loop
      vertex 187.062 135.348 0
      vertex 187.236 135.304 0.5
      vertex 187.062 135.348 0.5
    endloop
  endfacet
  facet normal -0.245157 -0.969483 -0
    outer loop
      vertex 187.236 135.304 0.5
      vertex 187.062 135.348 0
      vertex 187.236 135.304 0
    endloop
  endfacet
  facet normal -0.183689 -0.982984 0
    outer loop
      vertex 186.864 135.385 0
      vertex 187.062 135.348 0.5
      vertex 186.864 135.385 0.5
    endloop
  endfacet
  facet normal -0.183689 -0.982984 -0
    outer loop
      vertex 187.062 135.348 0.5
      vertex 186.864 135.385 0
      vertex 187.062 135.348 0
    endloop
  endfacet
  facet normal -0.135113 -0.99083 0
    outer loop
      vertex 186.644 135.415 0
      vertex 186.864 135.385 0.5
      vertex 186.644 135.415 0.5
    endloop
  endfacet
  facet normal -0.135113 -0.99083 -0
    outer loop
      vertex 186.864 135.385 0.5
      vertex 186.644 135.415 0
      vertex 186.864 135.385 0
    endloop
  endfacet
  facet normal -0.0974925 -0.995236 0
    outer loop
      vertex 186.399 135.439 0
      vertex 186.644 135.415 0.5
      vertex 186.399 135.439 0.5
    endloop
  endfacet
  facet normal -0.0974925 -0.995236 -0
    outer loop
      vertex 186.644 135.415 0.5
      vertex 186.399 135.439 0
      vertex 186.644 135.415 0
    endloop
  endfacet
  facet normal -0.0598178 -0.998209 0
    outer loop
      vertex 186.132 135.455 0
      vertex 186.399 135.439 0.5
      vertex 186.132 135.455 0.5
    endloop
  endfacet
  facet normal -0.0598178 -0.998209 -0
    outer loop
      vertex 186.399 135.439 0.5
      vertex 186.132 135.455 0
      vertex 186.399 135.439 0
    endloop
  endfacet
  facet normal -0.034344 -0.99941 0
    outer loop
      vertex 185.841 135.465 0
      vertex 186.132 135.455 0.5
      vertex 185.841 135.465 0.5
    endloop
  endfacet
  facet normal -0.034344 -0.99941 -0
    outer loop
      vertex 186.132 135.455 0.5
      vertex 185.841 135.465 0
      vertex 186.132 135.455 0
    endloop
  endfacet
  facet normal -0.0127785 -0.999918 0
    outer loop
      vertex 185.528 135.469 0
      vertex 185.841 135.465 0.5
      vertex 185.528 135.469 0.5
    endloop
  endfacet
  facet normal -0.0127785 -0.999918 -0
    outer loop
      vertex 185.841 135.465 0.5
      vertex 185.528 135.469 0
      vertex 185.841 135.465 0
    endloop
  endfacet
  facet normal 0 -1 0
    outer loop
      vertex 184.151 135.469 0
      vertex 185.528 135.469 0.5
      vertex 184.151 135.469 0.5
    endloop
  endfacet
  facet normal 0 -1 -0
    outer loop
      vertex 185.528 135.469 0.5
      vertex 184.151 135.469 0
      vertex 185.528 135.469 0
    endloop
  endfacet
  facet normal 1 -0 0
    outer loop
      vertex 184.151 130.406 0.5
      vertex 184.151 135.469 0
      vertex 184.151 135.469 0.5
    endloop
  endfacet
  facet normal 1 0 0
    outer loop
      vertex 184.151 135.469 0
      vertex 184.151 130.406 0.5
      vertex 184.151 130.406 0
    endloop
  endfacet
  facet normal 0 1 -0
    outer loop
      vertex 185.528 130.406 0
      vertex 184.151 130.406 0.5
      vertex 185.528 130.406 0.5
    endloop
  endfacet
  facet normal 0 1 0
    outer loop
      vertex 184.151 130.406 0.5
      vertex 185.528 130.406 0
      vertex 184.151 130.406 0
    endloop
  endfacet
  facet normal -0.0126173 0.99992 0
    outer loop
      vertex 185.845 130.41 0
      vertex 185.528 130.406 0.5
      vertex 185.845 130.41 0.5
    endloop
  endfacet
  facet normal -0.0126173 0.99992 0
    outer loop
      vertex 185.528 130.406 0.5
      vertex 185.845 130.41 0
      vertex 185.528 130.406 0
    endloop
  endfacet
  facet normal -1 0 0
    outer loop
      vertex 185.456 131.392 0
      vertex 185.456 134.483 0.5
      vertex 185.456 134.483 0
    endloop
  endfacet
  facet normal -1 -0 0
    outer loop
      vertex 185.456 134.483 0.5
      vertex 185.456 131.392 0
      vertex 185.456 131.392 0.5
    endloop
  endfacet
  facet normal 0 1 -0
    outer loop
      vertex 185.924 134.483 0
      vertex 185.456 134.483 0.5
      vertex 185.924 134.483 0.5
    endloop
  endfacet
  facet normal 0 1 0
    outer loop
      vertex 185.456 134.483 0.5
      vertex 185.924 134.483 0
      vertex 185.456 134.483 0
    endloop
  endfacet
  facet normal 0.0361754 0.999345 -0
    outer loop
      vertex 186.145 134.475 0
      vertex 185.924 134.483 0.5
      vertex 186.145 134.475 0.5
    endloop
  endfacet
  facet normal 0.0361754 0.999345 0
    outer loop
      vertex 185.924 134.483 0.5
      vertex 186.145 134.475 0
      vertex 185.924 134.483 0
    endloop
  endfacet
  facet normal 0.115722 0.993282 -0
    outer loop
      vertex 186.351 134.451 0
      vertex 186.145 134.475 0.5
      vertex 186.351 134.451 0.5
    endloop
  endfacet
  facet normal 0.115722 0.993282 0
    outer loop
      vertex 186.145 134.475 0.5
      vertex 186.351 134.451 0
      vertex 186.145 134.475 0
    endloop
  endfacet
  facet normal 0.210934 0.9775 -0
    outer loop
      vertex 186.541 134.41 0
      vertex 186.351 134.451 0.5
      vertex 186.541 134.41 0.5
    endloop
  endfacet
  facet normal 0.210934 0.9775 0
    outer loop
      vertex 186.351 134.451 0.5
      vertex 186.541 134.41 0
      vertex 186.351 134.451 0
    endloop
  endfacet
  facet normal 0.306363 0.951915 -0
    outer loop
      vertex 186.715 134.354 0
      vertex 186.541 134.41 0.5
      vertex 186.715 134.354 0.5
    endloop
  endfacet
  facet normal 0.306363 0.951915 0
    outer loop
      vertex 186.541 134.41 0.5
      vertex 186.715 134.354 0
      vertex 186.541 134.41 0
    endloop
  endfacet
  facet normal 0.417245 0.908794 -0
    outer loop
      vertex 186.874 134.281 0
      vertex 186.715 134.354 0.5
      vertex 186.874 134.281 0.5
    endloop
  endfacet
  facet normal 0.417245 0.908794 0
    outer loop
      vertex 186.715 134.354 0.5
      vertex 186.874 134.281 0
      vertex 186.715 134.354 0
    endloop
  endfacet
  facet normal 0.529999 0.847998 -0
    outer loop
      vertex 187.018 134.191 0
      vertex 186.874 134.281 0.5
      vertex 187.018 134.191 0.5
    endloop
  endfacet
  facet normal 0.529999 0.847998 0
    outer loop
      vertex 186.874 134.281 0.5
      vertex 187.018 134.191 0
      vertex 186.874 134.281 0
    endloop
  endfacet
  facet normal 0.631271 0.775562 -0
    outer loop
      vertex 187.147 134.086 0
      vertex 187.018 134.191 0.5
      vertex 187.147 134.086 0.5
    endloop
  endfacet
  facet normal 0.631271 0.775562 0
    outer loop
      vertex 187.018 134.191 0.5
      vertex 187.147 134.086 0
      vertex 187.018 134.191 0
    endloop
  endfacet
  facet normal 0.733873 0.679287 0
    outer loop
      vertex 187.259 133.965 0.5
      vertex 187.147 134.086 0
      vertex 187.147 134.086 0.5
    endloop
  endfacet
  facet normal 0.733873 0.679287 0
    outer loop
      vertex 187.147 134.086 0
      vertex 187.259 133.965 0.5
      vertex 187.259 133.965 0
    endloop
  endfacet
  facet normal 0.820657 0.571421 0
    outer loop
      vertex 187.353 133.83 0.5
      vertex 187.259 133.965 0
      vertex 187.259 133.965 0.5
    endloop
  endfacet
  facet normal 0.820657 0.571421 0
    outer loop
      vertex 187.259 133.965 0
      vertex 187.353 133.83 0.5
      vertex 187.353 133.83 0
    endloop
  endfacet
  facet normal 0.887217 0.461353 0
    outer loop
      vertex 187.431 133.68 0.5
      vertex 187.353 133.83 0
      vertex 187.353 133.83 0.5
    endloop
  endfacet
  facet normal 0.887217 0.461353 0
    outer loop
      vertex 187.353 133.83 0
      vertex 187.431 133.68 0.5
      vertex 187.431 133.68 0
    endloop
  endfacet
  facet normal 0.939793 0.341743 0
    outer loop
      vertex 187.491 133.515 0.5
      vertex 187.431 133.68 0
      vertex 187.431 133.68 0.5
    endloop
  endfacet
  facet normal 0.939793 0.341743 0
    outer loop
      vertex 187.431 133.68 0
      vertex 187.491 133.515 0.5
      vertex 187.491 133.515 0
    endloop
  endfacet
  facet normal 0.972632 0.232351 0
    outer loop
      vertex 187.534 133.335 0.5
      vertex 187.491 133.515 0
      vertex 187.491 133.515 0.5
    endloop
  endfacet
  facet normal 0.972632 0.232351 0
    outer loop
      vertex 187.491 133.515 0
      vertex 187.534 133.335 0.5
      vertex 187.534 133.335 0
    endloop
  endfacet
  facet normal 0.991138 0.132833 0
    outer loop
      vertex 187.56 133.141 0.5
      vertex 187.534 133.335 0
      vertex 187.534 133.335 0.5
    endloop
  endfacet
  facet normal 0.991138 0.132833 0
    outer loop
      vertex 187.534 133.335 0
      vertex 187.56 133.141 0.5
      vertex 187.56 133.141 0
    endloop
  endfacet
  facet normal 0.999074 0.0430223 0
    outer loop
      vertex 187.569 132.932 0.5
      vertex 187.56 133.141 0
      vertex 187.56 133.141 0.5
    endloop
  endfacet
  facet normal 0.999074 0.0430223 0
    outer loop
      vertex 187.56 133.141 0
      vertex 187.569 132.932 0.5
      vertex 187.569 132.932 0
    endloop
  endfacet
  facet normal 0.999056 -0.0434372 0
    outer loop
      vertex 187.56 132.725 0.5
      vertex 187.569 132.932 0
      vertex 187.569 132.932 0.5
    endloop
  endfacet
  facet normal 0.999056 -0.0434372 0
    outer loop
      vertex 187.569 132.932 0
      vertex 187.56 132.725 0.5
      vertex 187.56 132.725 0
    endloop
  endfacet
  facet normal 0.991138 -0.132833 0
    outer loop
      vertex 187.534 132.531 0.5
      vertex 187.56 132.725 0
      vertex 187.56 132.725 0.5
    endloop
  endfacet
  facet normal 0.991138 -0.132833 0
    outer loop
      vertex 187.56 132.725 0
      vertex 187.534 132.531 0.5
      vertex 187.534 132.531 0
    endloop
  endfacet
  facet normal 0.972039 -0.234818 0
    outer loop
      vertex 187.491 132.353 0.5
      vertex 187.534 132.531 0
      vertex 187.534 132.531 0.5
    endloop
  endfacet
  facet normal 0.972039 -0.234818 0
    outer loop
      vertex 187.534 132.531 0
      vertex 187.491 132.353 0.5
      vertex 187.491 132.353 0
    endloop
  endfacet
  facet normal 0.939123 -0.343582 0
    outer loop
      vertex 187.431 132.189 0.5
      vertex 187.491 132.353 0
      vertex 187.491 132.353 0.5
    endloop
  endfacet
  facet normal 0.939123 -0.343582 0
    outer loop
      vertex 187.491 132.353 0
      vertex 187.431 132.189 0.5
      vertex 187.431 132.189 0
    endloop
  endfacet
  facet normal 0.888385 -0.459098 0
    outer loop
      vertex 187.354 132.04 0.5
      vertex 187.431 132.189 0
      vertex 187.431 132.189 0.5
    endloop
  endfacet
  facet normal 0.888385 -0.459098 0
    outer loop
      vertex 187.431 132.189 0
      vertex 187.354 132.04 0.5
      vertex 187.354 132.04 0
    endloop
  endfacet
  facet normal 0.820657 -0.571421 0
    outer loop
      vertex 187.26 131.905 0.5
      vertex 187.354 132.04 0
      vertex 187.354 132.04 0.5
    endloop
  endfacet
  facet normal 0.820657 -0.571421 0
    outer loop
      vertex 187.354 132.04 0
      vertex 187.26 131.905 0.5
      vertex 187.26 131.905 0
    endloop
  endfacet
  facet normal 0.7282 -0.685365 0
    outer loop
      vertex 187.148 131.786 0.5
      vertex 187.26 131.905 0
      vertex 187.26 131.905 0.5
    endloop
  endfacet
  facet normal 0.7282 -0.685365 0
    outer loop
      vertex 187.26 131.905 0
      vertex 187.148 131.786 0.5
      vertex 187.148 131.786 0
    endloop
  endfacet
  facet normal 0.634224 -0.773149 0
    outer loop
      vertex 187.02 131.681 0
      vertex 187.148 131.786 0.5
      vertex 187.02 131.681 0.5
    endloop
  endfacet
  facet normal 0.634224 -0.773149 0
    outer loop
      vertex 187.148 131.786 0.5
      vertex 187.02 131.681 0
      vertex 187.148 131.786 0
    endloop
  endfacet
  facet normal 0.524097 -0.851658 0
    outer loop
      vertex 186.877 131.593 0
      vertex 187.02 131.681 0.5
      vertex 186.877 131.593 0.5
    endloop
  endfacet
  facet normal 0.524097 -0.851658 0
    outer loop
      vertex 187.02 131.681 0.5
      vertex 186.877 131.593 0
      vertex 187.02 131.681 0
    endloop
  endfacet
  facet normal 0.415088 -0.909781 0
    outer loop
      vertex 186.717 131.52 0
      vertex 186.877 131.593 0.5
      vertex 186.717 131.52 0.5
    endloop
  endfacet
  facet normal 0.415088 -0.909781 0
    outer loop
      vertex 186.877 131.593 0.5
      vertex 186.717 131.52 0
      vertex 186.877 131.593 0
    endloop
  endfacet
  facet normal 0.306363 -0.951915 0
    outer loop
      vertex 186.543 131.464 0
      vertex 186.717 131.52 0.5
      vertex 186.543 131.464 0.5
    endloop
  endfacet
  facet normal 0.306363 -0.951915 0
    outer loop
      vertex 186.717 131.52 0.5
      vertex 186.543 131.464 0
      vertex 186.717 131.52 0
    endloop
  endfacet
  facet normal 0.204977 -0.978767 0
    outer loop
      vertex 186.352 131.424 0
      vertex 186.543 131.464 0.5
      vertex 186.352 131.424 0.5
    endloop
  endfacet
  facet normal 0.204977 -0.978767 0
    outer loop
      vertex 186.543 131.464 0.5
      vertex 186.352 131.424 0
      vertex 186.543 131.464 0
    endloop
  endfacet
  facet normal 0.115722 -0.993282 0
    outer loop
      vertex 186.146 131.4 0
      vertex 186.352 131.424 0.5
      vertex 186.146 131.4 0.5
    endloop
  endfacet
  facet normal 0.115722 -0.993282 0
    outer loop
      vertex 186.352 131.424 0.5
      vertex 186.146 131.4 0
      vertex 186.352 131.424 0
    endloop
  endfacet
  facet normal 0.0360127 -0.999351 0
    outer loop
      vertex 185.924 131.392 0
      vertex 186.146 131.4 0.5
      vertex 185.924 131.392 0.5
    endloop
  endfacet
  facet normal 0.0360127 -0.999351 0
    outer loop
      vertex 186.146 131.4 0.5
      vertex 185.924 131.392 0
      vertex 186.146 131.4 0
    endloop
  endfacet
  facet normal 0 -1 0
    outer loop
      vertex 185.456 131.392 0
      vertex 185.924 131.392 0.5
      vertex 185.456 131.392 0.5
    endloop
  endfacet
  facet normal 0 -1 -0
    outer loop
      vertex 185.924 131.392 0.5
      vertex 185.456 131.392 0
      vertex 185.924 131.392 0
    endloop
  endfacet
  facet normal -0.325759 -0.945453 0
    outer loop
      vertex 174.47 133.295 0
      vertex 177.738 132.169 0.5
      vertex 174.47 133.295 0.5
    endloop
  endfacet
  facet normal -0.325759 -0.945453 -0
    outer loop
      vertex 177.738 132.169 0.5
      vertex 174.47 133.295 0
      vertex 177.738 132.169 0
    endloop
  endfacet
  facet normal -0.323688 0.946164 0
    outer loop
      vertex 177.738 134.413 0
      vertex 174.47 133.295 0.5
      vertex 177.738 134.413 0.5
    endloop
  endfacet
  facet normal -0.323688 0.946164 0
    outer loop
      vertex 174.47 133.295 0.5
      vertex 177.738 134.413 0
      vertex 174.47 133.295 0
    endloop
  endfacet
  facet normal -1 0 0
    outer loop
      vertex 177.738 134.413 0
      vertex 177.738 135.261 0.5
      vertex 177.738 135.261 0
    endloop
  endfacet
  facet normal -1 -0 0
    outer loop
      vertex 177.738 135.261 0.5
      vertex 177.738 134.413 0
      vertex 177.738 134.413 0.5
    endloop
  endfacet
  facet normal 0.339692 -0.940537 0
    outer loop
      vertex 173.391 133.691 0
      vertex 177.738 135.261 0.5
      vertex 173.391 133.691 0.5
    endloop
  endfacet
  facet normal 0.339692 -0.940537 0
    outer loop
      vertex 177.738 135.261 0.5
      vertex 173.391 133.691 0
      vertex 177.738 135.261 0
    endloop
  endfacet
  facet normal 1 -0 0
    outer loop
      vertex 173.391 132.891 0.5
      vertex 173.391 133.691 0
      vertex 173.391 133.691 0.5
    endloop
  endfacet
  facet normal 1 0 0
    outer loop
      vertex 173.391 133.691 0
      vertex 173.391 132.891 0.5
      vertex 173.391 132.891 0
    endloop
  endfacet
  facet normal 0.339501 0.940606 -0
    outer loop
      vertex 177.738 131.322 0
      vertex 173.391 132.891 0.5
      vertex 177.738 131.322 0.5
    endloop
  endfacet
  facet normal 0.339501 0.940606 0
    outer loop
      vertex 173.391 132.891 0.5
      vertex 177.738 131.322 0
      vertex 173.391 132.891 0
    endloop
  endfacet
  facet normal -1 0 0
    outer loop
      vertex 177.738 131.322 0
      vertex 177.738 132.169 0.5
      vertex 177.738 132.169 0
    endloop
  endfacet
  facet normal -1 -0 0
    outer loop
      vertex 177.738 132.169 0.5
      vertex 177.738 131.322 0
      vertex 177.738 131.322 0.5
    endloop
  endfacet
  facet normal 0 -1 0
    outer loop
      vertex 178.714 133.962 0
      vertex 180.843 133.962 0.5
      vertex 178.714 133.962 0.5
    endloop
  endfacet
  facet normal 0 -1 -0
    outer loop
      vertex 180.843 133.962 0.5
      vertex 178.714 133.962 0
      vertex 180.843 133.962 0
    endloop
  endfacet
  facet normal 1 -0 0
    outer loop
      vertex 178.714 132.976 0.5
      vertex 178.714 133.962 0
      vertex 178.714 133.962 0.5
    endloop
  endfacet
  facet normal 1 0 0
    outer loop
      vertex 178.714 133.962 0
      vertex 178.714 132.976 0.5
      vertex 178.714 132.976 0
    endloop
  endfacet
  facet normal 0 1 -0
    outer loop
      vertex 180.843 132.976 0
      vertex 178.714 132.976 0.5
      vertex 180.843 132.976 0.5
    endloop
  endfacet
  facet normal 0 1 0
    outer loop
      vertex 178.714 132.976 0.5
      vertex 180.843 132.976 0
      vertex 178.714 132.976 0
    endloop
  endfacet
  facet normal -1 0 0
    outer loop
      vertex 180.843 132.976 0
      vertex 180.843 133.962 0.5
      vertex 180.843 133.962 0
    endloop
  endfacet
  facet normal -1 -0 0
    outer loop
      vertex 180.843 133.962 0.5
      vertex 180.843 132.976 0
      vertex 180.843 132.976 0.5
    endloop
  endfacet
  facet normal -0.909872 -0.414889 0
    outer loop
      vertex 182.553 63.3847 0
      vertex 181.172 66.4133 0.5
      vertex 181.172 66.4133 0
    endloop
  endfacet
  facet normal -0.909872 -0.414889 0
    outer loop
      vertex 181.172 66.4133 0.5
      vertex 182.553 63.3847 0
      vertex 182.553 63.3847 0.5
    endloop
  endfacet
  facet normal 0 -1 0
    outer loop
      vertex 180.282 66.4133 0
      vertex 181.172 66.4133 0.5
      vertex 180.282 66.4133 0.5
    endloop
  endfacet
  facet normal 0 -1 -0
    outer loop
      vertex 181.172 66.4133 0.5
      vertex 180.282 66.4133 0
      vertex 181.172 66.4133 0
    endloop
  endfacet
  facet normal 0.910166 0.414245 0
    outer loop
      vertex 181.589 63.5416 0.5
      vertex 180.282 66.4133 0
      vertex 180.282 66.4133 0.5
    endloop
  endfacet
  facet normal 0.910166 0.414245 0
    outer loop
      vertex 180.282 66.4133 0
      vertex 181.589 63.5416 0.5
      vertex 181.589 63.5416 0
    endloop
  endfacet
  facet normal 0 -1 0
    outer loop
      vertex 179.883 63.5416 0
      vertex 181.589 63.5416 0.5
      vertex 179.883 63.5416 0.5
    endloop
  endfacet
  facet normal 0 -1 -0
    outer loop
      vertex 181.589 63.5416 0.5
      vertex 179.883 63.5416 0
      vertex 181.589 63.5416 0
    endloop
  endfacet
  facet normal 1 -0 0
    outer loop
      vertex 179.883 62.8696 0.5
      vertex 179.883 63.5416 0
      vertex 179.883 63.5416 0.5
    endloop
  endfacet
  facet normal 1 0 0
    outer loop
      vertex 179.883 63.5416 0
      vertex 179.883 62.8696 0.5
      vertex 179.883 62.8696 0
    endloop
  endfacet
  facet normal 0 1 -0
    outer loop
      vertex 182.553 62.8696 0
      vertex 179.883 62.8696 0.5
      vertex 182.553 62.8696 0.5
    endloop
  endfacet
  facet normal 0 1 0
    outer loop
      vertex 179.883 62.8696 0.5
      vertex 182.553 62.8696 0
      vertex 179.883 62.8696 0
    endloop
  endfacet
  facet normal -1 0 0
    outer loop
      vertex 182.553 62.8696 0
      vertex 182.553 63.3847 0.5
      vertex 182.553 63.3847 0
    endloop
  endfacet
  facet normal -1 -0 0
    outer loop
      vertex 182.553 63.3847 0.5
      vertex 182.553 62.8696 0
      vertex 182.553 62.8696 0.5
    endloop
  endfacet
  facet normal -0.0729236 0.997338 0
    outer loop
      vertex 178.146 62.8878 0
      vertex 177.96 62.8742 0.5
      vertex 178.146 62.8878 0.5
    endloop
  endfacet
  facet normal -0.0729236 0.997338 0
    outer loop
      vertex 177.96 62.8742 0.5
      vertex 178.146 62.8878 0
      vertex 177.96 62.8742 0
    endloop
  endfacet
  facet normal -0.1337 0.991022 0
    outer loop
      vertex 178.315 62.9106 0
      vertex 178.146 62.8878 0.5
      vertex 178.315 62.9106 0.5
    endloop
  endfacet
  facet normal -0.1337 0.991022 0
    outer loop
      vertex 178.146 62.8878 0.5
      vertex 178.315 62.9106 0
      vertex 178.146 62.8878 0
    endloop
  endfacet
  facet normal -0.204108 0.978948 0
    outer loop
      vertex 178.468 62.9425 0
      vertex 178.315 62.9106 0.5
      vertex 178.468 62.9425 0.5
    endloop
  endfacet
  facet normal -0.204108 0.978948 0
    outer loop
      vertex 178.315 62.9106 0.5
      vertex 178.468 62.9425 0
      vertex 178.315 62.9106 0
    endloop
  endfacet
  facet normal -0.287994 0.957632 0
    outer loop
      vertex 178.604 62.9834 0
      vertex 178.468 62.9425 0.5
      vertex 178.604 62.9834 0.5
    endloop
  endfacet
  facet normal -0.287994 0.957632 0
    outer loop
      vertex 178.468 62.9425 0.5
      vertex 178.604 62.9834 0
      vertex 178.468 62.9425 0
    endloop
  endfacet
  facet normal -0.385271 0.922804 0
    outer loop
      vertex 178.724 63.0335 0
      vertex 178.604 62.9834 0.5
      vertex 178.724 63.0335 0.5
    endloop
  endfacet
  facet normal -0.385271 0.922804 0
    outer loop
      vertex 178.604 62.9834 0.5
      vertex 178.724 63.0335 0
      vertex 178.604 62.9834 0
    endloop
  endfacet
  facet normal -0.498313 0.866997 0
    outer loop
      vertex 178.827 63.0927 0
      vertex 178.724 63.0335 0.5
      vertex 178.827 63.0927 0.5
    endloop
  endfacet
  facet normal -0.498313 0.866997 0
    outer loop
      vertex 178.724 63.0335 0.5
      vertex 178.827 63.0927 0
      vertex 178.724 63.0335 0
    endloop
  endfacet
  facet normal -0.621947 0.783059 0
    outer loop
      vertex 178.914 63.1618 0
      vertex 178.827 63.0927 0.5
      vertex 178.914 63.1618 0.5
    endloop
  endfacet
  facet normal -0.621947 0.783059 0
    outer loop
      vertex 178.827 63.0927 0.5
      vertex 178.914 63.1618 0
      vertex 178.827 63.0927 0
    endloop
  endfacet
  facet normal -0.730389 0.683032 0
    outer loop
      vertex 178.914 63.1618 0
      vertex 178.989 63.242 0.5
      vertex 178.989 63.242 0
    endloop
  endfacet
  facet normal -0.730389 0.683032 0
    outer loop
      vertex 178.989 63.242 0.5
      vertex 178.914 63.1618 0
      vertex 178.914 63.1618 0.5
    endloop
  endfacet
  facet normal -0.830926 0.556383 0
    outer loop
      vertex 178.989 63.242 0
      vertex 179.05 63.3331 0.5
      vertex 179.05 63.3331 0
    endloop
  endfacet
  facet normal -0.830926 0.556383 0
    outer loop
      vertex 179.05 63.3331 0.5
      vertex 178.989 63.242 0
      vertex 178.989 63.242 0.5
    endloop
  endfacet
  facet normal -0.90822 0.418493 0
    outer loop
      vertex 179.05 63.3331 0
      vertex 179.097 63.4351 0.5
      vertex 179.097 63.4351 0
    endloop
  endfacet
  facet normal -0.90822 0.418493 0
    outer loop
      vertex 179.097 63.4351 0.5
      vertex 179.05 63.3331 0
      vertex 179.05 63.3331 0.5
    endloop
  endfacet
  facet normal -0.957522 0.288359 0
    outer loop
      vertex 179.097 63.4351 0
      vertex 179.131 63.548 0.5
      vertex 179.131 63.548 0
    endloop
  endfacet
  facet normal -0.957522 0.288359 0
    outer loop
      vertex 179.131 63.548 0.5
      vertex 179.097 63.4351 0
      vertex 179.097 63.4351 0.5
    endloop
  endfacet
  facet normal -0.987241 0.159232 0
    outer loop
      vertex 179.131 63.548 0
      vertex 179.151 63.672 0.5
      vertex 179.151 63.672 0
    endloop
  endfacet
  facet normal -0.987241 0.159232 0
    outer loop
      vertex 179.151 63.672 0.5
      vertex 179.131 63.548 0
      vertex 179.131 63.548 0.5
    endloop
  endfacet
  facet normal -0.998654 0.0518589 0
    outer loop
      vertex 179.151 63.672 0
      vertex 179.158 63.8068 0.5
      vertex 179.158 63.8068 0
    endloop
  endfacet
  facet normal -0.998654 0.0518589 0
    outer loop
      vertex 179.158 63.8068 0.5
      vertex 179.151 63.672 0
      vertex 179.151 63.672 0.5
    endloop
  endfacet
  facet normal -0.99914 -0.0414581 0
    outer loop
      vertex 179.158 63.8068 0
      vertex 179.155 63.8791 0.5
      vertex 179.155 63.8791 0
    endloop
  endfacet
  facet normal -0.99914 -0.0414581 0
    outer loop
      vertex 179.155 63.8791 0.5
      vertex 179.158 63.8068 0
      vertex 179.158 63.8068 0.5
    endloop
  endfacet
  facet normal -0.994923 -0.100642 0
    outer loop
      vertex 179.155 63.8791 0
      vertex 179.148 63.9483 0.5
      vertex 179.148 63.9483 0
    endloop
  endfacet
  facet normal -0.994923 -0.100642 0
    outer loop
      vertex 179.148 63.9483 0.5
      vertex 179.155 63.8791 0
      vertex 179.155 63.8791 0.5
    endloop
  endfacet
  facet normal -0.981148 -0.193256 0
    outer loop
      vertex 179.148 63.9483 0
      vertex 179.135 64.0143 0.5
      vertex 179.135 64.0143 0
    endloop
  endfacet
  facet normal -0.981148 -0.193256 0
    outer loop
      vertex 179.135 64.0143 0.5
      vertex 179.148 63.9483 0
      vertex 179.148 63.9483 0.5
    endloop
  endfacet
  facet normal -0.965363 -0.260909 0
    outer loop
      vertex 179.135 64.0143 0
      vertex 179.118 64.0772 0.5
      vertex 179.118 64.0772 0
    endloop
  endfacet
  facet normal -0.965363 -0.260909 0
    outer loop
      vertex 179.118 64.0772 0.5
      vertex 179.135 64.0143 0
      vertex 179.135 64.0143 0.5
    endloop
  endfacet
  facet normal -0.938316 -0.345778 0
    outer loop
      vertex 179.118 64.0772 0
      vertex 179.096 64.1369 0.5
      vertex 179.096 64.1369 0
    endloop
  endfacet
  facet normal -0.938316 -0.345778 0
    outer loop
      vertex 179.096 64.1369 0.5
      vertex 179.118 64.0772 0
      vertex 179.118 64.0772 0.5
    endloop
  endfacet
  facet normal -0.902566 -0.430552 0
    outer loop
      vertex 179.096 64.1369 0
      vertex 179.069 64.1935 0.5
      vertex 179.069 64.1935 0
    endloop
  endfacet
  facet normal -0.902566 -0.430552 0
    outer loop
      vertex 179.069 64.1935 0.5
      vertex 179.096 64.1369 0
      vertex 179.096 64.1369 0.5
    endloop
  endfacet
  facet normal -0.857776 -0.514023 0
    outer loop
      vertex 179.069 64.1935 0
      vertex 179.037 64.2469 0.5
      vertex 179.037 64.2469 0
    endloop
  endfacet
  facet normal -0.857776 -0.514023 0
    outer loop
      vertex 179.037 64.2469 0.5
      vertex 179.069 64.1935 0
      vertex 179.069 64.1935 0.5
    endloop
  endfacet
  facet normal -0.803842 -0.594843 0
    outer loop
      vertex 179.037 64.2469 0
      vertex 179 64.2969 0.5
      vertex 179 64.2969 0
    endloop
  endfacet
  facet normal -0.803842 -0.594843 0
    outer loop
      vertex 179 64.2969 0.5
      vertex 179.037 64.2469 0
      vertex 179.037 64.2469 0.5
    endloop
  endfacet
  facet normal -0.74723 -0.664565 0
    outer loop
      vertex 179 64.2969 0
      vertex 178.959 64.343 0.5
      vertex 178.959 64.343 0
    endloop
  endfacet
  facet normal -0.74723 -0.664565 0
    outer loop
      vertex 178.959 64.343 0.5
      vertex 179 64.2969 0
      vertex 179 64.2969 0.5
    endloop
  endfacet
  facet normal -0.676883 -0.73609 0
    outer loop
      vertex 178.913 64.3853 0
      vertex 178.959 64.343 0.5
      vertex 178.913 64.3853 0.5
    endloop
  endfacet
  facet normal -0.676883 -0.73609 -0
    outer loop
      vertex 178.959 64.343 0.5
      vertex 178.913 64.3853 0
      vertex 178.959 64.343 0
    endloop
  endfacet
  facet normal -0.610094 -0.792329 0
    outer loop
      vertex 178.863 64.4238 0
      vertex 178.913 64.3853 0.5
      vertex 178.863 64.4238 0.5
    endloop
  endfacet
  facet normal -0.610094 -0.792329 -0
    outer loop
      vertex 178.913 64.3853 0.5
      vertex 178.863 64.4238 0
      vertex 178.913 64.3853 0
    endloop
  endfacet
  facet normal -0.532487 -0.846438 0
    outer loop
      vertex 178.808 64.4584 0
      vertex 178.863 64.4238 0.5
      vertex 178.808 64.4584 0.5
    endloop
  endfacet
  facet normal -0.532487 -0.846438 -0
    outer loop
      vertex 178.863 64.4238 0.5
      vertex 178.808 64.4584 0
      vertex 178.863 64.4238 0
    endloop
  endfacet
  facet normal -0.462771 -0.886478 0
    outer loop
      vertex 178.749 64.4892 0
      vertex 178.808 64.4584 0.5
      vertex 178.749 64.4892 0.5
    endloop
  endfacet
  facet normal -0.462771 -0.886478 -0
    outer loop
      vertex 178.808 64.4584 0.5
      vertex 178.749 64.4892 0
      vertex 178.808 64.4584 0
    endloop
  endfacet
  facet normal -0.388701 -0.921364 0
    outer loop
      vertex 178.685 64.5162 0
      vertex 178.749 64.4892 0.5
      vertex 178.685 64.5162 0.5
    endloop
  endfacet
  facet normal -0.388701 -0.921364 -0
    outer loop
      vertex 178.749 64.4892 0.5
      vertex 178.685 64.5162 0
      vertex 178.749 64.4892 0
    endloop
  endfacet
  facet normal -0.316922 0.948452 0
    outer loop
      vertex 178.767 64.5436 0
      vertex 178.685 64.5162 0.5
      vertex 178.767 64.5436 0.5
    endloop
  endfacet
  facet normal -0.316922 0.948452 0
    outer loop
      vertex 178.685 64.5162 0.5
      vertex 178.767 64.5436 0
      vertex 178.685 64.5162 0
    endloop
  endfacet
  facet normal -0.401325 0.915936 0
    outer loop
      vertex 178.843 64.5769 0
      vertex 178.767 64.5436 0.5
      vertex 178.843 64.5769 0.5
    endloop
  endfacet
  facet normal -0.401325 0.915936 0
    outer loop
      vertex 178.767 64.5436 0.5
      vertex 178.843 64.5769 0
      vertex 178.767 64.5436 0
    endloop
  endfacet
  facet normal -0.488603 0.872506 0
    outer loop
      vertex 178.913 64.6161 0
      vertex 178.843 64.5769 0.5
      vertex 178.913 64.6161 0.5
    endloop
  endfacet
  facet normal -0.488603 0.872506 0
    outer loop
      vertex 178.843 64.5769 0.5
      vertex 178.913 64.6161 0
      vertex 178.843 64.5769 0
    endloop
  endfacet
  facet normal -0.570064 0.8216 0
    outer loop
      vertex 178.978 64.6612 0
      vertex 178.913 64.6161 0.5
      vertex 178.978 64.6612 0.5
    endloop
  endfacet
  facet normal -0.570064 0.8216 0
    outer loop
      vertex 178.913 64.6161 0.5
      vertex 178.978 64.6612 0
      vertex 178.913 64.6161 0
    endloop
  endfacet
  facet normal -0.647648 0.761939 0
    outer loop
      vertex 179.038 64.7122 0
      vertex 178.978 64.6612 0.5
      vertex 179.038 64.7122 0.5
    endloop
  endfacet
  facet normal -0.647648 0.761939 0
    outer loop
      vertex 178.978 64.6612 0.5
      vertex 179.038 64.7122 0
      vertex 178.978 64.6612 0
    endloop
  endfacet
  facet normal -0.725349 0.688381 0
    outer loop
      vertex 179.038 64.7122 0
      vertex 179.092 64.7691 0.5
      vertex 179.092 64.7691 0
    endloop
  endfacet
  facet normal -0.725349 0.688381 0
    outer loop
      vertex 179.092 64.7691 0.5
      vertex 179.038 64.7122 0
      vertex 179.038 64.7122 0.5
    endloop
  endfacet
  facet normal -0.788879 0.614548 0
    outer loop
      vertex 179.092 64.7691 0
      vertex 179.141 64.832 0.5
      vertex 179.141 64.832 0
    endloop
  endfacet
  facet normal -0.788879 0.614548 0
    outer loop
      vertex 179.141 64.832 0.5
      vertex 179.092 64.7691 0
      vertex 179.092 64.7691 0.5
    endloop
  endfacet
  facet normal -0.844838 0.535022 0
    outer loop
      vertex 179.141 64.832 0
      vertex 179.184 64.8999 0.5
      vertex 179.184 64.8999 0
    endloop
  endfacet
  facet normal -0.844838 0.535022 0
    outer loop
      vertex 179.184 64.8999 0.5
      vertex 179.141 64.832 0
      vertex 179.141 64.832 0.5
    endloop
  endfacet
  facet normal -0.894922 0.446222 0
    outer loop
      vertex 179.184 64.8999 0
      vertex 179.22 64.9721 0.5
      vertex 179.22 64.9721 0
    endloop
  endfacet
  facet normal -0.894922 0.446222 0
    outer loop
      vertex 179.22 64.9721 0.5
      vertex 179.184 64.8999 0
      vertex 179.184 64.8999 0.5
    endloop
  endfacet
  facet normal -0.930973 0.365088 0
    outer loop
      vertex 179.22 64.9721 0
      vertex 179.25 65.0486 0.5
      vertex 179.25 65.0486 0
    endloop
  endfacet
  facet normal -0.930973 0.365088 0
    outer loop
      vertex 179.25 65.0486 0.5
      vertex 179.22 64.9721 0
      vertex 179.22 64.9721 0.5
    endloop
  endfacet
  facet normal -0.961704 0.274091 0
    outer loop
      vertex 179.25 65.0486 0
      vertex 179.273 65.1293 0.5
      vertex 179.273 65.1293 0
    endloop
  endfacet
  facet normal -0.961704 0.274091 0
    outer loop
      vertex 179.273 65.1293 0.5
      vertex 179.25 65.0486 0
      vertex 179.25 65.0486 0.5
    endloop
  endfacet
  facet normal -0.982741 0.184987 0
    outer loop
      vertex 179.273 65.1293 0
      vertex 179.289 65.2143 0.5
      vertex 179.289 65.2143 0
    endloop
  endfacet
  facet normal -0.982741 0.184987 0
    outer loop
      vertex 179.289 65.2143 0.5
      vertex 179.273 65.1293 0
      vertex 179.273 65.1293 0.5
    endloop
  endfacet
  facet normal -0.993788 0.111286 0
    outer loop
      vertex 179.289 65.2143 0
      vertex 179.299 65.3036 0.5
      vertex 179.299 65.3036 0
    endloop
  endfacet
  facet normal -0.993788 0.111286 0
    outer loop
      vertex 179.299 65.3036 0.5
      vertex 179.289 65.2143 0
      vertex 179.289 65.2143 0.5
    endloop
  endfacet
  facet normal -0.999486 0.0320691 0
    outer loop
      vertex 179.299 65.3036 0
      vertex 179.302 65.3971 0.5
      vertex 179.302 65.3971 0
    endloop
  endfacet
  facet normal -0.999486 0.0320691 0
    outer loop
      vertex 179.302 65.3971 0.5
      vertex 179.299 65.3036 0
      vertex 179.299 65.3036 0.5
    endloop
  endfacet
  facet normal -0.998773 -0.0495143 0
    outer loop
      vertex 179.302 65.3971 0
      vertex 179.295 65.5383 0.5
      vertex 179.295 65.5383 0
    endloop
  endfacet
  facet normal -0.998773 -0.0495143 0
    outer loop
      vertex 179.295 65.5383 0.5
      vertex 179.302 65.3971 0
      vertex 179.302 65.3971 0.5
    endloop
  endfacet
  facet normal -0.987299 -0.158876 0
    outer loop
      vertex 179.295 65.5383 0
      vertex 179.274 65.6688 0.5
      vertex 179.274 65.6688 0
    endloop
  endfacet
  facet normal -0.987299 -0.158876 0
    outer loop
      vertex 179.274 65.6688 0.5
      vertex 179.295 65.5383 0
      vertex 179.295 65.5383 0.5
    endloop
  endfacet
  facet normal -0.959937 -0.280215 0
    outer loop
      vertex 179.274 65.6688 0
      vertex 179.239 65.7887 0.5
      vertex 179.239 65.7887 0
    endloop
  endfacet
  facet normal -0.959937 -0.280215 0
    outer loop
      vertex 179.239 65.7887 0.5
      vertex 179.274 65.6688 0
      vertex 179.274 65.6688 0.5
    endloop
  endfacet
  facet normal -0.909222 -0.416311 0
    outer loop
      vertex 179.239 65.7887 0
      vertex 179.189 65.8979 0.5
      vertex 179.189 65.8979 0
    endloop
  endfacet
  facet normal -0.909222 -0.416311 0
    outer loop
      vertex 179.189 65.8979 0.5
      vertex 179.239 65.7887 0
      vertex 179.239 65.7887 0.5
    endloop
  endfacet
  facet normal -0.842675 -0.538423 0
    outer loop
      vertex 179.189 65.8979 0
      vertex 179.126 65.9965 0.5
      vertex 179.126 65.9965 0
    endloop
  endfacet
  facet normal -0.842675 -0.538423 0
    outer loop
      vertex 179.126 65.9965 0.5
      vertex 179.189 65.8979 0
      vertex 179.189 65.8979 0.5
    endloop
  endfacet
  facet normal -0.747972 -0.66373 0
    outer loop
      vertex 179.126 65.9965 0
      vertex 179.048 66.0844 0.5
      vertex 179.048 66.0844 0
    endloop
  endfacet
  facet normal -0.747972 -0.66373 0
    outer loop
      vertex 179.048 66.0844 0.5
      vertex 179.126 65.9965 0
      vertex 179.126 65.9965 0.5
    endloop
  endfacet
  facet normal -0.642801 -0.766033 0
    outer loop
      vertex 178.956 66.1616 0
      vertex 179.048 66.0844 0.5
      vertex 178.956 66.1616 0.5
    endloop
  endfacet
  facet normal -0.642801 -0.766033 -0
    outer loop
      vertex 179.048 66.0844 0.5
      vertex 178.956 66.1616 0
      vertex 179.048 66.0844 0
    endloop
  endfacet
  facet normal -0.533152 -0.84602 0
    outer loop
      vertex 178.85 66.2284 0
      vertex 178.956 66.1616 0.5
      vertex 178.85 66.2284 0.5
    endloop
  endfacet
  facet normal -0.533152 -0.84602 -0
    outer loop
      vertex 178.956 66.1616 0.5
      vertex 178.85 66.2284 0
      vertex 178.956 66.1616 0
    endloop
  endfacet
  facet normal -0.420237 -0.907414 0
    outer loop
      vertex 178.728 66.2849 0
      vertex 178.85 66.2284 0.5
      vertex 178.728 66.2849 0.5
    endloop
  endfacet
  facet normal -0.420237 -0.907414 -0
    outer loop
      vertex 178.85 66.2284 0.5
      vertex 178.728 66.2849 0
      vertex 178.85 66.2284 0
    endloop
  endfacet
  facet normal -0.323787 -0.94613 0
    outer loop
      vertex 178.593 66.3311 0
      vertex 178.728 66.2849 0.5
      vertex 178.593 66.3311 0.5
    endloop
  endfacet
  facet normal -0.323787 -0.94613 -0
    outer loop
      vertex 178.728 66.2849 0.5
      vertex 178.593 66.3311 0
      vertex 178.728 66.2849 0
    endloop
  endfacet
  facet normal -0.231911 -0.972737 0
    outer loop
      vertex 178.442 66.3671 0
      vertex 178.593 66.3311 0.5
      vertex 178.442 66.3671 0.5
    endloop
  endfacet
  facet normal -0.231911 -0.972737 -0
    outer loop
      vertex 178.593 66.3311 0.5
      vertex 178.442 66.3671 0
      vertex 178.593 66.3311 0
    endloop
  endfacet
  facet normal -0.153902 -0.988086 0
    outer loop
      vertex 178.277 66.3928 0
      vertex 178.442 66.3671 0.5
      vertex 178.277 66.3928 0.5
    endloop
  endfacet
  facet normal -0.153902 -0.988086 -0
    outer loop
      vertex 178.442 66.3671 0.5
      vertex 178.277 66.3928 0
      vertex 178.442 66.3671 0
    endloop
  endfacet
  facet normal -0.0852441 -0.99636 0
    outer loop
      vertex 178.097 66.4082 0
      vertex 178.277 66.3928 0.5
      vertex 178.097 66.4082 0.5
    endloop
  endfacet
  facet normal -0.0852441 -0.99636 -0
    outer loop
      vertex 178.277 66.3928 0.5
      vertex 178.097 66.4082 0
      vertex 178.277 66.3928 0
    endloop
  endfacet
  facet normal -0.0261449 -0.999658 0
    outer loop
      vertex 177.902 66.4133 0
      vertex 178.097 66.4082 0.5
      vertex 177.902 66.4133 0.5
    endloop
  endfacet
  facet normal -0.0261449 -0.999658 -0
    outer loop
      vertex 178.097 66.4082 0.5
      vertex 177.902 66.4133 0
      vertex 178.097 66.4082 0
    endloop
  endfacet
  facet normal 0 -1 0
    outer loop
      vertex 176.386 66.4133 0
      vertex 177.902 66.4133 0.5
      vertex 176.386 66.4133 0.5
    endloop
  endfacet
  facet normal 0 -1 -0
    outer loop
      vertex 177.902 66.4133 0.5
      vertex 176.386 66.4133 0
      vertex 177.902 66.4133 0
    endloop
  endfacet
  facet normal 1 -0 0
    outer loop
      vertex 176.386 62.8696 0.5
      vertex 176.386 66.4133 0
      vertex 176.386 66.4133 0.5
    endloop
  endfacet
  facet normal 1 0 0
    outer loop
      vertex 176.386 66.4133 0
      vertex 176.386 62.8696 0.5
      vertex 176.386 62.8696 0
    endloop
  endfacet
  facet normal 0 1 -0
    outer loop
      vertex 177.757 62.8696 0
      vertex 176.386 62.8696 0.5
      vertex 177.757 62.8696 0.5
    endloop
  endfacet
  facet normal 0 1 0
    outer loop
      vertex 176.386 62.8696 0.5
      vertex 177.757 62.8696 0
      vertex 176.386 62.8696 0
    endloop
  endfacet
  facet normal -0.0226543 0.999743 0
    outer loop
      vertex 177.96 62.8742 0
      vertex 177.757 62.8696 0.5
      vertex 177.96 62.8742 0.5
    endloop
  endfacet
  facet normal -0.0226543 0.999743 0
    outer loop
      vertex 177.757 62.8696 0.5
      vertex 177.96 62.8742 0
      vertex 177.757 62.8696 0
    endloop
  endfacet
  facet normal -1 0 0
    outer loop
      vertex 177.299 64.8632 0
      vertex 177.299 65.7906 0.5
      vertex 177.299 65.7906 0
    endloop
  endfacet
  facet normal -1 -0 0
    outer loop
      vertex 177.299 65.7906 0.5
      vertex 177.299 64.8632 0
      vertex 177.299 64.8632 0.5
    endloop
  endfacet
  facet normal 0 1 -0
    outer loop
      vertex 177.836 65.7906 0
      vertex 177.299 65.7906 0.5
      vertex 177.836 65.7906 0.5
    endloop
  endfacet
  facet normal 0 1 0
    outer loop
      vertex 177.299 65.7906 0.5
      vertex 177.836 65.7906 0
      vertex 177.299 65.7906 0
    endloop
  endfacet
  facet normal 0.0315632 0.999502 -0
    outer loop
      vertex 177.912 65.7882 0
      vertex 177.836 65.7906 0.5
      vertex 177.912 65.7882 0.5
    endloop
  endfacet
  facet normal 0.0315632 0.999502 0
    outer loop
      vertex 177.836 65.7906 0.5
      vertex 177.912 65.7882 0
      vertex 177.836 65.7906 0
    endloop
  endfacet
  facet normal 0.100911 0.994895 -0
    outer loop
      vertex 177.982 65.7811 0
      vertex 177.912 65.7882 0.5
      vertex 177.982 65.7811 0.5
    endloop
  endfacet
  facet normal 0.100911 0.994895 0
    outer loop
      vertex 177.912 65.7882 0.5
      vertex 177.982 65.7811 0
      vertex 177.912 65.7882 0
    endloop
  endfacet
  facet normal 0.180084 0.983651 -0
    outer loop
      vertex 178.047 65.7692 0
      vertex 177.982 65.7811 0.5
      vertex 178.047 65.7692 0.5
    endloop
  endfacet
  facet normal 0.180084 0.983651 0
    outer loop
      vertex 177.982 65.7811 0.5
      vertex 178.047 65.7692 0
      vertex 177.982 65.7811 0
    endloop
  endfacet
  facet normal 0.27084 0.962624 -0
    outer loop
      vertex 178.106 65.7526 0
      vertex 178.047 65.7692 0.5
      vertex 178.106 65.7526 0.5
    endloop
  endfacet
  facet normal 0.27084 0.962624 0
    outer loop
      vertex 178.047 65.7692 0.5
      vertex 178.106 65.7526 0
      vertex 178.047 65.7692 0
    endloop
  endfacet
  facet normal 0.372899 0.927872 -0
    outer loop
      vertex 178.159 65.7313 0
      vertex 178.106 65.7526 0.5
      vertex 178.159 65.7313 0.5
    endloop
  endfacet
  facet normal 0.372899 0.927872 0
    outer loop
      vertex 178.106 65.7526 0.5
      vertex 178.159 65.7313 0
      vertex 178.106 65.7526 0
    endloop
  endfacet
  facet normal 0.477698 0.878524 -0
    outer loop
      vertex 178.207 65.7052 0
      vertex 178.159 65.7313 0.5
      vertex 178.207 65.7052 0.5
    endloop
  endfacet
  facet normal 0.477698 0.878524 0
    outer loop
      vertex 178.159 65.7313 0.5
      vertex 178.207 65.7052 0
      vertex 178.159 65.7313 0
    endloop
  endfacet
  facet normal 0.582311 0.812966 -0
    outer loop
      vertex 178.25 65.6744 0
      vertex 178.207 65.7052 0.5
      vertex 178.25 65.6744 0.5
    endloop
  endfacet
  facet normal 0.582311 0.812966 0
    outer loop
      vertex 178.207 65.7052 0.5
      vertex 178.25 65.6744 0
      vertex 178.207 65.7052 0
    endloop
  endfacet
  facet normal 0.694352 0.719636 -0
    outer loop
      vertex 178.287 65.6387 0
      vertex 178.25 65.6744 0.5
      vertex 178.287 65.6387 0.5
    endloop
  endfacet
  facet normal 0.694352 0.719636 0
    outer loop
      vertex 178.25 65.6744 0.5
      vertex 178.287 65.6387 0
      vertex 178.25 65.6744 0
    endloop
  endfacet
  facet normal 0.793353 0.608761 0
    outer loop
      vertex 178.318 65.5983 0.5
      vertex 178.287 65.6387 0
      vertex 178.287 65.6387 0.5
    endloop
  endfacet
  facet normal 0.793353 0.608761 0
    outer loop
      vertex 178.287 65.6387 0
      vertex 178.318 65.5983 0.5
      vertex 178.318 65.5983 0
    endloop
  endfacet
  facet normal 0.875521 0.48318 0
    outer loop
      vertex 178.343 65.553 0.5
      vertex 178.318 65.5983 0
      vertex 178.318 65.5983 0.5
    endloop
  endfacet
  facet normal 0.875521 0.48318 0
    outer loop
      vertex 178.318 65.5983 0
      vertex 178.343 65.553 0.5
      vertex 178.343 65.553 0
    endloop
  endfacet
  facet normal 0.928986 0.370114 0
    outer loop
      vertex 178.363 65.5028 0.5
      vertex 178.343 65.553 0
      vertex 178.343 65.553 0.5
    endloop
  endfacet
  facet normal 0.928986 0.370114 0
    outer loop
      vertex 178.343 65.553 0
      vertex 178.363 65.5028 0.5
      vertex 178.363 65.5028 0
    endloop
  endfacet
  facet normal 0.969097 0.246679 0
    outer loop
      vertex 178.377 65.4478 0.5
      vertex 178.363 65.5028 0
      vertex 178.363 65.5028 0.5
    endloop
  endfacet
  facet normal 0.969097 0.246679 0
    outer loop
      vertex 178.363 65.5028 0
      vertex 178.377 65.4478 0.5
      vertex 178.377 65.4478 0
    endloop
  endfacet
  facet normal 0.988863 0.148826 0
    outer loop
      vertex 178.386 65.388 0.5
      vertex 178.377 65.4478 0
      vertex 178.377 65.4478 0.5
    endloop
  endfacet
  facet normal 0.988863 0.148826 0
    outer loop
      vertex 178.377 65.4478 0
      vertex 178.386 65.388 0.5
      vertex 178.386 65.388 0
    endloop
  endfacet
  facet normal 0.998927 0.0463181 0
    outer loop
      vertex 178.389 65.3233 0.5
      vertex 178.386 65.388 0
      vertex 178.386 65.388 0.5
    endloop
  endfacet
  facet normal 0.998927 0.0463181 0
    outer loop
      vertex 178.386 65.388 0
      vertex 178.389 65.3233 0.5
      vertex 178.389 65.3233 0
    endloop
  endfacet
  facet normal 0.998882 -0.0472657 0
    outer loop
      vertex 178.386 65.2599 0.5
      vertex 178.389 65.3233 0
      vertex 178.389 65.3233 0.5
    endloop
  endfacet
  facet normal 0.998882 -0.0472657 0
    outer loop
      vertex 178.389 65.3233 0
      vertex 178.386 65.2599 0.5
      vertex 178.386 65.2599 0
    endloop
  endfacet
  facet normal 0.988411 -0.151804 0
    outer loop
      vertex 178.377 65.2013 0.5
      vertex 178.386 65.2599 0
      vertex 178.386 65.2599 0.5
    endloop
  endfacet
  facet normal 0.988411 -0.151804 0
    outer loop
      vertex 178.386 65.2599 0
      vertex 178.377 65.2013 0.5
      vertex 178.377 65.2013 0
    endloop
  endfacet
  facet normal 0.967997 -0.250962 0
    outer loop
      vertex 178.363 65.1473 0.5
      vertex 178.377 65.2013 0
      vertex 178.377 65.2013 0.5
    endloop
  endfacet
  facet normal 0.967997 -0.250962 0
    outer loop
      vertex 178.377 65.2013 0
      vertex 178.363 65.1473 0.5
      vertex 178.363 65.1473 0
    endloop
  endfacet
  facet normal 0.933101 -0.359613 0
    outer loop
      vertex 178.344 65.098 0.5
      vertex 178.363 65.1473 0
      vertex 178.363 65.1473 0.5
    endloop
  endfacet
  facet normal 0.933101 -0.359613 0
    outer loop
      vertex 178.363 65.1473 0
      vertex 178.344 65.098 0.5
      vertex 178.344 65.098 0
    endloop
  endfacet
  facet normal 0.863919 -0.50363 0
    outer loop
      vertex 178.318 65.0534 0.5
      vertex 178.344 65.098 0
      vertex 178.344 65.098 0.5
    endloop
  endfacet
  facet normal 0.863919 -0.50363 0
    outer loop
      vertex 178.344 65.098 0
      vertex 178.318 65.0534 0.5
      vertex 178.318 65.0534 0
    endloop
  endfacet
  facet normal 0.799278 -0.600961 0
    outer loop
      vertex 178.288 65.0135 0.5
      vertex 178.318 65.0534 0
      vertex 178.318 65.0534 0.5
    endloop
  endfacet
  facet normal 0.799278 -0.600961 0
    outer loop
      vertex 178.318 65.0534 0
      vertex 178.288 65.0135 0.5
      vertex 178.288 65.0135 0
    endloop
  endfacet
  facet normal 0.689264 -0.72451 0
    outer loop
      vertex 178.251 64.9783 0
      vertex 178.288 65.0135 0.5
      vertex 178.251 64.9783 0.5
    endloop
  endfacet
  facet normal 0.689264 -0.72451 0
    outer loop
      vertex 178.288 65.0135 0.5
      vertex 178.251 64.9783 0
      vertex 178.288 65.0135 0
    endloop
  endfacet
  facet normal 0.587599 -0.809152 0
    outer loop
      vertex 178.209 64.9478 0
      vertex 178.251 64.9783 0.5
      vertex 178.209 64.9478 0.5
    endloop
  endfacet
  facet normal 0.587599 -0.809152 0
    outer loop
      vertex 178.251 64.9783 0.5
      vertex 178.209 64.9478 0
      vertex 178.251 64.9783 0
    endloop
  endfacet
  facet normal 0.474865 -0.880059 0
    outer loop
      vertex 178.161 64.9219 0
      vertex 178.209 64.9478 0.5
      vertex 178.161 64.9219 0.5
    endloop
  endfacet
  facet normal 0.474865 -0.880059 0
    outer loop
      vertex 178.209 64.9478 0.5
      vertex 178.161 64.9219 0
      vertex 178.209 64.9478 0
    endloop
  endfacet
  facet normal 0.363944 -0.931421 0
    outer loop
      vertex 178.107 64.9008 0
      vertex 178.161 64.9219 0.5
      vertex 178.107 64.9008 0.5
    endloop
  endfacet
  facet normal 0.363944 -0.931421 0
    outer loop
      vertex 178.161 64.9219 0.5
      vertex 178.107 64.9008 0
      vertex 178.161 64.9219 0
    endloop
  endfacet
  facet normal 0.267812 -0.963471 0
    outer loop
      vertex 178.048 64.8844 0
      vertex 178.107 64.9008 0.5
      vertex 178.048 64.8844 0.5
    endloop
  endfacet
  facet normal 0.267812 -0.963471 0
    outer loop
      vertex 178.107 64.9008 0.5
      vertex 178.048 64.8844 0
      vertex 178.107 64.9008 0
    endloop
  endfacet
  facet normal 0.178619 -0.983918 0
    outer loop
      vertex 177.983 64.8726 0
      vertex 178.048 64.8844 0.5
      vertex 177.983 64.8726 0.5
    endloop
  endfacet
  facet normal 0.178619 -0.983918 0
    outer loop
      vertex 178.048 64.8844 0.5
      vertex 177.983 64.8726 0
      vertex 178.048 64.8844 0
    endloop
  endfacet
  facet normal 0.0981158 -0.995175 0
    outer loop
      vertex 177.912 64.8656 0
      vertex 177.983 64.8726 0.5
      vertex 177.912 64.8656 0.5
    endloop
  endfacet
  facet normal 0.0981158 -0.995175 0
    outer loop
      vertex 177.983 64.8726 0.5
      vertex 177.912 64.8656 0
      vertex 177.983 64.8726 0
    endloop
  endfacet
  facet normal 0.0315632 -0.999502 0
    outer loop
      vertex 177.836 64.8632 0
      vertex 177.912 64.8656 0.5
      vertex 177.836 64.8632 0.5
    endloop
  endfacet
  facet normal 0.0315632 -0.999502 0
    outer loop
      vertex 177.912 64.8656 0.5
      vertex 177.836 64.8632 0
      vertex 177.912 64.8656 0
    endloop
  endfacet
  facet normal 0 -1 0
    outer loop
      vertex 177.299 64.8632 0
      vertex 177.836 64.8632 0.5
      vertex 177.299 64.8632 0.5
    endloop
  endfacet
  facet normal 0 -1 -0
    outer loop
      vertex 177.836 64.8632 0.5
      vertex 177.299 64.8632 0
      vertex 177.836 64.8632 0
    endloop
  endfacet
  facet normal -1 0 0
    outer loop
      vertex 177.299 63.4924 0
      vertex 177.299 64.2405 0.5
      vertex 177.299 64.2405 0
    endloop
  endfacet
  facet normal -1 -0 0
    outer loop
      vertex 177.299 64.2405 0.5
      vertex 177.299 63.4924 0
      vertex 177.299 63.4924 0.5
    endloop
  endfacet
  facet normal 0 1 -0
    outer loop
      vertex 177.805 64.2405 0
      vertex 177.299 64.2405 0.5
      vertex 177.805 64.2405 0.5
    endloop
  endfacet
  facet normal 0 1 0
    outer loop
      vertex 177.299 64.2405 0.5
      vertex 177.805 64.2405 0
      vertex 177.299 64.2405 0
    endloop
  endfacet
  facet normal 0.0321867 0.999482 -0
    outer loop
      vertex 177.864 64.2386 0
      vertex 177.805 64.2405 0.5
      vertex 177.864 64.2386 0.5
    endloop
  endfacet
  facet normal 0.0321867 0.999482 0
    outer loop
      vertex 177.805 64.2405 0.5
      vertex 177.864 64.2386 0
      vertex 177.805 64.2405 0
    endloop
  endfacet
  facet normal 0.10302 0.994679 -0
    outer loop
      vertex 177.92 64.2328 0
      vertex 177.864 64.2386 0.5
      vertex 177.92 64.2328 0.5
    endloop
  endfacet
  facet normal 0.10302 0.994679 0
    outer loop
      vertex 177.864 64.2386 0.5
      vertex 177.92 64.2328 0
      vertex 177.864 64.2386 0
    endloop
  endfacet
  facet normal 0.186847 0.982389 -0
    outer loop
      vertex 177.971 64.2231 0
      vertex 177.92 64.2328 0.5
      vertex 177.971 64.2231 0.5
    endloop
  endfacet
  facet normal 0.186847 0.982389 0
    outer loop
      vertex 177.92 64.2328 0.5
      vertex 177.971 64.2231 0
      vertex 177.92 64.2328 0
    endloop
  endfacet
  facet normal 0.276071 0.961137 -0
    outer loop
      vertex 178.018 64.2096 0
      vertex 177.971 64.2231 0.5
      vertex 178.018 64.2096 0.5
    endloop
  endfacet
  facet normal 0.276071 0.961137 0
    outer loop
      vertex 177.971 64.2231 0.5
      vertex 178.018 64.2096 0
      vertex 177.971 64.2231 0
    endloop
  endfacet
  facet normal 0.38274 0.923856 -0
    outer loop
      vertex 178.06 64.1922 0
      vertex 178.018 64.2096 0.5
      vertex 178.06 64.1922 0.5
    endloop
  endfacet
  facet normal 0.38274 0.923856 0
    outer loop
      vertex 178.018 64.2096 0.5
      vertex 178.06 64.1922 0
      vertex 178.018 64.2096 0
    endloop
  endfacet
  facet normal 0.488953 0.87231 -0
    outer loop
      vertex 178.098 64.1709 0
      vertex 178.06 64.1922 0.5
      vertex 178.098 64.1709 0.5
    endloop
  endfacet
  facet normal 0.488953 0.87231 0
    outer loop
      vertex 178.06 64.1922 0.5
      vertex 178.098 64.1709 0
      vertex 178.06 64.1922 0
    endloop
  endfacet
  facet normal 0.593925 0.80452 -0
    outer loop
      vertex 178.132 64.1458 0
      vertex 178.098 64.1709 0.5
      vertex 178.132 64.1458 0.5
    endloop
  endfacet
  facet normal 0.593925 0.80452 0
    outer loop
      vertex 178.098 64.1709 0.5
      vertex 178.132 64.1458 0
      vertex 178.098 64.1709 0
    endloop
  endfacet
  facet normal 0.69378 0.720187 -0
    outer loop
      vertex 178.162 64.1169 0
      vertex 178.132 64.1458 0.5
      vertex 178.162 64.1169 0.5
    endloop
  endfacet
  facet normal 0.69378 0.720187 0
    outer loop
      vertex 178.132 64.1458 0.5
      vertex 178.162 64.1169 0
      vertex 178.132 64.1458 0
    endloop
  endfacet
  facet normal 0.792624 0.609711 0
    outer loop
      vertex 178.187 64.0844 0.5
      vertex 178.162 64.1169 0
      vertex 178.162 64.1169 0.5
    endloop
  endfacet
  facet normal 0.792624 0.609711 0
    outer loop
      vertex 178.162 64.1169 0
      vertex 178.187 64.0844 0.5
      vertex 178.187 64.0844 0
    endloop
  endfacet
  facet normal 0.875859 0.482567 0
    outer loop
      vertex 178.207 64.0481 0.5
      vertex 178.187 64.0844 0
      vertex 178.187 64.0844 0.5
    endloop
  endfacet
  facet normal 0.875859 0.482567 0
    outer loop
      vertex 178.187 64.0844 0
      vertex 178.207 64.0481 0.5
      vertex 178.207 64.0481 0
    endloop
  endfacet
  facet normal 0.928155 0.372193 0
    outer loop
      vertex 178.223 64.0082 0.5
      vertex 178.207 64.0481 0
      vertex 178.207 64.0481 0.5
    endloop
  endfacet
  facet normal 0.928155 0.372193 0
    outer loop
      vertex 178.207 64.0481 0
      vertex 178.223 64.0082 0.5
      vertex 178.223 64.0082 0
    endloop
  endfacet
  facet normal 0.964149 0.265362 0
    outer loop
      vertex 178.235 63.9646 0.5
      vertex 178.223 64.0082 0
      vertex 178.223 64.0082 0.5
    endloop
  endfacet
  facet normal 0.964149 0.265362 0
    outer loop
      vertex 178.223 64.0082 0
      vertex 178.235 63.9646 0.5
      vertex 178.235 63.9646 0
    endloop
  endfacet
  facet normal 0.989181 0.146701 0
    outer loop
      vertex 178.242 63.9174 0.5
      vertex 178.235 63.9646 0
      vertex 178.235 63.9646 0.5
    endloop
  endfacet
  facet normal 0.989181 0.146701 0
    outer loop
      vertex 178.235 63.9646 0
      vertex 178.242 63.9174 0.5
      vertex 178.242 63.9174 0
    endloop
  endfacet
  facet normal 0.999232 0.0391856 0
    outer loop
      vertex 178.244 63.8664 0.5
      vertex 178.242 63.9174 0
      vertex 178.242 63.9174 0.5
    endloop
  endfacet
  facet normal 0.999232 0.0391856 0
    outer loop
      vertex 178.242 63.9174 0
      vertex 178.244 63.8664 0.5
      vertex 178.244 63.8664 0
    endloop
  endfacet
  facet normal 0.99921 -0.03973 0
    outer loop
      vertex 178.242 63.8161 0.5
      vertex 178.244 63.8664 0
      vertex 178.244 63.8664 0.5
    endloop
  endfacet
  facet normal 0.99921 -0.03973 0
    outer loop
      vertex 178.244 63.8664 0
      vertex 178.242 63.8161 0.5
      vertex 178.242 63.8161 0
    endloop
  endfacet
  facet normal 0.988998 -0.147927 0
    outer loop
      vertex 178.235 63.7693 0.5
      vertex 178.242 63.8161 0
      vertex 178.242 63.8161 0.5
    endloop
  endfacet
  facet normal 0.988998 -0.147927 0
    outer loop
      vertex 178.242 63.8161 0
      vertex 178.235 63.7693 0.5
      vertex 178.235 63.7693 0
    endloop
  endfacet
  facet normal 0.963677 -0.26707 0
    outer loop
      vertex 178.223 63.726 0.5
      vertex 178.235 63.7693 0
      vertex 178.235 63.7693 0.5
    endloop
  endfacet
  facet normal 0.963677 -0.26707 0
    outer loop
      vertex 178.235 63.7693 0
      vertex 178.223 63.726 0.5
      vertex 178.223 63.726 0
    endloop
  endfacet
  facet normal 0.927507 -0.373806 0
    outer loop
      vertex 178.207 63.6863 0.5
      vertex 178.223 63.726 0
      vertex 178.223 63.726 0.5
    endloop
  endfacet
  facet normal 0.927507 -0.373806 0
    outer loop
      vertex 178.223 63.726 0
      vertex 178.207 63.6863 0.5
      vertex 178.207 63.6863 0
    endloop
  endfacet
  facet normal 0.875295 -0.483589 0
    outer loop
      vertex 178.187 63.6501 0.5
      vertex 178.207 63.6863 0
      vertex 178.207 63.6863 0.5
    endloop
  endfacet
  facet normal 0.875295 -0.483589 0
    outer loop
      vertex 178.207 63.6863 0
      vertex 178.187 63.6501 0.5
      vertex 178.187 63.6501 0
    endloop
  endfacet
  facet normal 0.794427 -0.60736 0
    outer loop
      vertex 178.162 63.6174 0.5
      vertex 178.187 63.6501 0
      vertex 178.187 63.6501 0.5
    endloop
  endfacet
  facet normal 0.794427 -0.60736 0
    outer loop
      vertex 178.187 63.6501 0
      vertex 178.162 63.6174 0.5
      vertex 178.162 63.6174 0
    endloop
  endfacet
  facet normal 0.696258 -0.717792 0
    outer loop
      vertex 178.132 63.5883 0
      vertex 178.162 63.6174 0.5
      vertex 178.132 63.5883 0.5
    endloop
  endfacet
  facet normal 0.696258 -0.717792 0
    outer loop
      vertex 178.162 63.6174 0.5
      vertex 178.132 63.5883 0
      vertex 178.162 63.6174 0
    endloop
  endfacet
  facet normal 0.6 -0.8 0
    outer loop
      vertex 178.098 63.5628 0
      vertex 178.132 63.5883 0.5
      vertex 178.098 63.5628 0.5
    endloop
  endfacet
  facet normal 0.6 -0.8 0
    outer loop
      vertex 178.132 63.5883 0.5
      vertex 178.098 63.5628 0
      vertex 178.132 63.5883 0
    endloop
  endfacet
  facet normal 0.492435 -0.870349 0
    outer loop
      vertex 178.06 63.5413 0
      vertex 178.098 63.5628 0.5
      vertex 178.06 63.5413 0.5
    endloop
  endfacet
  facet normal 0.492435 -0.870349 0
    outer loop
      vertex 178.098 63.5628 0.5
      vertex 178.06 63.5413 0
      vertex 178.098 63.5628 0
    endloop
  endfacet
  facet normal 0.386486 -0.922295 0
    outer loop
      vertex 178.018 63.5237 0
      vertex 178.06 63.5413 0.5
      vertex 178.018 63.5237 0.5
    endloop
  endfacet
  facet normal 0.386486 -0.922295 0
    outer loop
      vertex 178.06 63.5413 0.5
      vertex 178.018 63.5237 0
      vertex 178.06 63.5413 0
    endloop
  endfacet
  facet normal 0.279843 -0.960046 0
    outer loop
      vertex 177.971 63.51 0
      vertex 178.018 63.5237 0.5
      vertex 177.971 63.51 0.5
    endloop
  endfacet
  facet normal 0.279843 -0.960046 0
    outer loop
      vertex 178.018 63.5237 0.5
      vertex 177.971 63.51 0
      vertex 178.018 63.5237 0
    endloop
  endfacet
  facet normal 0.188705 -0.982034 0
    outer loop
      vertex 177.92 63.5002 0
      vertex 177.971 63.51 0.5
      vertex 177.92 63.5002 0.5
    endloop
  endfacet
  facet normal 0.188705 -0.982034 0
    outer loop
      vertex 177.971 63.51 0.5
      vertex 177.92 63.5002 0
      vertex 177.971 63.51 0
    endloop
  endfacet
  facet normal 0.104777 -0.994496 0
    outer loop
      vertex 177.864 63.4943 0
      vertex 177.92 63.5002 0.5
      vertex 177.864 63.4943 0.5
    endloop
  endfacet
  facet normal 0.104777 -0.994496 0
    outer loop
      vertex 177.92 63.5002 0.5
      vertex 177.864 63.4943 0
      vertex 177.92 63.5002 0
    endloop
  endfacet
  facet normal 0.0321867 -0.999482 0
    outer loop
      vertex 177.805 63.4924 0
      vertex 177.864 63.4943 0.5
      vertex 177.805 63.4924 0.5
    endloop
  endfacet
  facet normal 0.0321867 -0.999482 0
    outer loop
      vertex 177.864 63.4943 0.5
      vertex 177.805 63.4924 0
      vertex 177.864 63.4943 0
    endloop
  endfacet
  facet normal 0 -1 0
    outer loop
      vertex 177.299 63.4924 0
      vertex 177.805 63.4924 0.5
      vertex 177.299 63.4924 0.5
    endloop
  endfacet
  facet normal 0 -1 -0
    outer loop
      vertex 177.805 63.4924 0.5
      vertex 177.299 63.4924 0
      vertex 177.805 63.4924 0
    endloop
  endfacet
  facet normal 0 -1 0
    outer loop
      vertex 203.001 25.0557 0
      vertex 204.544 25.0557 0.5
      vertex 203.001 25.0557 0.5
    endloop
  endfacet
  facet normal 0 -1 -0
    outer loop
      vertex 204.544 25.0557 0.5
      vertex 203.001 25.0557 0
      vertex 204.544 25.0557 0
    endloop
  endfacet
  facet normal -1 0 0
    outer loop
      vertex 203.001 25.0557 0
      vertex 203.001 25.6034 0.5
      vertex 203.001 25.6034 0
    endloop
  endfacet
  facet normal -1 -0 0
    outer loop
      vertex 203.001 25.6034 0.5
      vertex 203.001 25.0557 0
      vertex 203.001 25.0557 0.5
    endloop
  endfacet
  facet normal 0.251634 0.967823 -0
    outer loop
      vertex 203.031 25.5956 0
      vertex 203.001 25.6034 0.5
      vertex 203.031 25.5956 0.5
    endloop
  endfacet
  facet normal 0.251634 0.967823 0
    outer loop
      vertex 203.001 25.6034 0.5
      vertex 203.031 25.5956 0
      vertex 203.001 25.6034 0
    endloop
  endfacet
  facet normal 0.239488 0.970899 -0
    outer loop
      vertex 203.061 25.5882 0
      vertex 203.031 25.5956 0.5
      vertex 203.061 25.5882 0.5
    endloop
  endfacet
  facet normal 0.239488 0.970899 0
    outer loop
      vertex 203.031 25.5956 0.5
      vertex 203.061 25.5882 0
      vertex 203.031 25.5956 0
    endloop
  endfacet
  facet normal 0.221059 0.97526 -0
    outer loop
      vertex 203.091 25.5814 0
      vertex 203.061 25.5882 0.5
      vertex 203.091 25.5814 0.5
    endloop
  endfacet
  facet normal 0.221059 0.97526 0
    outer loop
      vertex 203.061 25.5882 0.5
      vertex 203.091 25.5814 0
      vertex 203.061 25.5882 0
    endloop
  endfacet
  facet normal 0.205517 0.978653 -0
    outer loop
      vertex 203.121 25.5751 0
      vertex 203.091 25.5814 0.5
      vertex 203.121 25.5751 0.5
    endloop
  endfacet
  facet normal 0.205517 0.978653 0
    outer loop
      vertex 203.091 25.5814 0.5
      vertex 203.121 25.5751 0
      vertex 203.091 25.5814 0
    endloop
  endfacet
  facet normal 0.186661 0.982424 -0
    outer loop
      vertex 203.151 25.5694 0
      vertex 203.121 25.5751 0.5
      vertex 203.151 25.5694 0.5
    endloop
  endfacet
  facet normal 0.186661 0.982424 0
    outer loop
      vertex 203.121 25.5751 0.5
      vertex 203.151 25.5694 0
      vertex 203.121 25.5751 0
    endloop
  endfacet
  facet normal 0.173973 0.98475 -0
    outer loop
      vertex 203.181 25.5641 0
      vertex 203.151 25.5694 0.5
      vertex 203.181 25.5641 0.5
    endloop
  endfacet
  facet normal 0.173973 0.98475 0
    outer loop
      vertex 203.151 25.5694 0.5
      vertex 203.181 25.5641 0
      vertex 203.151 25.5694 0
    endloop
  endfacet
  facet normal 0.151562 0.988448 -0
    outer loop
      vertex 203.211 25.5595 0
      vertex 203.181 25.5641 0.5
      vertex 203.211 25.5595 0.5
    endloop
  endfacet
  facet normal 0.151562 0.988448 0
    outer loop
      vertex 203.181 25.5641 0.5
      vertex 203.211 25.5595 0
      vertex 203.181 25.5641 0
    endloop
  endfacet
  facet normal 0.131116 0.991367 -0
    outer loop
      vertex 203.242 25.5554 0
      vertex 203.211 25.5595 0.5
      vertex 203.242 25.5554 0.5
    endloop
  endfacet
  facet normal 0.131116 0.991367 0
    outer loop
      vertex 203.211 25.5595 0.5
      vertex 203.242 25.5554 0
      vertex 203.211 25.5595 0
    endloop
  endfacet
  facet normal 0.115881 0.993263 -0
    outer loop
      vertex 203.272 25.5519 0
      vertex 203.242 25.5554 0.5
      vertex 203.272 25.5519 0.5
    endloop
  endfacet
  facet normal 0.115881 0.993263 0
    outer loop
      vertex 203.242 25.5554 0.5
      vertex 203.272 25.5519 0
      vertex 203.242 25.5554 0
    endloop
  endfacet
  facet normal 0.0899564 0.995946 -0
    outer loop
      vertex 203.303 25.5491 0
      vertex 203.272 25.5519 0.5
      vertex 203.303 25.5491 0.5
    endloop
  endfacet
  facet normal 0.0899564 0.995946 0
    outer loop
      vertex 203.272 25.5519 0.5
      vertex 203.303 25.5491 0
      vertex 203.272 25.5519 0
    endloop
  endfacet
  facet normal 0.0685881 0.997645 -0
    outer loop
      vertex 203.335 25.5469 0
      vertex 203.303 25.5491 0.5
      vertex 203.335 25.5469 0.5
    endloop
  endfacet
  facet normal 0.0685881 0.997645 0
    outer loop
      vertex 203.303 25.5491 0.5
      vertex 203.335 25.5469 0
      vertex 203.303 25.5491 0
    endloop
  endfacet
  facet normal 0.0515443 0.998671 -0
    outer loop
      vertex 203.366 25.5453 0
      vertex 203.335 25.5469 0.5
      vertex 203.366 25.5453 0.5
    endloop
  endfacet
  facet normal 0.0515443 0.998671 0
    outer loop
      vertex 203.335 25.5469 0.5
      vertex 203.366 25.5453 0
      vertex 203.335 25.5469 0
    endloop
  endfacet
  facet normal 0.0281139 0.999605 -0
    outer loop
      vertex 203.398 25.5444 0
      vertex 203.366 25.5453 0.5
      vertex 203.398 25.5444 0.5
    endloop
  endfacet
  facet normal 0.0281139 0.999605 0
    outer loop
      vertex 203.366 25.5453 0.5
      vertex 203.398 25.5444 0
      vertex 203.366 25.5453 0
    endloop
  endfacet
  facet normal 0.0121203 0.999927 -0
    outer loop
      vertex 203.431 25.544 0
      vertex 203.398 25.5444 0.5
      vertex 203.431 25.544 0.5
    endloop
  endfacet
  facet normal 0.0121203 0.999927 0
    outer loop
      vertex 203.398 25.5444 0.5
      vertex 203.431 25.544 0
      vertex 203.398 25.5444 0
    endloop
  endfacet
  facet normal -0.037404 0.9993 0
    outer loop
      vertex 203.61 25.5507 0
      vertex 203.431 25.544 0.5
      vertex 203.61 25.5507 0.5
    endloop
  endfacet
  facet normal -0.037404 0.9993 0
    outer loop
      vertex 203.431 25.544 0.5
      vertex 203.61 25.5507 0
      vertex 203.431 25.544 0
    endloop
  endfacet
  facet normal -0.117047 0.993126 0
    outer loop
      vertex 203.778 25.5705 0
      vertex 203.61 25.5507 0.5
      vertex 203.778 25.5705 0.5
    endloop
  endfacet
  facet normal -0.117047 0.993126 0
    outer loop
      vertex 203.61 25.5507 0.5
      vertex 203.778 25.5705 0
      vertex 203.61 25.5507 0
    endloop
  endfacet
  facet normal -0.207559 0.978223 0
    outer loop
      vertex 203.934 25.6036 0
      vertex 203.778 25.5705 0.5
      vertex 203.934 25.6036 0.5
    endloop
  endfacet
  facet normal -0.207559 0.978223 0
    outer loop
      vertex 203.778 25.5705 0.5
      vertex 203.934 25.6036 0
      vertex 203.778 25.5705 0
    endloop
  endfacet
  facet normal -0.306095 0.952001 0
    outer loop
      vertex 204.078 25.6499 0
      vertex 203.934 25.6036 0.5
      vertex 204.078 25.6499 0.5
    endloop
  endfacet
  facet normal -0.306095 0.952001 0
    outer loop
      vertex 203.934 25.6036 0.5
      vertex 204.078 25.6499 0
      vertex 203.934 25.6036 0
    endloop
  endfacet
  facet normal -0.410939 0.911663 0
    outer loop
      vertex 204.21 25.7094 0
      vertex 204.078 25.6499 0.5
      vertex 204.21 25.7094 0.5
    endloop
  endfacet
  facet normal -0.410939 0.911663 0
    outer loop
      vertex 204.078 25.6499 0.5
      vertex 204.21 25.7094 0
      vertex 204.078 25.6499 0
    endloop
  endfacet
  facet normal -0.515537 0.856867 0
    outer loop
      vertex 204.331 25.7822 0
      vertex 204.21 25.7094 0.5
      vertex 204.331 25.7822 0.5
    endloop
  endfacet
  facet normal -0.515537 0.856867 0
    outer loop
      vertex 204.21 25.7094 0.5
      vertex 204.331 25.7822 0
      vertex 204.21 25.7094 0
    endloop
  endfacet
  facet normal -0.619411 0.785067 0
    outer loop
      vertex 204.44 25.8682 0
      vertex 204.331 25.7822 0.5
      vertex 204.44 25.8682 0.5
    endloop
  endfacet
  facet normal -0.619411 0.785067 0
    outer loop
      vertex 204.331 25.7822 0.5
      vertex 204.44 25.8682 0
      vertex 204.331 25.7822 0
    endloop
  endfacet
  facet normal -0.7173 0.696764 0
    outer loop
      vertex 204.44 25.8682 0
      vertex 204.535 25.966 0.5
      vertex 204.535 25.966 0
    endloop
  endfacet
  facet normal -0.7173 0.696764 0
    outer loop
      vertex 204.535 25.966 0.5
      vertex 204.44 25.8682 0
      vertex 204.44 25.8682 0.5
    endloop
  endfacet
  facet normal -0.800532 0.599289 0
    outer loop
      vertex 204.535 25.966 0
      vertex 204.616 26.0742 0.5
      vertex 204.616 26.0742 0
    endloop
  endfacet
  facet normal -0.800532 0.599289 0
    outer loop
      vertex 204.616 26.0742 0.5
      vertex 204.535 25.966 0
      vertex 204.535 25.966 0.5
    endloop
  endfacet
  facet normal -0.87085 0.491549 0
    outer loop
      vertex 204.616 26.0742 0
      vertex 204.683 26.1929 0.5
      vertex 204.683 26.1929 0
    endloop
  endfacet
  facet normal -0.87085 0.491549 0
    outer loop
      vertex 204.683 26.1929 0.5
      vertex 204.616 26.0742 0
      vertex 204.616 26.0742 0.5
    endloop
  endfacet
  facet normal -0.929961 0.367659 0
    outer loop
      vertex 204.683 26.1929 0
      vertex 204.734 26.3219 0.5
      vertex 204.734 26.3219 0
    endloop
  endfacet
  facet normal -0.929961 0.367659 0
    outer loop
      vertex 204.734 26.3219 0.5
      vertex 204.683 26.1929 0
      vertex 204.683 26.1929 0.5
    endloop
  endfacet
  facet normal -0.966579 0.256369 0
    outer loop
      vertex 204.734 26.3219 0
      vertex 204.771 26.4614 0.5
      vertex 204.771 26.4614 0
    endloop
  endfacet
  facet normal -0.966579 0.256369 0
    outer loop
      vertex 204.771 26.4614 0.5
      vertex 204.734 26.3219 0
      vertex 204.734 26.3219 0.5
    endloop
  endfacet
  facet normal -0.989401 0.145209 0
    outer loop
      vertex 204.771 26.4614 0
      vertex 204.793 26.6113 0.5
      vertex 204.793 26.6113 0
    endloop
  endfacet
  facet normal -0.989401 0.145209 0
    outer loop
      vertex 204.793 26.6113 0.5
      vertex 204.771 26.4614 0
      vertex 204.771 26.4614 0.5
    endloop
  endfacet
  facet normal -0.999048 0.0436265 0
    outer loop
      vertex 204.793 26.6113 0
      vertex 204.8 26.7716 0.5
      vertex 204.8 26.7716 0
    endloop
  endfacet
  facet normal -0.999048 0.0436265 0
    outer loop
      vertex 204.8 26.7716 0.5
      vertex 204.793 26.6113 0
      vertex 204.793 26.6113 0.5
    endloop
  endfacet
  facet normal -0.998738 -0.0502194 0
    outer loop
      vertex 204.8 26.7716 0
      vertex 204.792 26.9307 0.5
      vertex 204.792 26.9307 0
    endloop
  endfacet
  facet normal -0.998738 -0.0502194 0
    outer loop
      vertex 204.792 26.9307 0.5
      vertex 204.8 26.7716 0
      vertex 204.8 26.7716 0.5
    endloop
  endfacet
  facet normal -0.987258 -0.159128 0
    outer loop
      vertex 204.792 26.9307 0
      vertex 204.768 27.0796 0.5
      vertex 204.768 27.0796 0
    endloop
  endfacet
  facet normal -0.987258 -0.159128 0
    outer loop
      vertex 204.768 27.0796 0.5
      vertex 204.792 26.9307 0
      vertex 204.792 26.9307 0.5
    endloop
  endfacet
  facet normal -0.960894 -0.276915 0
    outer loop
      vertex 204.768 27.0796 0
      vertex 204.728 27.2184 0.5
      vertex 204.728 27.2184 0
    endloop
  endfacet
  facet normal -0.960894 -0.276915 0
    outer loop
      vertex 204.728 27.2184 0.5
      vertex 204.768 27.0796 0
      vertex 204.768 27.0796 0.5
    endloop
  endfacet
  facet normal -0.916729 -0.399509 0
    outer loop
      vertex 204.728 27.2184 0
      vertex 204.672 27.3469 0.5
      vertex 204.672 27.3469 0
    endloop
  endfacet
  facet normal -0.916729 -0.399509 0
    outer loop
      vertex 204.672 27.3469 0.5
      vertex 204.728 27.2184 0
      vertex 204.728 27.2184 0.5
    endloop
  endfacet
  facet normal -0.854421 -0.519581 0
    outer loop
      vertex 204.672 27.3469 0
      vertex 204.6 27.4653 0.5
      vertex 204.6 27.4653 0
    endloop
  endfacet
  facet normal -0.854421 -0.519581 0
    outer loop
      vertex 204.6 27.4653 0.5
      vertex 204.672 27.3469 0
      vertex 204.672 27.3469 0.5
    endloop
  endfacet
  facet normal -0.775807 -0.63097 0
    outer loop
      vertex 204.6 27.4653 0
      vertex 204.512 27.5735 0.5
      vertex 204.512 27.5735 0
    endloop
  endfacet
  facet normal -0.775807 -0.63097 0
    outer loop
      vertex 204.512 27.5735 0.5
      vertex 204.6 27.4653 0
      vertex 204.6 27.4653 0.5
    endloop
  endfacet
  facet normal -0.685801 -0.727789 0
    outer loop
      vertex 204.408 27.6715 0
      vertex 204.512 27.5735 0.5
      vertex 204.408 27.6715 0.5
    endloop
  endfacet
  facet normal -0.685801 -0.727789 -0
    outer loop
      vertex 204.512 27.5735 0.5
      vertex 204.408 27.6715 0
      vertex 204.512 27.5735 0
    endloop
  endfacet
  facet normal -0.587079 -0.80953 0
    outer loop
      vertex 204.289 27.7578 0
      vertex 204.408 27.6715 0.5
      vertex 204.289 27.7578 0.5
    endloop
  endfacet
  facet normal -0.587079 -0.80953 -0
    outer loop
      vertex 204.408 27.6715 0.5
      vertex 204.289 27.7578 0
      vertex 204.408 27.6715 0
    endloop
  endfacet
  facet normal -0.487283 -0.873244 0
    outer loop
      vertex 204.158 27.8309 0
      vertex 204.289 27.7578 0.5
      vertex 204.158 27.8309 0.5
    endloop
  endfacet
  facet normal -0.487283 -0.873244 -0
    outer loop
      vertex 204.289 27.7578 0.5
      vertex 204.158 27.8309 0
      vertex 204.289 27.7578 0
    endloop
  endfacet
  facet normal -0.385257 -0.922809 0
    outer loop
      vertex 204.015 27.8906 0
      vertex 204.158 27.8309 0.5
      vertex 204.015 27.8906 0.5
    endloop
  endfacet
  facet normal -0.385257 -0.922809 -0
    outer loop
      vertex 204.158 27.8309 0.5
      vertex 204.015 27.8906 0
      vertex 204.158 27.8309 0
    endloop
  endfacet
  facet normal -0.285657 -0.958332 0
    outer loop
      vertex 203.859 27.9371 0
      vertex 204.015 27.8906 0.5
      vertex 203.859 27.9371 0.5
    endloop
  endfacet
  facet normal -0.285657 -0.958332 -0
    outer loop
      vertex 204.015 27.8906 0.5
      vertex 203.859 27.9371 0
      vertex 204.015 27.8906 0
    endloop
  endfacet
  facet normal -0.19387 -0.981027 0
    outer loop
      vertex 203.691 27.9703 0
      vertex 203.859 27.9371 0.5
      vertex 203.691 27.9703 0.5
    endloop
  endfacet
  facet normal -0.19387 -0.981027 -0
    outer loop
      vertex 203.859 27.9371 0.5
      vertex 203.691 27.9703 0
      vertex 203.859 27.9371 0
    endloop
  endfacet
  facet normal -0.109286 -0.99401 0
    outer loop
      vertex 203.51 27.9902 0
      vertex 203.691 27.9703 0.5
      vertex 203.51 27.9902 0.5
    endloop
  endfacet
  facet normal -0.109286 -0.99401 -0
    outer loop
      vertex 203.691 27.9703 0.5
      vertex 203.51 27.9902 0
      vertex 203.691 27.9703 0
    endloop
  endfacet
  facet normal -0.0341769 -0.999416 0
    outer loop
      vertex 203.317 27.9968 0
      vertex 203.51 27.9902 0.5
      vertex 203.317 27.9968 0.5
    endloop
  endfacet
  facet normal -0.0341769 -0.999416 -0
    outer loop
      vertex 203.51 27.9902 0.5
      vertex 203.317 27.9968 0
      vertex 203.51 27.9902 0
    endloop
  endfacet
  facet normal 0.0139521 -0.999903 0
    outer loop
      vertex 203.231 27.9956 0
      vertex 203.317 27.9968 0.5
      vertex 203.231 27.9956 0.5
    endloop
  endfacet
  facet normal 0.0139521 -0.999903 0
    outer loop
      vertex 203.317 27.9968 0.5
      vertex 203.231 27.9956 0
      vertex 203.317 27.9968 0
    endloop
  endfacet
  facet normal 0.040664 -0.999173 0
    outer loop
      vertex 203.145 27.9921 0
      vertex 203.231 27.9956 0.5
      vertex 203.145 27.9921 0.5
    endloop
  endfacet
  facet normal 0.040664 -0.999173 0
    outer loop
      vertex 203.231 27.9956 0.5
      vertex 203.145 27.9921 0
      vertex 203.231 27.9956 0
    endloop
  endfacet
  facet normal 0.070413 -0.997518 0
    outer loop
      vertex 203.06 27.9861 0
      vertex 203.145 27.9921 0.5
      vertex 203.06 27.9861 0.5
    endloop
  endfacet
  facet normal 0.070413 -0.997518 0
    outer loop
      vertex 203.145 27.9921 0.5
      vertex 203.06 27.9861 0
      vertex 203.145 27.9921 0
    endloop
  endfacet
  facet normal 0.0960653 -0.995375 0
    outer loop
      vertex 202.974 27.9778 0
      vertex 203.06 27.9861 0.5
      vertex 202.974 27.9778 0.5
    endloop
  endfacet
  facet normal 0.0960653 -0.995375 0
    outer loop
      vertex 203.06 27.9861 0.5
      vertex 202.974 27.9778 0
      vertex 203.06 27.9861 0
    endloop
  endfacet
  facet normal 0.124897 -0.99217 0
    outer loop
      vertex 202.889 27.9671 0
      vertex 202.974 27.9778 0.5
      vertex 202.889 27.9671 0.5
    endloop
  endfacet
  facet normal 0.124897 -0.99217 0
    outer loop
      vertex 202.974 27.9778 0.5
      vertex 202.889 27.9671 0
      vertex 202.974 27.9778 0
    endloop
  endfacet
  facet normal 0.152941 -0.988235 0
    outer loop
      vertex 202.805 27.9541 0
      vertex 202.889 27.9671 0.5
      vertex 202.805 27.9541 0.5
    endloop
  endfacet
  facet normal 0.152941 -0.988235 0
    outer loop
      vertex 202.889 27.9671 0.5
      vertex 202.805 27.9541 0
      vertex 202.889 27.9671 0
    endloop
  endfacet
  facet normal 0.179395 -0.983777 0
    outer loop
      vertex 202.72 27.9386 0
      vertex 202.805 27.9541 0.5
      vertex 202.72 27.9386 0.5
    endloop
  endfacet
  facet normal 0.179395 -0.983777 0
    outer loop
      vertex 202.805 27.9541 0.5
      vertex 202.72 27.9386 0
      vertex 202.805 27.9541 0
    endloop
  endfacet
  facet normal 0.207302 -0.978277 0
    outer loop
      vertex 202.636 27.9208 0
      vertex 202.72 27.9386 0.5
      vertex 202.636 27.9208 0.5
    endloop
  endfacet
  facet normal 0.207302 -0.978277 0
    outer loop
      vertex 202.72 27.9386 0.5
      vertex 202.636 27.9208 0
      vertex 202.72 27.9386 0
    endloop
  endfacet
  facet normal 0.233373 -0.972387 0
    outer loop
      vertex 202.551 27.9004 0
      vertex 202.636 27.9208 0.5
      vertex 202.551 27.9004 0.5
    endloop
  endfacet
  facet normal 0.233373 -0.972387 0
    outer loop
      vertex 202.636 27.9208 0.5
      vertex 202.551 27.9004 0
      vertex 202.636 27.9208 0
    endloop
  endfacet
  facet normal 0.261951 -0.965081 0
    outer loop
      vertex 202.467 27.8776 0
      vertex 202.551 27.9004 0.5
      vertex 202.467 27.8776 0.5
    endloop
  endfacet
  facet normal 0.261951 -0.965081 0
    outer loop
      vertex 202.551 27.9004 0.5
      vertex 202.467 27.8776 0
      vertex 202.551 27.9004 0
    endloop
  endfacet
  facet normal 0.288393 -0.957512 0
    outer loop
      vertex 202.383 27.8523 0
      vertex 202.467 27.8776 0.5
      vertex 202.383 27.8523 0.5
    endloop
  endfacet
  facet normal 0.288393 -0.957512 0
    outer loop
      vertex 202.467 27.8776 0.5
      vertex 202.383 27.8523 0
      vertex 202.467 27.8776 0
    endloop
  endfacet
  facet normal 0.316571 -0.948569 0
    outer loop
      vertex 202.3 27.8246 0
      vertex 202.383 27.8523 0.5
      vertex 202.3 27.8246 0.5
    endloop
  endfacet
  facet normal 0.316571 -0.948569 0
    outer loop
      vertex 202.383 27.8523 0.5
      vertex 202.3 27.8246 0
      vertex 202.383 27.8523 0
    endloop
  endfacet
  facet normal 0.339314 -0.940673 0
    outer loop
      vertex 202.216 27.7943 0
      vertex 202.3 27.8246 0.5
      vertex 202.216 27.7943 0.5
    endloop
  endfacet
  facet normal 0.339314 -0.940673 0
    outer loop
      vertex 202.3 27.8246 0.5
      vertex 202.216 27.7943 0
      vertex 202.3 27.8246 0
    endloop
  endfacet
  facet normal 0.366554 -0.930397 0
    outer loop
      vertex 202.133 27.7616 0
      vertex 202.216 27.7943 0.5
      vertex 202.133 27.7616 0.5
    endloop
  endfacet
  facet normal 0.366554 -0.930397 0
    outer loop
      vertex 202.216 27.7943 0.5
      vertex 202.133 27.7616 0
      vertex 202.216 27.7943 0
    endloop
  endfacet
  facet normal 1 -0 0
    outer loop
      vertex 202.133 27.0426 0.5
      vertex 202.133 27.7616 0
      vertex 202.133 27.7616 0.5
    endloop
  endfacet
  facet normal 1 0 0
    outer loop
      vertex 202.133 27.7616 0
      vertex 202.133 27.0426 0.5
      vertex 202.133 27.0426 0
    endloop
  endfacet
  facet normal -0.486818 0.873503 0
    outer loop
      vertex 202.215 27.0883 0
      vertex 202.133 27.0426 0.5
      vertex 202.215 27.0883 0.5
    endloop
  endfacet
  facet normal -0.486818 0.873503 0
    outer loop
      vertex 202.133 27.0426 0.5
      vertex 202.215 27.0883 0
      vertex 202.133 27.0426 0
    endloop
  endfacet
  facet normal -0.462042 0.886858 0
    outer loop
      vertex 202.296 27.1305 0
      vertex 202.215 27.0883 0.5
      vertex 202.296 27.1305 0.5
    endloop
  endfacet
  facet normal -0.462042 0.886858 0
    outer loop
      vertex 202.215 27.0883 0.5
      vertex 202.296 27.1305 0
      vertex 202.215 27.0883 0
    endloop
  endfacet
  facet normal -0.441754 0.897136 0
    outer loop
      vertex 202.375 27.1694 0
      vertex 202.296 27.1305 0.5
      vertex 202.375 27.1694 0.5
    endloop
  endfacet
  facet normal -0.441754 0.897136 0
    outer loop
      vertex 202.296 27.1305 0.5
      vertex 202.375 27.1694 0
      vertex 202.296 27.1305 0
    endloop
  endfacet
  facet normal -0.410844 0.911705 0
    outer loop
      vertex 202.454 27.205 0
      vertex 202.375 27.1694 0.5
      vertex 202.454 27.205 0.5
    endloop
  endfacet
  facet normal -0.410844 0.911705 0
    outer loop
      vertex 202.375 27.1694 0.5
      vertex 202.454 27.205 0
      vertex 202.375 27.1694 0
    endloop
  endfacet
  facet normal -0.384786 0.923006 0
    outer loop
      vertex 202.531 27.2371 0
      vertex 202.454 27.205 0.5
      vertex 202.531 27.2371 0.5
    endloop
  endfacet
  facet normal -0.384786 0.923006 0
    outer loop
      vertex 202.454 27.205 0.5
      vertex 202.531 27.2371 0
      vertex 202.454 27.205 0
    endloop
  endfacet
  facet normal -0.354357 0.93511 0
    outer loop
      vertex 202.607 27.2659 0
      vertex 202.531 27.2371 0.5
      vertex 202.607 27.2659 0.5
    endloop
  endfacet
  facet normal -0.354357 0.93511 0
    outer loop
      vertex 202.531 27.2371 0.5
      vertex 202.607 27.2659 0
      vertex 202.531 27.2371 0
    endloop
  endfacet
  facet normal -0.319637 0.94754 0
    outer loop
      vertex 202.682 27.2912 0
      vertex 202.607 27.2659 0.5
      vertex 202.682 27.2912 0.5
    endloop
  endfacet
  facet normal -0.319637 0.94754 0
    outer loop
      vertex 202.607 27.2659 0.5
      vertex 202.682 27.2912 0
      vertex 202.607 27.2659 0
    endloop
  endfacet
  facet normal -0.28497 0.958536 0
    outer loop
      vertex 202.756 27.3132 0
      vertex 202.682 27.2912 0.5
      vertex 202.756 27.3132 0.5
    endloop
  endfacet
  facet normal -0.28497 0.958536 0
    outer loop
      vertex 202.682 27.2912 0.5
      vertex 202.756 27.3132 0
      vertex 202.682 27.2912 0
    endloop
  endfacet
  facet normal -0.250122 0.968214 0
    outer loop
      vertex 202.828 27.3318 0
      vertex 202.756 27.3132 0.5
      vertex 202.828 27.3318 0.5
    endloop
  endfacet
  facet normal -0.250122 0.968214 0
    outer loop
      vertex 202.756 27.3132 0.5
      vertex 202.828 27.3318 0
      vertex 202.756 27.3132 0
    endloop
  endfacet
  facet normal -0.209341 0.977843 0
    outer loop
      vertex 202.899 27.347 0
      vertex 202.828 27.3318 0.5
      vertex 202.899 27.347 0.5
    endloop
  endfacet
  facet normal -0.209341 0.977843 0
    outer loop
      vertex 202.828 27.3318 0.5
      vertex 202.899 27.347 0
      vertex 202.828 27.3318 0
    endloop
  endfacet
  facet normal -0.167595 0.985856 0
    outer loop
      vertex 202.969 27.3589 0
      vertex 202.899 27.347 0.5
      vertex 202.969 27.3589 0.5
    endloop
  endfacet
  facet normal -0.167595 0.985856 0
    outer loop
      vertex 202.899 27.347 0.5
      vertex 202.969 27.3589 0
      vertex 202.899 27.347 0
    endloop
  endfacet
  facet normal -0.120847 0.992671 0
    outer loop
      vertex 203.038 27.3673 0
      vertex 202.969 27.3589 0.5
      vertex 203.038 27.3673 0.5
    endloop
  endfacet
  facet normal -0.120847 0.992671 0
    outer loop
      vertex 202.969 27.3589 0.5
      vertex 203.038 27.3673 0
      vertex 202.969 27.3589 0
    endloop
  endfacet
  facet normal -0.0747899 0.997199 0
    outer loop
      vertex 203.106 27.3724 0
      vertex 203.038 27.3673 0.5
      vertex 203.106 27.3724 0.5
    endloop
  endfacet
  facet normal -0.0747899 0.997199 0
    outer loop
      vertex 203.038 27.3673 0.5
      vertex 203.106 27.3724 0
      vertex 203.038 27.3673 0
    endloop
  endfacet
  facet normal -0.025749 0.999668 0
    outer loop
      vertex 203.172 27.3741 0
      vertex 203.106 27.3724 0.5
      vertex 203.172 27.3741 0.5
    endloop
  endfacet
  facet normal -0.025749 0.999668 0
    outer loop
      vertex 203.106 27.3724 0.5
      vertex 203.172 27.3741 0
      vertex 203.106 27.3724 0
    endloop
  endfacet
  facet normal 0.0358465 0.999357 -0
    outer loop
      vertex 203.264 27.3708 0
      vertex 203.172 27.3741 0.5
      vertex 203.264 27.3708 0.5
    endloop
  endfacet
  facet normal 0.0358465 0.999357 0
    outer loop
      vertex 203.172 27.3741 0.5
      vertex 203.264 27.3708 0
      vertex 203.172 27.3741 0
    endloop
  endfacet
  facet normal 0.114191 0.993459 -0
    outer loop
      vertex 203.351 27.3608 0
      vertex 203.264 27.3708 0.5
      vertex 203.351 27.3608 0.5
    endloop
  endfacet
  facet normal 0.114191 0.993459 0
    outer loop
      vertex 203.264 27.3708 0.5
      vertex 203.351 27.3608 0
      vertex 203.264 27.3708 0
    endloop
  endfacet
  facet normal 0.201998 0.979386 -0
    outer loop
      vertex 203.431 27.3443 0
      vertex 203.351 27.3608 0.5
      vertex 203.431 27.3443 0.5
    endloop
  endfacet
  facet normal 0.201998 0.979386 0
    outer loop
      vertex 203.351 27.3608 0.5
      vertex 203.431 27.3443 0
      vertex 203.351 27.3608 0
    endloop
  endfacet
  facet normal 0.29668 0.954977 -0
    outer loop
      vertex 203.506 27.321 0
      vertex 203.431 27.3443 0.5
      vertex 203.506 27.321 0.5
    endloop
  endfacet
  facet normal 0.29668 0.954977 0
    outer loop
      vertex 203.431 27.3443 0.5
      vertex 203.506 27.321 0
      vertex 203.431 27.3443 0
    endloop
  endfacet
  facet normal 0.396487 0.91804 -0
    outer loop
      vertex 203.575 27.2912 0
      vertex 203.506 27.321 0.5
      vertex 203.575 27.2912 0.5
    endloop
  endfacet
  facet normal 0.396487 0.91804 0
    outer loop
      vertex 203.506 27.321 0.5
      vertex 203.575 27.2912 0
      vertex 203.506 27.321 0
    endloop
  endfacet
  facet normal 0.501307 0.86527 -0
    outer loop
      vertex 203.638 27.2547 0
      vertex 203.575 27.2912 0.5
      vertex 203.638 27.2547 0.5
    endloop
  endfacet
  facet normal 0.501307 0.86527 0
    outer loop
      vertex 203.575 27.2912 0.5
      vertex 203.638 27.2547 0
      vertex 203.575 27.2912 0
    endloop
  endfacet
  facet normal 0.596451 0.802649 -0
    outer loop
      vertex 203.696 27.2116 0
      vertex 203.638 27.2547 0.5
      vertex 203.696 27.2116 0.5
    endloop
  endfacet
  facet normal 0.596451 0.802649 0
    outer loop
      vertex 203.638 27.2547 0.5
      vertex 203.696 27.2116 0
      vertex 203.638 27.2547 0
    endloop
  endfacet
  facet normal 0.698467 0.715642 -0
    outer loop
      vertex 203.746 27.1628 0
      vertex 203.696 27.2116 0.5
      vertex 203.746 27.1628 0.5
    endloop
  endfacet
  facet normal 0.698467 0.715642 0
    outer loop
      vertex 203.696 27.2116 0.5
      vertex 203.746 27.1628 0
      vertex 203.696 27.2116 0
    endloop
  endfacet
  facet normal 0.779445 0.62647 0
    outer loop
      vertex 203.789 27.1093 0.5
      vertex 203.746 27.1628 0
      vertex 203.746 27.1628 0.5
    endloop
  endfacet
  facet normal 0.779445 0.62647 0
    outer loop
      vertex 203.746 27.1628 0
      vertex 203.789 27.1093 0.5
      vertex 203.789 27.1093 0
    endloop
  endfacet
  facet normal 0.856581 0.516013 0
    outer loop
      vertex 203.824 27.0512 0.5
      vertex 203.789 27.1093 0
      vertex 203.789 27.1093 0.5
    endloop
  endfacet
  facet normal 0.856581 0.516013 0
    outer loop
      vertex 203.789 27.1093 0
      vertex 203.824 27.0512 0.5
      vertex 203.824 27.0512 0
    endloop
  endfacet
  facet normal 0.918918 0.394448 0
    outer loop
      vertex 203.851 26.9883 0.5
      vertex 203.824 27.0512 0
      vertex 203.824 27.0512 0.5
    endloop
  endfacet
  facet normal 0.918918 0.394448 0
    outer loop
      vertex 203.824 27.0512 0
      vertex 203.851 26.9883 0.5
      vertex 203.851 26.9883 0
    endloop
  endfacet
  facet normal 0.958798 0.284088 0
    outer loop
      vertex 203.871 26.9208 0.5
      vertex 203.851 26.9883 0
      vertex 203.851 26.9883 0.5
    endloop
  endfacet
  facet normal 0.958798 0.284088 0
    outer loop
      vertex 203.851 26.9883 0
      vertex 203.871 26.9208 0.5
      vertex 203.871 26.9208 0
    endloop
  endfacet
  facet normal 0.986504 0.163735 0
    outer loop
      vertex 203.883 26.8485 0.5
      vertex 203.871 26.9208 0
      vertex 203.871 26.9208 0.5
    endloop
  endfacet
  facet normal 0.986504 0.163735 0
    outer loop
      vertex 203.871 26.9208 0
      vertex 203.883 26.8485 0.5
      vertex 203.883 26.8485 0
    endloop
  endfacet
  facet normal 0.998653 0.0518781 0
    outer loop
      vertex 203.887 26.7715 0.5
      vertex 203.883 26.8485 0
      vertex 203.883 26.8485 0.5
    endloop
  endfacet
  facet normal 0.998653 0.0518781 0
    outer loop
      vertex 203.883 26.8485 0
      vertex 203.887 26.7715 0.5
      vertex 203.887 26.7715 0
    endloop
  endfacet
  facet normal 0.998671 -0.0515443 0
    outer loop
      vertex 203.883 26.694 0.5
      vertex 203.887 26.7715 0
      vertex 203.887 26.7715 0.5
    endloop
  endfacet
  facet normal 0.998671 -0.0515443 0
    outer loop
      vertex 203.887 26.7715 0
      vertex 203.883 26.694 0.5
      vertex 203.883 26.694 0
    endloop
  endfacet
  facet normal 0.986649 -0.162858 0
    outer loop
      vertex 203.871 26.6213 0.5
      vertex 203.883 26.694 0
      vertex 203.883 26.694 0.5
    endloop
  endfacet
  facet normal 0.986649 -0.162858 0
    outer loop
      vertex 203.883 26.694 0
      vertex 203.871 26.6213 0.5
      vertex 203.871 26.6213 0
    endloop
  endfacet
  facet normal 0.959253 -0.282549 0
    outer loop
      vertex 203.851 26.5534 0.5
      vertex 203.871 26.6213 0
      vertex 203.871 26.6213 0.5
    endloop
  endfacet
  facet normal 0.959253 -0.282549 0
    outer loop
      vertex 203.871 26.6213 0
      vertex 203.851 26.5534 0.5
      vertex 203.851 26.5534 0
    endloop
  endfacet
  facet normal 0.919145 -0.393919 0
    outer loop
      vertex 203.824 26.4904 0.5
      vertex 203.851 26.5534 0
      vertex 203.851 26.5534 0.5
    endloop
  endfacet
  facet normal 0.919145 -0.393919 0
    outer loop
      vertex 203.851 26.5534 0
      vertex 203.824 26.4904 0.5
      vertex 203.824 26.4904 0
    endloop
  endfacet
  facet normal 0.856973 -0.515362 0
    outer loop
      vertex 203.789 26.4322 0.5
      vertex 203.824 26.4904 0
      vertex 203.824 26.4904 0.5
    endloop
  endfacet
  facet normal 0.856973 -0.515362 0
    outer loop
      vertex 203.824 26.4904 0
      vertex 203.789 26.4322 0.5
      vertex 203.789 26.4322 0
    endloop
  endfacet
  facet normal 0.778873 -0.627182 0
    outer loop
      vertex 203.746 26.3788 0.5
      vertex 203.789 26.4322 0
      vertex 203.789 26.4322 0.5
    endloop
  endfacet
  facet normal 0.778873 -0.627182 0
    outer loop
      vertex 203.789 26.4322 0
      vertex 203.746 26.3788 0.5
      vertex 203.746 26.3788 0
    endloop
  endfacet
  facet normal 0.696258 -0.717792 0
    outer loop
      vertex 203.696 26.3303 0
      vertex 203.746 26.3788 0.5
      vertex 203.696 26.3303 0.5
    endloop
  endfacet
  facet normal 0.696258 -0.717792 0
    outer loop
      vertex 203.746 26.3788 0.5
      vertex 203.696 26.3303 0
      vertex 203.746 26.3788 0
    endloop
  endfacet
  facet normal 0.593767 -0.804637 0
    outer loop
      vertex 203.638 26.2875 0
      vertex 203.696 26.3303 0.5
      vertex 203.638 26.2875 0.5
    endloop
  endfacet
  facet normal 0.593767 -0.804637 0
    outer loop
      vertex 203.696 26.3303 0.5
      vertex 203.638 26.2875 0
      vertex 203.696 26.3303 0
    endloop
  endfacet
  facet normal 0.498213 -0.867055 0
    outer loop
      vertex 203.575 26.2513 0
      vertex 203.638 26.2875 0.5
      vertex 203.575 26.2513 0.5
    endloop
  endfacet
  facet normal 0.498213 -0.867055 0
    outer loop
      vertex 203.638 26.2875 0.5
      vertex 203.575 26.2513 0
      vertex 203.638 26.2875 0
    endloop
  endfacet
  facet normal 0.394241 -0.919007 0
    outer loop
      vertex 203.506 26.2217 0
      vertex 203.575 26.2513 0.5
      vertex 203.506 26.2217 0.5
    endloop
  endfacet
  facet normal 0.394241 -0.919007 0
    outer loop
      vertex 203.575 26.2513 0.5
      vertex 203.506 26.2217 0
      vertex 203.575 26.2513 0
    endloop
  endfacet
  facet normal 0.294354 -0.955696 0
    outer loop
      vertex 203.431 26.1986 0
      vertex 203.506 26.2217 0.5
      vertex 203.431 26.1986 0.5
    endloop
  endfacet
  facet normal 0.294354 -0.955696 0
    outer loop
      vertex 203.506 26.2217 0.5
      vertex 203.431 26.1986 0
      vertex 203.506 26.2217 0
    endloop
  endfacet
  facet normal 0.200824 -0.979627 0
    outer loop
      vertex 203.351 26.1822 0
      vertex 203.431 26.1986 0.5
      vertex 203.351 26.1822 0.5
    endloop
  endfacet
  facet normal 0.200824 -0.979627 0
    outer loop
      vertex 203.431 26.1986 0.5
      vertex 203.351 26.1822 0
      vertex 203.431 26.1986 0
    endloop
  endfacet
  facet normal 0.113063 -0.993588 0
    outer loop
      vertex 203.264 26.1723 0
      vertex 203.351 26.1822 0.5
      vertex 203.264 26.1723 0.5
    endloop
  endfacet
  facet normal 0.113063 -0.993588 0
    outer loop
      vertex 203.351 26.1822 0.5
      vertex 203.264 26.1723 0
      vertex 203.351 26.1822 0
    endloop
  endfacet
  facet normal 0.0358465 -0.999357 0
    outer loop
      vertex 203.172 26.169 0
      vertex 203.264 26.1723 0.5
      vertex 203.172 26.169 0.5
    endloop
  endfacet
  facet normal 0.0358465 -0.999357 0
    outer loop
      vertex 203.264 26.1723 0.5
      vertex 203.172 26.169 0
      vertex 203.264 26.1723 0
    endloop
  endfacet
  facet normal -0.0175412 -0.999846 0
    outer loop
      vertex 203.115 26.17 0
      vertex 203.172 26.169 0.5
      vertex 203.115 26.17 0.5
    endloop
  endfacet
  facet normal -0.0175412 -0.999846 -0
    outer loop
      vertex 203.172 26.169 0.5
      vertex 203.115 26.17 0
      vertex 203.172 26.169 0
    endloop
  endfacet
  facet normal -0.0550886 -0.998481 0
    outer loop
      vertex 203.057 26.1732 0
      vertex 203.115 26.17 0.5
      vertex 203.057 26.1732 0.5
    endloop
  endfacet
  facet normal -0.0550886 -0.998481 -0
    outer loop
      vertex 203.115 26.17 0.5
      vertex 203.057 26.1732 0
      vertex 203.115 26.17 0
    endloop
  endfacet
  facet normal -0.0875931 -0.996156 0
    outer loop
      vertex 202.999 26.1783 0
      vertex 203.057 26.1732 0.5
      vertex 202.999 26.1783 0.5
    endloop
  endfacet
  facet normal -0.0875931 -0.996156 -0
    outer loop
      vertex 203.057 26.1732 0.5
      vertex 202.999 26.1783 0
      vertex 203.057 26.1732 0
    endloop
  endfacet
  facet normal -0.120776 -0.99268 0
    outer loop
      vertex 202.939 26.1856 0
      vertex 202.999 26.1783 0.5
      vertex 202.939 26.1856 0.5
    endloop
  endfacet
  facet normal -0.120776 -0.99268 -0
    outer loop
      vertex 202.999 26.1783 0.5
      vertex 202.939 26.1856 0
      vertex 202.999 26.1783 0
    endloop
  endfacet
  facet normal -0.1499 -0.988701 0
    outer loop
      vertex 202.877 26.195 0
      vertex 202.939 26.1856 0.5
      vertex 202.877 26.195 0.5
    endloop
  endfacet
  facet normal -0.1499 -0.988701 -0
    outer loop
      vertex 202.939 26.1856 0.5
      vertex 202.877 26.195 0
      vertex 202.939 26.1856 0
    endloop
  endfacet
  facet normal -0.180839 -0.983513 0
    outer loop
      vertex 202.815 26.2064 0
      vertex 202.877 26.195 0.5
      vertex 202.815 26.2064 0.5
    endloop
  endfacet
  facet normal -0.180839 -0.983513 -0
    outer loop
      vertex 202.877 26.195 0.5
      vertex 202.815 26.2064 0
      vertex 202.877 26.195 0
    endloop
  endfacet
  facet normal -0.209529 -0.977802 0
    outer loop
      vertex 202.752 26.2199 0
      vertex 202.815 26.2064 0.5
      vertex 202.752 26.2199 0.5
    endloop
  endfacet
  facet normal -0.209529 -0.977802 -0
    outer loop
      vertex 202.815 26.2064 0.5
      vertex 202.752 26.2199 0
      vertex 202.815 26.2064 0
    endloop
  endfacet
  facet normal -0.236816 -0.971554 0
    outer loop
      vertex 202.688 26.2355 0
      vertex 202.752 26.2199 0.5
      vertex 202.688 26.2355 0.5
    endloop
  endfacet
  facet normal -0.236816 -0.971554 -0
    outer loop
      vertex 202.752 26.2199 0.5
      vertex 202.688 26.2355 0
      vertex 202.752 26.2199 0
    endloop
  endfacet
  facet normal -0.263117 -0.964764 0
    outer loop
      vertex 202.622 26.2535 0
      vertex 202.688 26.2355 0.5
      vertex 202.622 26.2535 0.5
    endloop
  endfacet
  facet normal -0.263117 -0.964764 -0
    outer loop
      vertex 202.688 26.2355 0.5
      vertex 202.622 26.2535 0
      vertex 202.688 26.2355 0
    endloop
  endfacet
  facet normal -0.288659 -0.957432 0
    outer loop
      vertex 202.555 26.2737 0
      vertex 202.622 26.2535 0.5
      vertex 202.555 26.2737 0.5
    endloop
  endfacet
  facet normal -0.288659 -0.957432 -0
    outer loop
      vertex 202.622 26.2535 0.5
      vertex 202.555 26.2737 0
      vertex 202.622 26.2535 0
    endloop
  endfacet
  facet normal -0.310021 -0.95073 0
    outer loop
      vertex 202.486 26.2962 0
      vertex 202.555 26.2737 0.5
      vertex 202.486 26.2962 0.5
    endloop
  endfacet
  facet normal -0.310021 -0.95073 -0
    outer loop
      vertex 202.555 26.2737 0.5
      vertex 202.486 26.2962 0
      vertex 202.555 26.2737 0
    endloop
  endfacet
  facet normal -0.333947 -0.942592 0
    outer loop
      vertex 202.416 26.321 0
      vertex 202.486 26.2962 0.5
      vertex 202.416 26.321 0.5
    endloop
  endfacet
  facet normal -0.333947 -0.942592 -0
    outer loop
      vertex 202.486 26.2962 0.5
      vertex 202.416 26.321 0
      vertex 202.486 26.2962 0
    endloop
  endfacet
  facet normal -0.355448 -0.934696 0
    outer loop
      vertex 202.345 26.348 0
      vertex 202.416 26.321 0.5
      vertex 202.345 26.348 0.5
    endloop
  endfacet
  facet normal -0.355448 -0.934696 -0
    outer loop
      vertex 202.416 26.321 0.5
      vertex 202.345 26.348 0
      vertex 202.416 26.321 0
    endloop
  endfacet
  facet normal -0.376929 -0.926242 0
    outer loop
      vertex 202.273 26.3773 0
      vertex 202.345 26.348 0.5
      vertex 202.273 26.3773 0.5
    endloop
  endfacet
  facet normal -0.376929 -0.926242 -0
    outer loop
      vertex 202.345 26.348 0.5
      vertex 202.273 26.3773 0
      vertex 202.345 26.348 0
    endloop
  endfacet
  facet normal 1 -0 0
    outer loop
      vertex 202.273 24.3837 0.5
      vertex 202.273 26.3773 0
      vertex 202.273 26.3773 0.5
    endloop
  endfacet
  facet normal 1 0 0
    outer loop
      vertex 202.273 26.3773 0
      vertex 202.273 24.3837 0.5
      vertex 202.273 24.3837 0
    endloop
  endfacet
  facet normal 0 1 -0
    outer loop
      vertex 204.544 24.3837 0
      vertex 202.273 24.3837 0.5
      vertex 204.544 24.3837 0.5
    endloop
  endfacet
  facet normal 0 1 0
    outer loop
      vertex 202.273 24.3837 0.5
      vertex 204.544 24.3837 0
      vertex 202.273 24.3837 0
    endloop
  endfacet
  facet normal -1 0 0
    outer loop
      vertex 204.544 24.3837 0
      vertex 204.544 25.0557 0.5
      vertex 204.544 25.0557 0
    endloop
  endfacet
  facet normal -1 -0 0
    outer loop
      vertex 204.544 25.0557 0.5
      vertex 204.544 24.3837 0
      vertex 204.544 24.3837 0.5
    endloop
  endfacet
  facet normal -0.0729236 0.997338 0
    outer loop
      vertex 200.346 24.4019 0
      vertex 200.16 24.3883 0.5
      vertex 200.346 24.4019 0.5
    endloop
  endfacet
  facet normal -0.0729236 0.997338 0
    outer loop
      vertex 200.16 24.3883 0.5
      vertex 200.346 24.4019 0
      vertex 200.16 24.3883 0
    endloop
  endfacet
  facet normal -0.1337 0.991022 0
    outer loop
      vertex 200.515 24.4247 0
      vertex 200.346 24.4019 0.5
      vertex 200.515 24.4247 0.5
    endloop
  endfacet
  facet normal -0.1337 0.991022 0
    outer loop
      vertex 200.346 24.4019 0.5
      vertex 200.515 24.4247 0
      vertex 200.346 24.4019 0
    endloop
  endfacet
  facet normal -0.203494 0.979076 0
    outer loop
      vertex 200.668 24.4565 0
      vertex 200.515 24.4247 0.5
      vertex 200.668 24.4565 0.5
    endloop
  endfacet
  facet normal -0.203494 0.979076 0
    outer loop
      vertex 200.515 24.4247 0.5
      vertex 200.668 24.4565 0
      vertex 200.515 24.4247 0
    endloop
  endfacet
  facet normal -0.288639 0.957438 0
    outer loop
      vertex 200.804 24.4975 0
      vertex 200.668 24.4565 0.5
      vertex 200.804 24.4975 0.5
    endloop
  endfacet
  facet normal -0.288639 0.957438 0
    outer loop
      vertex 200.668 24.4565 0.5
      vertex 200.804 24.4975 0
      vertex 200.668 24.4565 0
    endloop
  endfacet
  facet normal -0.385271 0.922804 0
    outer loop
      vertex 200.924 24.5476 0
      vertex 200.804 24.4975 0.5
      vertex 200.924 24.5476 0.5
    endloop
  endfacet
  facet normal -0.385271 0.922804 0
    outer loop
      vertex 200.804 24.4975 0.5
      vertex 200.924 24.5476 0
      vertex 200.804 24.4975 0
    endloop
  endfacet
  facet normal -0.49768 0.867361 0
    outer loop
      vertex 201.027 24.6067 0
      vertex 200.924 24.5476 0.5
      vertex 201.027 24.6067 0.5
    endloop
  endfacet
  facet normal -0.49768 0.867361 0
    outer loop
      vertex 200.924 24.5476 0.5
      vertex 201.027 24.6067 0
      vertex 200.924 24.5476 0
    endloop
  endfacet
  facet normal -0.622499 0.782621 0
    outer loop
      vertex 201.114 24.6759 0
      vertex 201.027 24.6067 0.5
      vertex 201.114 24.6759 0.5
    endloop
  endfacet
  facet normal -0.622499 0.782621 0
    outer loop
      vertex 201.027 24.6067 0.5
      vertex 201.114 24.6759 0
      vertex 201.027 24.6067 0
    endloop
  endfacet
  facet normal -0.730389 0.683032 0
    outer loop
      vertex 201.114 24.6759 0
      vertex 201.189 24.7561 0.5
      vertex 201.189 24.7561 0
    endloop
  endfacet
  facet normal -0.730389 0.683032 0
    outer loop
      vertex 201.189 24.7561 0.5
      vertex 201.114 24.6759 0
      vertex 201.114 24.6759 0.5
    endloop
  endfacet
  facet normal -0.830643 0.556805 0
    outer loop
      vertex 201.189 24.7561 0
      vertex 201.25 24.8471 0.5
      vertex 201.25 24.8471 0
    endloop
  endfacet
  facet normal -0.830643 0.556805 0
    outer loop
      vertex 201.25 24.8471 0.5
      vertex 201.189 24.7561 0
      vertex 201.189 24.7561 0.5
    endloop
  endfacet
  facet normal -0.908376 0.418155 0
    outer loop
      vertex 201.25 24.8471 0
      vertex 201.297 24.9492 0.5
      vertex 201.297 24.9492 0
    endloop
  endfacet
  facet normal -0.908376 0.418155 0
    outer loop
      vertex 201.297 24.9492 0.5
      vertex 201.25 24.8471 0
      vertex 201.25 24.8471 0.5
    endloop
  endfacet
  facet normal -0.957522 0.288359 0
    outer loop
      vertex 201.297 24.9492 0
      vertex 201.331 25.0621 0.5
      vertex 201.331 25.0621 0
    endloop
  endfacet
  facet normal -0.957522 0.288359 0
    outer loop
      vertex 201.331 25.0621 0.5
      vertex 201.297 24.9492 0
      vertex 201.297 24.9492 0.5
    endloop
  endfacet
  facet normal -0.987221 0.159358 0
    outer loop
      vertex 201.331 25.0621 0
      vertex 201.351 25.186 0.5
      vertex 201.351 25.186 0
    endloop
  endfacet
  facet normal -0.987221 0.159358 0
    outer loop
      vertex 201.351 25.186 0.5
      vertex 201.331 25.0621 0
      vertex 201.331 25.0621 0.5
    endloop
  endfacet
  facet normal -0.998656 0.0518206 0
    outer loop
      vertex 201.351 25.186 0
      vertex 201.358 25.3209 0.5
      vertex 201.358 25.3209 0
    endloop
  endfacet
  facet normal -0.998656 0.0518206 0
    outer loop
      vertex 201.358 25.3209 0.5
      vertex 201.351 25.186 0
      vertex 201.351 25.186 0.5
    endloop
  endfacet
  facet normal -0.99914 -0.0414581 0
    outer loop
      vertex 201.358 25.3209 0
      vertex 201.355 25.3932 0.5
      vertex 201.355 25.3932 0
    endloop
  endfacet
  facet normal -0.99914 -0.0414581 0
    outer loop
      vertex 201.355 25.3932 0.5
      vertex 201.358 25.3209 0
      vertex 201.358 25.3209 0.5
    endloop
  endfacet
  facet normal -0.994923 -0.100642 0
    outer loop
      vertex 201.355 25.3932 0
      vertex 201.348 25.4624 0.5
      vertex 201.348 25.4624 0
    endloop
  endfacet
  facet normal -0.994923 -0.100642 0
    outer loop
      vertex 201.348 25.4624 0.5
      vertex 201.355 25.3932 0
      vertex 201.355 25.3932 0.5
    endloop
  endfacet
  facet normal -0.981148 -0.193256 0
    outer loop
      vertex 201.348 25.4624 0
      vertex 201.335 25.5284 0.5
      vertex 201.335 25.5284 0
    endloop
  endfacet
  facet normal -0.981148 -0.193256 0
    outer loop
      vertex 201.335 25.5284 0.5
      vertex 201.348 25.4624 0
      vertex 201.348 25.4624 0.5
    endloop
  endfacet
  facet normal -0.965363 -0.260909 0
    outer loop
      vertex 201.335 25.5284 0
      vertex 201.318 25.5913 0.5
      vertex 201.318 25.5913 0
    endloop
  endfacet
  facet normal -0.965363 -0.260909 0
    outer loop
      vertex 201.318 25.5913 0.5
      vertex 201.335 25.5284 0
      vertex 201.335 25.5284 0.5
    endloop
  endfacet
  facet normal -0.938316 -0.345778 0
    outer loop
      vertex 201.318 25.5913 0
      vertex 201.296 25.651 0.5
      vertex 201.296 25.651 0
    endloop
  endfacet
  facet normal -0.938316 -0.345778 0
    outer loop
      vertex 201.296 25.651 0.5
      vertex 201.318 25.5913 0
      vertex 201.318 25.5913 0.5
    endloop
  endfacet
  facet normal -0.902566 -0.430552 0
    outer loop
      vertex 201.296 25.651 0
      vertex 201.269 25.7076 0.5
      vertex 201.269 25.7076 0
    endloop
  endfacet
  facet normal -0.902566 -0.430552 0
    outer loop
      vertex 201.269 25.7076 0.5
      vertex 201.296 25.651 0
      vertex 201.296 25.651 0.5
    endloop
  endfacet
  facet normal -0.857776 -0.514023 0
    outer loop
      vertex 201.269 25.7076 0
      vertex 201.237 25.761 0.5
      vertex 201.237 25.761 0
    endloop
  endfacet
  facet normal -0.857776 -0.514023 0
    outer loop
      vertex 201.237 25.761 0.5
      vertex 201.269 25.7076 0
      vertex 201.269 25.7076 0.5
    endloop
  endfacet
  facet normal -0.803842 -0.594843 0
    outer loop
      vertex 201.237 25.761 0
      vertex 201.2 25.811 0.5
      vertex 201.2 25.811 0
    endloop
  endfacet
  facet normal -0.803842 -0.594843 0
    outer loop
      vertex 201.2 25.811 0.5
      vertex 201.237 25.761 0
      vertex 201.237 25.761 0.5
    endloop
  endfacet
  facet normal -0.74723 -0.664565 0
    outer loop
      vertex 201.2 25.811 0
      vertex 201.159 25.8571 0.5
      vertex 201.159 25.8571 0
    endloop
  endfacet
  facet normal -0.74723 -0.664565 0
    outer loop
      vertex 201.159 25.8571 0.5
      vertex 201.2 25.811 0
      vertex 201.2 25.811 0.5
    endloop
  endfacet
  facet normal -0.676883 -0.73609 0
    outer loop
      vertex 201.113 25.8994 0
      vertex 201.159 25.8571 0.5
      vertex 201.113 25.8994 0.5
    endloop
  endfacet
  facet normal -0.676883 -0.73609 -0
    outer loop
      vertex 201.159 25.8571 0.5
      vertex 201.113 25.8994 0
      vertex 201.159 25.8571 0
    endloop
  endfacet
  facet normal -0.609097 -0.793095 0
    outer loop
      vertex 201.063 25.9378 0
      vertex 201.113 25.8994 0.5
      vertex 201.063 25.9378 0.5
    endloop
  endfacet
  facet normal -0.609097 -0.793095 -0
    outer loop
      vertex 201.113 25.8994 0.5
      vertex 201.063 25.9378 0
      vertex 201.113 25.8994 0
    endloop
  endfacet
  facet normal -0.533588 -0.845745 0
    outer loop
      vertex 201.008 25.9725 0
      vertex 201.063 25.9378 0.5
      vertex 201.008 25.9725 0.5
    endloop
  endfacet
  facet normal -0.533588 -0.845745 -0
    outer loop
      vertex 201.063 25.9378 0.5
      vertex 201.008 25.9725 0
      vertex 201.063 25.9378 0
    endloop
  endfacet
  facet normal -0.462771 -0.886478 0
    outer loop
      vertex 200.949 26.0033 0
      vertex 201.008 25.9725 0.5
      vertex 200.949 26.0033 0.5
    endloop
  endfacet
  facet normal -0.462771 -0.886478 -0
    outer loop
      vertex 201.008 25.9725 0.5
      vertex 200.949 26.0033 0
      vertex 201.008 25.9725 0
    endloop
  endfacet
  facet normal -0.388701 -0.921364 0
    outer loop
      vertex 200.885 26.0303 0
      vertex 200.949 26.0033 0.5
      vertex 200.885 26.0303 0.5
    endloop
  endfacet
  facet normal -0.388701 -0.921364 -0
    outer loop
      vertex 200.949 26.0033 0.5
      vertex 200.885 26.0303 0
      vertex 200.949 26.0033 0
    endloop
  endfacet
  facet normal -0.316922 0.948452 0
    outer loop
      vertex 200.967 26.0577 0
      vertex 200.885 26.0303 0.5
      vertex 200.967 26.0577 0.5
    endloop
  endfacet
  facet normal -0.316922 0.948452 0
    outer loop
      vertex 200.885 26.0303 0.5
      vertex 200.967 26.0577 0
      vertex 200.885 26.0303 0
    endloop
  endfacet
  facet normal -0.401325 0.915936 0
    outer loop
      vertex 201.043 26.091 0
      vertex 200.967 26.0577 0.5
      vertex 201.043 26.091 0.5
    endloop
  endfacet
  facet normal -0.401325 0.915936 0
    outer loop
      vertex 200.967 26.0577 0.5
      vertex 201.043 26.091 0
      vertex 200.967 26.0577 0
    endloop
  endfacet
  facet normal -0.488603 0.872506 0
    outer loop
      vertex 201.113 26.1302 0
      vertex 201.043 26.091 0.5
      vertex 201.113 26.1302 0.5
    endloop
  endfacet
  facet normal -0.488603 0.872506 0
    outer loop
      vertex 201.043 26.091 0.5
      vertex 201.113 26.1302 0
      vertex 201.043 26.091 0
    endloop
  endfacet
  facet normal -0.570064 0.8216 0
    outer loop
      vertex 201.178 26.1753 0
      vertex 201.113 26.1302 0.5
      vertex 201.178 26.1753 0.5
    endloop
  endfacet
  facet normal -0.570064 0.8216 0
    outer loop
      vertex 201.113 26.1302 0.5
      vertex 201.178 26.1753 0
      vertex 201.113 26.1302 0
    endloop
  endfacet
  facet normal -0.647648 0.761939 0
    outer loop
      vertex 201.238 26.2263 0
      vertex 201.178 26.1753 0.5
      vertex 201.238 26.2263 0.5
    endloop
  endfacet
  facet normal -0.647648 0.761939 0
    outer loop
      vertex 201.178 26.1753 0.5
      vertex 201.238 26.2263 0
      vertex 201.178 26.1753 0
    endloop
  endfacet
  facet normal -0.725349 0.688381 0
    outer loop
      vertex 201.238 26.2263 0
      vertex 201.292 26.2832 0.5
      vertex 201.292 26.2832 0
    endloop
  endfacet
  facet normal -0.725349 0.688381 0
    outer loop
      vertex 201.292 26.2832 0.5
      vertex 201.238 26.2263 0
      vertex 201.238 26.2263 0.5
    endloop
  endfacet
  facet normal -0.788879 0.614548 0
    outer loop
      vertex 201.292 26.2832 0
      vertex 201.341 26.3461 0.5
      vertex 201.341 26.3461 0
    endloop
  endfacet
  facet normal -0.788879 0.614548 0
    outer loop
      vertex 201.341 26.3461 0.5
      vertex 201.292 26.2832 0
      vertex 201.292 26.2832 0.5
    endloop
  endfacet
  facet normal -0.844838 0.535022 0
    outer loop
      vertex 201.341 26.3461 0
      vertex 201.384 26.414 0.5
      vertex 201.384 26.414 0
    endloop
  endfacet
  facet normal -0.844838 0.535022 0
    outer loop
      vertex 201.384 26.414 0.5
      vertex 201.341 26.3461 0
      vertex 201.341 26.3461 0.5
    endloop
  endfacet
  facet normal -0.894922 0.446222 0
    outer loop
      vertex 201.384 26.414 0
      vertex 201.42 26.4862 0.5
      vertex 201.42 26.4862 0
    endloop
  endfacet
  facet normal -0.894922 0.446222 0
    outer loop
      vertex 201.42 26.4862 0.5
      vertex 201.384 26.414 0
      vertex 201.384 26.414 0.5
    endloop
  endfacet
  facet normal -0.930973 0.365088 0
    outer loop
      vertex 201.42 26.4862 0
      vertex 201.45 26.5627 0.5
      vertex 201.45 26.5627 0
    endloop
  endfacet
  facet normal -0.930973 0.365088 0
    outer loop
      vertex 201.45 26.5627 0.5
      vertex 201.42 26.4862 0
      vertex 201.42 26.4862 0.5
    endloop
  endfacet
  facet normal -0.961704 0.274091 0
    outer loop
      vertex 201.45 26.5627 0
      vertex 201.473 26.6434 0.5
      vertex 201.473 26.6434 0
    endloop
  endfacet
  facet normal -0.961704 0.274091 0
    outer loop
      vertex 201.473 26.6434 0.5
      vertex 201.45 26.5627 0
      vertex 201.45 26.5627 0.5
    endloop
  endfacet
  facet normal -0.982741 0.184987 0
    outer loop
      vertex 201.473 26.6434 0
      vertex 201.489 26.7284 0.5
      vertex 201.489 26.7284 0
    endloop
  endfacet
  facet normal -0.982741 0.184987 0
    outer loop
      vertex 201.489 26.7284 0.5
      vertex 201.473 26.6434 0
      vertex 201.473 26.6434 0.5
    endloop
  endfacet
  facet normal -0.993775 0.11141 0
    outer loop
      vertex 201.489 26.7284 0
      vertex 201.499 26.8176 0.5
      vertex 201.499 26.8176 0
    endloop
  endfacet
  facet normal -0.993775 0.11141 0
    outer loop
      vertex 201.499 26.8176 0.5
      vertex 201.489 26.7284 0
      vertex 201.489 26.7284 0.5
    endloop
  endfacet
  facet normal -0.999487 0.0320348 0
    outer loop
      vertex 201.499 26.8176 0
      vertex 201.502 26.9112 0.5
      vertex 201.502 26.9112 0
    endloop
  endfacet
  facet normal -0.999487 0.0320348 0
    outer loop
      vertex 201.502 26.9112 0.5
      vertex 201.499 26.8176 0
      vertex 201.499 26.8176 0.5
    endloop
  endfacet
  facet normal -0.998773 -0.0495143 0
    outer loop
      vertex 201.502 26.9112 0
      vertex 201.495 27.0524 0.5
      vertex 201.495 27.0524 0
    endloop
  endfacet
  facet normal -0.998773 -0.0495143 0
    outer loop
      vertex 201.495 27.0524 0.5
      vertex 201.502 26.9112 0
      vertex 201.502 26.9112 0.5
    endloop
  endfacet
  facet normal -0.987299 -0.158876 0
    outer loop
      vertex 201.495 27.0524 0
      vertex 201.474 27.1829 0.5
      vertex 201.474 27.1829 0
    endloop
  endfacet
  facet normal -0.987299 -0.158876 0
    outer loop
      vertex 201.474 27.1829 0.5
      vertex 201.495 27.0524 0
      vertex 201.495 27.0524 0.5
    endloop
  endfacet
  facet normal -0.959937 -0.280215 0
    outer loop
      vertex 201.474 27.1829 0
      vertex 201.439 27.3028 0.5
      vertex 201.439 27.3028 0
    endloop
  endfacet
  facet normal -0.959937 -0.280215 0
    outer loop
      vertex 201.439 27.3028 0.5
      vertex 201.474 27.1829 0
      vertex 201.474 27.1829 0.5
    endloop
  endfacet
  facet normal -0.909222 -0.416311 0
    outer loop
      vertex 201.439 27.3028 0
      vertex 201.389 27.412 0.5
      vertex 201.389 27.412 0
    endloop
  endfacet
  facet normal -0.909222 -0.416311 0
    outer loop
      vertex 201.389 27.412 0.5
      vertex 201.439 27.3028 0
      vertex 201.439 27.3028 0.5
    endloop
  endfacet
  facet normal -0.842675 -0.538423 0
    outer loop
      vertex 201.389 27.412 0
      vertex 201.326 27.5106 0.5
      vertex 201.326 27.5106 0
    endloop
  endfacet
  facet normal -0.842675 -0.538423 0
    outer loop
      vertex 201.326 27.5106 0.5
      vertex 201.389 27.412 0
      vertex 201.389 27.412 0.5
    endloop
  endfacet
  facet normal -0.747972 -0.66373 0
    outer loop
      vertex 201.326 27.5106 0
      vertex 201.248 27.5985 0.5
      vertex 201.248 27.5985 0
    endloop
  endfacet
  facet normal -0.747972 -0.66373 0
    outer loop
      vertex 201.248 27.5985 0.5
      vertex 201.326 27.5106 0
      vertex 201.326 27.5106 0.5
    endloop
  endfacet
  facet normal -0.642801 -0.766033 0
    outer loop
      vertex 201.156 27.6757 0
      vertex 201.248 27.5985 0.5
      vertex 201.156 27.6757 0.5
    endloop
  endfacet
  facet normal -0.642801 -0.766033 -0
    outer loop
      vertex 201.248 27.5985 0.5
      vertex 201.156 27.6757 0
      vertex 201.248 27.5985 0
    endloop
  endfacet
  facet normal -0.533152 -0.84602 0
    outer loop
      vertex 201.05 27.7425 0
      vertex 201.156 27.6757 0.5
      vertex 201.05 27.7425 0.5
    endloop
  endfacet
  facet normal -0.533152 -0.84602 -0
    outer loop
      vertex 201.156 27.6757 0.5
      vertex 201.05 27.7425 0
      vertex 201.156 27.6757 0
    endloop
  endfacet
  facet normal -0.420237 -0.907414 0
    outer loop
      vertex 200.928 27.799 0
      vertex 201.05 27.7425 0.5
      vertex 200.928 27.799 0.5
    endloop
  endfacet
  facet normal -0.420237 -0.907414 -0
    outer loop
      vertex 201.05 27.7425 0.5
      vertex 200.928 27.799 0
      vertex 201.05 27.7425 0
    endloop
  endfacet
  facet normal -0.323787 -0.94613 0
    outer loop
      vertex 200.793 27.8452 0
      vertex 200.928 27.799 0.5
      vertex 200.793 27.8452 0.5
    endloop
  endfacet
  facet normal -0.323787 -0.94613 -0
    outer loop
      vertex 200.928 27.799 0.5
      vertex 200.793 27.8452 0
      vertex 200.928 27.799 0
    endloop
  endfacet
  facet normal -0.231911 -0.972737 0
    outer loop
      vertex 200.642 27.8812 0
      vertex 200.793 27.8452 0.5
      vertex 200.642 27.8812 0.5
    endloop
  endfacet
  facet normal -0.231911 -0.972737 -0
    outer loop
      vertex 200.793 27.8452 0.5
      vertex 200.642 27.8812 0
      vertex 200.793 27.8452 0
    endloop
  endfacet
  facet normal -0.153317 -0.988177 0
    outer loop
      vertex 200.477 27.9068 0
      vertex 200.642 27.8812 0.5
      vertex 200.477 27.9068 0.5
    endloop
  endfacet
  facet normal -0.153317 -0.988177 -0
    outer loop
      vertex 200.642 27.8812 0.5
      vertex 200.477 27.9068 0
      vertex 200.642 27.8812 0
    endloop
  endfacet
  facet normal -0.0857936 -0.996313 0
    outer loop
      vertex 200.297 27.9223 0
      vertex 200.477 27.9068 0.5
      vertex 200.297 27.9223 0.5
    endloop
  endfacet
  facet normal -0.0857936 -0.996313 -0
    outer loop
      vertex 200.477 27.9068 0.5
      vertex 200.297 27.9223 0
      vertex 200.477 27.9068 0
    endloop
  endfacet
  facet normal -0.0261449 -0.999658 0
    outer loop
      vertex 200.102 27.9274 0
      vertex 200.297 27.9223 0.5
      vertex 200.102 27.9274 0.5
    endloop
  endfacet
  facet normal -0.0261449 -0.999658 -0
    outer loop
      vertex 200.297 27.9223 0.5
      vertex 200.102 27.9274 0
      vertex 200.297 27.9223 0
    endloop
  endfacet
  facet normal 0 -1 0
    outer loop
      vertex 198.586 27.9274 0
      vertex 200.102 27.9274 0.5
      vertex 198.586 27.9274 0.5
    endloop
  endfacet
  facet normal 0 -1 -0
    outer loop
      vertex 200.102 27.9274 0.5
      vertex 198.586 27.9274 0
      vertex 200.102 27.9274 0
    endloop
  endfacet
  facet normal 1 -0 0
    outer loop
      vertex 198.586 24.3837 0.5
      vertex 198.586 27.9274 0
      vertex 198.586 27.9274 0.5
    endloop
  endfacet
  facet normal 1 0 0
    outer loop
      vertex 198.586 27.9274 0
      vertex 198.586 24.3837 0.5
      vertex 198.586 24.3837 0
    endloop
  endfacet
  facet normal 0 1 -0
    outer loop
      vertex 199.957 24.3837 0
      vertex 198.586 24.3837 0.5
      vertex 199.957 24.3837 0.5
    endloop
  endfacet
  facet normal 0 1 0
    outer loop
      vertex 198.586 24.3837 0.5
      vertex 199.957 24.3837 0
      vertex 198.586 24.3837 0
    endloop
  endfacet
  facet normal -0.0226543 0.999743 0
    outer loop
      vertex 200.16 24.3883 0
      vertex 199.957 24.3837 0.5
      vertex 200.16 24.3883 0.5
    endloop
  endfacet
  facet normal -0.0226543 0.999743 0
    outer loop
      vertex 199.957 24.3837 0.5
      vertex 200.16 24.3883 0
      vertex 199.957 24.3837 0
    endloop
  endfacet
  facet normal -1 0 0
    outer loop
      vertex 199.499 26.3773 0
      vertex 199.499 27.3047 0.5
      vertex 199.499 27.3047 0
    endloop
  endfacet
  facet normal -1 -0 0
    outer loop
      vertex 199.499 27.3047 0.5
      vertex 199.499 26.3773 0
      vertex 199.499 26.3773 0.5
    endloop
  endfacet
  facet normal 0 1 -0
    outer loop
      vertex 200.036 27.3047 0
      vertex 199.499 27.3047 0.5
      vertex 200.036 27.3047 0.5
    endloop
  endfacet
  facet normal 0 1 0
    outer loop
      vertex 199.499 27.3047 0.5
      vertex 200.036 27.3047 0
      vertex 199.499 27.3047 0
    endloop
  endfacet
  facet normal 0.0315632 0.999502 -0
    outer loop
      vertex 200.112 27.3023 0
      vertex 200.036 27.3047 0.5
      vertex 200.112 27.3023 0.5
    endloop
  endfacet
  facet normal 0.0315632 0.999502 0
    outer loop
      vertex 200.036 27.3047 0.5
      vertex 200.112 27.3023 0
      vertex 200.036 27.3047 0
    endloop
  endfacet
  facet normal 0.100911 0.994895 -0
    outer loop
      vertex 200.182 27.2952 0
      vertex 200.112 27.3023 0.5
      vertex 200.182 27.2952 0.5
    endloop
  endfacet
  facet normal 0.100911 0.994895 0
    outer loop
      vertex 200.112 27.3023 0.5
      vertex 200.182 27.2952 0
      vertex 200.112 27.3023 0
    endloop
  endfacet
  facet normal 0.180084 0.983651 -0
    outer loop
      vertex 200.247 27.2833 0
      vertex 200.182 27.2952 0.5
      vertex 200.247 27.2833 0.5
    endloop
  endfacet
  facet normal 0.180084 0.983651 0
    outer loop
      vertex 200.182 27.2952 0.5
      vertex 200.247 27.2833 0
      vertex 200.182 27.2952 0
    endloop
  endfacet
  facet normal 0.27084 0.962624 -0
    outer loop
      vertex 200.306 27.2667 0
      vertex 200.247 27.2833 0.5
      vertex 200.306 27.2667 0.5
    endloop
  endfacet
  facet normal 0.27084 0.962624 0
    outer loop
      vertex 200.247 27.2833 0.5
      vertex 200.306 27.2667 0
      vertex 200.247 27.2833 0
    endloop
  endfacet
  facet normal 0.372899 0.927872 -0
    outer loop
      vertex 200.359 27.2454 0
      vertex 200.306 27.2667 0.5
      vertex 200.359 27.2454 0.5
    endloop
  endfacet
  facet normal 0.372899 0.927872 0
    outer loop
      vertex 200.306 27.2667 0.5
      vertex 200.359 27.2454 0
      vertex 200.306 27.2667 0
    endloop
  endfacet
  facet normal 0.477698 0.878524 -0
    outer loop
      vertex 200.407 27.2193 0
      vertex 200.359 27.2454 0.5
      vertex 200.407 27.2193 0.5
    endloop
  endfacet
  facet normal 0.477698 0.878524 0
    outer loop
      vertex 200.359 27.2454 0.5
      vertex 200.407 27.2193 0
      vertex 200.359 27.2454 0
    endloop
  endfacet
  facet normal 0.582311 0.812966 -0
    outer loop
      vertex 200.45 27.1885 0
      vertex 200.407 27.2193 0.5
      vertex 200.45 27.1885 0.5
    endloop
  endfacet
  facet normal 0.582311 0.812966 0
    outer loop
      vertex 200.407 27.2193 0.5
      vertex 200.45 27.1885 0
      vertex 200.407 27.2193 0
    endloop
  endfacet
  facet normal 0.694352 0.719636 -0
    outer loop
      vertex 200.487 27.1528 0
      vertex 200.45 27.1885 0.5
      vertex 200.487 27.1528 0.5
    endloop
  endfacet
  facet normal 0.694352 0.719636 0
    outer loop
      vertex 200.45 27.1885 0.5
      vertex 200.487 27.1528 0
      vertex 200.45 27.1885 0
    endloop
  endfacet
  facet normal 0.793353 0.608761 0
    outer loop
      vertex 200.518 27.1124 0.5
      vertex 200.487 27.1528 0
      vertex 200.487 27.1528 0.5
    endloop
  endfacet
  facet normal 0.793353 0.608761 0
    outer loop
      vertex 200.487 27.1528 0
      vertex 200.518 27.1124 0.5
      vertex 200.518 27.1124 0
    endloop
  endfacet
  facet normal 0.875521 0.48318 0
    outer loop
      vertex 200.543 27.0671 0.5
      vertex 200.518 27.1124 0
      vertex 200.518 27.1124 0.5
    endloop
  endfacet
  facet normal 0.875521 0.48318 0
    outer loop
      vertex 200.518 27.1124 0
      vertex 200.543 27.0671 0.5
      vertex 200.543 27.0671 0
    endloop
  endfacet
  facet normal 0.928986 0.370114 0
    outer loop
      vertex 200.563 27.0169 0.5
      vertex 200.543 27.0671 0
      vertex 200.543 27.0671 0.5
    endloop
  endfacet
  facet normal 0.928986 0.370114 0
    outer loop
      vertex 200.543 27.0671 0
      vertex 200.563 27.0169 0.5
      vertex 200.563 27.0169 0
    endloop
  endfacet
  facet normal 0.969097 0.246679 0
    outer loop
      vertex 200.577 26.9619 0.5
      vertex 200.563 27.0169 0
      vertex 200.563 27.0169 0.5
    endloop
  endfacet
  facet normal 0.969097 0.246679 0
    outer loop
      vertex 200.563 27.0169 0
      vertex 200.577 26.9619 0.5
      vertex 200.577 26.9619 0
    endloop
  endfacet
  facet normal 0.988863 0.148826 0
    outer loop
      vertex 200.586 26.9021 0.5
      vertex 200.577 26.9619 0
      vertex 200.577 26.9619 0.5
    endloop
  endfacet
  facet normal 0.988863 0.148826 0
    outer loop
      vertex 200.577 26.9619 0
      vertex 200.586 26.9021 0.5
      vertex 200.586 26.9021 0
    endloop
  endfacet
  facet normal 0.998927 0.0463181 0
    outer loop
      vertex 200.589 26.8374 0.5
      vertex 200.586 26.9021 0
      vertex 200.586 26.9021 0.5
    endloop
  endfacet
  facet normal 0.998927 0.0463181 0
    outer loop
      vertex 200.586 26.9021 0
      vertex 200.589 26.8374 0.5
      vertex 200.589 26.8374 0
    endloop
  endfacet
  facet normal 0.998882 -0.0472657 0
    outer loop
      vertex 200.586 26.774 0.5
      vertex 200.589 26.8374 0
      vertex 200.589 26.8374 0.5
    endloop
  endfacet
  facet normal 0.998882 -0.0472657 0
    outer loop
      vertex 200.589 26.8374 0
      vertex 200.586 26.774 0.5
      vertex 200.586 26.774 0
    endloop
  endfacet
  facet normal 0.988449 -0.151551 0
    outer loop
      vertex 200.577 26.7153 0.5
      vertex 200.586 26.774 0
      vertex 200.586 26.774 0.5
    endloop
  endfacet
  facet normal 0.988449 -0.151551 0
    outer loop
      vertex 200.586 26.774 0
      vertex 200.577 26.7153 0.5
      vertex 200.577 26.7153 0
    endloop
  endfacet
  facet normal 0.967884 -0.251398 0
    outer loop
      vertex 200.563 26.6614 0.5
      vertex 200.577 26.7153 0
      vertex 200.577 26.7153 0.5
    endloop
  endfacet
  facet normal 0.967884 -0.251398 0
    outer loop
      vertex 200.577 26.7153 0
      vertex 200.563 26.6614 0.5
      vertex 200.563 26.6614 0
    endloop
  endfacet
  facet normal 0.933101 -0.359613 0
    outer loop
      vertex 200.544 26.6121 0.5
      vertex 200.563 26.6614 0
      vertex 200.563 26.6614 0.5
    endloop
  endfacet
  facet normal 0.933101 -0.359613 0
    outer loop
      vertex 200.563 26.6614 0
      vertex 200.544 26.6121 0.5
      vertex 200.544 26.6121 0
    endloop
  endfacet
  facet normal 0.863919 -0.50363 0
    outer loop
      vertex 200.518 26.5675 0.5
      vertex 200.544 26.6121 0
      vertex 200.544 26.6121 0.5
    endloop
  endfacet
  facet normal 0.863919 -0.50363 0
    outer loop
      vertex 200.544 26.6121 0
      vertex 200.518 26.5675 0.5
      vertex 200.518 26.5675 0
    endloop
  endfacet
  facet normal 0.799278 -0.600961 0
    outer loop
      vertex 200.488 26.5276 0.5
      vertex 200.518 26.5675 0
      vertex 200.518 26.5675 0.5
    endloop
  endfacet
  facet normal 0.799278 -0.600961 0
    outer loop
      vertex 200.518 26.5675 0
      vertex 200.488 26.5276 0.5
      vertex 200.488 26.5276 0
    endloop
  endfacet
  facet normal 0.689264 -0.72451 0
    outer loop
      vertex 200.451 26.4924 0
      vertex 200.488 26.5276 0.5
      vertex 200.451 26.4924 0.5
    endloop
  endfacet
  facet normal 0.689264 -0.72451 0
    outer loop
      vertex 200.488 26.5276 0.5
      vertex 200.451 26.4924 0
      vertex 200.488 26.5276 0
    endloop
  endfacet
  facet normal 0.588858 -0.808236 0
    outer loop
      vertex 200.409 26.4618 0
      vertex 200.451 26.4924 0.5
      vertex 200.409 26.4618 0.5
    endloop
  endfacet
  facet normal 0.588858 -0.808236 0
    outer loop
      vertex 200.451 26.4924 0.5
      vertex 200.409 26.4618 0
      vertex 200.451 26.4924 0
    endloop
  endfacet
  facet normal 0.473443 -0.880824 0
    outer loop
      vertex 200.361 26.436 0
      vertex 200.409 26.4618 0.5
      vertex 200.361 26.436 0.5
    endloop
  endfacet
  facet normal 0.473443 -0.880824 0
    outer loop
      vertex 200.409 26.4618 0.5
      vertex 200.361 26.436 0
      vertex 200.409 26.4618 0
    endloop
  endfacet
  facet normal 0.363944 -0.931421 0
    outer loop
      vertex 200.307 26.4149 0
      vertex 200.361 26.436 0.5
      vertex 200.307 26.4149 0.5
    endloop
  endfacet
  facet normal 0.363944 -0.931421 0
    outer loop
      vertex 200.361 26.436 0.5
      vertex 200.307 26.4149 0
      vertex 200.361 26.436 0
    endloop
  endfacet
  facet normal 0.269327 -0.963049 0
    outer loop
      vertex 200.248 26.3984 0
      vertex 200.307 26.4149 0.5
      vertex 200.248 26.3984 0.5
    endloop
  endfacet
  facet normal 0.269327 -0.963049 0
    outer loop
      vertex 200.307 26.4149 0.5
      vertex 200.248 26.3984 0
      vertex 200.307 26.4149 0
    endloop
  endfacet
  facet normal 0.177153 -0.984183 0
    outer loop
      vertex 200.183 26.3867 0
      vertex 200.248 26.3984 0.5
      vertex 200.183 26.3867 0.5
    endloop
  endfacet
  facet normal 0.177153 -0.984183 0
    outer loop
      vertex 200.248 26.3984 0.5
      vertex 200.183 26.3867 0
      vertex 200.248 26.3984 0
    endloop
  endfacet
  facet normal 0.0981158 -0.995175 0
    outer loop
      vertex 200.112 26.3797 0
      vertex 200.183 26.3867 0.5
      vertex 200.112 26.3797 0.5
    endloop
  endfacet
  facet normal 0.0981158 -0.995175 0
    outer loop
      vertex 200.183 26.3867 0.5
      vertex 200.112 26.3797 0
      vertex 200.183 26.3867 0
    endloop
  endfacet
  facet normal 0.0315632 -0.999502 0
    outer loop
      vertex 200.036 26.3773 0
      vertex 200.112 26.3797 0.5
      vertex 200.036 26.3773 0.5
    endloop
  endfacet
  facet normal 0.0315632 -0.999502 0
    outer loop
      vertex 200.112 26.3797 0.5
      vertex 200.036 26.3773 0
      vertex 200.112 26.3797 0
    endloop
  endfacet
  facet normal 0 -1 0
    outer loop
      vertex 199.499 26.3773 0
      vertex 200.036 26.3773 0.5
      vertex 199.499 26.3773 0.5
    endloop
  endfacet
  facet normal 0 -1 -0
    outer loop
      vertex 200.036 26.3773 0.5
      vertex 199.499 26.3773 0
      vertex 200.036 26.3773 0
    endloop
  endfacet
  facet normal -1 0 0
    outer loop
      vertex 199.499 25.0064 0
      vertex 199.499 25.7546 0.5
      vertex 199.499 25.7546 0
    endloop
  endfacet
  facet normal -1 -0 0
    outer loop
      vertex 199.499 25.7546 0.5
      vertex 199.499 25.0064 0
      vertex 199.499 25.0064 0.5
    endloop
  endfacet
  facet normal 0 1 -0
    outer loop
      vertex 200.005 25.7546 0
      vertex 199.499 25.7546 0.5
      vertex 200.005 25.7546 0.5
    endloop
  endfacet
  facet normal 0 1 0
    outer loop
      vertex 199.499 25.7546 0.5
      vertex 200.005 25.7546 0
      vertex 199.499 25.7546 0
    endloop
  endfacet
  facet normal 0.0321867 0.999482 -0
    outer loop
      vertex 200.064 25.7527 0
      vertex 200.005 25.7546 0.5
      vertex 200.064 25.7527 0.5
    endloop
  endfacet
  facet normal 0.0321867 0.999482 0
    outer loop
      vertex 200.005 25.7546 0.5
      vertex 200.064 25.7527 0
      vertex 200.005 25.7546 0
    endloop
  endfacet
  facet normal 0.10302 0.994679 -0
    outer loop
      vertex 200.12 25.7469 0
      vertex 200.064 25.7527 0.5
      vertex 200.12 25.7469 0.5
    endloop
  endfacet
  facet normal 0.10302 0.994679 0
    outer loop
      vertex 200.064 25.7527 0.5
      vertex 200.12 25.7469 0
      vertex 200.064 25.7527 0
    endloop
  endfacet
  facet normal 0.186847 0.982389 -0
    outer loop
      vertex 200.171 25.7372 0
      vertex 200.12 25.7469 0.5
      vertex 200.171 25.7372 0.5
    endloop
  endfacet
  facet normal 0.186847 0.982389 0
    outer loop
      vertex 200.12 25.7469 0.5
      vertex 200.171 25.7372 0
      vertex 200.12 25.7469 0
    endloop
  endfacet
  facet normal 0.276071 0.961137 -0
    outer loop
      vertex 200.218 25.7237 0
      vertex 200.171 25.7372 0.5
      vertex 200.218 25.7237 0.5
    endloop
  endfacet
  facet normal 0.276071 0.961137 0
    outer loop
      vertex 200.171 25.7372 0.5
      vertex 200.218 25.7237 0
      vertex 200.171 25.7372 0
    endloop
  endfacet
  facet normal 0.38274 0.923856 -0
    outer loop
      vertex 200.26 25.7063 0
      vertex 200.218 25.7237 0.5
      vertex 200.26 25.7063 0.5
    endloop
  endfacet
  facet normal 0.38274 0.923856 0
    outer loop
      vertex 200.218 25.7237 0.5
      vertex 200.26 25.7063 0
      vertex 200.218 25.7237 0
    endloop
  endfacet
  facet normal 0.488953 0.87231 -0
    outer loop
      vertex 200.298 25.685 0
      vertex 200.26 25.7063 0.5
      vertex 200.298 25.685 0.5
    endloop
  endfacet
  facet normal 0.488953 0.87231 0
    outer loop
      vertex 200.26 25.7063 0.5
      vertex 200.298 25.685 0
      vertex 200.26 25.7063 0
    endloop
  endfacet
  facet normal 0.593925 0.80452 -0
    outer loop
      vertex 200.332 25.6599 0
      vertex 200.298 25.685 0.5
      vertex 200.332 25.6599 0.5
    endloop
  endfacet
  facet normal 0.593925 0.80452 0
    outer loop
      vertex 200.298 25.685 0.5
      vertex 200.332 25.6599 0
      vertex 200.298 25.685 0
    endloop
  endfacet
  facet normal 0.69378 0.720187 -0
    outer loop
      vertex 200.362 25.631 0
      vertex 200.332 25.6599 0.5
      vertex 200.362 25.631 0.5
    endloop
  endfacet
  facet normal 0.69378 0.720187 0
    outer loop
      vertex 200.332 25.6599 0.5
      vertex 200.362 25.631 0
      vertex 200.332 25.6599 0
    endloop
  endfacet
  facet normal 0.793528 0.608534 0
    outer loop
      vertex 200.387 25.5984 0.5
      vertex 200.362 25.631 0
      vertex 200.362 25.631 0.5
    endloop
  endfacet
  facet normal 0.793528 0.608534 0
    outer loop
      vertex 200.362 25.631 0
      vertex 200.387 25.5984 0.5
      vertex 200.387 25.5984 0
    endloop
  endfacet
  facet normal 0.875295 0.483589 0
    outer loop
      vertex 200.407 25.5622 0.5
      vertex 200.387 25.5984 0
      vertex 200.387 25.5984 0.5
    endloop
  endfacet
  facet normal 0.875295 0.483589 0
    outer loop
      vertex 200.387 25.5984 0
      vertex 200.407 25.5622 0.5
      vertex 200.407 25.5622 0
    endloop
  endfacet
  facet normal 0.928155 0.372193 0
    outer loop
      vertex 200.423 25.5223 0.5
      vertex 200.407 25.5622 0
      vertex 200.407 25.5622 0.5
    endloop
  endfacet
  facet normal 0.928155 0.372193 0
    outer loop
      vertex 200.407 25.5622 0
      vertex 200.423 25.5223 0.5
      vertex 200.423 25.5223 0
    endloop
  endfacet
  facet normal 0.964149 0.265362 0
    outer loop
      vertex 200.435 25.4787 0.5
      vertex 200.423 25.5223 0
      vertex 200.423 25.5223 0.5
    endloop
  endfacet
  facet normal 0.964149 0.265362 0
    outer loop
      vertex 200.423 25.5223 0
      vertex 200.435 25.4787 0.5
      vertex 200.435 25.4787 0
    endloop
  endfacet
  facet normal 0.989226 0.146397 0
    outer loop
      vertex 200.442 25.4314 0.5
      vertex 200.435 25.4787 0
      vertex 200.435 25.4787 0.5
    endloop
  endfacet
  facet normal 0.989226 0.146397 0
    outer loop
      vertex 200.435 25.4787 0
      vertex 200.442 25.4314 0.5
      vertex 200.442 25.4314 0
    endloop
  endfacet
  facet normal 0.999229 0.0392624 0
    outer loop
      vertex 200.444 25.3805 0.5
      vertex 200.442 25.4314 0
      vertex 200.442 25.4314 0.5
    endloop
  endfacet
  facet normal 0.999229 0.0392624 0
    outer loop
      vertex 200.442 25.4314 0
      vertex 200.444 25.3805 0.5
      vertex 200.444 25.3805 0
    endloop
  endfacet
  facet normal 0.99921 -0.03973 0
    outer loop
      vertex 200.442 25.3302 0.5
      vertex 200.444 25.3805 0
      vertex 200.444 25.3805 0.5
    endloop
  endfacet
  facet normal 0.99921 -0.03973 0
    outer loop
      vertex 200.444 25.3805 0
      vertex 200.442 25.3302 0.5
      vertex 200.442 25.3302 0
    endloop
  endfacet
  facet normal 0.988998 -0.147927 0
    outer loop
      vertex 200.435 25.2834 0.5
      vertex 200.442 25.3302 0
      vertex 200.442 25.3302 0.5
    endloop
  endfacet
  facet normal 0.988998 -0.147927 0
    outer loop
      vertex 200.442 25.3302 0
      vertex 200.435 25.2834 0.5
      vertex 200.435 25.2834 0
    endloop
  endfacet
  facet normal 0.963677 -0.26707 0
    outer loop
      vertex 200.423 25.2401 0.5
      vertex 200.435 25.2834 0
      vertex 200.435 25.2834 0.5
    endloop
  endfacet
  facet normal 0.963677 -0.26707 0
    outer loop
      vertex 200.435 25.2834 0
      vertex 200.423 25.2401 0.5
      vertex 200.423 25.2401 0
    endloop
  endfacet
  facet normal 0.927507 -0.373806 0
    outer loop
      vertex 200.407 25.2004 0.5
      vertex 200.423 25.2401 0
      vertex 200.423 25.2401 0.5
    endloop
  endfacet
  facet normal 0.927507 -0.373806 0
    outer loop
      vertex 200.423 25.2401 0
      vertex 200.407 25.2004 0.5
      vertex 200.407 25.2004 0
    endloop
  endfacet
  facet normal 0.875295 -0.483589 0
    outer loop
      vertex 200.387 25.1642 0.5
      vertex 200.407 25.2004 0
      vertex 200.407 25.2004 0.5
    endloop
  endfacet
  facet normal 0.875295 -0.483589 0
    outer loop
      vertex 200.407 25.2004 0
      vertex 200.387 25.1642 0.5
      vertex 200.387 25.1642 0
    endloop
  endfacet
  facet normal 0.794427 -0.60736 0
    outer loop
      vertex 200.362 25.1315 0.5
      vertex 200.387 25.1642 0
      vertex 200.387 25.1642 0.5
    endloop
  endfacet
  facet normal 0.794427 -0.60736 0
    outer loop
      vertex 200.387 25.1642 0
      vertex 200.362 25.1315 0.5
      vertex 200.362 25.1315 0
    endloop
  endfacet
  facet normal 0.697488 -0.716597 0
    outer loop
      vertex 200.332 25.1023 0
      vertex 200.362 25.1315 0.5
      vertex 200.332 25.1023 0.5
    endloop
  endfacet
  facet normal 0.697488 -0.716597 0
    outer loop
      vertex 200.362 25.1315 0.5
      vertex 200.332 25.1023 0
      vertex 200.362 25.1315 0
    endloop
  endfacet
  facet normal 0.598491 -0.80113 0
    outer loop
      vertex 200.298 25.0769 0
      vertex 200.332 25.1023 0.5
      vertex 200.298 25.0769 0.5
    endloop
  endfacet
  facet normal 0.598491 -0.80113 0
    outer loop
      vertex 200.332 25.1023 0.5
      vertex 200.298 25.0769 0
      vertex 200.332 25.1023 0
    endloop
  endfacet
  facet normal 0.492435 -0.870349 0
    outer loop
      vertex 200.26 25.0554 0
      vertex 200.298 25.0769 0.5
      vertex 200.26 25.0554 0.5
    endloop
  endfacet
  facet normal 0.492435 -0.870349 0
    outer loop
      vertex 200.298 25.0769 0.5
      vertex 200.26 25.0554 0
      vertex 200.298 25.0769 0
    endloop
  endfacet
  facet normal 0.386486 -0.922295 0
    outer loop
      vertex 200.218 25.0378 0
      vertex 200.26 25.0554 0.5
      vertex 200.218 25.0378 0.5
    endloop
  endfacet
  facet normal 0.386486 -0.922295 0
    outer loop
      vertex 200.26 25.0554 0.5
      vertex 200.218 25.0378 0
      vertex 200.26 25.0554 0
    endloop
  endfacet
  facet normal 0.279843 -0.960046 0
    outer loop
      vertex 200.171 25.0241 0
      vertex 200.218 25.0378 0.5
      vertex 200.171 25.0241 0.5
    endloop
  endfacet
  facet normal 0.279843 -0.960046 0
    outer loop
      vertex 200.218 25.0378 0.5
      vertex 200.171 25.0241 0
      vertex 200.218 25.0378 0
    endloop
  endfacet
  facet normal 0.188705 -0.982034 0
    outer loop
      vertex 200.12 25.0143 0
      vertex 200.171 25.0241 0.5
      vertex 200.12 25.0143 0.5
    endloop
  endfacet
  facet normal 0.188705 -0.982034 0
    outer loop
      vertex 200.171 25.0241 0.5
      vertex 200.12 25.0143 0
      vertex 200.171 25.0241 0
    endloop
  endfacet
  facet normal 0.104777 -0.994496 0
    outer loop
      vertex 200.064 25.0084 0
      vertex 200.12 25.0143 0.5
      vertex 200.064 25.0084 0.5
    endloop
  endfacet
  facet normal 0.104777 -0.994496 0
    outer loop
      vertex 200.12 25.0143 0.5
      vertex 200.064 25.0084 0
      vertex 200.12 25.0143 0
    endloop
  endfacet
  facet normal 0.0338788 -0.999426 0
    outer loop
      vertex 200.005 25.0064 0
      vertex 200.064 25.0084 0.5
      vertex 200.005 25.0064 0.5
    endloop
  endfacet
  facet normal 0.0338788 -0.999426 0
    outer loop
      vertex 200.064 25.0084 0.5
      vertex 200.005 25.0064 0
      vertex 200.064 25.0084 0
    endloop
  endfacet
  facet normal 0 -1 0
    outer loop
      vertex 199.499 25.0064 0
      vertex 200.005 25.0064 0.5
      vertex 199.499 25.0064 0.5
    endloop
  endfacet
  facet normal 0 -1 -0
    outer loop
      vertex 200.005 25.0064 0.5
      vertex 199.499 25.0064 0
      vertex 200.005 25.0064 0
    endloop
  endfacet
  facet normal -0.0786117 0.996905 0
    outer loop
      vertex 209.353 6.87199 0
      vertex 209.152 6.85614 0.5
      vertex 209.353 6.87199 0.5
    endloop
  endfacet
  facet normal -0.0786117 0.996905 0
    outer loop
      vertex 209.152 6.85614 0.5
      vertex 209.353 6.87199 0
      vertex 209.152 6.85614 0
    endloop
  endfacet
  facet normal -0.141376 0.989956 0
    outer loop
      vertex 209.538 6.89841 0
      vertex 209.353 6.87199 0.5
      vertex 209.538 6.89841 0.5
    endloop
  endfacet
  facet normal -0.141376 0.989956 0
    outer loop
      vertex 209.353 6.87199 0.5
      vertex 209.538 6.89841 0
      vertex 209.353 6.87199 0
    endloop
  endfacet
  facet normal -0.213869 0.976862 0
    outer loop
      vertex 209.707 6.93541 0
      vertex 209.538 6.89841 0.5
      vertex 209.707 6.93541 0.5
    endloop
  endfacet
  facet normal -0.213869 0.976862 0
    outer loop
      vertex 209.538 6.89841 0.5
      vertex 209.707 6.93541 0
      vertex 209.538 6.89841 0
    endloop
  endfacet
  facet normal -0.296839 0.954928 0
    outer loop
      vertex 209.86 6.98297 0
      vertex 209.707 6.93541 0.5
      vertex 209.86 6.98297 0.5
    endloop
  endfacet
  facet normal -0.296839 0.954928 0
    outer loop
      vertex 209.707 6.93541 0.5
      vertex 209.86 6.98297 0
      vertex 209.707 6.93541 0
    endloop
  endfacet
  facet normal -0.393087 0.919501 0
    outer loop
      vertex 209.996 7.04111 0
      vertex 209.86 6.98297 0.5
      vertex 209.996 7.04111 0.5
    endloop
  endfacet
  facet normal -0.393087 0.919501 0
    outer loop
      vertex 209.86 6.98297 0.5
      vertex 209.996 7.04111 0
      vertex 209.86 6.98297 0
    endloop
  endfacet
  facet normal -0.496785 0.867873 0
    outer loop
      vertex 210.116 7.1098 0
      vertex 209.996 7.04111 0.5
      vertex 210.116 7.1098 0.5
    endloop
  endfacet
  facet normal -0.496785 0.867873 0
    outer loop
      vertex 209.996 7.04111 0.5
      vertex 210.116 7.1098 0
      vertex 209.996 7.04111 0
    endloop
  endfacet
  facet normal -0.606488 0.795093 0
    outer loop
      vertex 210.22 7.18913 0
      vertex 210.116 7.1098 0.5
      vertex 210.22 7.18913 0.5
    endloop
  endfacet
  facet normal -0.606488 0.795093 0
    outer loop
      vertex 210.116 7.1098 0.5
      vertex 210.22 7.18913 0
      vertex 210.116 7.1098 0
    endloop
  endfacet
  facet normal -0.715045 0.699078 0
    outer loop
      vertex 210.22 7.18913 0
      vertex 210.308 7.27914 0.5
      vertex 210.308 7.27914 0
    endloop
  endfacet
  facet normal -0.715045 0.699078 0
    outer loop
      vertex 210.308 7.27914 0.5
      vertex 210.22 7.18913 0
      vertex 210.22 7.18913 0.5
    endloop
  endfacet
  facet normal -0.81346 0.58162 0
    outer loop
      vertex 210.308 7.27914 0
      vertex 210.38 7.37984 0.5
      vertex 210.38 7.37984 0
    endloop
  endfacet
  facet normal -0.81346 0.58162 0
    outer loop
      vertex 210.38 7.37984 0.5
      vertex 210.308 7.27914 0
      vertex 210.308 7.27914 0.5
    endloop
  endfacet
  facet normal -0.893398 0.449266 0
    outer loop
      vertex 210.38 7.37984 0
      vertex 210.436 7.4912 0.5
      vertex 210.436 7.4912 0
    endloop
  endfacet
  facet normal -0.893398 0.449266 0
    outer loop
      vertex 210.436 7.4912 0.5
      vertex 210.38 7.37984 0
      vertex 210.38 7.37984 0.5
    endloop
  endfacet
  facet normal -0.95026 0.311458 0
    outer loop
      vertex 210.436 7.4912 0
      vertex 210.476 7.61324 0.5
      vertex 210.476 7.61324 0
    endloop
  endfacet
  facet normal -0.95026 0.311458 0
    outer loop
      vertex 210.476 7.61324 0.5
      vertex 210.436 7.4912 0
      vertex 210.436 7.4912 0.5
    endloop
  endfacet
  facet normal -0.984043 0.177933 0
    outer loop
      vertex 210.476 7.61324 0
      vertex 210.5 7.74597 0.5
      vertex 210.5 7.74597 0
    endloop
  endfacet
  facet normal -0.984043 0.177933 0
    outer loop
      vertex 210.5 7.74597 0.5
      vertex 210.476 7.61324 0
      vertex 210.476 7.61324 0.5
    endloop
  endfacet
  facet normal -0.998447 0.0557014 0
    outer loop
      vertex 210.5 7.74597 0
      vertex 210.508 7.88937 0.5
      vertex 210.508 7.88937 0
    endloop
  endfacet
  facet normal -0.998447 0.0557014 0
    outer loop
      vertex 210.508 7.88937 0.5
      vertex 210.5 7.74597 0
      vertex 210.5 7.74597 0.5
    endloop
  endfacet
  facet normal -0.999182 -0.0404323 0
    outer loop
      vertex 210.508 7.88937 0
      vertex 210.504 7.98822 0.5
      vertex 210.504 7.98822 0
    endloop
  endfacet
  facet normal -0.999182 -0.0404323 0
    outer loop
      vertex 210.504 7.98822 0.5
      vertex 210.508 7.88937 0
      vertex 210.508 7.88937 0.5
    endloop
  endfacet
  facet normal -0.993167 -0.116706 0
    outer loop
      vertex 210.504 7.98822 0
      vertex 210.493 8.08183 0.5
      vertex 210.493 8.08183 0
    endloop
  endfacet
  facet normal -0.993167 -0.116706 0
    outer loop
      vertex 210.493 8.08183 0.5
      vertex 210.504 7.98822 0
      vertex 210.504 7.98822 0.5
    endloop
  endfacet
  facet normal -0.977648 -0.210247 0
    outer loop
      vertex 210.493 8.08183 0
      vertex 210.474 8.17018 0.5
      vertex 210.474 8.17018 0
    endloop
  endfacet
  facet normal -0.977648 -0.210247 0
    outer loop
      vertex 210.474 8.17018 0.5
      vertex 210.493 8.08183 0
      vertex 210.493 8.08183 0.5
    endloop
  endfacet
  facet normal -0.951048 -0.309042 0
    outer loop
      vertex 210.474 8.17018 0
      vertex 210.447 8.25327 0.5
      vertex 210.447 8.25327 0
    endloop
  endfacet
  facet normal -0.951048 -0.309042 0
    outer loop
      vertex 210.447 8.25327 0.5
      vertex 210.474 8.17018 0
      vertex 210.474 8.17018 0.5
    endloop
  endfacet
  facet normal -0.916376 -0.400318 0
    outer loop
      vertex 210.447 8.25327 0
      vertex 210.413 8.3311 0.5
      vertex 210.413 8.3311 0
    endloop
  endfacet
  facet normal -0.916376 -0.400318 0
    outer loop
      vertex 210.413 8.3311 0.5
      vertex 210.447 8.25327 0
      vertex 210.447 8.25327 0.5
    endloop
  endfacet
  facet normal -0.86556 -0.500806 0
    outer loop
      vertex 210.413 8.3311 0
      vertex 210.371 8.40369 0.5
      vertex 210.371 8.40369 0
    endloop
  endfacet
  facet normal -0.86556 -0.500806 0
    outer loop
      vertex 210.371 8.40369 0.5
      vertex 210.413 8.3311 0
      vertex 210.413 8.3311 0.5
    endloop
  endfacet
  facet normal -0.802796 -0.596254 0
    outer loop
      vertex 210.371 8.40369 0
      vertex 210.321 8.47101 0.5
      vertex 210.321 8.47101 0
    endloop
  endfacet
  facet normal -0.802796 -0.596254 0
    outer loop
      vertex 210.321 8.47101 0.5
      vertex 210.371 8.40369 0
      vertex 210.371 8.40369 0.5
    endloop
  endfacet
  facet normal -0.735895 -0.677095 0
    outer loop
      vertex 210.321 8.47101 0
      vertex 210.264 8.53296 0.5
      vertex 210.264 8.53296 0
    endloop
  endfacet
  facet normal -0.735895 -0.677095 0
    outer loop
      vertex 210.264 8.53296 0.5
      vertex 210.321 8.47101 0
      vertex 210.321 8.47101 0.5
    endloop
  endfacet
  facet normal -0.65577 -0.75496 0
    outer loop
      vertex 210.199 8.58942 0
      vertex 210.264 8.53296 0.5
      vertex 210.199 8.58942 0.5
    endloop
  endfacet
  facet normal -0.65577 -0.75496 -0
    outer loop
      vertex 210.264 8.53296 0.5
      vertex 210.199 8.58942 0
      vertex 210.264 8.53296 0
    endloop
  endfacet
  facet normal -0.583325 -0.812239 0
    outer loop
      vertex 210.128 8.64041 0
      vertex 210.199 8.58942 0.5
      vertex 210.128 8.64041 0.5
    endloop
  endfacet
  facet normal -0.583325 -0.812239 -0
    outer loop
      vertex 210.199 8.58942 0.5
      vertex 210.128 8.64041 0
      vertex 210.199 8.58942 0
    endloop
  endfacet
  facet normal -0.499254 -0.866456 0
    outer loop
      vertex 210.049 8.68593 0
      vertex 210.128 8.64041 0.5
      vertex 210.049 8.68593 0.5
    endloop
  endfacet
  facet normal -0.499254 -0.866456 -0
    outer loop
      vertex 210.128 8.64041 0.5
      vertex 210.049 8.68593 0
      vertex 210.128 8.64041 0
    endloop
  endfacet
  facet normal -0.418078 -0.908411 0
    outer loop
      vertex 209.962 8.72597 0
      vertex 210.049 8.68593 0.5
      vertex 209.962 8.72597 0.5
    endloop
  endfacet
  facet normal -0.418078 -0.908411 -0
    outer loop
      vertex 210.049 8.68593 0.5
      vertex 209.962 8.72597 0
      vertex 210.049 8.68593 0
    endloop
  endfacet
  facet normal -0.348338 -0.937369 0
    outer loop
      vertex 209.869 8.76053 0
      vertex 209.962 8.72597 0.5
      vertex 209.869 8.76053 0.5
    endloop
  endfacet
  facet normal -0.348338 -0.937369 -0
    outer loop
      vertex 209.962 8.72597 0.5
      vertex 209.869 8.76053 0
      vertex 209.962 8.72597 0
    endloop
  endfacet
  facet normal -0.276681 -0.960962 0
    outer loop
      vertex 209.768 8.78961 0
      vertex 209.869 8.76053 0.5
      vertex 209.768 8.78961 0.5
    endloop
  endfacet
  facet normal -0.276681 -0.960962 -0
    outer loop
      vertex 209.869 8.76053 0.5
      vertex 209.768 8.78961 0
      vertex 209.869 8.76053 0
    endloop
  endfacet
  facet normal -0.283843 0.958871 0
    outer loop
      vertex 209.881 8.82306 0
      vertex 209.768 8.78961 0.5
      vertex 209.881 8.82306 0.5
    endloop
  endfacet
  facet normal -0.283843 0.958871 0
    outer loop
      vertex 209.768 8.78961 0.5
      vertex 209.881 8.82306 0
      vertex 209.768 8.78961 0
    endloop
  endfacet
  facet normal -0.354595 0.93502 0
    outer loop
      vertex 209.986 8.86288 0
      vertex 209.881 8.82306 0.5
      vertex 209.986 8.86288 0.5
    endloop
  endfacet
  facet normal -0.354595 0.93502 0
    outer loop
      vertex 209.881 8.82306 0.5
      vertex 209.986 8.86288 0
      vertex 209.881 8.82306 0
    endloop
  endfacet
  facet normal -0.42993 0.902862 0
    outer loop
      vertex 210.083 8.90907 0
      vertex 209.986 8.86288 0.5
      vertex 210.083 8.90907 0.5
    endloop
  endfacet
  facet normal -0.42993 0.902862 0
    outer loop
      vertex 209.986 8.86288 0.5
      vertex 210.083 8.90907 0
      vertex 209.986 8.86288 0
    endloop
  endfacet
  facet normal -0.512845 0.858481 0
    outer loop
      vertex 210.171 8.96164 0
      vertex 210.083 8.90907 0.5
      vertex 210.171 8.96164 0.5
    endloop
  endfacet
  facet normal -0.512845 0.858481 0
    outer loop
      vertex 210.083 8.90907 0.5
      vertex 210.171 8.96164 0
      vertex 210.083 8.90907 0
    endloop
  endfacet
  facet normal -0.588178 0.808732 0
    outer loop
      vertex 210.252 9.02055 0
      vertex 210.171 8.96164 0.5
      vertex 210.252 9.02055 0.5
    endloop
  endfacet
  facet normal -0.588178 0.808732 0
    outer loop
      vertex 210.171 8.96164 0.5
      vertex 210.252 9.02055 0
      vertex 210.171 8.96164 0
    endloop
  endfacet
  facet normal -0.666875 0.745169 0
    outer loop
      vertex 210.325 9.08588 0
      vertex 210.252 9.02055 0.5
      vertex 210.325 9.08588 0.5
    endloop
  endfacet
  facet normal -0.666875 0.745169 0
    outer loop
      vertex 210.252 9.02055 0.5
      vertex 210.325 9.08588 0
      vertex 210.252 9.02055 0
    endloop
  endfacet
  facet normal -0.740735 0.671798 0
    outer loop
      vertex 210.325 9.08588 0
      vertex 210.39 9.15755 0.5
      vertex 210.39 9.15755 0
    endloop
  endfacet
  facet normal -0.740735 0.671798 0
    outer loop
      vertex 210.39 9.15755 0.5
      vertex 210.325 9.08588 0
      vertex 210.325 9.08588 0.5
    endloop
  endfacet
  facet normal -0.806632 0.591053 0
    outer loop
      vertex 210.39 9.15755 0
      vertex 210.447 9.23534 0.5
      vertex 210.447 9.23534 0
    endloop
  endfacet
  facet normal -0.806632 0.591053 0
    outer loop
      vertex 210.447 9.23534 0.5
      vertex 210.39 9.15755 0
      vertex 210.39 9.15755 0.5
    endloop
  endfacet
  facet normal -0.871637 0.490152 0
    outer loop
      vertex 210.447 9.23534 0
      vertex 210.494 9.31892 0.5
      vertex 210.494 9.31892 0
    endloop
  endfacet
  facet normal -0.871637 0.490152 0
    outer loop
      vertex 210.494 9.31892 0.5
      vertex 210.447 9.23534 0
      vertex 210.447 9.23534 0.5
    endloop
  endfacet
  facet normal -0.912866 0.408259 0
    outer loop
      vertex 210.494 9.31892 0
      vertex 210.534 9.40836 0.5
      vertex 210.534 9.40836 0
    endloop
  endfacet
  facet normal -0.912866 0.408259 0
    outer loop
      vertex 210.534 9.40836 0.5
      vertex 210.494 9.31892 0
      vertex 210.494 9.31892 0.5
    endloop
  endfacet
  facet normal -0.953791 0.30047 0
    outer loop
      vertex 210.534 9.40836 0
      vertex 210.564 9.50359 0.5
      vertex 210.564 9.50359 0
    endloop
  endfacet
  facet normal -0.953791 0.30047 0
    outer loop
      vertex 210.564 9.50359 0.5
      vertex 210.534 9.40836 0
      vertex 210.534 9.40836 0.5
    endloop
  endfacet
  facet normal -0.977111 0.212731 0
    outer loop
      vertex 210.564 9.50359 0
      vertex 210.586 9.60464 0.5
      vertex 210.586 9.60464 0
    endloop
  endfacet
  facet normal -0.977111 0.212731 0
    outer loop
      vertex 210.586 9.60464 0.5
      vertex 210.564 9.50359 0
      vertex 210.564 9.50359 0.5
    endloop
  endfacet
  facet normal -0.992685 0.120731 0
    outer loop
      vertex 210.586 9.60464 0
      vertex 210.599 9.71153 0.5
      vertex 210.599 9.71153 0
    endloop
  endfacet
  facet normal -0.992685 0.120731 0
    outer loop
      vertex 210.599 9.71153 0.5
      vertex 210.586 9.60464 0
      vertex 210.586 9.60464 0.5
    endloop
  endfacet
  facet normal -0.999371 0.0354701 0
    outer loop
      vertex 210.599 9.71153 0
      vertex 210.603 9.82423 0.5
      vertex 210.603 9.82423 0
    endloop
  endfacet
  facet normal -0.999371 0.0354701 0
    outer loop
      vertex 210.603 9.82423 0.5
      vertex 210.599 9.71153 0
      vertex 210.599 9.71153 0.5
    endloop
  endfacet
  facet normal -0.998539 -0.054027 0
    outer loop
      vertex 210.603 9.82423 0
      vertex 210.594 9.99057 0.5
      vertex 210.594 9.99057 0
    endloop
  endfacet
  facet normal -0.998539 -0.054027 0
    outer loop
      vertex 210.594 9.99057 0.5
      vertex 210.603 9.82423 0
      vertex 210.603 9.82423 0.5
    endloop
  endfacet
  facet normal -0.982843 -0.184446 0
    outer loop
      vertex 210.594 9.99057 0
      vertex 210.565 10.1451 0.5
      vertex 210.565 10.1451 0
    endloop
  endfacet
  facet normal -0.982843 -0.184446 0
    outer loop
      vertex 210.565 10.1451 0.5
      vertex 210.594 9.99057 0
      vertex 210.594 9.99057 0.5
    endloop
  endfacet
  facet normal -0.949809 -0.312831 0
    outer loop
      vertex 210.565 10.1451 0
      vertex 210.518 10.2878 0.5
      vertex 210.518 10.2878 0
    endloop
  endfacet
  facet normal -0.949809 -0.312831 0
    outer loop
      vertex 210.518 10.2878 0.5
      vertex 210.565 10.1451 0
      vertex 210.565 10.1451 0.5
    endloop
  endfacet
  facet normal -0.89306 -0.449938 0
    outer loop
      vertex 210.518 10.2878 0
      vertex 210.452 10.4188 0.5
      vertex 210.452 10.4188 0
    endloop
  endfacet
  facet normal -0.89306 -0.449938 0
    outer loop
      vertex 210.452 10.4188 0.5
      vertex 210.518 10.2878 0
      vertex 210.518 10.2878 0.5
    endloop
  endfacet
  facet normal -0.817196 -0.57636 0
    outer loop
      vertex 210.452 10.4188 0
      vertex 210.368 10.5379 0.5
      vertex 210.368 10.5379 0
    endloop
  endfacet
  facet normal -0.817196 -0.57636 0
    outer loop
      vertex 210.368 10.5379 0.5
      vertex 210.452 10.4188 0
      vertex 210.452 10.4188 0.5
    endloop
  endfacet
  facet normal -0.718063 -0.695979 0
    outer loop
      vertex 210.368 10.5379 0
      vertex 210.264 10.6452 0.5
      vertex 210.264 10.6452 0
    endloop
  endfacet
  facet normal -0.718063 -0.695979 0
    outer loop
      vertex 210.264 10.6452 0.5
      vertex 210.368 10.5379 0
      vertex 210.368 10.5379 0.5
    endloop
  endfacet
  facet normal -0.616395 -0.787437 0
    outer loop
      vertex 210.142 10.7407 0
      vertex 210.264 10.6452 0.5
      vertex 210.142 10.7407 0.5
    endloop
  endfacet
  facet normal -0.616395 -0.787437 -0
    outer loop
      vertex 210.264 10.6452 0.5
      vertex 210.142 10.7407 0
      vertex 210.264 10.6452 0
    endloop
  endfacet
  facet normal -0.510879 -0.859653 0
    outer loop
      vertex 210.002 10.8239 0
      vertex 210.142 10.7407 0.5
      vertex 210.002 10.8239 0.5
    endloop
  endfacet
  facet normal -0.510879 -0.859653 -0
    outer loop
      vertex 210.142 10.7407 0.5
      vertex 210.002 10.8239 0
      vertex 210.142 10.7407 0
    endloop
  endfacet
  facet normal -0.406997 -0.91343 0
    outer loop
      vertex 209.844 10.8943 0
      vertex 210.002 10.8239 0.5
      vertex 209.844 10.8943 0.5
    endloop
  endfacet
  facet normal -0.406997 -0.91343 -0
    outer loop
      vertex 210.002 10.8239 0.5
      vertex 209.844 10.8943 0
      vertex 210.002 10.8239 0
    endloop
  endfacet
  facet normal -0.312643 -0.949871 0
    outer loop
      vertex 209.669 10.9519 0
      vertex 209.844 10.8943 0.5
      vertex 209.669 10.9519 0.5
    endloop
  endfacet
  facet normal -0.312643 -0.949871 -0
    outer loop
      vertex 209.844 10.8943 0.5
      vertex 209.669 10.9519 0
      vertex 209.844 10.8943 0
    endloop
  endfacet
  facet normal -0.22723 -0.973841 0
    outer loop
      vertex 209.477 10.9967 0
      vertex 209.669 10.9519 0.5
      vertex 209.477 10.9967 0.5
    endloop
  endfacet
  facet normal -0.22723 -0.973841 -0
    outer loop
      vertex 209.669 10.9519 0.5
      vertex 209.477 10.9967 0
      vertex 209.669 10.9519 0
    endloop
  endfacet
  facet normal -0.150642 -0.988588 0
    outer loop
      vertex 209.267 11.0287 0
      vertex 209.477 10.9967 0.5
      vertex 209.267 11.0287 0.5
    endloop
  endfacet
  facet normal -0.150642 -0.988588 -0
    outer loop
      vertex 209.477 10.9967 0.5
      vertex 209.267 11.0287 0
      vertex 209.477 10.9967 0
    endloop
  endfacet
  facet normal -0.0850885 -0.996373 0
    outer loop
      vertex 209.041 11.048 0
      vertex 209.267 11.0287 0.5
      vertex 209.041 11.048 0.5
    endloop
  endfacet
  facet normal -0.0850885 -0.996373 -0
    outer loop
      vertex 209.267 11.0287 0.5
      vertex 209.041 11.048 0
      vertex 209.267 11.0287 0
    endloop
  endfacet
  facet normal -0.0262205 -0.999656 0
    outer loop
      vertex 208.797 11.0544 0
      vertex 209.041 11.048 0.5
      vertex 208.797 11.0544 0.5
    endloop
  endfacet
  facet normal -0.0262205 -0.999656 -0
    outer loop
      vertex 209.041 11.048 0.5
      vertex 208.797 11.0544 0
      vertex 209.041 11.048 0
    endloop
  endfacet
  facet normal 0.0122213 -0.999925 0
    outer loop
      vertex 208.707 11.0533 0
      vertex 208.797 11.0544 0.5
      vertex 208.707 11.0533 0.5
    endloop
  endfacet
  facet normal 0.0122213 -0.999925 0
    outer loop
      vertex 208.797 11.0544 0.5
      vertex 208.707 11.0533 0
      vertex 208.797 11.0544 0
    endloop
  endfacet
  facet normal 0.0348104 -0.999394 0
    outer loop
      vertex 208.618 11.0502 0
      vertex 208.707 11.0533 0.5
      vertex 208.618 11.0502 0.5
    endloop
  endfacet
  facet normal 0.0348104 -0.999394 0
    outer loop
      vertex 208.707 11.0533 0.5
      vertex 208.618 11.0502 0
      vertex 208.707 11.0533 0
    endloop
  endfacet
  facet normal 0.0572095 -0.998362 0
    outer loop
      vertex 208.529 11.0451 0
      vertex 208.618 11.0502 0.5
      vertex 208.529 11.0451 0.5
    endloop
  endfacet
  facet normal 0.0572095 -0.998362 0
    outer loop
      vertex 208.618 11.0502 0.5
      vertex 208.529 11.0451 0
      vertex 208.618 11.0502 0
    endloop
  endfacet
  facet normal 0.0817479 -0.996653 0
    outer loop
      vertex 208.44 11.0378 0
      vertex 208.529 11.0451 0.5
      vertex 208.44 11.0378 0.5
    endloop
  endfacet
  facet normal 0.0817479 -0.996653 0
    outer loop
      vertex 208.529 11.0451 0.5
      vertex 208.44 11.0378 0
      vertex 208.529 11.0451 0
    endloop
  endfacet
  facet normal 0.102786 -0.994703 0
    outer loop
      vertex 208.35 11.0285 0
      vertex 208.44 11.0378 0.5
      vertex 208.35 11.0285 0.5
    endloop
  endfacet
  facet normal 0.102786 -0.994703 0
    outer loop
      vertex 208.44 11.0378 0.5
      vertex 208.35 11.0285 0
      vertex 208.44 11.0378 0
    endloop
  endfacet
  facet normal 0.125955 -0.992036 0
    outer loop
      vertex 208.261 11.0172 0
      vertex 208.35 11.0285 0.5
      vertex 208.261 11.0172 0.5
    endloop
  endfacet
  facet normal 0.125955 -0.992036 0
    outer loop
      vertex 208.35 11.0285 0.5
      vertex 208.261 11.0172 0
      vertex 208.35 11.0285 0
    endloop
  endfacet
  facet normal 0.147266 -0.989097 0
    outer loop
      vertex 208.171 11.0038 0
      vertex 208.261 11.0172 0.5
      vertex 208.171 11.0038 0.5
    endloop
  endfacet
  facet normal 0.147266 -0.989097 0
    outer loop
      vertex 208.261 11.0172 0.5
      vertex 208.171 11.0038 0
      vertex 208.261 11.0172 0
    endloop
  endfacet
  facet normal 0.171575 -0.985171 0
    outer loop
      vertex 208.082 10.9883 0
      vertex 208.171 11.0038 0.5
      vertex 208.082 10.9883 0.5
    endloop
  endfacet
  facet normal 0.171575 -0.985171 0
    outer loop
      vertex 208.171 11.0038 0.5
      vertex 208.082 10.9883 0
      vertex 208.171 11.0038 0
    endloop
  endfacet
  facet normal 0.192935 -0.981212 0
    outer loop
      vertex 207.993 10.9708 0
      vertex 208.082 10.9883 0.5
      vertex 207.993 10.9708 0.5
    endloop
  endfacet
  facet normal 0.192935 -0.981212 0
    outer loop
      vertex 208.082 10.9883 0.5
      vertex 207.993 10.9708 0
      vertex 208.082 10.9883 0
    endloop
  endfacet
  facet normal 0.215071 -0.976598 0
    outer loop
      vertex 207.904 10.9512 0
      vertex 207.993 10.9708 0.5
      vertex 207.904 10.9512 0.5
    endloop
  endfacet
  facet normal 0.215071 -0.976598 0
    outer loop
      vertex 207.993 10.9708 0.5
      vertex 207.904 10.9512 0
      vertex 207.993 10.9708 0
    endloop
  endfacet
  facet normal 0.236881 -0.971539 0
    outer loop
      vertex 207.815 10.9295 0
      vertex 207.904 10.9512 0.5
      vertex 207.815 10.9295 0.5
    endloop
  endfacet
  facet normal 0.236881 -0.971539 0
    outer loop
      vertex 207.904 10.9512 0.5
      vertex 207.815 10.9295 0
      vertex 207.904 10.9512 0
    endloop
  endfacet
  facet normal 0.260052 -0.965595 0
    outer loop
      vertex 207.727 10.9058 0
      vertex 207.815 10.9295 0.5
      vertex 207.727 10.9058 0.5
    endloop
  endfacet
  facet normal 0.260052 -0.965595 0
    outer loop
      vertex 207.815 10.9295 0.5
      vertex 207.727 10.9058 0
      vertex 207.815 10.9295 0
    endloop
  endfacet
  facet normal 0.28134 -0.959608 0
    outer loop
      vertex 207.639 10.88 0
      vertex 207.727 10.9058 0.5
      vertex 207.639 10.88 0.5
    endloop
  endfacet
  facet normal 0.28134 -0.959608 0
    outer loop
      vertex 207.727 10.9058 0.5
      vertex 207.639 10.88 0
      vertex 207.727 10.9058 0
    endloop
  endfacet
  facet normal 0.30222 -0.953238 0
    outer loop
      vertex 207.551 10.8521 0
      vertex 207.639 10.88 0.5
      vertex 207.551 10.8521 0.5
    endloop
  endfacet
  facet normal 0.30222 -0.953238 0
    outer loop
      vertex 207.639 10.88 0.5
      vertex 207.551 10.8521 0
      vertex 207.639 10.88 0
    endloop
  endfacet
  facet normal 1 -0 0
    outer loop
      vertex 207.551 10.0457 0.5
      vertex 207.551 10.8521 0
      vertex 207.551 10.8521 0.5
    endloop
  endfacet
  facet normal 1 0 0
    outer loop
      vertex 207.551 10.8521 0
      vertex 207.551 10.0457 0.5
      vertex 207.551 10.0457 0
    endloop
  endfacet
  facet normal -0.435169 0.900349 0
    outer loop
      vertex 207.635 10.0863 0
      vertex 207.551 10.0457 0.5
      vertex 207.635 10.0863 0.5
    endloop
  endfacet
  facet normal -0.435169 0.900349 0
    outer loop
      vertex 207.551 10.0457 0.5
      vertex 207.635 10.0863 0
      vertex 207.551 10.0457 0
    endloop
  endfacet
  facet normal -0.408557 0.912733 0
    outer loop
      vertex 207.719 10.1239 0
      vertex 207.635 10.0863 0.5
      vertex 207.719 10.1239 0.5
    endloop
  endfacet
  facet normal -0.408557 0.912733 0
    outer loop
      vertex 207.635 10.0863 0.5
      vertex 207.719 10.1239 0
      vertex 207.635 10.0863 0
    endloop
  endfacet
  facet normal -0.38572 0.922616 0
    outer loop
      vertex 207.802 10.1586 0
      vertex 207.719 10.1239 0.5
      vertex 207.802 10.1586 0.5
    endloop
  endfacet
  facet normal -0.38572 0.922616 0
    outer loop
      vertex 207.719 10.1239 0.5
      vertex 207.802 10.1586 0
      vertex 207.719 10.1239 0
    endloop
  endfacet
  facet normal -0.356791 0.934184 0
    outer loop
      vertex 207.885 10.1903 0
      vertex 207.802 10.1586 0.5
      vertex 207.885 10.1903 0.5
    endloop
  endfacet
  facet normal -0.356791 0.934184 0
    outer loop
      vertex 207.802 10.1586 0.5
      vertex 207.885 10.1903 0
      vertex 207.802 10.1586 0
    endloop
  endfacet
  facet normal -0.326798 0.945094 0
    outer loop
      vertex 207.968 10.219 0
      vertex 207.885 10.1903 0.5
      vertex 207.968 10.219 0.5
    endloop
  endfacet
  facet normal -0.326798 0.945094 0
    outer loop
      vertex 207.885 10.1903 0.5
      vertex 207.968 10.219 0
      vertex 207.885 10.1903 0
    endloop
  endfacet
  facet normal -0.297882 0.954603 0
    outer loop
      vertex 208.051 10.2449 0
      vertex 207.968 10.219 0.5
      vertex 208.051 10.2449 0.5
    endloop
  endfacet
  facet normal -0.297882 0.954603 0
    outer loop
      vertex 207.968 10.219 0.5
      vertex 208.051 10.2449 0
      vertex 207.968 10.219 0
    endloop
  endfacet
  facet normal -0.267886 0.963451 0
    outer loop
      vertex 208.133 10.2677 0
      vertex 208.051 10.2449 0.5
      vertex 208.133 10.2677 0.5
    endloop
  endfacet
  facet normal -0.267886 0.963451 0
    outer loop
      vertex 208.051 10.2449 0.5
      vertex 208.133 10.2677 0
      vertex 208.051 10.2449 0
    endloop
  endfacet
  facet normal -0.233151 0.97244 0
    outer loop
      vertex 208.216 10.2876 0
      vertex 208.133 10.2677 0.5
      vertex 208.216 10.2876 0.5
    endloop
  endfacet
  facet normal -0.233151 0.97244 0
    outer loop
      vertex 208.133 10.2677 0.5
      vertex 208.216 10.2876 0
      vertex 208.133 10.2677 0
    endloop
  endfacet
  facet normal -0.200709 0.979651 0
    outer loop
      vertex 208.298 10.3044 0
      vertex 208.216 10.2876 0.5
      vertex 208.298 10.3044 0.5
    endloop
  endfacet
  facet normal -0.200709 0.979651 0
    outer loop
      vertex 208.216 10.2876 0.5
      vertex 208.298 10.3044 0
      vertex 208.216 10.2876 0
    endloop
  endfacet
  facet normal -0.16795 0.985795 0
    outer loop
      vertex 208.379 10.3182 0
      vertex 208.298 10.3044 0.5
      vertex 208.379 10.3182 0.5
    endloop
  endfacet
  facet normal -0.16795 0.985795 0
    outer loop
      vertex 208.298 10.3044 0.5
      vertex 208.379 10.3182 0
      vertex 208.298 10.3044 0
    endloop
  endfacet
  facet normal -0.130961 0.991388 0
    outer loop
      vertex 208.46 10.3289 0
      vertex 208.379 10.3182 0.5
      vertex 208.46 10.3289 0.5
    endloop
  endfacet
  facet normal -0.130961 0.991388 0
    outer loop
      vertex 208.379 10.3182 0.5
      vertex 208.46 10.3289 0
      vertex 208.379 10.3182 0
    endloop
  endfacet
  facet normal -0.0946351 0.995512 0
    outer loop
      vertex 208.541 10.3366 0
      vertex 208.46 10.3289 0.5
      vertex 208.541 10.3366 0.5
    endloop
  endfacet
  facet normal -0.0946351 0.995512 0
    outer loop
      vertex 208.46 10.3289 0.5
      vertex 208.541 10.3366 0
      vertex 208.46 10.3289 0
    endloop
  endfacet
  facet normal -0.05547 0.99846 0
    outer loop
      vertex 208.622 10.3411 0
      vertex 208.541 10.3366 0.5
      vertex 208.622 10.3411 0.5
    endloop
  endfacet
  facet normal -0.05547 0.99846 0
    outer loop
      vertex 208.541 10.3366 0.5
      vertex 208.622 10.3411 0
      vertex 208.541 10.3366 0
    endloop
  endfacet
  facet normal -0.019996 0.9998 0
    outer loop
      vertex 208.702 10.3427 0
      vertex 208.622 10.3411 0.5
      vertex 208.702 10.3427 0.5
    endloop
  endfacet
  facet normal -0.019996 0.9998 0
    outer loop
      vertex 208.622 10.3411 0.5
      vertex 208.702 10.3427 0
      vertex 208.622 10.3411 0
    endloop
  endfacet
  facet normal 0.0263067 0.999654 -0
    outer loop
      vertex 208.816 10.3397 0
      vertex 208.702 10.3427 0.5
      vertex 208.816 10.3397 0.5
    endloop
  endfacet
  facet normal 0.0263067 0.999654 0
    outer loop
      vertex 208.702 10.3427 0.5
      vertex 208.816 10.3397 0
      vertex 208.702 10.3427 0
    endloop
  endfacet
  facet normal 0.0819663 0.996635 -0
    outer loop
      vertex 208.923 10.3309 0
      vertex 208.816 10.3397 0.5
      vertex 208.923 10.3309 0.5
    endloop
  endfacet
  facet normal 0.0819663 0.996635 0
    outer loop
      vertex 208.816 10.3397 0.5
      vertex 208.923 10.3309 0
      vertex 208.816 10.3397 0
    endloop
  endfacet
  facet normal 0.146875 0.989155 -0
    outer loop
      vertex 209.022 10.3162 0
      vertex 208.923 10.3309 0.5
      vertex 209.022 10.3162 0.5
    endloop
  endfacet
  facet normal 0.146875 0.989155 0
    outer loop
      vertex 208.923 10.3309 0.5
      vertex 209.022 10.3162 0
      vertex 208.923 10.3309 0
    endloop
  endfacet
  facet normal 0.219767 0.975552 -0
    outer loop
      vertex 209.113 10.2957 0
      vertex 209.022 10.3162 0.5
      vertex 209.113 10.2957 0.5
    endloop
  endfacet
  facet normal 0.219767 0.975552 0
    outer loop
      vertex 209.022 10.3162 0.5
      vertex 209.113 10.2957 0
      vertex 209.022 10.3162 0
    endloop
  endfacet
  facet normal 0.304151 0.952624 -0
    outer loop
      vertex 209.196 10.2692 0
      vertex 209.113 10.2957 0.5
      vertex 209.196 10.2692 0.5
    endloop
  endfacet
  facet normal 0.304151 0.952624 0
    outer loop
      vertex 209.113 10.2957 0.5
      vertex 209.196 10.2692 0
      vertex 209.113 10.2957 0
    endloop
  endfacet
  facet normal 0.395544 0.918447 -0
    outer loop
      vertex 209.271 10.2369 0
      vertex 209.196 10.2692 0.5
      vertex 209.271 10.2369 0.5
    endloop
  endfacet
  facet normal 0.395544 0.918447 0
    outer loop
      vertex 209.196 10.2692 0.5
      vertex 209.271 10.2369 0
      vertex 209.196 10.2692 0
    endloop
  endfacet
  facet normal 0.495301 0.868721 -0
    outer loop
      vertex 209.338 10.1987 0
      vertex 209.271 10.2369 0.5
      vertex 209.338 10.1987 0.5
    endloop
  endfacet
  facet normal 0.495301 0.868721 0
    outer loop
      vertex 209.271 10.2369 0.5
      vertex 209.338 10.1987 0
      vertex 209.271 10.2369 0
    endloop
  endfacet
  facet normal 0.600882 0.799338 -0
    outer loop
      vertex 209.396 10.1551 0
      vertex 209.338 10.1987 0.5
      vertex 209.396 10.1551 0.5
    endloop
  endfacet
  facet normal 0.600882 0.799338 0
    outer loop
      vertex 209.338 10.1987 0.5
      vertex 209.396 10.1551 0
      vertex 209.338 10.1987 0
    endloop
  endfacet
  facet normal 0.698467 0.715642 -0
    outer loop
      vertex 209.446 10.1063 0
      vertex 209.396 10.1551 0.5
      vertex 209.446 10.1063 0.5
    endloop
  endfacet
  facet normal 0.698467 0.715642 0
    outer loop
      vertex 209.396 10.1551 0.5
      vertex 209.446 10.1063 0
      vertex 209.396 10.1551 0
    endloop
  endfacet
  facet normal 0.795364 0.606132 0
    outer loop
      vertex 209.487 10.0525 0.5
      vertex 209.446 10.1063 0
      vertex 209.446 10.1063 0.5
    endloop
  endfacet
  facet normal 0.795364 0.606132 0
    outer loop
      vertex 209.446 10.1063 0
      vertex 209.487 10.0525 0.5
      vertex 209.487 10.0525 0
    endloop
  endfacet
  facet normal 0.885243 0.465128 0
    outer loop
      vertex 209.518 9.9935 0.5
      vertex 209.487 10.0525 0
      vertex 209.487 10.0525 0.5
    endloop
  endfacet
  facet normal 0.885243 0.465128 0
    outer loop
      vertex 209.487 10.0525 0
      vertex 209.518 9.9935 0.5
      vertex 209.518 9.9935 0
    endloop
  endfacet
  facet normal 0.941176 0.337918 0
    outer loop
      vertex 209.541 9.92944 0.5
      vertex 209.518 9.9935 0
      vertex 209.518 9.9935 0.5
    endloop
  endfacet
  facet normal 0.941176 0.337918 0
    outer loop
      vertex 209.518 9.9935 0
      vertex 209.541 9.92944 0.5
      vertex 209.541 9.92944 0
    endloop
  endfacet
  facet normal 0.982784 0.18476 0
    outer loop
      vertex 209.554 9.86029 0.5
      vertex 209.541 9.92944 0
      vertex 209.541 9.92944 0.5
    endloop
  endfacet
  facet normal 0.982784 0.18476 0
    outer loop
      vertex 209.541 9.92944 0
      vertex 209.554 9.86029 0.5
      vertex 209.554 9.86029 0
    endloop
  endfacet
  facet normal 0.997741 0.0671789 0
    outer loop
      vertex 209.559 9.78603 0.5
      vertex 209.554 9.86029 0
      vertex 209.554 9.86029 0.5
    endloop
  endfacet
  facet normal 0.997741 0.0671789 0
    outer loop
      vertex 209.554 9.86029 0
      vertex 209.559 9.78603 0.5
      vertex 209.559 9.78603 0
    endloop
  endfacet
  facet normal 0.997865 -0.0653138 0
    outer loop
      vertex 209.554 9.70964 0.5
      vertex 209.559 9.78603 0
      vertex 209.559 9.78603 0.5
    endloop
  endfacet
  facet normal 0.997865 -0.0653138 0
    outer loop
      vertex 209.559 9.78603 0
      vertex 209.554 9.70964 0.5
      vertex 209.554 9.70964 0
    endloop
  endfacet
  facet normal 0.981052 -0.193747 0
    outer loop
      vertex 209.54 9.63875 0.5
      vertex 209.554 9.70964 0
      vertex 209.554 9.70964 0.5
    endloop
  endfacet
  facet normal 0.981052 -0.193747 0
    outer loop
      vertex 209.554 9.70964 0
      vertex 209.54 9.63875 0.5
      vertex 209.54 9.63875 0
    endloop
  endfacet
  facet normal 0.94341 -0.331628 0
    outer loop
      vertex 209.517 9.57332 0.5
      vertex 209.54 9.63875 0
      vertex 209.54 9.63875 0.5
    endloop
  endfacet
  facet normal 0.94341 -0.331628 0
    outer loop
      vertex 209.54 9.63875 0
      vertex 209.517 9.57332 0.5
      vertex 209.517 9.57332 0
    endloop
  endfacet
  facet normal 0.882092 -0.471077 0
    outer loop
      vertex 209.485 9.5134 0.5
      vertex 209.517 9.57332 0
      vertex 209.517 9.57332 0.5
    endloop
  endfacet
  facet normal 0.882092 -0.471077 0
    outer loop
      vertex 209.517 9.57332 0
      vertex 209.485 9.5134 0.5
      vertex 209.485 9.5134 0
    endloop
  endfacet
  facet normal 0.791812 -0.610764 0
    outer loop
      vertex 209.443 9.45895 0.5
      vertex 209.485 9.5134 0
      vertex 209.485 9.5134 0.5
    endloop
  endfacet
  facet normal 0.791812 -0.610764 0
    outer loop
      vertex 209.485 9.5134 0
      vertex 209.443 9.45895 0.5
      vertex 209.443 9.45895 0
    endloop
  endfacet
  facet normal 0.692532 -0.721387 0
    outer loop
      vertex 209.392 9.40999 0
      vertex 209.443 9.45895 0.5
      vertex 209.392 9.40999 0.5
    endloop
  endfacet
  facet normal 0.692532 -0.721387 0
    outer loop
      vertex 209.443 9.45895 0.5
      vertex 209.392 9.40999 0
      vertex 209.443 9.45895 0
    endloop
  endfacet
  facet normal 0.586702 -0.809803 0
    outer loop
      vertex 209.332 9.36652 0
      vertex 209.392 9.40999 0.5
      vertex 209.332 9.36652 0.5
    endloop
  endfacet
  facet normal 0.586702 -0.809803 0
    outer loop
      vertex 209.392 9.40999 0.5
      vertex 209.332 9.36652 0
      vertex 209.392 9.40999 0
    endloop
  endfacet
  facet normal 0.480748 -0.876859 0
    outer loop
      vertex 209.263 9.32869 0
      vertex 209.332 9.36652 0.5
      vertex 209.263 9.32869 0.5
    endloop
  endfacet
  facet normal 0.480748 -0.876859 0
    outer loop
      vertex 209.332 9.36652 0.5
      vertex 209.263 9.32869 0
      vertex 209.332 9.36652 0
    endloop
  endfacet
  facet normal 0.379556 -0.925169 0
    outer loop
      vertex 209.185 9.29669 0
      vertex 209.263 9.32869 0.5
      vertex 209.185 9.29669 0.5
    endloop
  endfacet
  facet normal 0.379556 -0.925169 0
    outer loop
      vertex 209.263 9.32869 0.5
      vertex 209.185 9.29669 0
      vertex 209.263 9.32869 0
    endloop
  endfacet
  facet normal 0.288156 -0.957584 0
    outer loop
      vertex 209.098 9.27051 0
      vertex 209.185 9.29669 0.5
      vertex 209.098 9.27051 0.5
    endloop
  endfacet
  facet normal 0.288156 -0.957584 0
    outer loop
      vertex 209.185 9.29669 0.5
      vertex 209.098 9.27051 0
      vertex 209.185 9.29669 0
    endloop
  endfacet
  facet normal 0.209656 -0.977775 0
    outer loop
      vertex 209.003 9.25014 0
      vertex 209.098 9.27051 0.5
      vertex 209.003 9.25014 0.5
    endloop
  endfacet
  facet normal 0.209656 -0.977775 0
    outer loop
      vertex 209.098 9.27051 0.5
      vertex 209.003 9.25014 0
      vertex 209.098 9.27051 0
    endloop
  endfacet
  facet normal 0.138461 -0.990368 0
    outer loop
      vertex 208.899 9.2356 0
      vertex 209.003 9.25014 0.5
      vertex 208.899 9.2356 0.5
    endloop
  endfacet
  facet normal 0.138461 -0.990368 0
    outer loop
      vertex 209.003 9.25014 0.5
      vertex 208.899 9.2356 0
      vertex 209.003 9.25014 0
    endloop
  endfacet
  facet normal 0.0770271 -0.997029 0
    outer loop
      vertex 208.786 9.22687 0
      vertex 208.899 9.2356 0.5
      vertex 208.786 9.22687 0.5
    endloop
  endfacet
  facet normal 0.0770271 -0.997029 0
    outer loop
      vertex 208.899 9.2356 0.5
      vertex 208.786 9.22687 0
      vertex 208.899 9.2356 0
    endloop
  endfacet
  facet normal 0.0239276 -0.999714 0
    outer loop
      vertex 208.664 9.22395 0
      vertex 208.786 9.22687 0.5
      vertex 208.664 9.22395 0.5
    endloop
  endfacet
  facet normal 0.0239276 -0.999714 0
    outer loop
      vertex 208.786 9.22687 0.5
      vertex 208.664 9.22395 0
      vertex 208.786 9.22687 0
    endloop
  endfacet
  facet normal 0 -1 0
    outer loop
      vertex 208.246 9.22395 0
      vertex 208.664 9.22395 0.5
      vertex 208.246 9.22395 0.5
    endloop
  endfacet
  facet normal 0 -1 -0
    outer loop
      vertex 208.664 9.22395 0.5
      vertex 208.246 9.22395 0
      vertex 208.664 9.22395 0
    endloop
  endfacet
  facet normal 1 -0 0
    outer loop
      vertex 208.246 8.55069 0.5
      vertex 208.246 9.22395 0
      vertex 208.246 9.22395 0.5
    endloop
  endfacet
  facet normal 1 0 0
    outer loop
      vertex 208.246 9.22395 0
      vertex 208.246 8.55069 0.5
      vertex 208.246 8.55069 0
    endloop
  endfacet
  facet normal 0 1 -0
    outer loop
      vertex 208.685 8.55069 0
      vertex 208.246 8.55069 0.5
      vertex 208.685 8.55069 0.5
    endloop
  endfacet
  facet normal 0 1 0
    outer loop
      vertex 208.246 8.55069 0.5
      vertex 208.685 8.55069 0
      vertex 208.246 8.55069 0
    endloop
  endfacet
  facet normal 0.0231131 0.999733 -0
    outer loop
      vertex 208.794 8.54817 0
      vertex 208.685 8.55069 0.5
      vertex 208.794 8.54817 0.5
    endloop
  endfacet
  facet normal 0.0231131 0.999733 0
    outer loop
      vertex 208.685 8.55069 0.5
      vertex 208.794 8.54817 0
      vertex 208.685 8.55069 0
    endloop
  endfacet
  facet normal 0.0751866 0.997169 -0
    outer loop
      vertex 208.894 8.54063 0
      vertex 208.794 8.54817 0.5
      vertex 208.894 8.54063 0.5
    endloop
  endfacet
  facet normal 0.0751866 0.997169 0
    outer loop
      vertex 208.794 8.54817 0.5
      vertex 208.894 8.54063 0
      vertex 208.794 8.54817 0
    endloop
  endfacet
  facet normal 0.135373 0.990795 -0
    outer loop
      vertex 208.986 8.52806 0
      vertex 208.894 8.54063 0.5
      vertex 208.986 8.52806 0.5
    endloop
  endfacet
  facet normal 0.135373 0.990795 0
    outer loop
      vertex 208.894 8.54063 0.5
      vertex 208.986 8.52806 0
      vertex 208.894 8.54063 0
    endloop
  endfacet
  facet normal 0.207549 0.978225 -0
    outer loop
      vertex 209.069 8.51045 0
      vertex 208.986 8.52806 0.5
      vertex 209.069 8.51045 0.5
    endloop
  endfacet
  facet normal 0.207549 0.978225 0
    outer loop
      vertex 208.986 8.52806 0.5
      vertex 209.069 8.51045 0
      vertex 208.986 8.52806 0
    endloop
  endfacet
  facet normal 0.28538 0.958414 -0
    outer loop
      vertex 209.145 8.48782 0
      vertex 209.069 8.51045 0.5
      vertex 209.145 8.48782 0.5
    endloop
  endfacet
  facet normal 0.28538 0.958414 0
    outer loop
      vertex 209.069 8.51045 0.5
      vertex 209.145 8.48782 0
      vertex 209.069 8.51045 0
    endloop
  endfacet
  facet normal 0.381478 0.924378 -0
    outer loop
      vertex 209.212 8.46017 0
      vertex 209.145 8.48782 0.5
      vertex 209.212 8.46017 0.5
    endloop
  endfacet
  facet normal 0.381478 0.924378 0
    outer loop
      vertex 209.145 8.48782 0.5
      vertex 209.212 8.46017 0
      vertex 209.145 8.48782 0
    endloop
  endfacet
  facet normal 0.484535 0.874772 -0
    outer loop
      vertex 209.271 8.42749 0
      vertex 209.212 8.46017 0.5
      vertex 209.271 8.42749 0.5
    endloop
  endfacet
  facet normal 0.484535 0.874772 0
    outer loop
      vertex 209.212 8.46017 0.5
      vertex 209.271 8.42749 0
      vertex 209.212 8.46017 0
    endloop
  endfacet
  facet normal 0.595758 0.803164 -0
    outer loop
      vertex 209.322 8.38966 0
      vertex 209.271 8.42749 0.5
      vertex 209.322 8.38966 0.5
    endloop
  endfacet
  facet normal 0.595758 0.803164 0
    outer loop
      vertex 209.271 8.42749 0.5
      vertex 209.322 8.38966 0
      vertex 209.271 8.42749 0
    endloop
  endfacet
  facet normal 0.699514 0.714619 -0
    outer loop
      vertex 209.366 8.34659 0
      vertex 209.322 8.38966 0.5
      vertex 209.366 8.34659 0.5
    endloop
  endfacet
  facet normal 0.699514 0.714619 0
    outer loop
      vertex 209.322 8.38966 0.5
      vertex 209.366 8.34659 0
      vertex 209.322 8.38966 0
    endloop
  endfacet
  facet normal 0.809923 0.586536 0
    outer loop
      vertex 209.401 8.29826 0.5
      vertex 209.366 8.34659 0
      vertex 209.366 8.34659 0.5
    endloop
  endfacet
  facet normal 0.809923 0.586536 0
    outer loop
      vertex 209.366 8.34659 0
      vertex 209.401 8.29826 0.5
      vertex 209.401 8.29826 0
    endloop
  endfacet
  facet normal 0.892989 0.450078 0
    outer loop
      vertex 209.428 8.24469 0.5
      vertex 209.401 8.29826 0
      vertex 209.401 8.29826 0.5
    endloop
  endfacet
  facet normal 0.892989 0.450078 0
    outer loop
      vertex 209.401 8.29826 0
      vertex 209.428 8.24469 0.5
      vertex 209.428 8.24469 0
    endloop
  endfacet
  facet normal 0.94675 0.321969 0
    outer loop
      vertex 209.448 8.18588 0.5
      vertex 209.428 8.24469 0
      vertex 209.428 8.24469 0.5
    endloop
  endfacet
  facet normal 0.94675 0.321969 0
    outer loop
      vertex 209.428 8.24469 0
      vertex 209.448 8.18588 0.5
      vertex 209.448 8.18588 0
    endloop
  endfacet
  facet normal 0.982909 0.184094 0
    outer loop
      vertex 209.46 8.12181 0.5
      vertex 209.448 8.18588 0
      vertex 209.448 8.18588 0.5
    endloop
  endfacet
  facet normal 0.982909 0.184094 0
    outer loop
      vertex 209.448 8.18588 0
      vertex 209.46 8.12181 0.5
      vertex 209.46 8.12181 0
    endloop
  endfacet
  facet normal 0.998339 0.0576076 0
    outer loop
      vertex 209.464 8.05249 0.5
      vertex 209.46 8.12181 0
      vertex 209.46 8.12181 0.5
    endloop
  endfacet
  facet normal 0.998339 0.0576076 0
    outer loop
      vertex 209.46 8.12181 0
      vertex 209.464 8.05249 0.5
      vertex 209.464 8.05249 0
    endloop
  endfacet
  facet normal 0.998075 -0.0620115 0
    outer loop
      vertex 209.46 7.98811 0.5
      vertex 209.464 8.05249 0
      vertex 209.464 8.05249 0.5
    endloop
  endfacet
  facet normal 0.998075 -0.0620115 0
    outer loop
      vertex 209.464 8.05249 0
      vertex 209.46 7.98811 0.5
      vertex 209.46 7.98811 0
    endloop
  endfacet
  facet normal 0.983644 -0.180125 0
    outer loop
      vertex 209.449 7.92804 0.5
      vertex 209.46 7.98811 0
      vertex 209.46 7.98811 0.5
    endloop
  endfacet
  facet normal 0.983644 -0.180125 0
    outer loop
      vertex 209.46 7.98811 0
      vertex 209.449 7.92804 0.5
      vertex 209.449 7.92804 0
    endloop
  endfacet
  facet normal 0.941283 -0.337619 0
    outer loop
      vertex 209.429 7.87228 0.5
      vertex 209.449 7.92804 0
      vertex 209.449 7.92804 0.5
    endloop
  endfacet
  facet normal 0.941283 -0.337619 0
    outer loop
      vertex 209.449 7.92804 0
      vertex 209.429 7.87228 0.5
      vertex 209.429 7.87228 0
    endloop
  endfacet
  facet normal 0.892511 -0.451026 0
    outer loop
      vertex 209.403 7.82083 0.5
      vertex 209.429 7.87228 0
      vertex 209.429 7.87228 0.5
    endloop
  endfacet
  facet normal 0.892511 -0.451026 0
    outer loop
      vertex 209.429 7.87228 0
      vertex 209.403 7.82083 0.5
      vertex 209.403 7.82083 0
    endloop
  endfacet
  facet normal 0.802832 -0.596205 0
    outer loop
      vertex 209.368 7.7737 0.5
      vertex 209.403 7.82083 0
      vertex 209.403 7.82083 0.5
    endloop
  endfacet
  facet normal 0.802832 -0.596205 0
    outer loop
      vertex 209.403 7.82083 0
      vertex 209.368 7.7737 0.5
      vertex 209.368 7.7737 0
    endloop
  endfacet
  facet normal 0.713909 -0.700238 0
    outer loop
      vertex 209.326 7.73088 0.5
      vertex 209.368 7.7737 0
      vertex 209.368 7.7737 0.5
    endloop
  endfacet
  facet normal 0.713909 -0.700238 0
    outer loop
      vertex 209.368 7.7737 0
      vertex 209.326 7.73088 0.5
      vertex 209.326 7.73088 0
    endloop
  endfacet
  facet normal 0.617921 -0.78624 0
    outer loop
      vertex 209.277 7.69237 0
      vertex 209.326 7.73088 0.5
      vertex 209.277 7.69237 0.5
    endloop
  endfacet
  facet normal 0.617921 -0.78624 0
    outer loop
      vertex 209.326 7.73088 0.5
      vertex 209.277 7.69237 0
      vertex 209.326 7.73088 0
    endloop
  endfacet
  facet normal 0.509716 -0.860343 0
    outer loop
      vertex 209.22 7.6586 0
      vertex 209.277 7.69237 0.5
      vertex 209.22 7.6586 0.5
    endloop
  endfacet
  facet normal 0.509716 -0.860343 0
    outer loop
      vertex 209.277 7.69237 0.5
      vertex 209.22 7.6586 0
      vertex 209.277 7.69237 0
    endloop
  endfacet
  facet normal 0.413128 -0.910673 0
    outer loop
      vertex 209.157 7.63002 0
      vertex 209.22 7.6586 0.5
      vertex 209.157 7.63002 0.5
    endloop
  endfacet
  facet normal 0.413128 -0.910673 0
    outer loop
      vertex 209.22 7.6586 0.5
      vertex 209.157 7.63002 0
      vertex 209.22 7.6586 0
    endloop
  endfacet
  facet normal 0.320918 -0.947107 0
    outer loop
      vertex 209.088 7.60664 0
      vertex 209.157 7.63002 0.5
      vertex 209.088 7.60664 0.5
    endloop
  endfacet
  facet normal 0.320918 -0.947107 0
    outer loop
      vertex 209.157 7.63002 0.5
      vertex 209.088 7.60664 0
      vertex 209.157 7.63002 0
    endloop
  endfacet
  facet normal 0.232526 -0.97259 0
    outer loop
      vertex 209.012 7.58847 0
      vertex 209.088 7.60664 0.5
      vertex 209.012 7.58847 0.5
    endloop
  endfacet
  facet normal 0.232526 -0.97259 0
    outer loop
      vertex 209.088 7.60664 0.5
      vertex 209.012 7.58847 0
      vertex 209.088 7.60664 0
    endloop
  endfacet
  facet normal 0.156346 -0.987702 0
    outer loop
      vertex 208.93 7.57549 0
      vertex 209.012 7.58847 0.5
      vertex 208.93 7.57549 0.5
    endloop
  endfacet
  facet normal 0.156346 -0.987702 0
    outer loop
      vertex 209.012 7.58847 0.5
      vertex 208.93 7.57549 0
      vertex 209.012 7.58847 0
    endloop
  endfacet
  facet normal 0.0882902 -0.996095 0
    outer loop
      vertex 208.842 7.56769 0
      vertex 208.93 7.57549 0.5
      vertex 208.842 7.56769 0.5
    endloop
  endfacet
  facet normal 0.0882902 -0.996095 0
    outer loop
      vertex 208.93 7.57549 0.5
      vertex 208.842 7.56769 0
      vertex 208.93 7.57549 0
    endloop
  endfacet
  facet normal 0.027649 -0.999618 0
    outer loop
      vertex 208.748 7.56509 0
      vertex 208.842 7.56769 0.5
      vertex 208.748 7.56509 0.5
    endloop
  endfacet
  facet normal 0.027649 -0.999618 0
    outer loop
      vertex 208.842 7.56769 0.5
      vertex 208.748 7.56509 0
      vertex 208.842 7.56769 0
    endloop
  endfacet
  facet normal -0.0158884 -0.999874 0
    outer loop
      vertex 208.675 7.56625 0
      vertex 208.748 7.56509 0.5
      vertex 208.675 7.56625 0.5
    endloop
  endfacet
  facet normal -0.0158884 -0.999874 -0
    outer loop
      vertex 208.748 7.56509 0.5
      vertex 208.675 7.56625 0
      vertex 208.748 7.56509 0
    endloop
  endfacet
  facet normal -0.0485538 -0.998821 0
    outer loop
      vertex 208.603 7.56975 0
      vertex 208.675 7.56625 0.5
      vertex 208.603 7.56975 0.5
    endloop
  endfacet
  facet normal -0.0485538 -0.998821 -0
    outer loop
      vertex 208.675 7.56625 0.5
      vertex 208.603 7.56975 0
      vertex 208.675 7.56625 0
    endloop
  endfacet
  facet normal -0.0793382 -0.996848 0
    outer loop
      vertex 208.53 7.57556 0
      vertex 208.603 7.56975 0.5
      vertex 208.53 7.57556 0.5
    endloop
  endfacet
  facet normal -0.0793382 -0.996848 -0
    outer loop
      vertex 208.603 7.56975 0.5
      vertex 208.53 7.57556 0
      vertex 208.603 7.56975 0
    endloop
  endfacet
  facet normal -0.112204 -0.993685 0
    outer loop
      vertex 208.458 7.58369 0
      vertex 208.53 7.57556 0.5
      vertex 208.458 7.58369 0.5
    endloop
  endfacet
  facet normal -0.112204 -0.993685 -0
    outer loop
      vertex 208.53 7.57556 0.5
      vertex 208.458 7.58369 0
      vertex 208.53 7.57556 0
    endloop
  endfacet
  facet normal -0.141972 -0.989871 0
    outer loop
      vertex 208.385 7.59416 0
      vertex 208.458 7.58369 0.5
      vertex 208.385 7.59416 0.5
    endloop
  endfacet
  facet normal -0.141972 -0.989871 -0
    outer loop
      vertex 208.458 7.58369 0.5
      vertex 208.385 7.59416 0
      vertex 208.458 7.58369 0
    endloop
  endfacet
  facet normal -0.170442 -0.985368 0
    outer loop
      vertex 208.311 7.60696 0
      vertex 208.385 7.59416 0.5
      vertex 208.311 7.60696 0.5
    endloop
  endfacet
  facet normal -0.170442 -0.985368 -0
    outer loop
      vertex 208.385 7.59416 0.5
      vertex 208.311 7.60696 0
      vertex 208.385 7.59416 0
    endloop
  endfacet
  facet normal -0.202947 -0.97919 0
    outer loop
      vertex 208.238 7.62209 0
      vertex 208.311 7.60696 0.5
      vertex 208.238 7.62209 0.5
    endloop
  endfacet
  facet normal -0.202947 -0.97919 -0
    outer loop
      vertex 208.311 7.60696 0.5
      vertex 208.238 7.62209 0
      vertex 208.311 7.60696 0
    endloop
  endfacet
  facet normal -0.228768 -0.973481 0
    outer loop
      vertex 208.164 7.63948 0
      vertex 208.238 7.62209 0.5
      vertex 208.164 7.63948 0.5
    endloop
  endfacet
  facet normal -0.228768 -0.973481 -0
    outer loop
      vertex 208.238 7.62209 0.5
      vertex 208.164 7.63948 0
      vertex 208.238 7.62209 0
    endloop
  endfacet
  facet normal -0.259433 -0.965761 0
    outer loop
      vertex 208.091 7.65909 0
      vertex 208.164 7.63948 0.5
      vertex 208.091 7.65909 0.5
    endloop
  endfacet
  facet normal -0.259433 -0.965761 -0
    outer loop
      vertex 208.164 7.63948 0.5
      vertex 208.091 7.65909 0
      vertex 208.164 7.63948 0
    endloop
  endfacet
  facet normal -0.282826 -0.959171 0
    outer loop
      vertex 208.017 7.68091 0
      vertex 208.091 7.65909 0.5
      vertex 208.017 7.68091 0.5
    endloop
  endfacet
  facet normal -0.282826 -0.959171 -0
    outer loop
      vertex 208.091 7.65909 0.5
      vertex 208.017 7.68091 0
      vertex 208.091 7.65909 0
    endloop
  endfacet
  facet normal -0.312908 -0.949783 0
    outer loop
      vertex 207.944 7.70496 0
      vertex 208.017 7.68091 0.5
      vertex 207.944 7.70496 0.5
    endloop
  endfacet
  facet normal -0.312908 -0.949783 -0
    outer loop
      vertex 208.017 7.68091 0.5
      vertex 207.944 7.70496 0
      vertex 208.017 7.68091 0
    endloop
  endfacet
  facet normal -0.338491 -0.94097 0
    outer loop
      vertex 207.871 7.73122 0
      vertex 207.944 7.70496 0.5
      vertex 207.871 7.73122 0.5
    endloop
  endfacet
  facet normal -0.338491 -0.94097 -0
    outer loop
      vertex 207.944 7.70496 0.5
      vertex 207.871 7.73122 0
      vertex 207.944 7.70496 0
    endloop
  endfacet
  facet normal -0.363124 -0.931741 0
    outer loop
      vertex 207.798 7.75967 0
      vertex 207.871 7.73122 0.5
      vertex 207.798 7.75967 0.5
    endloop
  endfacet
  facet normal -0.363124 -0.931741 -0
    outer loop
      vertex 207.871 7.73122 0.5
      vertex 207.798 7.75967 0
      vertex 207.871 7.73122 0
    endloop
  endfacet
  facet normal -0.387662 -0.921802 0
    outer loop
      vertex 207.725 7.79037 0
      vertex 207.798 7.75967 0.5
      vertex 207.725 7.79037 0.5
    endloop
  endfacet
  facet normal -0.387662 -0.921802 -0
    outer loop
      vertex 207.798 7.75967 0.5
      vertex 207.725 7.79037 0
      vertex 207.798 7.75967 0
    endloop
  endfacet
  facet normal 1 -0 0
    outer loop
      vertex 207.725 7.02493 0.5
      vertex 207.725 7.79037 0
      vertex 207.725 7.79037 0.5
    endloop
  endfacet
  facet normal 1 0 0
    outer loop
      vertex 207.725 7.79037 0
      vertex 207.725 7.02493 0.5
      vertex 207.725 7.02493 0
    endloop
  endfacet
  facet normal 0.262913 0.964819 -0
    outer loop
      vertex 207.813 7.00095 0
      vertex 207.725 7.02493 0.5
      vertex 207.813 7.00095 0.5
    endloop
  endfacet
  facet normal 0.262913 0.964819 0
    outer loop
      vertex 207.725 7.02493 0.5
      vertex 207.813 7.00095 0
      vertex 207.725 7.02493 0
    endloop
  endfacet
  facet normal 0.244713 0.969596 -0
    outer loop
      vertex 207.901 6.97874 0
      vertex 207.813 7.00095 0.5
      vertex 207.901 6.97874 0.5
    endloop
  endfacet
  facet normal 0.244713 0.969596 0
    outer loop
      vertex 207.813 7.00095 0.5
      vertex 207.901 6.97874 0
      vertex 207.813 7.00095 0
    endloop
  endfacet
  facet normal 0.226145 0.974094 -0
    outer loop
      vertex 207.989 6.95831 0
      vertex 207.901 6.97874 0.5
      vertex 207.989 6.95831 0.5
    endloop
  endfacet
  facet normal 0.226145 0.974094 0
    outer loop
      vertex 207.901 6.97874 0.5
      vertex 207.989 6.95831 0
      vertex 207.901 6.97874 0
    endloop
  endfacet
  facet normal 0.207221 0.978294 -0
    outer loop
      vertex 208.077 6.93967 0
      vertex 207.989 6.95831 0.5
      vertex 208.077 6.93967 0.5
    endloop
  endfacet
  facet normal 0.207221 0.978294 0
    outer loop
      vertex 207.989 6.95831 0.5
      vertex 208.077 6.93967 0
      vertex 207.989 6.95831 0
    endloop
  endfacet
  facet normal 0.190471 0.981693 -0
    outer loop
      vertex 208.164 6.92279 0
      vertex 208.077 6.93967 0.5
      vertex 208.164 6.92279 0.5
    endloop
  endfacet
  facet normal 0.190471 0.981693 0
    outer loop
      vertex 208.077 6.93967 0.5
      vertex 208.164 6.92279 0
      vertex 208.077 6.93967 0
    endloop
  endfacet
  facet normal 0.171117 0.985251 -0
    outer loop
      vertex 208.251 6.90768 0
      vertex 208.164 6.92279 0.5
      vertex 208.251 6.90768 0.5
    endloop
  endfacet
  facet normal 0.171117 0.985251 0
    outer loop
      vertex 208.164 6.92279 0.5
      vertex 208.251 6.90768 0
      vertex 208.164 6.92279 0
    endloop
  endfacet
  facet normal 0.15134 0.988482 -0
    outer loop
      vertex 208.338 6.89436 0
      vertex 208.251 6.90768 0.5
      vertex 208.338 6.89436 0.5
    endloop
  endfacet
  facet normal 0.15134 0.988482 0
    outer loop
      vertex 208.251 6.90768 0.5
      vertex 208.338 6.89436 0
      vertex 208.251 6.90768 0
    endloop
  endfacet
  facet normal 0.13138 0.991332 -0
    outer loop
      vertex 208.425 6.88283 0
      vertex 208.338 6.89436 0.5
      vertex 208.425 6.88283 0.5
    endloop
  endfacet
  facet normal 0.13138 0.991332 0
    outer loop
      vertex 208.338 6.89436 0.5
      vertex 208.425 6.88283 0
      vertex 208.338 6.89436 0
    endloop
  endfacet
  facet normal 0.112993 0.993596 -0
    outer loop
      vertex 208.511 6.87305 0
      vertex 208.425 6.88283 0.5
      vertex 208.511 6.87305 0.5
    endloop
  endfacet
  facet normal 0.112993 0.993596 0
    outer loop
      vertex 208.425 6.88283 0.5
      vertex 208.511 6.87305 0
      vertex 208.425 6.88283 0
    endloop
  endfacet
  facet normal 0.0926234 0.995701 -0
    outer loop
      vertex 208.597 6.86505 0
      vertex 208.511 6.87305 0.5
      vertex 208.597 6.86505 0.5
    endloop
  endfacet
  facet normal 0.0926234 0.995701 0
    outer loop
      vertex 208.511 6.87305 0.5
      vertex 208.597 6.86505 0
      vertex 208.511 6.87305 0
    endloop
  endfacet
  facet normal 0.0728646 0.997342 -0
    outer loop
      vertex 208.682 6.85884 0
      vertex 208.597 6.86505 0.5
      vertex 208.682 6.85884 0.5
    endloop
  endfacet
  facet normal 0.0728646 0.997342 0
    outer loop
      vertex 208.597 6.86505 0.5
      vertex 208.682 6.85884 0
      vertex 208.597 6.86505 0
    endloop
  endfacet
  facet normal 0.0521642 0.998639 -0
    outer loop
      vertex 208.767 6.8544 0
      vertex 208.682 6.85884 0.5
      vertex 208.767 6.8544 0.5
    endloop
  endfacet
  facet normal 0.0521642 0.998639 0
    outer loop
      vertex 208.682 6.85884 0.5
      vertex 208.767 6.8544 0
      vertex 208.682 6.85884 0
    endloop
  endfacet
  facet normal 0.0317697 0.999495 -0
    outer loop
      vertex 208.851 6.85173 0
      vertex 208.767 6.8544 0.5
      vertex 208.851 6.85173 0.5
    endloop
  endfacet
  facet normal 0.0317697 0.999495 0
    outer loop
      vertex 208.767 6.8544 0.5
      vertex 208.851 6.85173 0
      vertex 208.767 6.8544 0
    endloop
  endfacet
  facet normal 0.0104756 0.999945 -0
    outer loop
      vertex 208.935 6.85085 0
      vertex 208.851 6.85173 0.5
      vertex 208.935 6.85085 0.5
    endloop
  endfacet
  facet normal 0.0104756 0.999945 0
    outer loop
      vertex 208.851 6.85173 0.5
      vertex 208.935 6.85085 0
      vertex 208.851 6.85173 0
    endloop
  endfacet
  facet normal -0.0243706 0.999703 0
    outer loop
      vertex 209.152 6.85614 0
      vertex 208.935 6.85085 0.5
      vertex 209.152 6.85614 0.5
    endloop
  endfacet
  facet normal -0.0243706 0.999703 0
    outer loop
      vertex 208.935 6.85085 0.5
      vertex 209.152 6.85614 0
      vertex 208.935 6.85085 0
    endloop
  endfacet
  facet normal -0.0412039 0.999151 0
    outer loop
      vertex 205.483 6.85706 0
      vertex 205.37 6.8524 0.5
      vertex 205.483 6.85706 0.5
    endloop
  endfacet
  facet normal -0.0412039 0.999151 0
    outer loop
      vertex 205.37 6.8524 0.5
      vertex 205.483 6.85706 0
      vertex 205.37 6.8524 0
    endloop
  endfacet
  facet normal -0.0690314 0.997614 0
    outer loop
      vertex 205.595 6.86481 0
      vertex 205.483 6.85706 0.5
      vertex 205.595 6.86481 0.5
    endloop
  endfacet
  facet normal -0.0690314 0.997614 0
    outer loop
      vertex 205.483 6.85706 0.5
      vertex 205.595 6.86481 0
      vertex 205.483 6.85706 0
    endloop
  endfacet
  facet normal -0.0973729 0.995248 0
    outer loop
      vertex 205.706 6.87567 0
      vertex 205.595 6.86481 0.5
      vertex 205.706 6.87567 0.5
    endloop
  endfacet
  facet normal -0.0973729 0.995248 0
    outer loop
      vertex 205.595 6.86481 0.5
      vertex 205.706 6.87567 0
      vertex 205.595 6.86481 0
    endloop
  endfacet
  facet normal -0.127215 0.991875 0
    outer loop
      vertex 205.815 6.88965 0
      vertex 205.706 6.87567 0.5
      vertex 205.815 6.88965 0.5
    endloop
  endfacet
  facet normal -0.127215 0.991875 0
    outer loop
      vertex 205.706 6.87567 0.5
      vertex 205.815 6.88965 0
      vertex 205.706 6.87567 0
    endloop
  endfacet
  facet normal -0.156028 0.987753 0
    outer loop
      vertex 205.923 6.90671 0
      vertex 205.815 6.88965 0.5
      vertex 205.923 6.90671 0.5
    endloop
  endfacet
  facet normal -0.156028 0.987753 0
    outer loop
      vertex 205.815 6.88965 0.5
      vertex 205.923 6.90671 0
      vertex 205.815 6.88965 0
    endloop
  endfacet
  facet normal -0.187108 0.982339 0
    outer loop
      vertex 206.029 6.9269 0
      vertex 205.923 6.90671 0.5
      vertex 206.029 6.9269 0.5
    endloop
  endfacet
  facet normal -0.187108 0.982339 0
    outer loop
      vertex 205.923 6.90671 0.5
      vertex 206.029 6.9269 0
      vertex 205.923 6.90671 0
    endloop
  endfacet
  facet normal -0.215749 0.976449 0
    outer loop
      vertex 206.134 6.9501 0
      vertex 206.029 6.9269 0.5
      vertex 206.134 6.9501 0.5
    endloop
  endfacet
  facet normal -0.215749 0.976449 0
    outer loop
      vertex 206.029 6.9269 0.5
      vertex 206.134 6.9501 0
      vertex 206.029 6.9269 0
    endloop
  endfacet
  facet normal -0.246784 0.969071 0
    outer loop
      vertex 206.237 6.97633 0
      vertex 206.134 6.9501 0.5
      vertex 206.237 6.97633 0.5
    endloop
  endfacet
  facet normal -0.246784 0.969071 0
    outer loop
      vertex 206.134 6.9501 0.5
      vertex 206.237 6.97633 0
      vertex 206.134 6.9501 0
    endloop
  endfacet
  facet normal -0.275306 0.961357 0
    outer loop
      vertex 206.339 7.00554 0
      vertex 206.237 6.97633 0.5
      vertex 206.339 7.00554 0.5
    endloop
  endfacet
  facet normal -0.275306 0.961357 0
    outer loop
      vertex 206.237 6.97633 0.5
      vertex 206.339 7.00554 0
      vertex 206.237 6.97633 0
    endloop
  endfacet
  facet normal -0.306588 0.951842 0
    outer loop
      vertex 206.439 7.03775 0
      vertex 206.339 7.00554 0.5
      vertex 206.439 7.03775 0.5
    endloop
  endfacet
  facet normal -0.306588 0.951842 0
    outer loop
      vertex 206.339 7.00554 0.5
      vertex 206.439 7.03775 0
      vertex 206.339 7.00554 0
    endloop
  endfacet
  facet normal -0.338039 0.941132 0
    outer loop
      vertex 206.537 7.07295 0
      vertex 206.439 7.03775 0.5
      vertex 206.537 7.07295 0.5
    endloop
  endfacet
  facet normal -0.338039 0.941132 0
    outer loop
      vertex 206.439 7.03775 0.5
      vertex 206.537 7.07295 0
      vertex 206.439 7.03775 0
    endloop
  endfacet
  facet normal -0.369721 0.929143 0
    outer loop
      vertex 206.633 7.11115 0
      vertex 206.537 7.07295 0.5
      vertex 206.633 7.11115 0.5
    endloop
  endfacet
  facet normal -0.369721 0.929143 0
    outer loop
      vertex 206.537 7.07295 0.5
      vertex 206.633 7.11115 0
      vertex 206.537 7.07295 0
    endloop
  endfacet
  facet normal -0.397716 0.917509 0
    outer loop
      vertex 206.728 7.15233 0
      vertex 206.633 7.11115 0.5
      vertex 206.728 7.15233 0.5
    endloop
  endfacet
  facet normal -0.397716 0.917509 0
    outer loop
      vertex 206.633 7.11115 0.5
      vertex 206.728 7.15233 0
      vertex 206.633 7.11115 0
    endloop
  endfacet
  facet normal -1 0 0
    outer loop
      vertex 206.728 7.15233 0
      vertex 206.728 7.99005 0.5
      vertex 206.728 7.99005 0
    endloop
  endfacet
  facet normal -1 -0 0
    outer loop
      vertex 206.728 7.99005 0.5
      vertex 206.728 7.15233 0
      vertex 206.728 7.15233 0.5
    endloop
  endfacet
  facet normal 0.478789 -0.87793 0
    outer loop
      vertex 206.631 7.93715 0
      vertex 206.728 7.99005 0.5
      vertex 206.631 7.93715 0.5
    endloop
  endfacet
  facet normal 0.478789 -0.87793 0
    outer loop
      vertex 206.728 7.99005 0.5
      vertex 206.631 7.93715 0
      vertex 206.728 7.99005 0
    endloop
  endfacet
  facet normal 0.45023 -0.892912 0
    outer loop
      vertex 206.534 7.88824 0
      vertex 206.631 7.93715 0.5
      vertex 206.534 7.88824 0.5
    endloop
  endfacet
  facet normal 0.45023 -0.892912 0
    outer loop
      vertex 206.631 7.93715 0.5
      vertex 206.534 7.88824 0
      vertex 206.631 7.93715 0
    endloop
  endfacet
  facet normal 0.424047 -0.90564 0
    outer loop
      vertex 206.438 7.84329 0
      vertex 206.534 7.88824 0.5
      vertex 206.438 7.84329 0.5
    endloop
  endfacet
  facet normal 0.424047 -0.90564 0
    outer loop
      vertex 206.534 7.88824 0.5
      vertex 206.438 7.84329 0
      vertex 206.534 7.88824 0
    endloop
  endfacet
  facet normal 0.388927 -0.921268 0
    outer loop
      vertex 206.341 7.80234 0
      vertex 206.438 7.84329 0.5
      vertex 206.341 7.80234 0.5
    endloop
  endfacet
  facet normal 0.388927 -0.921268 0
    outer loop
      vertex 206.438 7.84329 0.5
      vertex 206.341 7.80234 0
      vertex 206.438 7.84329 0
    endloop
  endfacet
  facet normal 0.35963 -0.933095 0
    outer loop
      vertex 206.245 7.76534 0
      vertex 206.341 7.80234 0.5
      vertex 206.245 7.76534 0.5
    endloop
  endfacet
  facet normal 0.35963 -0.933095 0
    outer loop
      vertex 206.341 7.80234 0.5
      vertex 206.245 7.76534 0
      vertex 206.341 7.80234 0
    endloop
  endfacet
  facet normal 0.325168 -0.945656 0
    outer loop
      vertex 206.149 7.73233 0
      vertex 206.245 7.76534 0.5
      vertex 206.149 7.73233 0.5
    endloop
  endfacet
  facet normal 0.325168 -0.945656 0
    outer loop
      vertex 206.245 7.76534 0.5
      vertex 206.149 7.73233 0
      vertex 206.245 7.76534 0
    endloop
  endfacet
  facet normal 0.292331 -0.956317 0
    outer loop
      vertex 206.054 7.70329 0
      vertex 206.149 7.73233 0.5
      vertex 206.054 7.70329 0.5
    endloop
  endfacet
  facet normal 0.292331 -0.956317 0
    outer loop
      vertex 206.149 7.73233 0.5
      vertex 206.054 7.70329 0
      vertex 206.149 7.73233 0
    endloop
  endfacet
  facet normal 0.253238 -0.967404 0
    outer loop
      vertex 205.958 7.67816 0
      vertex 206.054 7.70329 0.5
      vertex 205.958 7.67816 0.5
    endloop
  endfacet
  facet normal 0.253238 -0.967404 0
    outer loop
      vertex 206.054 7.70329 0.5
      vertex 205.958 7.67816 0
      vertex 206.054 7.70329 0
    endloop
  endfacet
  facet normal 0.216123 -0.976366 0
    outer loop
      vertex 205.862 7.65691 0
      vertex 205.958 7.67816 0.5
      vertex 205.862 7.65691 0.5
    endloop
  endfacet
  facet normal 0.216123 -0.976366 0
    outer loop
      vertex 205.958 7.67816 0.5
      vertex 205.862 7.65691 0
      vertex 205.958 7.67816 0
    endloop
  endfacet
  facet normal 0.178146 -0.984004 0
    outer loop
      vertex 205.766 7.63953 0
      vertex 205.862 7.65691 0.5
      vertex 205.766 7.63953 0.5
    endloop
  endfacet
  facet normal 0.178146 -0.984004 0
    outer loop
      vertex 205.862 7.65691 0.5
      vertex 205.766 7.63953 0
      vertex 205.862 7.65691 0
    endloop
  endfacet
  facet normal 0.139659 -0.9902 0
    outer loop
      vertex 205.67 7.62599 0
      vertex 205.766 7.63953 0.5
      vertex 205.67 7.62599 0.5
    endloop
  endfacet
  facet normal 0.139659 -0.9902 0
    outer loop
      vertex 205.766 7.63953 0.5
      vertex 205.67 7.62599 0
      vertex 205.766 7.63953 0
    endloop
  endfacet
  facet normal 0.100119 -0.994975 0
    outer loop
      vertex 205.574 7.61633 0
      vertex 205.67 7.62599 0.5
      vertex 205.574 7.61633 0.5
    endloop
  endfacet
  facet normal 0.100119 -0.994975 0
    outer loop
      vertex 205.67 7.62599 0.5
      vertex 205.574 7.61633 0
      vertex 205.67 7.62599 0
    endloop
  endfacet
  facet normal 0.0603067 -0.99818 0
    outer loop
      vertex 205.478 7.61053 0
      vertex 205.574 7.61633 0.5
      vertex 205.478 7.61053 0.5
    endloop
  endfacet
  facet normal 0.0603067 -0.99818 0
    outer loop
      vertex 205.574 7.61633 0.5
      vertex 205.478 7.61053 0
      vertex 205.574 7.61633 0
    endloop
  endfacet
  facet normal 0.019996 -0.9998 0
    outer loop
      vertex 205.382 7.60861 0
      vertex 205.478 7.61053 0.5
      vertex 205.382 7.60861 0.5
    endloop
  endfacet
  facet normal 0.019996 -0.9998 0
    outer loop
      vertex 205.478 7.61053 0.5
      vertex 205.382 7.60861 0
      vertex 205.478 7.61053 0
    endloop
  endfacet
  facet normal -0.0413019 -0.999147 0
    outer loop
      vertex 205.21 7.61572 0
      vertex 205.382 7.60861 0.5
      vertex 205.21 7.61572 0.5
    endloop
  endfacet
  facet normal -0.0413019 -0.999147 -0
    outer loop
      vertex 205.382 7.60861 0.5
      vertex 205.21 7.61572 0
      vertex 205.382 7.60861 0
    endloop
  endfacet
  facet normal -0.131337 -0.991338 0
    outer loop
      vertex 205.049 7.63705 0
      vertex 205.21 7.61572 0.5
      vertex 205.049 7.63705 0.5
    endloop
  endfacet
  facet normal -0.131337 -0.991338 -0
    outer loop
      vertex 205.21 7.61572 0.5
      vertex 205.049 7.63705 0
      vertex 205.21 7.61572 0
    endloop
  endfacet
  facet normal -0.2322 -0.972668 0
    outer loop
      vertex 204.9 7.67262 0
      vertex 205.049 7.63705 0.5
      vertex 204.9 7.67262 0.5
    endloop
  endfacet
  facet normal -0.2322 -0.972668 -0
    outer loop
      vertex 205.049 7.63705 0.5
      vertex 204.9 7.67262 0
      vertex 205.049 7.63705 0
    endloop
  endfacet
  facet normal -0.341693 -0.939811 0
    outer loop
      vertex 204.763 7.72243 0
      vertex 204.9 7.67262 0.5
      vertex 204.763 7.72243 0.5
    endloop
  endfacet
  facet normal -0.341693 -0.939811 -0
    outer loop
      vertex 204.9 7.67262 0.5
      vertex 204.763 7.72243 0
      vertex 204.9 7.67262 0
    endloop
  endfacet
  facet normal -0.452922 -0.89155 0
    outer loop
      vertex 204.637 7.78644 0
      vertex 204.763 7.72243 0.5
      vertex 204.637 7.78644 0.5
    endloop
  endfacet
  facet normal -0.452922 -0.89155 -0
    outer loop
      vertex 204.763 7.72243 0.5
      vertex 204.637 7.78644 0
      vertex 204.763 7.72243 0
    endloop
  endfacet
  facet normal -0.565915 -0.824464 0
    outer loop
      vertex 204.523 7.86469 0
      vertex 204.637 7.78644 0.5
      vertex 204.523 7.86469 0.5
    endloop
  endfacet
  facet normal -0.565915 -0.824464 -0
    outer loop
      vertex 204.637 7.78644 0.5
      vertex 204.523 7.86469 0
      vertex 204.637 7.78644 0
    endloop
  endfacet
  facet normal -0.671689 -0.740833 0
    outer loop
      vertex 204.421 7.95717 0
      vertex 204.523 7.86469 0.5
      vertex 204.421 7.95717 0.5
    endloop
  endfacet
  facet normal -0.671689 -0.740833 -0
    outer loop
      vertex 204.523 7.86469 0.5
      vertex 204.421 7.95717 0
      vertex 204.523 7.86469 0
    endloop
  endfacet
  facet normal -0.761388 -0.648296 0
    outer loop
      vertex 204.421 7.95717 0
      vertex 204.331 8.06287 0.5
      vertex 204.331 8.06287 0
    endloop
  endfacet
  facet normal -0.761388 -0.648296 0
    outer loop
      vertex 204.331 8.06287 0.5
      vertex 204.421 7.95717 0
      vertex 204.421 7.95717 0.5
    endloop
  endfacet
  facet normal -0.840548 -0.541737 0
    outer loop
      vertex 204.331 8.06287 0
      vertex 204.255 8.18079 0.5
      vertex 204.255 8.18079 0
    endloop
  endfacet
  facet normal -0.840548 -0.541737 0
    outer loop
      vertex 204.255 8.18079 0.5
      vertex 204.331 8.06287 0
      vertex 204.331 8.06287 0.5
    endloop
  endfacet
  facet normal -0.902822 -0.430014 0
    outer loop
      vertex 204.255 8.18079 0
      vertex 204.193 8.31096 0.5
      vertex 204.193 8.31096 0
    endloop
  endfacet
  facet normal -0.902822 -0.430014 0
    outer loop
      vertex 204.193 8.31096 0.5
      vertex 204.255 8.18079 0
      vertex 204.255 8.18079 0.5
    endloop
  endfacet
  facet normal -0.947606 -0.31944 0
    outer loop
      vertex 204.193 8.31096 0
      vertex 204.145 8.45335 0.5
      vertex 204.145 8.45335 0
    endloop
  endfacet
  facet normal -0.947606 -0.31944 0
    outer loop
      vertex 204.145 8.45335 0.5
      vertex 204.193 8.31096 0
      vertex 204.193 8.31096 0.5
    endloop
  endfacet
  facet normal -0.976672 -0.214736 0
    outer loop
      vertex 204.145 8.45335 0
      vertex 204.111 8.60799 0.5
      vertex 204.111 8.60799 0
    endloop
  endfacet
  facet normal -0.976672 -0.214736 0
    outer loop
      vertex 204.111 8.60799 0.5
      vertex 204.145 8.45335 0
      vertex 204.145 8.45335 0.5
    endloop
  endfacet
  facet normal -0.992174 -0.124862 0
    outer loop
      vertex 204.111 8.60799 0
      vertex 204.09 8.77486 0.5
      vertex 204.09 8.77486 0
    endloop
  endfacet
  facet normal -0.992174 -0.124862 0
    outer loop
      vertex 204.09 8.77486 0.5
      vertex 204.111 8.60799 0
      vertex 204.111 8.60799 0.5
    endloop
  endfacet
  facet normal -0.999237 -0.0390545 0
    outer loop
      vertex 204.09 8.77486 0
      vertex 204.083 8.95396 0.5
      vertex 204.083 8.95396 0
    endloop
  endfacet
  facet normal -0.999237 -0.0390545 0
    outer loop
      vertex 204.083 8.95396 0.5
      vertex 204.09 8.77486 0
      vertex 204.09 8.77486 0.5
    endloop
  endfacet
  facet normal -0.999225 0.0393661 0
    outer loop
      vertex 204.083 8.95396 0
      vertex 204.09 9.13164 0.5
      vertex 204.09 9.13164 0
    endloop
  endfacet
  facet normal -0.999225 0.0393661 0
    outer loop
      vertex 204.09 9.13164 0.5
      vertex 204.083 8.95396 0
      vertex 204.083 8.95396 0.5
    endloop
  endfacet
  facet normal -0.992798 0.119802 0
    outer loop
      vertex 204.09 9.13164 0
      vertex 204.11 9.29738 0.5
      vertex 204.11 9.29738 0
    endloop
  endfacet
  facet normal -0.992798 0.119802 0
    outer loop
      vertex 204.11 9.29738 0.5
      vertex 204.09 9.13164 0
      vertex 204.09 9.13164 0.5
    endloop
  endfacet
  facet normal -0.977741 0.209816 0
    outer loop
      vertex 204.11 9.29738 0
      vertex 204.143 9.45116 0.5
      vertex 204.143 9.45116 0
    endloop
  endfacet
  facet normal -0.977741 0.209816 0
    outer loop
      vertex 204.143 9.45116 0.5
      vertex 204.11 9.29738 0
      vertex 204.11 9.29738 0.5
    endloop
  endfacet
  facet normal -0.951208 0.308551 0
    outer loop
      vertex 204.143 9.45116 0
      vertex 204.189 9.59297 0.5
      vertex 204.189 9.59297 0
    endloop
  endfacet
  facet normal -0.951208 0.308551 0
    outer loop
      vertex 204.189 9.59297 0.5
      vertex 204.143 9.45116 0
      vertex 204.143 9.45116 0.5
    endloop
  endfacet
  facet normal -0.9078 0.419404 0
    outer loop
      vertex 204.189 9.59297 0
      vertex 204.249 9.72284 0.5
      vertex 204.249 9.72284 0
    endloop
  endfacet
  facet normal -0.9078 0.419404 0
    outer loop
      vertex 204.249 9.72284 0.5
      vertex 204.189 9.59297 0
      vertex 204.189 9.59297 0.5
    endloop
  endfacet
  facet normal -0.850259 0.526365 0
    outer loop
      vertex 204.249 9.72284 0
      vertex 204.322 9.84076 0.5
      vertex 204.322 9.84076 0
    endloop
  endfacet
  facet normal -0.850259 0.526365 0
    outer loop
      vertex 204.322 9.84076 0.5
      vertex 204.249 9.72284 0
      vertex 204.249 9.72284 0.5
    endloop
  endfacet
  facet normal -0.776446 0.630184 0
    outer loop
      vertex 204.322 9.84076 0
      vertex 204.408 9.94672 0.5
      vertex 204.408 9.94672 0
    endloop
  endfacet
  facet normal -0.776446 0.630184 0
    outer loop
      vertex 204.408 9.94672 0.5
      vertex 204.322 9.84076 0
      vertex 204.322 9.84076 0.5
    endloop
  endfacet
  facet normal -0.683814 0.729657 0
    outer loop
      vertex 204.507 10.0395 0
      vertex 204.408 9.94672 0.5
      vertex 204.507 10.0395 0.5
    endloop
  endfacet
  facet normal -0.683814 0.729657 0
    outer loop
      vertex 204.408 9.94672 0.5
      vertex 204.507 10.0395 0
      vertex 204.408 9.94672 0
    endloop
  endfacet
  facet normal -0.581378 0.813634 0
    outer loop
      vertex 204.617 10.1181 0
      vertex 204.507 10.0395 0.5
      vertex 204.617 10.1181 0.5
    endloop
  endfacet
  facet normal -0.581378 0.813634 0
    outer loop
      vertex 204.507 10.0395 0.5
      vertex 204.617 10.1181 0
      vertex 204.507 10.0395 0
    endloop
  endfacet
  facet normal -0.468693 0.883361 0
    outer loop
      vertex 204.738 10.1823 0
      vertex 204.617 10.1181 0.5
      vertex 204.738 10.1823 0.5
    endloop
  endfacet
  facet normal -0.468693 0.883361 0
    outer loop
      vertex 204.617 10.1181 0.5
      vertex 204.738 10.1823 0
      vertex 204.617 10.1181 0
    endloop
  endfacet
  facet normal -0.354227 0.935159 0
    outer loop
      vertex 204.87 10.2323 0
      vertex 204.738 10.1823 0.5
      vertex 204.87 10.2323 0.5
    endloop
  endfacet
  facet normal -0.354227 0.935159 0
    outer loop
      vertex 204.738 10.1823 0.5
      vertex 204.87 10.2323 0
      vertex 204.738 10.1823 0
    endloop
  endfacet
  facet normal -0.242216 0.970222 0
    outer loop
      vertex 205.013 10.268 0
      vertex 204.87 10.2323 0.5
      vertex 205.013 10.268 0.5
    endloop
  endfacet
  facet normal -0.242216 0.970222 0
    outer loop
      vertex 204.87 10.2323 0.5
      vertex 205.013 10.268 0
      vertex 204.87 10.2323 0
    endloop
  endfacet
  facet normal -0.137394 0.990516 0
    outer loop
      vertex 205.168 10.2895 0
      vertex 205.013 10.268 0.5
      vertex 205.168 10.2895 0.5
    endloop
  endfacet
  facet normal -0.137394 0.990516 0
    outer loop
      vertex 205.013 10.268 0.5
      vertex 205.168 10.2895 0
      vertex 205.013 10.268 0
    endloop
  endfacet
  facet normal -0.0429905 0.999075 0
    outer loop
      vertex 205.333 10.2966 0
      vertex 205.168 10.2895 0.5
      vertex 205.333 10.2966 0.5
    endloop
  endfacet
  facet normal -0.0429905 0.999075 0
    outer loop
      vertex 205.168 10.2895 0.5
      vertex 205.333 10.2966 0
      vertex 205.168 10.2895 0
    endloop
  endfacet
  facet normal 0.00851033 0.999964 -0
    outer loop
      vertex 205.38 10.2962 0
      vertex 205.333 10.2966 0.5
      vertex 205.38 10.2962 0.5
    endloop
  endfacet
  facet normal 0.00851033 0.999964 0
    outer loop
      vertex 205.333 10.2966 0.5
      vertex 205.38 10.2962 0
      vertex 205.333 10.2966 0
    endloop
  endfacet
  facet normal 0.0288768 0.999583 -0
    outer loop
      vertex 205.425 10.2949 0
      vertex 205.38 10.2962 0.5
      vertex 205.425 10.2949 0.5
    endloop
  endfacet
  facet normal 0.0288768 0.999583 0
    outer loop
      vertex 205.38 10.2962 0.5
      vertex 205.425 10.2949 0
      vertex 205.38 10.2962 0
    endloop
  endfacet
  facet normal 0.0454077 0.998969 -0
    outer loop
      vertex 205.469 10.2929 0
      vertex 205.425 10.2949 0.5
      vertex 205.469 10.2929 0.5
    endloop
  endfacet
  facet normal 0.0454077 0.998969 0
    outer loop
      vertex 205.425 10.2949 0.5
      vertex 205.469 10.2929 0
      vertex 205.425 10.2949 0
    endloop
  endfacet
  facet normal 0.067289 0.997734 -0
    outer loop
      vertex 205.512 10.29 0
      vertex 205.469 10.2929 0.5
      vertex 205.512 10.29 0.5
    endloop
  endfacet
  facet normal 0.067289 0.997734 0
    outer loop
      vertex 205.469 10.2929 0.5
      vertex 205.512 10.29 0
      vertex 205.469 10.2929 0
    endloop
  endfacet
  facet normal 0.0901081 0.995932 -0
    outer loop
      vertex 205.554 10.2862 0
      vertex 205.512 10.29 0.5
      vertex 205.554 10.2862 0.5
    endloop
  endfacet
  facet normal 0.0901081 0.995932 0
    outer loop
      vertex 205.512 10.29 0.5
      vertex 205.554 10.2862 0
      vertex 205.512 10.29 0
    endloop
  endfacet
  facet normal 0.106533 0.994309 -0
    outer loop
      vertex 205.596 10.2817 0
      vertex 205.554 10.2862 0.5
      vertex 205.596 10.2817 0.5
    endloop
  endfacet
  facet normal 0.106533 0.994309 0
    outer loop
      vertex 205.554 10.2862 0.5
      vertex 205.596 10.2817 0
      vertex 205.554 10.2862 0
    endloop
  endfacet
  facet normal 0.133786 0.99101 -0
    outer loop
      vertex 205.636 10.2763 0
      vertex 205.596 10.2817 0.5
      vertex 205.636 10.2763 0.5
    endloop
  endfacet
  facet normal 0.133786 0.99101 0
    outer loop
      vertex 205.596 10.2817 0.5
      vertex 205.636 10.2763 0
      vertex 205.596 10.2817 0
    endloop
  endfacet
  facet normal 0.159471 0.987203 -0
    outer loop
      vertex 205.675 10.27 0
      vertex 205.636 10.2763 0.5
      vertex 205.675 10.27 0.5
    endloop
  endfacet
  facet normal 0.159471 0.987203 0
    outer loop
      vertex 205.636 10.2763 0.5
      vertex 205.675 10.27 0
      vertex 205.636 10.2763 0
    endloop
  endfacet
  facet normal 0.186162 0.982519 -0
    outer loop
      vertex 205.713 10.2628 0
      vertex 205.675 10.27 0.5
      vertex 205.713 10.2628 0.5
    endloop
  endfacet
  facet normal 0.186162 0.982519 0
    outer loop
      vertex 205.675 10.27 0.5
      vertex 205.713 10.2628 0
      vertex 205.675 10.27 0
    endloop
  endfacet
  facet normal 0.216372 0.976311 -0
    outer loop
      vertex 205.75 10.2546 0
      vertex 205.713 10.2628 0.5
      vertex 205.75 10.2546 0.5
    endloop
  endfacet
  facet normal 0.216372 0.976311 0
    outer loop
      vertex 205.713 10.2628 0.5
      vertex 205.75 10.2546 0
      vertex 205.713 10.2628 0
    endloop
  endfacet
  facet normal 0.245069 0.969506 -0
    outer loop
      vertex 205.786 10.2455 0
      vertex 205.75 10.2546 0.5
      vertex 205.786 10.2455 0.5
    endloop
  endfacet
  facet normal 0.245069 0.969506 0
    outer loop
      vertex 205.75 10.2546 0.5
      vertex 205.786 10.2455 0
      vertex 205.75 10.2546 0
    endloop
  endfacet
  facet normal 0.274721 0.961524 -0
    outer loop
      vertex 205.821 10.2355 0
      vertex 205.786 10.2455 0.5
      vertex 205.821 10.2355 0.5
    endloop
  endfacet
  facet normal 0.274721 0.961524 0
    outer loop
      vertex 205.786 10.2455 0.5
      vertex 205.821 10.2355 0
      vertex 205.786 10.2455 0
    endloop
  endfacet
  facet normal 0.316228 0.948683 -0
    outer loop
      vertex 205.854 10.2245 0
      vertex 205.821 10.2355 0.5
      vertex 205.854 10.2245 0.5
    endloop
  endfacet
  facet normal 0.316228 0.948683 0
    outer loop
      vertex 205.821 10.2355 0.5
      vertex 205.854 10.2245 0
      vertex 205.821 10.2355 0
    endloop
  endfacet
  facet normal 0.339224 0.940706 -0
    outer loop
      vertex 205.887 10.2126 0
      vertex 205.854 10.2245 0.5
      vertex 205.887 10.2126 0.5
    endloop
  endfacet
  facet normal 0.339224 0.940706 0
    outer loop
      vertex 205.854 10.2245 0.5
      vertex 205.887 10.2126 0
      vertex 205.854 10.2245 0
    endloop
  endfacet
  facet normal 1 -0 0
    outer loop
      vertex 205.887 9.42619 0.5
      vertex 205.887 10.2126 0
      vertex 205.887 10.2126 0.5
    endloop
  endfacet
  facet normal 1 0 0
    outer loop
      vertex 205.887 10.2126 0
      vertex 205.887 9.42619 0.5
      vertex 205.887 9.42619 0
    endloop
  endfacet
  facet normal 0 -1 0
    outer loop
      vertex 205.249 9.42619 0
      vertex 205.887 9.42619 0.5
      vertex 205.249 9.42619 0.5
    endloop
  endfacet
  facet normal 0 -1 -0
    outer loop
      vertex 205.887 9.42619 0.5
      vertex 205.249 9.42619 0
      vertex 205.887 9.42619 0
    endloop
  endfacet
  facet normal 1 -0 0
    outer loop
      vertex 205.249 8.72733 0.5
      vertex 205.249 9.42619 0
      vertex 205.249 9.42619 0.5
    endloop
  endfacet
  facet normal 1 0 0
    outer loop
      vertex 205.249 9.42619 0
      vertex 205.249 8.72733 0.5
      vertex 205.249 8.72733 0
    endloop
  endfacet
  facet normal 0 1 -0
    outer loop
      vertex 206.877 8.72733 0
      vertex 205.249 8.72733 0.5
      vertex 206.877 8.72733 0.5
    endloop
  endfacet
  facet normal 0 1 0
    outer loop
      vertex 205.249 8.72733 0.5
      vertex 206.877 8.72733 0
      vertex 205.249 8.72733 0
    endloop
  endfacet
  facet normal -1 0 0
    outer loop
      vertex 206.877 8.72733 0
      vertex 206.877 10.6741 0.5
      vertex 206.877 10.6741 0
    endloop
  endfacet
  facet normal -1 -0 0
    outer loop
      vertex 206.877 10.6741 0.5
      vertex 206.877 8.72733 0
      vertex 206.877 8.72733 0.5
    endloop
  endfacet
  facet normal -0.423771 -0.905769 0
    outer loop
      vertex 206.765 10.7265 0
      vertex 206.877 10.6741 0.5
      vertex 206.765 10.7265 0.5
    endloop
  endfacet
  facet normal -0.423771 -0.905769 -0
    outer loop
      vertex 206.877 10.6741 0.5
      vertex 206.765 10.7265 0
      vertex 206.877 10.6741 0
    endloop
  endfacet
  facet normal -0.391482 -0.920186 0
    outer loop
      vertex 206.651 10.775 0
      vertex 206.765 10.7265 0.5
      vertex 206.651 10.775 0.5
    endloop
  endfacet
  facet normal -0.391482 -0.920186 -0
    outer loop
      vertex 206.765 10.7265 0.5
      vertex 206.651 10.775 0
      vertex 206.765 10.7265 0
    endloop
  endfacet
  facet normal -0.364338 -0.931267 0
    outer loop
      vertex 206.537 10.8196 0
      vertex 206.651 10.775 0.5
      vertex 206.537 10.8196 0.5
    endloop
  endfacet
  facet normal -0.364338 -0.931267 -0
    outer loop
      vertex 206.651 10.775 0.5
      vertex 206.537 10.8196 0
      vertex 206.651 10.775 0
    endloop
  endfacet
  facet normal -0.331799 -0.94335 0
    outer loop
      vertex 206.421 10.8604 0
      vertex 206.537 10.8196 0.5
      vertex 206.421 10.8604 0.5
    endloop
  endfacet
  facet normal -0.331799 -0.94335 -0
    outer loop
      vertex 206.537 10.8196 0.5
      vertex 206.421 10.8604 0
      vertex 206.537 10.8196 0
    endloop
  endfacet
  facet normal -0.300039 -0.953927 0
    outer loop
      vertex 206.304 10.8972 0
      vertex 206.421 10.8604 0.5
      vertex 206.304 10.8972 0.5
    endloop
  endfacet
  facet normal -0.300039 -0.953927 -0
    outer loop
      vertex 206.421 10.8604 0.5
      vertex 206.304 10.8972 0
      vertex 206.421 10.8604 0
    endloop
  endfacet
  facet normal -0.267226 -0.963634 0
    outer loop
      vertex 206.185 10.9302 0
      vertex 206.304 10.8972 0.5
      vertex 206.185 10.9302 0.5
    endloop
  endfacet
  facet normal -0.267226 -0.963634 -0
    outer loop
      vertex 206.304 10.8972 0.5
      vertex 206.185 10.9302 0
      vertex 206.304 10.8972 0
    endloop
  endfacet
  facet normal -0.237539 -0.971378 0
    outer loop
      vertex 206.066 10.9593 0
      vertex 206.185 10.9302 0.5
      vertex 206.066 10.9593 0.5
    endloop
  endfacet
  facet normal -0.237539 -0.971378 -0
    outer loop
      vertex 206.185 10.9302 0.5
      vertex 206.066 10.9593 0
      vertex 206.185 10.9302 0
    endloop
  endfacet
  facet normal -0.20389 -0.978994 0
    outer loop
      vertex 205.945 10.9845 0
      vertex 206.066 10.9593 0.5
      vertex 205.945 10.9845 0.5
    endloop
  endfacet
  facet normal -0.20389 -0.978994 -0
    outer loop
      vertex 206.066 10.9593 0.5
      vertex 205.945 10.9845 0
      vertex 206.066 10.9593 0
    endloop
  endfacet
  facet normal -0.172772 -0.984962 0
    outer loop
      vertex 205.823 11.0059 0
      vertex 205.945 10.9845 0.5
      vertex 205.823 11.0059 0.5
    endloop
  endfacet
  facet normal -0.172772 -0.984962 -0
    outer loop
      vertex 205.945 10.9845 0.5
      vertex 205.823 11.0059 0
      vertex 205.945 10.9845 0
    endloop
  endfacet
  facet normal -0.140069 -0.990142 0
    outer loop
      vertex 205.7 11.0233 0
      vertex 205.823 11.0059 0.5
      vertex 205.7 11.0233 0.5
    endloop
  endfacet
  facet normal -0.140069 -0.990142 -0
    outer loop
      vertex 205.823 11.0059 0.5
      vertex 205.7 11.0233 0
      vertex 205.823 11.0059 0
    endloop
  endfacet
  facet normal -0.109024 -0.994039 0
    outer loop
      vertex 205.576 11.0369 0
      vertex 205.7 11.0233 0.5
      vertex 205.576 11.0369 0.5
    endloop
  endfacet
  facet normal -0.109024 -0.994039 -0
    outer loop
      vertex 205.7 11.0233 0.5
      vertex 205.576 11.0369 0
      vertex 205.7 11.0233 0
    endloop
  endfacet
  facet normal -0.0773674 -0.997003 0
    outer loop
      vertex 205.451 11.0466 0
      vertex 205.576 11.0369 0.5
      vertex 205.451 11.0466 0.5
    endloop
  endfacet
  facet normal -0.0773674 -0.997003 -0
    outer loop
      vertex 205.576 11.0369 0.5
      vertex 205.451 11.0466 0
      vertex 205.576 11.0369 0
    endloop
  endfacet
  facet normal -0.0459831 -0.998942 0
    outer loop
      vertex 205.325 11.0524 0
      vertex 205.451 11.0466 0.5
      vertex 205.325 11.0524 0.5
    endloop
  endfacet
  facet normal -0.0459831 -0.998942 -0
    outer loop
      vertex 205.451 11.0466 0.5
      vertex 205.325 11.0524 0
      vertex 205.451 11.0466 0
    endloop
  endfacet
  facet normal -0.0157461 -0.999876 0
    outer loop
      vertex 205.198 11.0544 0
      vertex 205.325 11.0524 0.5
      vertex 205.198 11.0544 0.5
    endloop
  endfacet
  facet normal -0.0157461 -0.999876 -0
    outer loop
      vertex 205.325 11.0524 0.5
      vertex 205.198 11.0544 0
      vertex 205.325 11.0524 0
    endloop
  endfacet
  facet normal 0.041246 -0.999149 0
    outer loop
      vertex 204.917 11.0428 0
      vertex 205.198 11.0544 0.5
      vertex 204.917 11.0428 0.5
    endloop
  endfacet
  facet normal 0.041246 -0.999149 0
    outer loop
      vertex 205.198 11.0544 0.5
      vertex 204.917 11.0428 0
      vertex 205.198 11.0544 0
    endloop
  endfacet
  facet normal 0.130435 -0.991457 0
    outer loop
      vertex 204.654 11.0082 0
      vertex 204.917 11.0428 0.5
      vertex 204.654 11.0082 0.5
    endloop
  endfacet
  facet normal 0.130435 -0.991457 0
    outer loop
      vertex 204.917 11.0428 0.5
      vertex 204.654 11.0082 0
      vertex 204.917 11.0428 0
    endloop
  endfacet
  facet normal 0.228731 -0.97349 0
    outer loop
      vertex 204.408 10.9504 0
      vertex 204.654 11.0082 0.5
      vertex 204.408 10.9504 0.5
    endloop
  endfacet
  facet normal 0.228731 -0.97349 0
    outer loop
      vertex 204.654 11.0082 0.5
      vertex 204.408 10.9504 0
      vertex 204.654 11.0082 0
    endloop
  endfacet
  facet normal 0.332734 -0.943021 0
    outer loop
      vertex 204.179 10.8696 0
      vertex 204.408 10.9504 0.5
      vertex 204.179 10.8696 0.5
    endloop
  endfacet
  facet normal 0.332734 -0.943021 0
    outer loop
      vertex 204.408 10.9504 0.5
      vertex 204.179 10.8696 0
      vertex 204.408 10.9504 0
    endloop
  endfacet
  facet normal 0.440084 -0.897957 0
    outer loop
      vertex 203.967 10.7657 0
      vertex 204.179 10.8696 0.5
      vertex 203.967 10.7657 0.5
    endloop
  endfacet
  facet normal 0.440084 -0.897957 0
    outer loop
      vertex 204.179 10.8696 0.5
      vertex 203.967 10.7657 0
      vertex 204.179 10.8696 0
    endloop
  endfacet
  facet normal 0.545743 -0.837952 0
    outer loop
      vertex 203.772 10.6387 0
      vertex 203.967 10.7657 0.5
      vertex 203.772 10.6387 0.5
    endloop
  endfacet
  facet normal 0.545743 -0.837952 0
    outer loop
      vertex 203.967 10.7657 0.5
      vertex 203.772 10.6387 0
      vertex 203.967 10.7657 0
    endloop
  endfacet
  facet normal 0.646772 -0.762683 0
    outer loop
      vertex 203.595 10.4886 0
      vertex 203.772 10.6387 0.5
      vertex 203.595 10.4886 0.5
    endloop
  endfacet
  facet normal 0.646772 -0.762683 0
    outer loop
      vertex 203.772 10.6387 0.5
      vertex 203.595 10.4886 0
      vertex 203.772 10.6387 0
    endloop
  endfacet
  facet normal 0.734439 -0.678675 0
    outer loop
      vertex 203.438 10.3187 0.5
      vertex 203.595 10.4886 0
      vertex 203.595 10.4886 0.5
    endloop
  endfacet
  facet normal 0.734439 -0.678675 0
    outer loop
      vertex 203.595 10.4886 0
      vertex 203.438 10.3187 0.5
      vertex 203.438 10.3187 0
    endloop
  endfacet
  facet normal 0.814028 -0.580825 0
    outer loop
      vertex 203.305 10.1323 0.5
      vertex 203.438 10.3187 0
      vertex 203.438 10.3187 0.5
    endloop
  endfacet
  facet normal 0.814028 -0.580825 0
    outer loop
      vertex 203.438 10.3187 0
      vertex 203.305 10.1323 0.5
      vertex 203.305 10.1323 0
    endloop
  endfacet
  facet normal 0.882575 -0.470172 0
    outer loop
      vertex 203.197 9.92957 0.5
      vertex 203.305 10.1323 0
      vertex 203.305 10.1323 0.5
    endloop
  endfacet
  facet normal 0.882575 -0.470172 0
    outer loop
      vertex 203.305 10.1323 0
      vertex 203.197 9.92957 0.5
      vertex 203.197 9.92957 0
    endloop
  endfacet
  facet normal 0.932378 -0.361486 0
    outer loop
      vertex 203.112 9.71033 0.5
      vertex 203.197 9.92957 0
      vertex 203.197 9.92957 0.5
    endloop
  endfacet
  facet normal 0.932378 -0.361486 0
    outer loop
      vertex 203.197 9.92957 0
      vertex 203.112 9.71033 0.5
      vertex 203.112 9.71033 0
    endloop
  endfacet
  facet normal 0.969086 -0.246723 0
    outer loop
      vertex 203.052 9.47466 0.5
      vertex 203.112 9.71033 0
      vertex 203.112 9.71033 0.5
    endloop
  endfacet
  facet normal 0.969086 -0.246723 0
    outer loop
      vertex 203.112 9.71033 0
      vertex 203.052 9.47466 0.5
      vertex 203.052 9.47466 0
    endloop
  endfacet
  facet normal 0.98996 -0.14135 0
    outer loop
      vertex 203.016 9.22253 0.5
      vertex 203.052 9.47466 0
      vertex 203.052 9.47466 0.5
    endloop
  endfacet
  facet normal 0.98996 -0.14135 0
    outer loop
      vertex 203.052 9.47466 0
      vertex 203.016 9.22253 0.5
      vertex 203.016 9.22253 0
    endloop
  endfacet
  facet normal 0.998831 -0.0483479 0
    outer loop
      vertex 203.003 8.95396 0.5
      vertex 203.016 9.22253 0
      vertex 203.016 9.22253 0.5
    endloop
  endfacet
  facet normal 0.998831 -0.0483479 0
    outer loop
      vertex 203.016 9.22253 0
      vertex 203.003 8.95396 0.5
      vertex 203.003 8.95396 0
    endloop
  endfacet
  facet normal 0.998854 0.047852 0
    outer loop
      vertex 203.016 8.6826 0.5
      vertex 203.003 8.95396 0
      vertex 203.003 8.95396 0.5
    endloop
  endfacet
  facet normal 0.998854 0.047852 0
    outer loop
      vertex 203.003 8.95396 0
      vertex 203.016 8.6826 0.5
      vertex 203.016 8.6826 0
    endloop
  endfacet
  facet normal 0.989582 0.14397 0
    outer loop
      vertex 203.053 8.42828 0.5
      vertex 203.016 8.6826 0
      vertex 203.016 8.6826 0.5
    endloop
  endfacet
  facet normal 0.989582 0.14397 0
    outer loop
      vertex 203.016 8.6826 0
      vertex 203.053 8.42828 0.5
      vertex 203.053 8.42828 0
    endloop
  endfacet
  facet normal 0.968497 0.249024 0
    outer loop
      vertex 203.114 8.19104 0.5
      vertex 203.053 8.42828 0
      vertex 203.053 8.42828 0.5
    endloop
  endfacet
  facet normal 0.968497 0.249024 0
    outer loop
      vertex 203.053 8.42828 0
      vertex 203.114 8.19104 0.5
      vertex 203.114 8.19104 0
    endloop
  endfacet
  facet normal 0.93148 0.363793 0
    outer loop
      vertex 203.2 7.97084 0.5
      vertex 203.114 8.19104 0
      vertex 203.114 8.19104 0.5
    endloop
  endfacet
  facet normal 0.93148 0.363793 0
    outer loop
      vertex 203.114 8.19104 0
      vertex 203.2 7.97084 0.5
      vertex 203.2 7.97084 0
    endloop
  endfacet
  facet normal 0.877539 0.479506 0
    outer loop
      vertex 203.311 7.7677 0.5
      vertex 203.2 7.97084 0
      vertex 203.2 7.97084 0.5
    endloop
  endfacet
  facet normal 0.877539 0.479506 0
    outer loop
      vertex 203.2 7.97084 0
      vertex 203.311 7.7677 0.5
      vertex 203.311 7.7677 0
    endloop
  endfacet
  facet normal 0.809405 0.587251 0
    outer loop
      vertex 203.446 7.58163 0.5
      vertex 203.311 7.7677 0
      vertex 203.311 7.7677 0.5
    endloop
  endfacet
  facet normal 0.809405 0.587251 0
    outer loop
      vertex 203.311 7.7677 0
      vertex 203.446 7.58163 0.5
      vertex 203.446 7.58163 0
    endloop
  endfacet
  facet normal 0.726219 0.687463 0
    outer loop
      vertex 203.606 7.41261 0.5
      vertex 203.446 7.58163 0
      vertex 203.446 7.58163 0.5
    endloop
  endfacet
  facet normal 0.726219 0.687463 0
    outer loop
      vertex 203.446 7.58163 0
      vertex 203.606 7.41261 0.5
      vertex 203.606 7.41261 0
    endloop
  endfacet
  facet normal 0.635659 0.77197 -0
    outer loop
      vertex 203.787 7.26357 0
      vertex 203.606 7.41261 0.5
      vertex 203.787 7.26357 0.5
    endloop
  endfacet
  facet normal 0.635659 0.77197 0
    outer loop
      vertex 203.606 7.41261 0.5
      vertex 203.787 7.26357 0
      vertex 203.606 7.41261 0
    endloop
  endfacet
  facet normal 0.535254 0.844691 -0
    outer loop
      vertex 203.986 7.13747 0
      vertex 203.787 7.26357 0.5
      vertex 203.986 7.13747 0.5
    endloop
  endfacet
  facet normal 0.535254 0.844691 0
    outer loop
      vertex 203.787 7.26357 0.5
      vertex 203.986 7.13747 0
      vertex 203.787 7.26357 0
    endloop
  endfacet
  facet normal 0.429413 0.903108 -0
    outer loop
      vertex 204.203 7.03429 0
      vertex 203.986 7.13747 0.5
      vertex 204.203 7.03429 0.5
    endloop
  endfacet
  facet normal 0.429413 0.903108 0
    outer loop
      vertex 203.986 7.13747 0.5
      vertex 204.203 7.03429 0
      vertex 203.986 7.13747 0
    endloop
  endfacet
  facet normal 0.321975 0.946748 -0
    outer loop
      vertex 204.439 6.95403 0
      vertex 204.203 7.03429 0.5
      vertex 204.439 6.95403 0.5
    endloop
  endfacet
  facet normal 0.321975 0.946748 0
    outer loop
      vertex 204.203 7.03429 0.5
      vertex 204.439 6.95403 0
      vertex 204.203 7.03429 0
    endloop
  endfacet
  facet normal 0.22017 0.975461 -0
    outer loop
      vertex 204.693 6.8967 0
      vertex 204.439 6.95403 0.5
      vertex 204.693 6.8967 0.5
    endloop
  endfacet
  facet normal 0.22017 0.975461 0
    outer loop
      vertex 204.439 6.95403 0.5
      vertex 204.693 6.8967 0
      vertex 204.439 6.95403 0
    endloop
  endfacet
  facet normal 0.125471 0.992097 -0
    outer loop
      vertex 204.965 6.8623 0
      vertex 204.693 6.8967 0.5
      vertex 204.965 6.8623 0.5
    endloop
  endfacet
  facet normal 0.125471 0.992097 0
    outer loop
      vertex 204.693 6.8967 0.5
      vertex 204.965 6.8623 0
      vertex 204.693 6.8967 0
    endloop
  endfacet
  facet normal 0.039452 0.999221 -0
    outer loop
      vertex 205.255 6.85085 0
      vertex 204.965 6.8623 0.5
      vertex 205.255 6.85085 0.5
    endloop
  endfacet
  facet normal 0.039452 0.999221 0
    outer loop
      vertex 204.965 6.8623 0.5
      vertex 205.255 6.85085 0
      vertex 204.965 6.8623 0
    endloop
  endfacet
  facet normal -0.013477 0.999909 0
    outer loop
      vertex 205.37 6.8524 0
      vertex 205.255 6.85085 0.5
      vertex 205.37 6.8524 0.5
    endloop
  endfacet
  facet normal -0.013477 0.999909 0
    outer loop
      vertex 205.255 6.85085 0.5
      vertex 205.37 6.8524 0
      vertex 205.255 6.85085 0
    endloop
  endfacet
  facet normal -0.160419 0.987049 0
    outer loop
      vertex 177.889 6.89549 0
      vertex 177.683 6.86201 0.5
      vertex 177.889 6.89549 0.5
    endloop
  endfacet
  facet normal -0.160419 0.987049 0
    outer loop
      vertex 177.683 6.86201 0.5
      vertex 177.889 6.89549 0
      vertex 177.683 6.86201 0
    endloop
  endfacet
  facet normal -0.281784 0.959478 0
    outer loop
      vertex 178.079 6.95129 0
      vertex 177.889 6.89549 0.5
      vertex 178.079 6.95129 0.5
    endloop
  endfacet
  facet normal -0.281784 0.959478 0
    outer loop
      vertex 177.889 6.89549 0.5
      vertex 178.079 6.95129 0
      vertex 177.889 6.89549 0
    endloop
  endfacet
  facet normal -0.405652 0.914028 0
    outer loop
      vertex 178.255 7.0294 0
      vertex 178.079 6.95129 0.5
      vertex 178.255 7.0294 0.5
    endloop
  endfacet
  facet normal -0.405652 0.914028 0
    outer loop
      vertex 178.079 6.95129 0.5
      vertex 178.255 7.0294 0
      vertex 178.079 6.95129 0
    endloop
  endfacet
  facet normal -0.529336 0.848413 0
    outer loop
      vertex 178.416 7.12985 0
      vertex 178.255 7.0294 0.5
      vertex 178.416 7.12985 0.5
    endloop
  endfacet
  facet normal -0.529336 0.848413 0
    outer loop
      vertex 178.255 7.0294 0.5
      vertex 178.416 7.12985 0
      vertex 178.255 7.0294 0
    endloop
  endfacet
  facet normal -0.640985 0.767553 0
    outer loop
      vertex 178.563 7.25261 0
      vertex 178.416 7.12985 0.5
      vertex 178.563 7.25261 0.5
    endloop
  endfacet
  facet normal -0.640985 0.767553 0
    outer loop
      vertex 178.416 7.12985 0.5
      vertex 178.563 7.25261 0
      vertex 178.416 7.12985 0
    endloop
  endfacet
  facet normal -0.742204 0.670174 0
    outer loop
      vertex 178.563 7.25261 0
      vertex 178.694 7.39769 0.5
      vertex 178.694 7.39769 0
    endloop
  endfacet
  facet normal -0.742204 0.670174 0
    outer loop
      vertex 178.694 7.39769 0.5
      vertex 178.563 7.25261 0
      vertex 178.563 7.25261 0.5
    endloop
  endfacet
  facet normal -0.821467 0.570256 0
    outer loop
      vertex 178.694 7.39769 0
      vertex 178.809 7.56335 0.5
      vertex 178.809 7.56335 0
    endloop
  endfacet
  facet normal -0.821467 0.570256 0
    outer loop
      vertex 178.809 7.56335 0.5
      vertex 178.694 7.39769 0
      vertex 178.694 7.39769 0.5
    endloop
  endfacet
  facet normal -0.88321 0.468978 0
    outer loop
      vertex 178.809 7.56335 0
      vertex 178.907 7.74791 0.5
      vertex 178.907 7.74791 0
    endloop
  endfacet
  facet normal -0.88321 0.468978 0
    outer loop
      vertex 178.907 7.74791 0.5
      vertex 178.809 7.56335 0
      vertex 178.809 7.56335 0.5
    endloop
  endfacet
  facet normal -0.932183 0.361986 0
    outer loop
      vertex 178.907 7.74791 0
      vertex 178.986 7.95135 0.5
      vertex 178.986 7.95135 0
    endloop
  endfacet
  facet normal -0.932183 0.361986 0
    outer loop
      vertex 178.986 7.95135 0.5
      vertex 178.907 7.74791 0
      vertex 178.907 7.74791 0.5
    endloop
  endfacet
  facet normal -0.963247 0.268616 0
    outer loop
      vertex 178.986 7.95135 0
      vertex 179.048 8.17368 0.5
      vertex 179.048 8.17368 0
    endloop
  endfacet
  facet normal -0.963247 0.268616 0
    outer loop
      vertex 179.048 8.17368 0.5
      vertex 178.986 7.95135 0
      vertex 178.986 7.95135 0.5
    endloop
  endfacet
  facet normal -0.983039 0.183395 0
    outer loop
      vertex 179.048 8.17368 0
      vertex 179.093 8.41489 0.5
      vertex 179.093 8.41489 0
    endloop
  endfacet
  facet normal -0.983039 0.183395 0
    outer loop
      vertex 179.093 8.41489 0.5
      vertex 179.048 8.17368 0
      vertex 179.048 8.17368 0.5
    endloop
  endfacet
  facet normal -0.995041 0.0994658 0
    outer loop
      vertex 179.093 8.41489 0
      vertex 179.119 8.67499 0.5
      vertex 179.119 8.67499 0
    endloop
  endfacet
  facet normal -0.995041 0.0994658 0
    outer loop
      vertex 179.119 8.67499 0.5
      vertex 179.093 8.41489 0
      vertex 179.093 8.41489 0.5
    endloop
  endfacet
  facet normal -0.99948 0.0322448 0
    outer loop
      vertex 179.119 8.67499 0
      vertex 179.128 8.95396 0.5
      vertex 179.128 8.95396 0
    endloop
  endfacet
  facet normal -0.99948 0.0322448 0
    outer loop
      vertex 179.128 8.95396 0.5
      vertex 179.119 8.67499 0
      vertex 179.119 8.67499 0.5
    endloop
  endfacet
  facet normal -0.999477 -0.0323281 0
    outer loop
      vertex 179.128 8.95396 0
      vertex 179.119 9.23221 0.5
      vertex 179.119 9.23221 0
    endloop
  endfacet
  facet normal -0.999477 -0.0323281 0
    outer loop
      vertex 179.119 9.23221 0.5
      vertex 179.128 8.95396 0
      vertex 179.128 8.95396 0.5
    endloop
  endfacet
  facet normal -0.995018 -0.0996973 0
    outer loop
      vertex 179.119 9.23221 0
      vertex 179.093 9.4917 0.5
      vertex 179.093 9.4917 0
    endloop
  endfacet
  facet normal -0.995018 -0.0996973 0
    outer loop
      vertex 179.093 9.4917 0.5
      vertex 179.119 9.23221 0
      vertex 179.119 9.23221 0.5
    endloop
  endfacet
  facet normal -0.982972 -0.183756 0
    outer loop
      vertex 179.093 9.4917 0
      vertex 179.048 9.73242 0.5
      vertex 179.048 9.73242 0
    endloop
  endfacet
  facet normal -0.982972 -0.183756 0
    outer loop
      vertex 179.048 9.73242 0.5
      vertex 179.093 9.4917 0
      vertex 179.093 9.4917 0.5
    endloop
  endfacet
  facet normal -0.963125 -0.269054 0
    outer loop
      vertex 179.048 9.73242 0
      vertex 178.986 9.95436 0.5
      vertex 178.986 9.95436 0
    endloop
  endfacet
  facet normal -0.963125 -0.269054 0
    outer loop
      vertex 178.986 9.95436 0.5
      vertex 179.048 9.73242 0
      vertex 179.048 9.73242 0.5
    endloop
  endfacet
  facet normal -0.932003 -0.362451 0
    outer loop
      vertex 178.986 9.95436 0
      vertex 178.907 10.1575 0.5
      vertex 178.907 10.1575 0
    endloop
  endfacet
  facet normal -0.932003 -0.362451 0
    outer loop
      vertex 178.907 10.1575 0.5
      vertex 178.986 9.95436 0
      vertex 178.986 9.95436 0.5
    endloop
  endfacet
  facet normal -0.883041 -0.469295 0
    outer loop
      vertex 178.907 10.1575 0
      vertex 178.809 10.3419 0.5
      vertex 178.809 10.3419 0
    endloop
  endfacet
  facet normal -0.883041 -0.469295 0
    outer loop
      vertex 178.809 10.3419 0.5
      vertex 178.907 10.1575 0
      vertex 178.907 10.1575 0.5
    endloop
  endfacet
  facet normal -0.821531 -0.570164 0
    outer loop
      vertex 178.809 10.3419 0
      vertex 178.694 10.5076 0.5
      vertex 178.694 10.5076 0
    endloop
  endfacet
  facet normal -0.821531 -0.570164 0
    outer loop
      vertex 178.694 10.5076 0.5
      vertex 178.809 10.3419 0
      vertex 178.809 10.3419 0.5
    endloop
  endfacet
  facet normal -0.742021 -0.670377 0
    outer loop
      vertex 178.694 10.5076 0
      vertex 178.563 10.6526 0.5
      vertex 178.563 10.6526 0
    endloop
  endfacet
  facet normal -0.742021 -0.670377 0
    outer loop
      vertex 178.563 10.6526 0.5
      vertex 178.694 10.5076 0
      vertex 178.694 10.5076 0.5
    endloop
  endfacet
  facet normal -0.641108 -0.76745 0
    outer loop
      vertex 178.416 10.7754 0
      vertex 178.563 10.6526 0.5
      vertex 178.416 10.7754 0.5
    endloop
  endfacet
  facet normal -0.641108 -0.76745 -0
    outer loop
      vertex 178.563 10.6526 0.5
      vertex 178.416 10.7754 0
      vertex 178.563 10.6526 0
    endloop
  endfacet
  facet normal -0.529146 -0.848531 0
    outer loop
      vertex 178.255 10.8758 0
      vertex 178.416 10.7754 0.5
      vertex 178.255 10.8758 0.5
    endloop
  endfacet
  facet normal -0.529146 -0.848531 -0
    outer loop
      vertex 178.416 10.7754 0.5
      vertex 178.255 10.8758 0
      vertex 178.416 10.7754 0
    endloop
  endfacet
  facet normal -0.405608 -0.914047 0
    outer loop
      vertex 178.079 10.9539 0
      vertex 178.255 10.8758 0.5
      vertex 178.079 10.9539 0.5
    endloop
  endfacet
  facet normal -0.405608 -0.914047 -0
    outer loop
      vertex 178.255 10.8758 0.5
      vertex 178.079 10.9539 0
      vertex 178.255 10.8758 0
    endloop
  endfacet
  facet normal -0.281784 -0.959478 0
    outer loop
      vertex 177.889 11.0097 0
      vertex 178.079 10.9539 0.5
      vertex 177.889 11.0097 0.5
    endloop
  endfacet
  facet normal -0.281784 -0.959478 -0
    outer loop
      vertex 178.079 10.9539 0.5
      vertex 177.889 11.0097 0
      vertex 178.079 10.9539 0
    endloop
  endfacet
  facet normal -0.160513 -0.987034 0
    outer loop
      vertex 177.683 11.0432 0
      vertex 177.889 11.0097 0.5
      vertex 177.683 11.0432 0.5
    endloop
  endfacet
  facet normal -0.160513 -0.987034 -0
    outer loop
      vertex 177.889 11.0097 0.5
      vertex 177.683 11.0432 0
      vertex 177.889 11.0097 0
    endloop
  endfacet
  facet normal -0.0508432 -0.998707 0
    outer loop
      vertex 177.463 11.0544 0
      vertex 177.683 11.0432 0.5
      vertex 177.463 11.0544 0.5
    endloop
  endfacet
  facet normal -0.0508432 -0.998707 -0
    outer loop
      vertex 177.683 11.0432 0.5
      vertex 177.463 11.0544 0
      vertex 177.683 11.0432 0
    endloop
  endfacet
  facet normal 0.0503864 -0.99873 0
    outer loop
      vertex 177.241 11.0432 0
      vertex 177.463 11.0544 0.5
      vertex 177.241 11.0432 0.5
    endloop
  endfacet
  facet normal 0.0503864 -0.99873 0
    outer loop
      vertex 177.463 11.0544 0.5
      vertex 177.241 11.0432 0
      vertex 177.463 11.0544 0
    endloop
  endfacet
  facet normal 0.160513 -0.987034 0
    outer loop
      vertex 177.035 11.0097 0
      vertex 177.241 11.0432 0.5
      vertex 177.035 11.0097 0.5
    endloop
  endfacet
  facet normal 0.160513 -0.987034 0
    outer loop
      vertex 177.241 11.0432 0.5
      vertex 177.035 11.0097 0
      vertex 177.241 11.0432 0
    endloop
  endfacet
  facet normal 0.280425 -0.959876 0
    outer loop
      vertex 176.844 10.9539 0
      vertex 177.035 11.0097 0.5
      vertex 176.844 10.9539 0.5
    endloop
  endfacet
  facet normal 0.280425 -0.959876 0
    outer loop
      vertex 177.035 11.0097 0.5
      vertex 176.844 10.9539 0
      vertex 177.035 11.0097 0
    endloop
  endfacet
  facet normal 0.405608 -0.914047 0
    outer loop
      vertex 176.668 10.8758 0
      vertex 176.844 10.9539 0.5
      vertex 176.668 10.8758 0.5
    endloop
  endfacet
  facet normal 0.405608 -0.914047 0
    outer loop
      vertex 176.844 10.9539 0.5
      vertex 176.668 10.8758 0
      vertex 176.844 10.9539 0
    endloop
  endfacet
  facet normal 0.526788 -0.849997 0
    outer loop
      vertex 176.506 10.7754 0
      vertex 176.668 10.8758 0.5
      vertex 176.506 10.7754 0.5
    endloop
  endfacet
  facet normal 0.526788 -0.849997 0
    outer loop
      vertex 176.668 10.8758 0.5
      vertex 176.506 10.7754 0
      vertex 176.668 10.8758 0
    endloop
  endfacet
  facet normal 0.643684 -0.765292 0
    outer loop
      vertex 176.36 10.6526 0
      vertex 176.506 10.7754 0.5
      vertex 176.36 10.6526 0.5
    endloop
  endfacet
  facet normal 0.643684 -0.765292 0
    outer loop
      vertex 176.506 10.7754 0.5
      vertex 176.36 10.6526 0
      vertex 176.506 10.7754 0
    endloop
  endfacet
  facet normal 0.739478 -0.67318 0
    outer loop
      vertex 176.228 10.5076 0.5
      vertex 176.36 10.6526 0
      vertex 176.36 10.6526 0.5
    endloop
  endfacet
  facet normal 0.739478 -0.67318 0
    outer loop
      vertex 176.36 10.6526 0
      vertex 176.228 10.5076 0.5
      vertex 176.228 10.5076 0
    endloop
  endfacet
  facet normal 0.821531 -0.570164 0
    outer loop
      vertex 176.113 10.3419 0.5
      vertex 176.228 10.5076 0
      vertex 176.228 10.5076 0.5
    endloop
  endfacet
  facet normal 0.821531 -0.570164 0
    outer loop
      vertex 176.228 10.5076 0
      vertex 176.113 10.3419 0.5
      vertex 176.113 10.3419 0
    endloop
  endfacet
  facet normal 0.885022 -0.465549 0
    outer loop
      vertex 176.016 10.1575 0.5
      vertex 176.113 10.3419 0
      vertex 176.113 10.3419 0.5
    endloop
  endfacet
  facet normal 0.885022 -0.465549 0
    outer loop
      vertex 176.113 10.3419 0
      vertex 176.016 10.1575 0.5
      vertex 176.016 10.1575 0
    endloop
  endfacet
  facet normal 0.930447 -0.366426 0
    outer loop
      vertex 175.936 9.95436 0.5
      vertex 176.016 10.1575 0
      vertex 176.016 10.1575 0.5
    endloop
  endfacet
  facet normal 0.930447 -0.366426 0
    outer loop
      vertex 176.016 10.1575 0
      vertex 175.936 9.95436 0.5
      vertex 175.936 9.95436 0
    endloop
  endfacet
  facet normal 0.963125 -0.269054 0
    outer loop
      vertex 175.874 9.73242 0.5
      vertex 175.936 9.95436 0
      vertex 175.936 9.95436 0.5
    endloop
  endfacet
  facet normal 0.963125 -0.269054 0
    outer loop
      vertex 175.936 9.95436 0
      vertex 175.874 9.73242 0.5
      vertex 175.874 9.73242 0
    endloop
  endfacet
  facet normal 0.983702 -0.179806 0
    outer loop
      vertex 175.83 9.4917 0.5
      vertex 175.874 9.73242 0
      vertex 175.874 9.73242 0.5
    endloop
  endfacet
  facet normal 0.983702 -0.179806 0
    outer loop
      vertex 175.874 9.73242 0
      vertex 175.83 9.4917 0.5
      vertex 175.83 9.4917 0
    endloop
  endfacet
  facet normal 0.99463 -0.103492 0
    outer loop
      vertex 175.803 9.23221 0.5
      vertex 175.83 9.4917 0
      vertex 175.83 9.4917 0.5
    endloop
  endfacet
  facet normal 0.99463 -0.103492 0
    outer loop
      vertex 175.83 9.4917 0
      vertex 175.803 9.23221 0.5
      vertex 175.803 9.23221 0
    endloop
  endfacet
  facet normal 0.999477 -0.0323281 0
    outer loop
      vertex 175.794 8.95396 0.5
      vertex 175.803 9.23221 0
      vertex 175.803 9.23221 0.5
    endloop
  endfacet
  facet normal 0.999477 -0.0323281 0
    outer loop
      vertex 175.803 9.23221 0
      vertex 175.794 8.95396 0.5
      vertex 175.794 8.95396 0
    endloop
  endfacet
  facet normal 0.99948 0.0322448 0
    outer loop
      vertex 175.803 8.67499 0.5
      vertex 175.794 8.95396 0
      vertex 175.794 8.95396 0.5
    endloop
  endfacet
  facet normal 0.99948 0.0322448 0
    outer loop
      vertex 175.794 8.95396 0
      vertex 175.803 8.67499 0.5
      vertex 175.803 8.67499 0
    endloop
  endfacet
  facet normal 0.994655 0.103251 0
    outer loop
      vertex 175.83 8.41489 0.5
      vertex 175.803 8.67499 0
      vertex 175.803 8.67499 0.5
    endloop
  endfacet
  facet normal 0.994655 0.103251 0
    outer loop
      vertex 175.803 8.67499 0
      vertex 175.83 8.41489 0.5
      vertex 175.83 8.41489 0
    endloop
  endfacet
  facet normal 0.983767 0.179452 0
    outer loop
      vertex 175.874 8.17368 0.5
      vertex 175.83 8.41489 0
      vertex 175.83 8.41489 0.5
    endloop
  endfacet
  facet normal 0.983767 0.179452 0
    outer loop
      vertex 175.83 8.41489 0
      vertex 175.874 8.17368 0.5
      vertex 175.874 8.17368 0
    endloop
  endfacet
  facet normal 0.963247 0.268616 0
    outer loop
      vertex 175.936 7.95135 0.5
      vertex 175.874 8.17368 0
      vertex 175.874 8.17368 0.5
    endloop
  endfacet
  facet normal 0.963247 0.268616 0
    outer loop
      vertex 175.874 8.17368 0
      vertex 175.936 7.95135 0.5
      vertex 175.936 7.95135 0
    endloop
  endfacet
  facet normal 0.930631 0.365958 0
    outer loop
      vertex 176.016 7.74791 0.5
      vertex 175.936 7.95135 0
      vertex 175.936 7.95135 0.5
    endloop
  endfacet
  facet normal 0.930631 0.365958 0
    outer loop
      vertex 175.936 7.95135 0
      vertex 176.016 7.74791 0.5
      vertex 176.016 7.74791 0
    endloop
  endfacet
  facet normal 0.885189 0.465232 0
    outer loop
      vertex 176.113 7.56335 0.5
      vertex 176.016 7.74791 0
      vertex 176.016 7.74791 0.5
    endloop
  endfacet
  facet normal 0.885189 0.465232 0
    outer loop
      vertex 176.016 7.74791 0
      vertex 176.113 7.56335 0.5
      vertex 176.113 7.56335 0
    endloop
  endfacet
  facet normal 0.821467 0.570256 0
    outer loop
      vertex 176.228 7.39769 0.5
      vertex 176.113 7.56335 0
      vertex 176.113 7.56335 0.5
    endloop
  endfacet
  facet normal 0.821467 0.570256 0
    outer loop
      vertex 176.113 7.56335 0
      vertex 176.228 7.39769 0.5
      vertex 176.228 7.39769 0
    endloop
  endfacet
  facet normal 0.739663 0.672977 0
    outer loop
      vertex 176.36 7.25261 0.5
      vertex 176.228 7.39769 0
      vertex 176.228 7.39769 0.5
    endloop
  endfacet
  facet normal 0.739663 0.672977 0
    outer loop
      vertex 176.228 7.39769 0
      vertex 176.36 7.25261 0.5
      vertex 176.36 7.25261 0
    endloop
  endfacet
  facet normal 0.643561 0.765395 -0
    outer loop
      vertex 176.506 7.12985 0
      vertex 176.36 7.25261 0.5
      vertex 176.506 7.12985 0.5
    endloop
  endfacet
  facet normal 0.643561 0.765395 0
    outer loop
      vertex 176.36 7.25261 0.5
      vertex 176.506 7.12985 0
      vertex 176.36 7.25261 0
    endloop
  endfacet
  facet normal 0.526978 0.849879 -0
    outer loop
      vertex 176.668 7.0294 0
      vertex 176.506 7.12985 0.5
      vertex 176.668 7.0294 0.5
    endloop
  endfacet
  facet normal 0.526978 0.849879 0
    outer loop
      vertex 176.506 7.12985 0.5
      vertex 176.668 7.0294 0
      vertex 176.506 7.12985 0
    endloop
  endfacet
  facet normal 0.405652 0.914028 -0
    outer loop
      vertex 176.844 6.95129 0
      vertex 176.668 7.0294 0.5
      vertex 176.844 6.95129 0.5
    endloop
  endfacet
  facet normal 0.405652 0.914028 0
    outer loop
      vertex 176.668 7.0294 0.5
      vertex 176.844 6.95129 0
      vertex 176.668 7.0294 0
    endloop
  endfacet
  facet normal 0.280425 0.959876 -0
    outer loop
      vertex 177.035 6.89549 0
      vertex 176.844 6.95129 0.5
      vertex 177.035 6.89549 0.5
    endloop
  endfacet
  facet normal 0.280425 0.959876 0
    outer loop
      vertex 176.844 6.95129 0.5
      vertex 177.035 6.89549 0
      vertex 176.844 6.95129 0
    endloop
  endfacet
  facet normal 0.160419 0.987049 -0
    outer loop
      vertex 177.241 6.86201 0
      vertex 177.035 6.89549 0.5
      vertex 177.241 6.86201 0.5
    endloop
  endfacet
  facet normal 0.160419 0.987049 0
    outer loop
      vertex 177.035 6.89549 0.5
      vertex 177.241 6.86201 0
      vertex 177.035 6.89549 0
    endloop
  endfacet
  facet normal 0.0502069 0.998739 -0
    outer loop
      vertex 177.463 6.85085 0
      vertex 177.241 6.86201 0.5
      vertex 177.463 6.85085 0.5
    endloop
  endfacet
  facet normal 0.0502069 0.998739 0
    outer loop
      vertex 177.241 6.86201 0.5
      vertex 177.463 6.85085 0
      vertex 177.241 6.86201 0
    endloop
  endfacet
  facet normal -0.0506621 0.998716 0
    outer loop
      vertex 177.683 6.86201 0
      vertex 177.463 6.85085 0.5
      vertex 177.683 6.86201 0.5
    endloop
  endfacet
  facet normal -0.0506621 0.998716 0
    outer loop
      vertex 177.463 6.85085 0.5
      vertex 177.683 6.86201 0
      vertex 177.463 6.85085 0
    endloop
  endfacet
  facet normal -0.220728 -0.975335 0
    outer loop
      vertex 177.286 7.59044 0
      vertex 177.37 7.57143 0.5
      vertex 177.286 7.59044 0.5
    endloop
  endfacet
  facet normal -0.220728 -0.975335 -0
    outer loop
      vertex 177.37 7.57143 0.5
      vertex 177.286 7.59044 0
      vertex 177.37 7.57143 0
    endloop
  endfacet
  facet normal -0.384857 -0.922976 0
    outer loop
      vertex 177.21 7.62213 0
      vertex 177.286 7.59044 0.5
      vertex 177.21 7.62213 0.5
    endloop
  endfacet
  facet normal -0.384857 -0.922976 -0
    outer loop
      vertex 177.286 7.59044 0.5
      vertex 177.21 7.62213 0
      vertex 177.286 7.59044 0
    endloop
  endfacet
  facet normal -0.540868 -0.841107 0
    outer loop
      vertex 177.141 7.6665 0
      vertex 177.21 7.62213 0.5
      vertex 177.141 7.6665 0.5
    endloop
  endfacet
  facet normal -0.540868 -0.841107 -0
    outer loop
      vertex 177.21 7.62213 0.5
      vertex 177.141 7.6665 0
      vertex 177.21 7.62213 0
    endloop
  endfacet
  facet normal -0.683128 -0.730298 0
    outer loop
      vertex 177.08 7.72356 0
      vertex 177.141 7.6665 0.5
      vertex 177.08 7.72356 0.5
    endloop
  endfacet
  facet normal -0.683128 -0.730298 -0
    outer loop
      vertex 177.141 7.6665 0.5
      vertex 177.08 7.72356 0
      vertex 177.141 7.6665 0
    endloop
  endfacet
  facet normal -0.796134 -0.605121 0
    outer loop
      vertex 177.08 7.72356 0
      vertex 177.027 7.79329 0.5
      vertex 177.027 7.79329 0
    endloop
  endfacet
  facet normal -0.796134 -0.605121 0
    outer loop
      vertex 177.027 7.79329 0.5
      vertex 177.08 7.72356 0
      vertex 177.08 7.72356 0.5
    endloop
  endfacet
  facet normal -0.877651 -0.4793 0
    outer loop
      vertex 177.027 7.79329 0
      vertex 176.982 7.87569 0.5
      vertex 176.982 7.87569 0
    endloop
  endfacet
  facet normal -0.877651 -0.4793 0
    outer loop
      vertex 176.982 7.87569 0.5
      vertex 177.027 7.79329 0
      vertex 177.027 7.79329 0.5
    endloop
  endfacet
  facet normal -0.932237 -0.361849 0
    outer loop
      vertex 176.982 7.87569 0
      vertex 176.944 7.97359 0.5
      vertex 176.944 7.97359 0
    endloop
  endfacet
  facet normal -0.932237 -0.361849 0
    outer loop
      vertex 176.944 7.97359 0.5
      vertex 176.982 7.87569 0
      vertex 176.982 7.87569 0.5
    endloop
  endfacet
  facet normal -0.964116 -0.265482 0
    outer loop
      vertex 176.944 7.97359 0
      vertex 176.912 8.0898 0.5
      vertex 176.912 8.0898 0
    endloop
  endfacet
  facet normal -0.964116 -0.265482 0
    outer loop
      vertex 176.912 8.0898 0.5
      vertex 176.944 7.97359 0
      vertex 176.944 7.97359 0.5
    endloop
  endfacet
  facet normal -0.981837 -0.189727 0
    outer loop
      vertex 176.912 8.0898 0
      vertex 176.886 8.22435 0.5
      vertex 176.886 8.22435 0
    endloop
  endfacet
  facet normal -0.981837 -0.189727 0
    outer loop
      vertex 176.886 8.22435 0.5
      vertex 176.912 8.0898 0
      vertex 176.912 8.0898 0.5
    endloop
  endfacet
  facet normal -0.990695 -0.136102 0
    outer loop
      vertex 176.886 8.22435 0
      vertex 176.865 8.37721 0.5
      vertex 176.865 8.37721 0
    endloop
  endfacet
  facet normal -0.990695 -0.136102 0
    outer loop
      vertex 176.865 8.37721 0.5
      vertex 176.886 8.22435 0
      vertex 176.886 8.22435 0.5
    endloop
  endfacet
  facet normal -0.996183 -0.0872875 0
    outer loop
      vertex 176.865 8.37721 0
      vertex 176.85 8.5484 0.5
      vertex 176.85 8.5484 0
    endloop
  endfacet
  facet normal -0.996183 -0.0872875 0
    outer loop
      vertex 176.85 8.5484 0.5
      vertex 176.865 8.37721 0
      vertex 176.865 8.37721 0.5
    endloop
  endfacet
  facet normal -0.99911 -0.0421721 0
    outer loop
      vertex 176.85 8.5484 0
      vertex 176.842 8.73793 0.5
      vertex 176.842 8.73793 0
    endloop
  endfacet
  facet normal -0.99911 -0.0421721 0
    outer loop
      vertex 176.842 8.73793 0.5
      vertex 176.85 8.5484 0
      vertex 176.85 8.5484 0.5
    endloop
  endfacet
  facet normal -0.999896 -0.0144327 0
    outer loop
      vertex 176.842 8.73793 0
      vertex 176.839 8.94577 0.5
      vertex 176.839 8.94577 0
    endloop
  endfacet
  facet normal -0.999896 -0.0144327 0
    outer loop
      vertex 176.839 8.94577 0.5
      vertex 176.842 8.73793 0
      vertex 176.842 8.73793 0.5
    endloop
  endfacet
  facet normal -0.999898 0.0142809 0
    outer loop
      vertex 176.839 8.94577 0
      vertex 176.842 9.15582 0.5
      vertex 176.842 9.15582 0
    endloop
  endfacet
  facet normal -0.999898 0.0142809 0
    outer loop
      vertex 176.842 9.15582 0.5
      vertex 176.839 8.94577 0
      vertex 176.839 8.94577 0.5
    endloop
  endfacet
  facet normal -0.999129 0.0417195 0
    outer loop
      vertex 176.842 9.15582 0
      vertex 176.85 9.34741 0.5
      vertex 176.85 9.34741 0
    endloop
  endfacet
  facet normal -0.999129 0.0417195 0
    outer loop
      vertex 176.85 9.34741 0.5
      vertex 176.842 9.15582 0
      vertex 176.842 9.15582 0.5
    endloop
  endfacet
  facet normal -0.996266 0.0863316 0
    outer loop
      vertex 176.85 9.34741 0
      vertex 176.865 9.52051 0.5
      vertex 176.865 9.52051 0
    endloop
  endfacet
  facet normal -0.996266 0.0863316 0
    outer loop
      vertex 176.865 9.52051 0.5
      vertex 176.85 9.34741 0
      vertex 176.85 9.34741 0.5
    endloop
  endfacet
  facet normal -0.9909 0.134598 0
    outer loop
      vertex 176.865 9.52051 0
      vertex 176.886 9.67511 0.5
      vertex 176.886 9.67511 0
    endloop
  endfacet
  facet normal -0.9909 0.134598 0
    outer loop
      vertex 176.886 9.67511 0.5
      vertex 176.865 9.52051 0
      vertex 176.865 9.52051 0.5
    endloop
  endfacet
  facet normal -0.982248 0.18759 0
    outer loop
      vertex 176.886 9.67511 0
      vertex 176.912 9.81125 0.5
      vertex 176.912 9.81125 0
    endloop
  endfacet
  facet normal -0.982248 0.18759 0
    outer loop
      vertex 176.912 9.81125 0.5
      vertex 176.886 9.67511 0
      vertex 176.886 9.67511 0.5
    endloop
  endfacet
  facet normal -0.964932 0.2625 0
    outer loop
      vertex 176.912 9.81125 0
      vertex 176.944 9.92888 0.5
      vertex 176.944 9.92888 0
    endloop
  endfacet
  facet normal -0.964932 0.2625 0
    outer loop
      vertex 176.944 9.92888 0.5
      vertex 176.912 9.81125 0
      vertex 176.912 9.81125 0.5
    endloop
  endfacet
  facet normal -0.933734 0.357969 0
    outer loop
      vertex 176.944 9.92888 0
      vertex 176.982 10.028 0.5
      vertex 176.982 10.028 0
    endloop
  endfacet
  facet normal -0.933734 0.357969 0
    outer loop
      vertex 176.982 10.028 0.5
      vertex 176.944 9.92888 0
      vertex 176.944 9.92888 0.5
    endloop
  endfacet
  facet normal -0.880302 0.474414 0
    outer loop
      vertex 176.982 10.028 0
      vertex 177.027 10.1115 0.5
      vertex 177.027 10.1115 0
    endloop
  endfacet
  facet normal -0.880302 0.474414 0
    outer loop
      vertex 177.027 10.1115 0.5
      vertex 176.982 10.028 0
      vertex 176.982 10.028 0.5
    endloop
  endfacet
  facet normal -0.799728 0.600362 0
    outer loop
      vertex 177.027 10.1115 0
      vertex 177.08 10.1821 0.5
      vertex 177.08 10.1821 0
    endloop
  endfacet
  facet normal -0.799728 0.600362 0
    outer loop
      vertex 177.08 10.1821 0.5
      vertex 177.027 10.1115 0
      vertex 177.027 10.1115 0.5
    endloop
  endfacet
  facet normal -0.687811 0.72589 0
    outer loop
      vertex 177.141 10.2399 0
      vertex 177.08 10.1821 0.5
      vertex 177.141 10.2399 0.5
    endloop
  endfacet
  facet normal -0.687811 0.72589 0
    outer loop
      vertex 177.08 10.1821 0.5
      vertex 177.141 10.2399 0
      vertex 177.08 10.1821 0
    endloop
  endfacet
  facet normal -0.546268 0.837611 0
    outer loop
      vertex 177.21 10.2849 0
      vertex 177.141 10.2399 0.5
      vertex 177.21 10.2849 0.5
    endloop
  endfacet
  facet normal -0.546268 0.837611 0
    outer loop
      vertex 177.141 10.2399 0.5
      vertex 177.21 10.2849 0
      vertex 177.141 10.2399 0
    endloop
  endfacet
  facet normal -0.389086 0.921201 0
    outer loop
      vertex 177.286 10.317 0
      vertex 177.21 10.2849 0.5
      vertex 177.286 10.317 0.5
    endloop
  endfacet
  facet normal -0.389086 0.921201 0
    outer loop
      vertex 177.21 10.2849 0.5
      vertex 177.286 10.317 0
      vertex 177.21 10.2849 0
    endloop
  endfacet
  facet normal -0.223927 0.974606 0
    outer loop
      vertex 177.37 10.3363 0
      vertex 177.286 10.317 0.5
      vertex 177.37 10.3363 0.5
    endloop
  endfacet
  facet normal -0.223927 0.974606 0
    outer loop
      vertex 177.286 10.317 0.5
      vertex 177.37 10.3363 0
      vertex 177.286 10.317 0
    endloop
  endfacet
  facet normal -0.0686548 0.99764 0
    outer loop
      vertex 177.463 10.3427 0
      vertex 177.37 10.3363 0.5
      vertex 177.463 10.3427 0.5
    endloop
  endfacet
  facet normal -0.0686548 0.99764 0
    outer loop
      vertex 177.37 10.3363 0.5
      vertex 177.463 10.3427 0
      vertex 177.37 10.3363 0
    endloop
  endfacet
  facet normal 0.0701564 0.997536 -0
    outer loop
      vertex 177.554 10.3363 0
      vertex 177.463 10.3427 0.5
      vertex 177.554 10.3363 0.5
    endloop
  endfacet
  facet normal 0.0701564 0.997536 0
    outer loop
      vertex 177.463 10.3427 0.5
      vertex 177.554 10.3363 0
      vertex 177.463 10.3427 0
    endloop
  endfacet
  facet normal 0.223927 0.974606 -0
    outer loop
      vertex 177.638 10.317 0
      vertex 177.554 10.3363 0.5
      vertex 177.638 10.317 0.5
    endloop
  endfacet
  facet normal 0.223927 0.974606 0
    outer loop
      vertex 177.554 10.3363 0.5
      vertex 177.638 10.317 0
      vertex 177.554 10.3363 0
    endloop
  endfacet
  facet normal 0.389086 0.921201 -0
    outer loop
      vertex 177.714 10.2849 0
      vertex 177.638 10.317 0.5
      vertex 177.714 10.2849 0.5
    endloop
  endfacet
  facet normal 0.389086 0.921201 0
    outer loop
      vertex 177.638 10.317 0.5
      vertex 177.714 10.2849 0
      vertex 177.638 10.317 0
    endloop
  endfacet
  facet normal 0.551867 0.833932 -0
    outer loop
      vertex 177.782 10.2399 0
      vertex 177.714 10.2849 0.5
      vertex 177.782 10.2399 0.5
    endloop
  endfacet
  facet normal 0.551867 0.833932 0
    outer loop
      vertex 177.714 10.2849 0.5
      vertex 177.782 10.2399 0
      vertex 177.714 10.2849 0
    endloop
  endfacet
  facet normal 0.69378 0.720187 -0
    outer loop
      vertex 177.842 10.1821 0
      vertex 177.782 10.2399 0.5
      vertex 177.842 10.1821 0.5
    endloop
  endfacet
  facet normal 0.69378 0.720187 0
    outer loop
      vertex 177.782 10.2399 0.5
      vertex 177.842 10.1821 0
      vertex 177.782 10.2399 0
    endloop
  endfacet
  facet normal 0.799728 0.600362 0
    outer loop
      vertex 177.895 10.1115 0.5
      vertex 177.842 10.1821 0
      vertex 177.842 10.1821 0.5
    endloop
  endfacet
  facet normal 0.799728 0.600362 0
    outer loop
      vertex 177.842 10.1821 0
      vertex 177.895 10.1115 0.5
      vertex 177.895 10.1115 0
    endloop
  endfacet
  facet normal 0.880302 0.474414 0
    outer loop
      vertex 177.94 10.028 0.5
      vertex 177.895 10.1115 0
      vertex 177.895 10.1115 0.5
    endloop
  endfacet
  facet normal 0.880302 0.474414 0
    outer loop
      vertex 177.895 10.1115 0
      vertex 177.94 10.028 0.5
      vertex 177.94 10.028 0
    endloop
  endfacet
  facet normal 0.933734 0.357969 0
    outer loop
      vertex 177.978 9.92888 0.5
      vertex 177.94 10.028 0
      vertex 177.94 10.028 0.5
    endloop
  endfacet
  facet normal 0.933734 0.357969 0
    outer loop
      vertex 177.94 10.028 0
      vertex 177.978 9.92888 0.5
      vertex 177.978 9.92888 0
    endloop
  endfacet
  facet normal 0.964932 0.2625 0
    outer loop
      vertex 178.01 9.81125 0.5
      vertex 177.978 9.92888 0
      vertex 177.978 9.92888 0.5
    endloop
  endfacet
  facet normal 0.964932 0.2625 0
    outer loop
      vertex 177.978 9.92888 0
      vertex 178.01 9.81125 0.5
      vertex 178.01 9.81125 0
    endloop
  endfacet
  facet normal 0.980895 0.194536 0
    outer loop
      vertex 178.037 9.67511 0.5
      vertex 178.01 9.81125 0
      vertex 178.01 9.81125 0.5
    endloop
  endfacet
  facet normal 0.980895 0.194536 0
    outer loop
      vertex 178.01 9.81125 0
      vertex 178.037 9.67511 0.5
      vertex 178.037 9.67511 0
    endloop
  endfacet
  facet normal 0.991736 0.128297 0
    outer loop
      vertex 178.057 9.52051 0.5
      vertex 178.037 9.67511 0
      vertex 178.037 9.67511 0.5
    endloop
  endfacet
  facet normal 0.991736 0.128297 0
    outer loop
      vertex 178.037 9.67511 0
      vertex 178.057 9.52051 0.5
      vertex 178.057 9.52051 0
    endloop
  endfacet
  facet normal 0.996266 0.0863316 0
    outer loop
      vertex 178.072 9.34741 0.5
      vertex 178.057 9.52051 0
      vertex 178.057 9.52051 0.5
    endloop
  endfacet
  facet normal 0.996266 0.0863316 0
    outer loop
      vertex 178.057 9.52051 0
      vertex 178.072 9.34741 0.5
      vertex 178.072 9.34741 0
    endloop
  endfacet
  facet normal 0.998898 0.0469236 0
    outer loop
      vertex 178.081 9.15582 0.5
      vertex 178.072 9.34741 0
      vertex 178.072 9.34741 0.5
    endloop
  endfacet
  facet normal 0.998898 0.0469236 0
    outer loop
      vertex 178.072 9.34741 0
      vertex 178.081 9.15582 0.5
      vertex 178.081 9.15582 0
    endloop
  endfacet
  facet normal 0.999898 0.0142809 0
    outer loop
      vertex 178.084 8.94577 0.5
      vertex 178.081 9.15582 0
      vertex 178.081 9.15582 0.5
    endloop
  endfacet
  facet normal 0.999898 0.0142809 0
    outer loop
      vertex 178.081 9.15582 0
      vertex 178.084 8.94577 0.5
      vertex 178.084 8.94577 0
    endloop
  endfacet
  facet normal 0.999896 -0.0144327 0
    outer loop
      vertex 178.081 8.73793 0.5
      vertex 178.084 8.94577 0
      vertex 178.084 8.94577 0.5
    endloop
  endfacet
  facet normal 0.999896 -0.0144327 0
    outer loop
      vertex 178.084 8.94577 0
      vertex 178.081 8.73793 0.5
      vertex 178.081 8.73793 0
    endloop
  endfacet
  facet normal 0.998874 -0.0474324 0
    outer loop
      vertex 178.072 8.5484 0.5
      vertex 178.081 8.73793 0
      vertex 178.081 8.73793 0.5
    endloop
  endfacet
  facet normal 0.998874 -0.0474324 0
    outer loop
      vertex 178.081 8.73793 0
      vertex 178.072 8.5484 0.5
      vertex 178.072 8.5484 0
    endloop
  endfacet
  facet normal 0.996673 -0.0815084 0
    outer loop
      vertex 178.058 8.37721 0.5
      vertex 178.072 8.5484 0
      vertex 178.072 8.5484 0.5
    endloop
  endfacet
  facet normal 0.996673 -0.0815084 0
    outer loop
      vertex 178.072 8.5484 0
      vertex 178.058 8.37721 0.5
      vertex 178.058 8.37721 0
    endloop
  endfacet
  facet normal 0.990695 -0.136102 0
    outer loop
      vertex 178.037 8.22435 0.5
      vertex 178.058 8.37721 0
      vertex 178.058 8.37721 0.5
    endloop
  endfacet
  facet normal 0.990695 -0.136102 0
    outer loop
      vertex 178.058 8.37721 0
      vertex 178.037 8.22435 0.5
      vertex 178.037 8.22435 0
    endloop
  endfacet
  facet normal 0.981837 -0.189727 0
    outer loop
      vertex 178.011 8.0898 0.5
      vertex 178.037 8.22435 0
      vertex 178.037 8.22435 0.5
    endloop
  endfacet
  facet normal 0.981837 -0.189727 0
    outer loop
      vertex 178.037 8.22435 0
      vertex 178.011 8.0898 0.5
      vertex 178.011 8.0898 0
    endloop
  endfacet
  facet normal 0.964116 -0.265482 0
    outer loop
      vertex 177.979 7.97359 0.5
      vertex 178.011 8.0898 0
      vertex 178.011 8.0898 0.5
    endloop
  endfacet
  facet normal 0.964116 -0.265482 0
    outer loop
      vertex 178.011 8.0898 0
      vertex 177.979 7.97359 0.5
      vertex 177.979 7.97359 0
    endloop
  endfacet
  facet normal 0.932237 -0.361849 0
    outer loop
      vertex 177.941 7.87569 0.5
      vertex 177.979 7.97359 0
      vertex 177.979 7.97359 0.5
    endloop
  endfacet
  facet normal 0.932237 -0.361849 0
    outer loop
      vertex 177.979 7.97359 0
      vertex 177.941 7.87569 0.5
      vertex 177.941 7.87569 0
    endloop
  endfacet
  facet normal 0.882116 -0.471033 0
    outer loop
      vertex 177.897 7.79329 0.5
      vertex 177.941 7.87569 0
      vertex 177.941 7.87569 0.5
    endloop
  endfacet
  facet normal 0.882116 -0.471033 0
    outer loop
      vertex 177.941 7.87569 0
      vertex 177.897 7.79329 0.5
      vertex 177.897 7.79329 0
    endloop
  endfacet
  facet normal 0.796134 -0.605121 0
    outer loop
      vertex 177.844 7.72356 0.5
      vertex 177.897 7.79329 0
      vertex 177.897 7.79329 0.5
    endloop
  endfacet
  facet normal 0.796134 -0.605121 0
    outer loop
      vertex 177.897 7.79329 0
      vertex 177.844 7.72356 0.5
      vertex 177.844 7.72356 0
    endloop
  endfacet
  facet normal 0.68913 -0.724637 0
    outer loop
      vertex 177.784 7.6665 0
      vertex 177.844 7.72356 0.5
      vertex 177.784 7.6665 0.5
    endloop
  endfacet
  facet normal 0.68913 -0.724637 0
    outer loop
      vertex 177.844 7.72356 0.5
      vertex 177.784 7.6665 0
      vertex 177.844 7.72356 0
    endloop
  endfacet
  facet normal 0.540868 -0.841107 0
    outer loop
      vertex 177.715 7.62213 0
      vertex 177.784 7.6665 0.5
      vertex 177.715 7.62213 0.5
    endloop
  endfacet
  facet normal 0.540868 -0.841107 0
    outer loop
      vertex 177.784 7.6665 0.5
      vertex 177.715 7.62213 0
      vertex 177.784 7.6665 0
    endloop
  endfacet
  facet normal 0.384857 -0.922976 0
    outer loop
      vertex 177.639 7.59044 0
      vertex 177.715 7.62213 0.5
      vertex 177.639 7.59044 0.5
    endloop
  endfacet
  facet normal 0.384857 -0.922976 0
    outer loop
      vertex 177.715 7.62213 0.5
      vertex 177.639 7.59044 0
      vertex 177.715 7.62213 0
    endloop
  endfacet
  facet normal 0.220728 -0.975335 0
    outer loop
      vertex 177.555 7.57143 0
      vertex 177.639 7.59044 0.5
      vertex 177.555 7.57143 0.5
    endloop
  endfacet
  facet normal 0.220728 -0.975335 0
    outer loop
      vertex 177.639 7.59044 0.5
      vertex 177.555 7.57143 0
      vertex 177.639 7.59044 0
    endloop
  endfacet
  facet normal 0.06875 -0.997634 0
    outer loop
      vertex 177.463 7.56509 0
      vertex 177.555 7.57143 0.5
      vertex 177.463 7.56509 0.5
    endloop
  endfacet
  facet normal 0.06875 -0.997634 0
    outer loop
      vertex 177.555 7.57143 0.5
      vertex 177.463 7.56509 0
      vertex 177.555 7.57143 0
    endloop
  endfacet
  facet normal -0.0680142 -0.997684 0
    outer loop
      vertex 177.37 7.57143 0
      vertex 177.463 7.56509 0.5
      vertex 177.37 7.57143 0.5
    endloop
  endfacet
  facet normal -0.0680142 -0.997684 -0
    outer loop
      vertex 177.463 7.56509 0.5
      vertex 177.37 7.57143 0
      vertex 177.463 7.56509 0
    endloop
  endfacet
  facet normal 0.827584 0.561342 0
    outer loop
      vertex 199.677 6.92509 0.5
      vertex 198.792 8.22984 0
      vertex 198.792 8.22984 0.5
    endloop
  endfacet
  facet normal 0.827584 0.561342 0
    outer loop
      vertex 198.792 8.22984 0
      vertex 199.677 6.92509 0.5
      vertex 199.677 6.92509 0
    endloop
  endfacet
  facet normal 0 1 -0
    outer loop
      vertex 200.773 6.92509 0
      vertex 199.677 6.92509 0.5
      vertex 200.773 6.92509 0.5
    endloop
  endfacet
  facet normal 0 1 0
    outer loop
      vertex 199.677 6.92509 0.5
      vertex 200.773 6.92509 0
      vertex 199.677 6.92509 0
    endloop
  endfacet
  facet normal -0.826418 -0.563057 0
    outer loop
      vertex 200.773 6.92509 0
      vertex 199.422 8.908 0.5
      vertex 199.422 8.908 0
    endloop
  endfacet
  facet normal -0.826418 -0.563057 0
    outer loop
      vertex 199.422 8.908 0.5
      vertex 200.773 6.92509 0
      vertex 200.773 6.92509 0.5
    endloop
  endfacet
  facet normal -0.827031 0.562157 0
    outer loop
      vertex 199.422 8.908 0
      vertex 200.827 10.975 0.5
      vertex 200.827 10.975 0
    endloop
  endfacet
  facet normal -0.827031 0.562157 0
    outer loop
      vertex 200.827 10.975 0.5
      vertex 199.422 8.908 0
      vertex 199.422 8.908 0.5
    endloop
  endfacet
  facet normal 0 -1 0
    outer loop
      vertex 199.739 10.975 0
      vertex 200.827 10.975 0.5
      vertex 199.739 10.975 0.5
    endloop
  endfacet
  facet normal 0 -1 -0
    outer loop
      vertex 200.827 10.975 0.5
      vertex 199.739 10.975 0
      vertex 200.827 10.975 0
    endloop
  endfacet
  facet normal 0.825188 -0.564858 0
    outer loop
      vertex 198.792 9.59155 0.5
      vertex 199.739 10.975 0
      vertex 199.739 10.975 0.5
    endloop
  endfacet
  facet normal 0.825188 -0.564858 0
    outer loop
      vertex 199.739 10.975 0
      vertex 198.792 9.59155 0.5
      vertex 198.792 9.59155 0
    endloop
  endfacet
  facet normal -0.82769 -0.561186 0
    outer loop
      vertex 198.792 9.59155 0
      vertex 197.854 10.975 0.5
      vertex 197.854 10.975 0
    endloop
  endfacet
  facet normal -0.82769 -0.561186 0
    outer loop
      vertex 197.854 10.975 0.5
      vertex 198.792 9.59155 0
      vertex 198.792 9.59155 0.5
    endloop
  endfacet
  facet normal 0 -1 0
    outer loop
      vertex 196.761 10.975 0
      vertex 197.854 10.975 0.5
      vertex 196.761 10.975 0.5
    endloop
  endfacet
  facet normal 0 -1 -0
    outer loop
      vertex 197.854 10.975 0.5
      vertex 196.761 10.975 0
      vertex 197.854 10.975 0
    endloop
  endfacet
  facet normal 0.827031 0.562157 0
    outer loop
      vertex 198.166 8.908 0.5
      vertex 196.761 10.975 0
      vertex 196.761 10.975 0.5
    endloop
  endfacet
  facet normal 0.827031 0.562157 0
    outer loop
      vertex 196.761 10.975 0
      vertex 198.166 8.908 0.5
      vertex 198.166 8.908 0
    endloop
  endfacet
  facet normal 0.826418 -0.563057 0
    outer loop
      vertex 196.815 6.92509 0.5
      vertex 198.166 8.908 0
      vertex 198.166 8.908 0.5
    endloop
  endfacet
  facet normal 0.826418 -0.563057 0
    outer loop
      vertex 198.166 8.908 0
      vertex 196.815 6.92509 0.5
      vertex 196.815 6.92509 0
    endloop
  endfacet
  facet normal 0 1 -0
    outer loop
      vertex 197.905 6.92509 0
      vertex 196.815 6.92509 0.5
      vertex 197.905 6.92509 0.5
    endloop
  endfacet
  facet normal 0 1 0
    outer loop
      vertex 196.815 6.92509 0.5
      vertex 197.905 6.92509 0
      vertex 196.815 6.92509 0
    endloop
  endfacet
  facet normal -0.826994 0.56221 0
    outer loop
      vertex 197.905 6.92509 0
      vertex 198.792 8.22984 0.5
      vertex 198.792 8.22984 0
    endloop
  endfacet
  facet normal -0.826994 0.56221 0
    outer loop
      vertex 198.792 8.22984 0.5
      vertex 197.905 6.92509 0
      vertex 197.905 6.92509 0.5
    endloop
  endfacet
  facet normal 0 -1 0
    outer loop
      vertex 195.679 10.975 0
      vertex 196.728 10.975 0.5
      vertex 195.679 10.975 0.5
    endloop
  endfacet
  facet normal 0 -1 -0
    outer loop
      vertex 196.728 10.975 0.5
      vertex 195.679 10.975 0
      vertex 196.728 10.975 0
    endloop
  endfacet
  facet normal 0.945073 -0.32686 0
    outer loop
      vertex 195.424 10.2377 0.5
      vertex 195.679 10.975 0
      vertex 195.679 10.975 0.5
    endloop
  endfacet
  facet normal 0.945073 -0.32686 0
    outer loop
      vertex 195.679 10.975 0
      vertex 195.424 10.2377 0.5
      vertex 195.424 10.2377 0
    endloop
  endfacet
  facet normal 0 -1 0
    outer loop
      vertex 193.791 10.2377 0
      vertex 195.424 10.2377 0.5
      vertex 193.791 10.2377 0.5
    endloop
  endfacet
  facet normal 0 -1 -0
    outer loop
      vertex 195.424 10.2377 0.5
      vertex 193.791 10.2377 0
      vertex 195.424 10.2377 0
    endloop
  endfacet
  facet normal -0.94388 -0.330288 0
    outer loop
      vertex 193.791 10.2377 0
      vertex 193.533 10.975 0.5
      vertex 193.533 10.975 0
    endloop
  endfacet
  facet normal -0.94388 -0.330288 0
    outer loop
      vertex 193.533 10.975 0.5
      vertex 193.791 10.2377 0
      vertex 193.791 10.2377 0.5
    endloop
  endfacet
  facet normal 0 -1 0
    outer loop
      vertex 192.483 10.975 0
      vertex 193.533 10.975 0.5
      vertex 192.483 10.975 0.5
    endloop
  endfacet
  facet normal 0 -1 -0
    outer loop
      vertex 193.533 10.975 0.5
      vertex 192.483 10.975 0
      vertex 193.533 10.975 0
    endloop
  endfacet
  facet normal 0.937746 0.347321 0
    outer loop
      vertex 193.983 6.92509 0.5
      vertex 192.483 10.975 0
      vertex 192.483 10.975 0.5
    endloop
  endfacet
  facet normal 0.937746 0.347321 0
    outer loop
      vertex 192.483 10.975 0
      vertex 193.983 6.92509 0.5
      vertex 193.983 6.92509 0
    endloop
  endfacet
  facet normal 0 1 -0
    outer loop
      vertex 195.228 6.92509 0
      vertex 193.983 6.92509 0.5
      vertex 195.228 6.92509 0.5
    endloop
  endfacet
  facet normal 0 1 0
    outer loop
      vertex 193.983 6.92509 0.5
      vertex 195.228 6.92509 0
      vertex 193.983 6.92509 0
    endloop
  endfacet
  facet normal -0.937746 0.347321 0
    outer loop
      vertex 195.228 6.92509 0
      vertex 196.728 10.975 0.5
      vertex 196.728 10.975 0
    endloop
  endfacet
  facet normal -0.937746 0.347321 0
    outer loop
      vertex 196.728 10.975 0.5
      vertex 195.228 6.92509 0
      vertex 195.228 6.92509 0.5
    endloop
  endfacet
  facet normal 0 1 -0
    outer loop
      vertex 195.161 9.48508 0
      vertex 194.051 9.48508 0.5
      vertex 195.161 9.48508 0.5
    endloop
  endfacet
  facet normal 0 1 0
    outer loop
      vertex 194.051 9.48508 0.5
      vertex 195.161 9.48508 0
      vertex 194.051 9.48508 0
    endloop
  endfacet
  facet normal 0.945637 -0.325225 0
    outer loop
      vertex 194.607 7.87425 0.5
      vertex 195.161 9.48508 0
      vertex 195.161 9.48508 0.5
    endloop
  endfacet
  facet normal 0.945637 -0.325225 0
    outer loop
      vertex 195.161 9.48508 0
      vertex 194.607 7.87425 0.5
      vertex 194.607 7.87425 0
    endloop
  endfacet
  facet normal -0.945275 -0.326275 0
    outer loop
      vertex 194.607 7.87425 0
      vertex 194.051 9.48508 0.5
      vertex 194.051 9.48508 0
    endloop
  endfacet
  facet normal -0.945275 -0.326275 0
    outer loop
      vertex 194.051 9.48508 0.5
      vertex 194.607 7.87425 0
      vertex 194.607 7.87425 0.5
    endloop
  endfacet
  facet normal 0.919444 0.39322 0
    outer loop
      vertex 190.746 6.92509 0.5
      vertex 189.819 9.09264 0
      vertex 189.819 9.09264 0.5
    endloop
  endfacet
  facet normal 0.919444 0.39322 0
    outer loop
      vertex 189.819 9.09264 0
      vertex 190.746 6.92509 0.5
      vertex 190.746 6.92509 0
    endloop
  endfacet
  facet normal 0 1 -0
    outer loop
      vertex 192.073 6.92509 0
      vertex 190.746 6.92509 0.5
      vertex 192.073 6.92509 0.5
    endloop
  endfacet
  facet normal 0 1 0
    outer loop
      vertex 190.746 6.92509 0.5
      vertex 192.073 6.92509 0
      vertex 190.746 6.92509 0
    endloop
  endfacet
  facet normal -1 0 0
    outer loop
      vertex 192.073 6.92509 0
      vertex 192.073 10.975 0.5
      vertex 192.073 10.975 0
    endloop
  endfacet
  facet normal -1 -0 0
    outer loop
      vertex 192.073 10.975 0.5
      vertex 192.073 6.92509 0
      vertex 192.073 6.92509 0.5
    endloop
  endfacet
  facet normal 0 -1 0
    outer loop
      vertex 191.085 10.975 0
      vertex 192.073 10.975 0.5
      vertex 191.085 10.975 0.5
    endloop
  endfacet
  facet normal 0 -1 -0
    outer loop
      vertex 192.073 10.975 0.5
      vertex 191.085 10.975 0
      vertex 192.073 10.975 0
    endloop
  endfacet
  facet normal 1 -0 0
    outer loop
      vertex 191.085 8.01292 0.5
      vertex 191.085 10.975 0
      vertex 191.085 10.975 0.5
    endloop
  endfacet
  facet normal 1 0 0
    outer loop
      vertex 191.085 10.975 0
      vertex 191.085 8.01292 0.5
      vertex 191.085 8.01292 0
    endloop
  endfacet
  facet normal -0.919587 -0.392885 0
    outer loop
      vertex 191.085 8.01292 0
      vertex 190.152 10.1967 0.5
      vertex 190.152 10.1967 0
    endloop
  endfacet
  facet normal -0.919587 -0.392885 0
    outer loop
      vertex 190.152 10.1967 0.5
      vertex 191.085 8.01292 0
      vertex 191.085 8.01292 0.5
    endloop
  endfacet
  facet normal 0 -1 0
    outer loop
      vertex 189.49 10.1967 0
      vertex 190.152 10.1967 0.5
      vertex 189.49 10.1967 0.5
    endloop
  endfacet
  facet normal 0 -1 -0
    outer loop
      vertex 190.152 10.1967 0.5
      vertex 189.49 10.1967 0
      vertex 190.152 10.1967 0
    endloop
  endfacet
  facet normal 0.919587 -0.392885 0
    outer loop
      vertex 188.557 8.01292 0.5
      vertex 189.49 10.1967 0
      vertex 189.49 10.1967 0.5
    endloop
  endfacet
  facet normal 0.919587 -0.392885 0
    outer loop
      vertex 189.49 10.1967 0
      vertex 188.557 8.01292 0.5
      vertex 188.557 8.01292 0
    endloop
  endfacet
  facet normal -1 0 0
    outer loop
      vertex 188.557 8.01292 0
      vertex 188.557 10.975 0.5
      vertex 188.557 10.975 0
    endloop
  endfacet
  facet normal -1 -0 0
    outer loop
      vertex 188.557 10.975 0.5
      vertex 188.557 8.01292 0
      vertex 188.557 8.01292 0.5
    endloop
  endfacet
  facet normal 0 -1 0
    outer loop
      vertex 187.567 10.975 0
      vertex 188.557 10.975 0.5
      vertex 187.567 10.975 0.5
    endloop
  endfacet
  facet normal 0 -1 -0
    outer loop
      vertex 188.557 10.975 0.5
      vertex 187.567 10.975 0
      vertex 188.557 10.975 0
    endloop
  endfacet
  facet normal 1 -0 0
    outer loop
      vertex 187.567 6.92509 0.5
      vertex 187.567 10.975 0
      vertex 187.567 10.975 0.5
    endloop
  endfacet
  facet normal 1 0 0
    outer loop
      vertex 187.567 10.975 0
      vertex 187.567 6.92509 0.5
      vertex 187.567 6.92509 0
    endloop
  endfacet
  facet normal 0 1 -0
    outer loop
      vertex 188.896 6.92509 0
      vertex 187.567 6.92509 0.5
      vertex 188.896 6.92509 0.5
    endloop
  endfacet
  facet normal 0 1 0
    outer loop
      vertex 187.567 6.92509 0.5
      vertex 188.896 6.92509 0
      vertex 187.567 6.92509 0
    endloop
  endfacet
  facet normal -0.920057 0.391785 0
    outer loop
      vertex 188.896 6.92509 0
      vertex 189.819 9.09264 0.5
      vertex 189.819 9.09264 0
    endloop
  endfacet
  facet normal -0.920057 0.391785 0
    outer loop
      vertex 189.819 9.09264 0.5
      vertex 188.896 6.92509 0
      vertex 188.896 6.92509 0.5
    endloop
  endfacet
  facet normal -0.104994 0.994473 0
    outer loop
      vertex 181.959 6.95309 0
      vertex 181.76 6.93208 0.5
      vertex 181.959 6.95309 0.5
    endloop
  endfacet
  facet normal -0.104994 0.994473 0
    outer loop
      vertex 181.76 6.93208 0.5
      vertex 181.959 6.95309 0
      vertex 181.76 6.93208 0
    endloop
  endfacet
  facet normal -0.18697 0.982366 0
    outer loop
      vertex 182.143 6.98811 0
      vertex 181.959 6.95309 0.5
      vertex 182.143 6.98811 0.5
    endloop
  endfacet
  facet normal -0.18697 0.982366 0
    outer loop
      vertex 181.959 6.95309 0.5
      vertex 182.143 6.98811 0
      vertex 181.959 6.95309 0
    endloop
  endfacet
  facet normal -0.277012 0.960866 0
    outer loop
      vertex 182.313 7.03712 0
      vertex 182.143 6.98811 0.5
      vertex 182.313 7.03712 0.5
    endloop
  endfacet
  facet normal -0.277012 0.960866 0
    outer loop
      vertex 182.143 6.98811 0.5
      vertex 182.313 7.03712 0
      vertex 182.143 6.98811 0
    endloop
  endfacet
  facet normal -0.37664 0.92636 0
    outer loop
      vertex 182.468 7.10014 0
      vertex 182.313 7.03712 0.5
      vertex 182.468 7.10014 0.5
    endloop
  endfacet
  facet normal -0.37664 0.92636 0
    outer loop
      vertex 182.313 7.03712 0.5
      vertex 182.468 7.10014 0
      vertex 182.313 7.03712 0
    endloop
  endfacet
  facet normal -0.482063 0.876137 0
    outer loop
      vertex 182.608 7.17717 0
      vertex 182.468 7.10014 0.5
      vertex 182.608 7.17717 0.5
    endloop
  endfacet
  facet normal -0.482063 0.876137 0
    outer loop
      vertex 182.468 7.10014 0.5
      vertex 182.608 7.17717 0
      vertex 182.468 7.10014 0
    endloop
  endfacet
  facet normal -0.588683 0.808364 0
    outer loop
      vertex 182.733 7.2682 0
      vertex 182.608 7.17717 0.5
      vertex 182.733 7.2682 0.5
    endloop
  endfacet
  facet normal -0.588683 0.808364 0
    outer loop
      vertex 182.608 7.17717 0.5
      vertex 182.733 7.2682 0
      vertex 182.608 7.17717 0
    endloop
  endfacet
  facet normal -0.686942 0.726713 0
    outer loop
      vertex 182.843 7.37218 0
      vertex 182.733 7.2682 0.5
      vertex 182.843 7.37218 0.5
    endloop
  endfacet
  facet normal -0.686942 0.726713 0
    outer loop
      vertex 182.733 7.2682 0.5
      vertex 182.843 7.37218 0
      vertex 182.733 7.2682 0
    endloop
  endfacet
  facet normal -0.77987 0.625942 0
    outer loop
      vertex 182.843 7.37218 0
      vertex 182.936 7.48805 0.5
      vertex 182.936 7.48805 0
    endloop
  endfacet
  facet normal -0.77987 0.625942 0
    outer loop
      vertex 182.936 7.48805 0.5
      vertex 182.843 7.37218 0
      vertex 182.843 7.37218 0.5
    endloop
  endfacet
  facet normal -0.859469 0.511188 0
    outer loop
      vertex 182.936 7.48805 0
      vertex 183.012 7.61583 0.5
      vertex 183.012 7.61583 0
    endloop
  endfacet
  facet normal -0.859469 0.511188 0
    outer loop
      vertex 183.012 7.61583 0.5
      vertex 182.936 7.48805 0
      vertex 182.936 7.48805 0.5
    endloop
  endfacet
  facet normal -0.921193 0.389106 0
    outer loop
      vertex 183.012 7.61583 0
      vertex 183.071 7.75551 0.5
      vertex 183.071 7.75551 0
    endloop
  endfacet
  facet normal -0.921193 0.389106 0
    outer loop
      vertex 183.071 7.75551 0.5
      vertex 183.012 7.61583 0
      vertex 183.012 7.61583 0.5
    endloop
  endfacet
  facet normal -0.963695 0.267004 0
    outer loop
      vertex 183.071 7.75551 0
      vertex 183.113 7.9071 0.5
      vertex 183.113 7.9071 0
    endloop
  endfacet
  facet normal -0.963695 0.267004 0
    outer loop
      vertex 183.113 7.9071 0.5
      vertex 183.071 7.75551 0
      vertex 183.071 7.75551 0.5
    endloop
  endfacet
  facet normal -0.987589 0.157057 0
    outer loop
      vertex 183.113 7.9071 0
      vertex 183.139 8.07059 0.5
      vertex 183.139 8.07059 0
    endloop
  endfacet
  facet normal -0.987589 0.157057 0
    outer loop
      vertex 183.139 8.07059 0.5
      vertex 183.113 7.9071 0
      vertex 183.113 7.9071 0.5
    endloop
  endfacet
  facet normal -0.998961 0.0455679 0
    outer loop
      vertex 183.139 8.07059 0
      vertex 183.147 8.24597 0.5
      vertex 183.147 8.24597 0
    endloop
  endfacet
  facet normal -0.998961 0.0455679 0
    outer loop
      vertex 183.147 8.24597 0.5
      vertex 183.139 8.07059 0
      vertex 183.139 8.07059 0.5
    endloop
  endfacet
  facet normal -0.99897 -0.0453819 0
    outer loop
      vertex 183.147 8.24597 0
      vertex 183.139 8.42207 0.5
      vertex 183.139 8.42207 0
    endloop
  endfacet
  facet normal -0.99897 -0.0453819 0
    outer loop
      vertex 183.139 8.42207 0.5
      vertex 183.147 8.24597 0
      vertex 183.147 8.24597 0.5
    endloop
  endfacet
  facet normal -0.98768 -0.156488 0
    outer loop
      vertex 183.139 8.42207 0
      vertex 183.113 8.58617 0.5
      vertex 183.113 8.58617 0
    endloop
  endfacet
  facet normal -0.98768 -0.156488 0
    outer loop
      vertex 183.113 8.58617 0.5
      vertex 183.139 8.42207 0
      vertex 183.139 8.42207 0.5
    endloop
  endfacet
  facet normal -0.963925 -0.266173 0
    outer loop
      vertex 183.113 8.58617 0
      vertex 183.071 8.73827 0.5
      vertex 183.071 8.73827 0
    endloop
  endfacet
  facet normal -0.963925 -0.266173 0
    outer loop
      vertex 183.071 8.73827 0.5
      vertex 183.113 8.58617 0
      vertex 183.113 8.58617 0.5
    endloop
  endfacet
  facet normal -0.921571 -0.38821 0
    outer loop
      vertex 183.071 8.73827 0
      vertex 183.012 8.87833 0.5
      vertex 183.012 8.87833 0
    endloop
  endfacet
  facet normal -0.921571 -0.38821 0
    outer loop
      vertex 183.012 8.87833 0.5
      vertex 183.071 8.73827 0
      vertex 183.071 8.73827 0.5
    endloop
  endfacet
  facet normal -0.859942 -0.510391 0
    outer loop
      vertex 183.012 8.87833 0
      vertex 182.936 9.00638 0.5
      vertex 182.936 9.00638 0
    endloop
  endfacet
  facet normal -0.859942 -0.510391 0
    outer loop
      vertex 182.936 9.00638 0.5
      vertex 183.012 8.87833 0
      vertex 183.012 8.87833 0.5
    endloop
  endfacet
  facet normal -0.78037 -0.625318 0
    outer loop
      vertex 182.936 9.00638 0
      vertex 182.843 9.12244 0.5
      vertex 182.843 9.12244 0
    endloop
  endfacet
  facet normal -0.78037 -0.625318 0
    outer loop
      vertex 182.843 9.12244 0.5
      vertex 182.936 9.00638 0
      vertex 182.936 9.00638 0.5
    endloop
  endfacet
  facet normal -0.687116 -0.726548 0
    outer loop
      vertex 182.733 9.22647 0
      vertex 182.843 9.12244 0.5
      vertex 182.733 9.22647 0.5
    endloop
  endfacet
  facet normal -0.687116 -0.726548 -0
    outer loop
      vertex 182.843 9.12244 0.5
      vertex 182.733 9.22647 0
      vertex 182.843 9.12244 0
    endloop
  endfacet
  facet normal -0.588641 -0.808395 0
    outer loop
      vertex 182.608 9.31749 0
      vertex 182.733 9.22647 0.5
      vertex 182.608 9.31749 0.5
    endloop
  endfacet
  facet normal -0.588641 -0.808395 -0
    outer loop
      vertex 182.733 9.22647 0.5
      vertex 182.608 9.31749 0
      vertex 182.733 9.22647 0
    endloop
  endfacet
  facet normal -0.482063 -0.876137 0
    outer loop
      vertex 182.468 9.39452 0
      vertex 182.608 9.31749 0.5
      vertex 182.468 9.39452 0.5
    endloop
  endfacet
  facet normal -0.482063 -0.876137 -0
    outer loop
      vertex 182.608 9.31749 0.5
      vertex 182.468 9.39452 0
      vertex 182.608 9.31749 0
    endloop
  endfacet
  facet normal -0.376537 -0.926401 0
    outer loop
      vertex 182.313 9.45752 0
      vertex 182.468 9.39452 0.5
      vertex 182.313 9.45752 0.5
    endloop
  endfacet
  facet normal -0.376537 -0.926401 -0
    outer loop
      vertex 182.468 9.39452 0.5
      vertex 182.313 9.45752 0
      vertex 182.468 9.39452 0
    endloop
  endfacet
  facet normal -0.277012 -0.960866 0
    outer loop
      vertex 182.143 9.50653 0
      vertex 182.313 9.45752 0.5
      vertex 182.143 9.50653 0.5
    endloop
  endfacet
  facet normal -0.277012 -0.960866 -0
    outer loop
      vertex 182.313 9.45752 0.5
      vertex 182.143 9.50653 0
      vertex 182.313 9.45752 0
    endloop
  endfacet
  facet normal -0.18697 -0.982366 0
    outer loop
      vertex 181.959 9.54155 0
      vertex 182.143 9.50653 0.5
      vertex 181.959 9.54155 0.5
    endloop
  endfacet
  facet normal -0.18697 -0.982366 -0
    outer loop
      vertex 182.143 9.50653 0.5
      vertex 181.959 9.54155 0
      vertex 182.143 9.50653 0
    endloop
  endfacet
  facet normal -0.104945 -0.994478 0
    outer loop
      vertex 181.76 9.56255 0
      vertex 181.959 9.54155 0.5
      vertex 181.76 9.56255 0.5
    endloop
  endfacet
  facet normal -0.104945 -0.994478 -0
    outer loop
      vertex 181.959 9.54155 0.5
      vertex 181.76 9.56255 0
      vertex 181.959 9.54155 0
    endloop
  endfacet
  facet normal -0.0328461 -0.99946 0
    outer loop
      vertex 181.547 9.56955 0
      vertex 181.76 9.56255 0.5
      vertex 181.547 9.56955 0.5
    endloop
  endfacet
  facet normal -0.0328461 -0.99946 -0
    outer loop
      vertex 181.76 9.56255 0.5
      vertex 181.547 9.56955 0
      vertex 181.76 9.56255 0
    endloop
  endfacet
  facet normal 0 -1 0
    outer loop
      vertex 180.858 9.56955 0
      vertex 181.547 9.56955 0.5
      vertex 180.858 9.56955 0.5
    endloop
  endfacet
  facet normal 0 -1 -0
    outer loop
      vertex 181.547 9.56955 0.5
      vertex 180.858 9.56955 0
      vertex 181.547 9.56955 0
    endloop
  endfacet
  facet normal -1 0 0
    outer loop
      vertex 180.858 9.56955 0
      vertex 180.858 10.975 0.5
      vertex 180.858 10.975 0
    endloop
  endfacet
  facet normal -1 -0 0
    outer loop
      vertex 180.858 10.975 0.5
      vertex 180.858 9.56955 0
      vertex 180.858 9.56955 0.5
    endloop
  endfacet
  facet normal 0 -1 0
    outer loop
      vertex 179.813 10.975 0
      vertex 180.858 10.975 0.5
      vertex 179.813 10.975 0.5
    endloop
  endfacet
  facet normal 0 -1 -0
    outer loop
      vertex 180.858 10.975 0.5
      vertex 179.813 10.975 0
      vertex 180.858 10.975 0
    endloop
  endfacet
  facet normal 1 -0 0
    outer loop
      vertex 179.813 6.92509 0.5
      vertex 179.813 10.975 0
      vertex 179.813 10.975 0.5
    endloop
  endfacet
  facet normal 1 0 0
    outer loop
      vertex 179.813 10.975 0
      vertex 179.813 6.92509 0.5
      vertex 179.813 6.92509 0
    endloop
  endfacet
  facet normal 0 1 -0
    outer loop
      vertex 181.547 6.92509 0
      vertex 179.813 6.92509 0.5
      vertex 181.547 6.92509 0.5
    endloop
  endfacet
  facet normal 0 1 0
    outer loop
      vertex 179.813 6.92509 0.5
      vertex 181.547 6.92509 0
      vertex 179.813 6.92509 0
    endloop
  endfacet
  facet normal -0.0327992 0.999462 0
    outer loop
      vertex 181.76 6.93208 0
      vertex 181.547 6.92509 0.5
      vertex 181.76 6.93208 0.5
    endloop
  endfacet
  facet normal -0.0327992 0.999462 0
    outer loop
      vertex 181.547 6.92509 0.5
      vertex 181.76 6.93208 0
      vertex 181.547 6.92509 0
    endloop
  endfacet
  facet normal -1 0 0
    outer loop
      vertex 180.858 7.68285 0
      vertex 180.858 8.81181 0.5
      vertex 180.858 8.81181 0
    endloop
  endfacet
  facet normal -1 -0 0
    outer loop
      vertex 180.858 8.81181 0.5
      vertex 180.858 7.68285 0
      vertex 180.858 7.68285 0.5
    endloop
  endfacet
  facet normal 0 1 -0
    outer loop
      vertex 181.436 8.81181 0
      vertex 180.858 8.81181 0.5
      vertex 181.436 8.81181 0.5
    endloop
  endfacet
  facet normal 0 1 0
    outer loop
      vertex 180.858 8.81181 0.5
      vertex 181.436 8.81181 0
      vertex 180.858 8.81181 0
    endloop
  endfacet
  facet normal 0.0363615 0.999339 -0
    outer loop
      vertex 181.519 8.80879 0
      vertex 181.436 8.81181 0.5
      vertex 181.519 8.80879 0.5
    endloop
  endfacet
  facet normal 0.0363615 0.999339 0
    outer loop
      vertex 181.436 8.81181 0.5
      vertex 181.519 8.80879 0
      vertex 181.436 8.81181 0
    endloop
  endfacet
  facet normal 0.113564 0.993531 -0
    outer loop
      vertex 181.598 8.79976 0
      vertex 181.519 8.80879 0.5
      vertex 181.598 8.79976 0.5
    endloop
  endfacet
  facet normal 0.113564 0.993531 0
    outer loop
      vertex 181.519 8.80879 0.5
      vertex 181.598 8.79976 0
      vertex 181.519 8.80879 0
    endloop
  endfacet
  facet normal 0.201918 0.979402 -0
    outer loop
      vertex 181.671 8.78471 0
      vertex 181.598 8.79976 0.5
      vertex 181.671 8.78471 0.5
    endloop
  endfacet
  facet normal 0.201918 0.979402 0
    outer loop
      vertex 181.598 8.79976 0.5
      vertex 181.671 8.78471 0
      vertex 181.598 8.79976 0
    endloop
  endfacet
  facet normal 0.299993 0.953941 -0
    outer loop
      vertex 181.738 8.76364 0
      vertex 181.671 8.78471 0.5
      vertex 181.738 8.76364 0.5
    endloop
  endfacet
  facet normal 0.299993 0.953941 0
    outer loop
      vertex 181.671 8.78471 0.5
      vertex 181.738 8.76364 0
      vertex 181.671 8.78471 0
    endloop
  endfacet
  facet normal 0.405999 0.913873 -0
    outer loop
      vertex 181.799 8.73654 0
      vertex 181.738 8.76364 0.5
      vertex 181.799 8.73654 0.5
    endloop
  endfacet
  facet normal 0.405999 0.913873 0
    outer loop
      vertex 181.738 8.76364 0.5
      vertex 181.799 8.73654 0
      vertex 181.738 8.76364 0
    endloop
  endfacet
  facet normal 0.508947 0.860798 -0
    outer loop
      vertex 181.855 8.70343 0
      vertex 181.799 8.73654 0.5
      vertex 181.855 8.70343 0.5
    endloop
  endfacet
  facet normal 0.508947 0.860798 0
    outer loop
      vertex 181.799 8.73654 0.5
      vertex 181.855 8.70343 0
      vertex 181.799 8.73654 0
    endloop
  endfacet
  facet normal 0.616402 0.787432 -0
    outer loop
      vertex 181.905 8.66429 0
      vertex 181.855 8.70343 0.5
      vertex 181.905 8.66429 0.5
    endloop
  endfacet
  facet normal 0.616402 0.787432 0
    outer loop
      vertex 181.855 8.70343 0.5
      vertex 181.905 8.66429 0
      vertex 181.855 8.70343 0
    endloop
  endfacet
  facet normal 0.712508 0.701664 0
    outer loop
      vertex 181.949 8.61961 0.5
      vertex 181.905 8.66429 0
      vertex 181.905 8.66429 0.5
    endloop
  endfacet
  facet normal 0.712508 0.701664 0
    outer loop
      vertex 181.905 8.66429 0
      vertex 181.949 8.61961 0.5
      vertex 181.949 8.61961 0
    endloop
  endfacet
  facet normal 0.802068 0.597233 0
    outer loop
      vertex 181.986 8.56992 0.5
      vertex 181.949 8.61961 0
      vertex 181.949 8.61961 0.5
    endloop
  endfacet
  facet normal 0.802068 0.597233 0
    outer loop
      vertex 181.949 8.61961 0
      vertex 181.986 8.56992 0.5
      vertex 181.986 8.56992 0
    endloop
  endfacet
  facet normal 0.876939 0.480602 0
    outer loop
      vertex 182.016 8.51518 0.5
      vertex 181.986 8.56992 0
      vertex 181.986 8.56992 0.5
    endloop
  endfacet
  facet normal 0.876939 0.480602 0
    outer loop
      vertex 181.986 8.56992 0
      vertex 182.016 8.51518 0.5
      vertex 182.016 8.51518 0
    endloop
  endfacet
  facet normal 0.927983 0.372622 0
    outer loop
      vertex 182.04 8.45541 0.5
      vertex 182.016 8.51518 0
      vertex 182.016 8.51518 0.5
    endloop
  endfacet
  facet normal 0.927983 0.372622 0
    outer loop
      vertex 182.016 8.51518 0
      vertex 182.04 8.45541 0.5
      vertex 182.04 8.45541 0
    endloop
  endfacet
  facet normal 0.967258 0.253795 0
    outer loop
      vertex 182.057 8.39062 0.5
      vertex 182.04 8.45541 0
      vertex 182.04 8.45541 0.5
    endloop
  endfacet
  facet normal 0.967258 0.253795 0
    outer loop
      vertex 182.04 8.45541 0
      vertex 182.057 8.39062 0.5
      vertex 182.057 8.39062 0
    endloop
  endfacet
  facet normal 0.989893 0.141818 0
    outer loop
      vertex 182.067 8.32082 0.5
      vertex 182.057 8.39062 0
      vertex 182.057 8.39062 0.5
    endloop
  endfacet
  facet normal 0.989893 0.141818 0
    outer loop
      vertex 182.057 8.39062 0
      vertex 182.067 8.32082 0.5
      vertex 182.067 8.32082 0
    endloop
  endfacet
  facet normal 0.999198 0.040048 0
    outer loop
      vertex 182.07 8.24597 0.5
      vertex 182.067 8.32082 0
      vertex 182.067 8.32082 0.5
    endloop
  endfacet
  facet normal 0.999198 0.040048 0
    outer loop
      vertex 182.067 8.32082 0
      vertex 182.07 8.24597 0.5
      vertex 182.07 8.24597 0
    endloop
  endfacet
  facet normal 0.999197 -0.0400694 0
    outer loop
      vertex 182.067 8.17116 0.5
      vertex 182.07 8.24597 0
      vertex 182.07 8.24597 0.5
    endloop
  endfacet
  facet normal 0.999197 -0.0400694 0
    outer loop
      vertex 182.07 8.24597 0
      vertex 182.067 8.17116 0.5
      vertex 182.067 8.17116 0
    endloop
  endfacet
  facet normal 0.98987 -0.141978 0
    outer loop
      vertex 182.057 8.10144 0.5
      vertex 182.067 8.17116 0
      vertex 182.067 8.17116 0.5
    endloop
  endfacet
  facet normal 0.98987 -0.141978 0
    outer loop
      vertex 182.067 8.17116 0
      vertex 182.057 8.10144 0.5
      vertex 182.057 8.10144 0
    endloop
  endfacet
  facet normal 0.967123 -0.254309 0
    outer loop
      vertex 182.04 8.03679 0.5
      vertex 182.057 8.10144 0
      vertex 182.057 8.10144 0.5
    endloop
  endfacet
  facet normal 0.967123 -0.254309 0
    outer loop
      vertex 182.057 8.10144 0
      vertex 182.04 8.03679 0.5
      vertex 182.04 8.03679 0
    endloop
  endfacet
  facet normal 0.927529 -0.373752 0
    outer loop
      vertex 182.016 7.97723 0.5
      vertex 182.04 8.03679 0
      vertex 182.04 8.03679 0.5
    endloop
  endfacet
  facet normal 0.927529 -0.373752 0
    outer loop
      vertex 182.04 8.03679 0
      vertex 182.016 7.97723 0.5
      vertex 182.016 7.97723 0
    endloop
  endfacet
  facet normal 0.875934 -0.482431 0
    outer loop
      vertex 181.986 7.92276 0.5
      vertex 182.016 7.97723 0
      vertex 182.016 7.97723 0.5
    endloop
  endfacet
  facet normal 0.875934 -0.482431 0
    outer loop
      vertex 182.016 7.97723 0
      vertex 181.986 7.92276 0.5
      vertex 181.986 7.92276 0
    endloop
  endfacet
  facet normal 0.80033 -0.599559 0
    outer loop
      vertex 181.949 7.87337 0.5
      vertex 181.986 7.92276 0
      vertex 181.986 7.92276 0.5
    endloop
  endfacet
  facet normal 0.80033 -0.599559 0
    outer loop
      vertex 181.986 7.92276 0
      vertex 181.949 7.87337 0.5
      vertex 181.949 7.87337 0
    endloop
  endfacet
  facet normal 0.709744 -0.70446 0
    outer loop
      vertex 181.905 7.82904 0.5
      vertex 181.949 7.87337 0
      vertex 181.949 7.87337 0.5
    endloop
  endfacet
  facet normal 0.709744 -0.70446 0
    outer loop
      vertex 181.949 7.87337 0
      vertex 181.905 7.82904 0.5
      vertex 181.905 7.82904 0
    endloop
  endfacet
  facet normal 0.612966 -0.790109 0
    outer loop
      vertex 181.855 7.79025 0
      vertex 181.905 7.82904 0.5
      vertex 181.855 7.79025 0.5
    endloop
  endfacet
  facet normal 0.612966 -0.790109 0
    outer loop
      vertex 181.905 7.82904 0.5
      vertex 181.855 7.79025 0
      vertex 181.905 7.82904 0
    endloop
  endfacet
  facet normal 0.505403 -0.862883 0
    outer loop
      vertex 181.799 7.75745 0
      vertex 181.855 7.79025 0.5
      vertex 181.799 7.75745 0.5
    endloop
  endfacet
  facet normal 0.505403 -0.862883 0
    outer loop
      vertex 181.855 7.79025 0.5
      vertex 181.799 7.75745 0
      vertex 181.855 7.79025 0
    endloop
  endfacet
  facet normal 0.40299 -0.915204 0
    outer loop
      vertex 181.738 7.73059 0
      vertex 181.799 7.75745 0.5
      vertex 181.738 7.73059 0.5
    endloop
  endfacet
  facet normal 0.40299 -0.915204 0
    outer loop
      vertex 181.799 7.75745 0.5
      vertex 181.738 7.73059 0
      vertex 181.799 7.75745 0
    endloop
  endfacet
  facet normal 0.297658 -0.954672 0
    outer loop
      vertex 181.671 7.7097 0
      vertex 181.738 7.73059 0.5
      vertex 181.671 7.7097 0.5
    endloop
  endfacet
  facet normal 0.297658 -0.954672 0
    outer loop
      vertex 181.738 7.73059 0.5
      vertex 181.671 7.7097 0
      vertex 181.738 7.73059 0
    endloop
  endfacet
  facet normal 0.200244 -0.979746 0
    outer loop
      vertex 181.598 7.69478 0
      vertex 181.671 7.7097 0.5
      vertex 181.598 7.69478 0.5
    endloop
  endfacet
  facet normal 0.200244 -0.979746 0
    outer loop
      vertex 181.671 7.7097 0.5
      vertex 181.598 7.69478 0
      vertex 181.671 7.7097 0
    endloop
  endfacet
  facet normal 0.112447 -0.993658 0
    outer loop
      vertex 181.519 7.68584 0
      vertex 181.598 7.69478 0.5
      vertex 181.519 7.68584 0.5
    endloop
  endfacet
  facet normal 0.112447 -0.993658 0
    outer loop
      vertex 181.598 7.69478 0.5
      vertex 181.519 7.68584 0
      vertex 181.598 7.69478 0
    endloop
  endfacet
  facet normal 0.0360007 -0.999352 0
    outer loop
      vertex 181.436 7.68285 0
      vertex 181.519 7.68584 0.5
      vertex 181.436 7.68285 0.5
    endloop
  endfacet
  facet normal 0.0360007 -0.999352 0
    outer loop
      vertex 181.519 7.68584 0.5
      vertex 181.436 7.68285 0
      vertex 181.519 7.68584 0
    endloop
  endfacet
  facet normal 0 -1 0
    outer loop
      vertex 180.858 7.68285 0
      vertex 181.436 7.68285 0.5
      vertex 180.858 7.68285 0.5
    endloop
  endfacet
  facet normal 0 -1 -0
    outer loop
      vertex 181.436 7.68285 0.5
      vertex 180.858 7.68285 0
      vertex 181.436 7.68285 0
    endloop
  endfacet
  facet normal 0 1 -0
    outer loop
      vertex 175.364 9.47995 0
      vertex 174.786 9.47995 0.5
      vertex 175.364 9.47995 0.5
    endloop
  endfacet
  facet normal 0 1 0
    outer loop
      vertex 174.786 9.47995 0.5
      vertex 175.364 9.47995 0
      vertex 174.786 9.47995 0
    endloop
  endfacet
  facet normal -1 0 0
    outer loop
      vertex 175.364 9.47995 0
      vertex 175.364 10.2377 0.5
      vertex 175.364 10.2377 0
    endloop
  endfacet
  facet normal -1 -0 0
    outer loop
      vertex 175.364 10.2377 0.5
      vertex 175.364 9.47995 0
      vertex 175.364 9.47995 0.5
    endloop
  endfacet
  facet normal 0 -1 0
    outer loop
      vertex 174.786 10.2377 0
      vertex 175.364 10.2377 0.5
      vertex 174.786 10.2377 0.5
    endloop
  endfacet
  facet normal 0 -1 -0
    outer loop
      vertex 175.364 10.2377 0.5
      vertex 174.786 10.2377 0
      vertex 175.364 10.2377 0
    endloop
  endfacet
  facet normal -1 0 0
    outer loop
      vertex 174.786 10.2377 0
      vertex 174.786 10.975 0.5
      vertex 174.786 10.975 0
    endloop
  endfacet
  facet normal -1 -0 0
    outer loop
      vertex 174.786 10.975 0.5
      vertex 174.786 10.2377 0
      vertex 174.786 10.2377 0.5
    endloop
  endfacet
  facet normal 0 -1 0
    outer loop
      vertex 173.799 10.975 0
      vertex 174.786 10.975 0.5
      vertex 173.799 10.975 0.5
    endloop
  endfacet
  facet normal 0 -1 -0
    outer loop
      vertex 174.786 10.975 0.5
      vertex 173.799 10.975 0
      vertex 174.786 10.975 0
    endloop
  endfacet
  facet normal 1 -0 0
    outer loop
      vertex 173.799 10.2377 0.5
      vertex 173.799 10.975 0
      vertex 173.799 10.975 0.5
    endloop
  endfacet
  facet normal 1 0 0
    outer loop
      vertex 173.799 10.975 0
      vertex 173.799 10.2377 0.5
      vertex 173.799 10.2377 0
    endloop
  endfacet
  facet normal 0 -1 0
    outer loop
      vertex 172.003 10.2377 0
      vertex 173.799 10.2377 0.5
      vertex 172.003 10.2377 0.5
    endloop
  endfacet
  facet normal 0 -1 -0
    outer loop
      vertex 173.799 10.2377 0.5
      vertex 172.003 10.2377 0
      vertex 173.799 10.2377 0
    endloop
  endfacet
  facet normal 1 -0 0
    outer loop
      vertex 172.003 9.34239 0.5
      vertex 172.003 10.2377 0
      vertex 172.003 10.2377 0.5
    endloop
  endfacet
  facet normal 1 0 0
    outer loop
      vertex 172.003 10.2377 0
      vertex 172.003 9.34239 0.5
      vertex 172.003 9.34239 0
    endloop
  endfacet
  facet normal 0.830387 0.557187 0
    outer loop
      vertex 173.625 6.92509 0.5
      vertex 172.003 9.34239 0
      vertex 172.003 9.34239 0.5
    endloop
  endfacet
  facet normal 0.830387 0.557187 0
    outer loop
      vertex 172.003 9.34239 0
      vertex 173.625 6.92509 0.5
      vertex 173.625 6.92509 0
    endloop
  endfacet
  facet normal 0 1 -0
    outer loop
      vertex 174.786 6.92509 0
      vertex 173.625 6.92509 0.5
      vertex 174.786 6.92509 0.5
    endloop
  endfacet
  facet normal 0 1 0
    outer loop
      vertex 173.625 6.92509 0.5
      vertex 174.786 6.92509 0
      vertex 173.625 6.92509 0
    endloop
  endfacet
  facet normal -1 0 0
    outer loop
      vertex 174.786 6.92509 0
      vertex 174.786 9.47995 0.5
      vertex 174.786 9.47995 0
    endloop
  endfacet
  facet normal -1 -0 0
    outer loop
      vertex 174.786 9.47995 0.5
      vertex 174.786 6.92509 0
      vertex 174.786 6.92509 0.5
    endloop
  endfacet
  facet normal 0 1 -0
    outer loop
      vertex 173.799 9.47995 0
      vertex 172.654 9.47995 0.5
      vertex 173.799 9.47995 0.5
    endloop
  endfacet
  facet normal 0 1 0
    outer loop
      vertex 172.654 9.47995 0.5
      vertex 173.799 9.47995 0
      vertex 172.654 9.47995 0
    endloop
  endfacet
  facet normal 1 -0 0
    outer loop
      vertex 173.799 7.78485 0.5
      vertex 173.799 9.47995 0
      vertex 173.799 9.47995 0.5
    endloop
  endfacet
  facet normal 1 0 0
    outer loop
      vertex 173.799 9.47995 0
      vertex 173.799 7.78485 0.5
      vertex 173.799 7.78485 0
    endloop
  endfacet
  facet normal -0.828666 -0.559744 0
    outer loop
      vertex 173.799 7.78485 0
      vertex 172.654 9.47995 0.5
      vertex 172.654 9.47995 0
    endloop
  endfacet
  facet normal -0.828666 -0.559744 0
    outer loop
      vertex 172.654 9.47995 0.5
      vertex 173.799 7.78485 0
      vertex 173.799 7.78485 0.5
    endloop
  endfacet
  facet normal 0 -1 0
    outer loop
      vertex 169.602 7.71356 0
      vertex 171.376 7.71356 0.5
      vertex 169.602 7.71356 0.5
    endloop
  endfacet
  facet normal 0 -1 -0
    outer loop
      vertex 171.376 7.71356 0.5
      vertex 169.602 7.71356 0
      vertex 171.376 7.71356 0
    endloop
  endfacet
  facet normal -1 0 0
    outer loop
      vertex 169.602 7.71356 0
      vertex 169.602 8.46877 0.5
      vertex 169.602 8.46877 0
    endloop
  endfacet
  facet normal -1 -0 0
    outer loop
      vertex 169.602 8.46877 0.5
      vertex 169.602 7.71356 0
      vertex 169.602 7.71356 0.5
    endloop
  endfacet
  facet normal 0 1 -0
    outer loop
      vertex 171.27 8.46877 0
      vertex 169.602 8.46877 0.5
      vertex 171.27 8.46877 0.5
    endloop
  endfacet
  facet normal 0 1 0
    outer loop
      vertex 169.602 8.46877 0.5
      vertex 171.27 8.46877 0
      vertex 169.602 8.46877 0
    endloop
  endfacet
  facet normal -1 0 0
    outer loop
      vertex 171.27 8.46877 0
      vertex 171.27 9.25723 0.5
      vertex 171.27 9.25723 0
    endloop
  endfacet
  facet normal -1 -0 0
    outer loop
      vertex 171.27 9.25723 0.5
      vertex 171.27 8.46877 0
      vertex 171.27 8.46877 0.5
    endloop
  endfacet
  facet normal 0 -1 0
    outer loop
      vertex 169.602 9.25723 0
      vertex 171.27 9.25723 0.5
      vertex 169.602 9.25723 0.5
    endloop
  endfacet
  facet normal 0 -1 -0
    outer loop
      vertex 171.27 9.25723 0.5
      vertex 169.602 9.25723 0
      vertex 171.27 9.25723 0
    endloop
  endfacet
  facet normal -1 0 0
    outer loop
      vertex 169.602 9.25723 0
      vertex 169.602 10.1865 0.5
      vertex 169.602 10.1865 0
    endloop
  endfacet
  facet normal -1 -0 0
    outer loop
      vertex 169.602 10.1865 0.5
      vertex 169.602 9.25723 0
      vertex 169.602 9.25723 0.5
    endloop
  endfacet
  facet normal 0 1 -0
    outer loop
      vertex 171.435 10.1865 0
      vertex 169.602 10.1865 0.5
      vertex 171.435 10.1865 0.5
    endloop
  endfacet
  facet normal 0 1 0
    outer loop
      vertex 169.602 10.1865 0.5
      vertex 171.435 10.1865 0
      vertex 169.602 10.1865 0
    endloop
  endfacet
  facet normal -1 0 0
    outer loop
      vertex 171.435 10.1865 0
      vertex 171.435 10.975 0.5
      vertex 171.435 10.975 0
    endloop
  endfacet
  facet normal -1 -0 0
    outer loop
      vertex 171.435 10.975 0.5
      vertex 171.435 10.1865 0
      vertex 171.435 10.1865 0.5
    endloop
  endfacet
  facet normal 0 -1 0
    outer loop
      vertex 168.557 10.975 0
      vertex 171.435 10.975 0.5
      vertex 168.557 10.975 0.5
    endloop
  endfacet
  facet normal 0 -1 -0
    outer loop
      vertex 171.435 10.975 0.5
      vertex 168.557 10.975 0
      vertex 171.435 10.975 0
    endloop
  endfacet
  facet normal 1 -0 0
    outer loop
      vertex 168.557 6.92509 0.5
      vertex 168.557 10.975 0
      vertex 168.557 10.975 0.5
    endloop
  endfacet
  facet normal 1 0 0
    outer loop
      vertex 168.557 10.975 0
      vertex 168.557 6.92509 0.5
      vertex 168.557 6.92509 0
    endloop
  endfacet
  facet normal 0 1 -0
    outer loop
      vertex 171.376 6.92509 0
      vertex 168.557 6.92509 0.5
      vertex 171.376 6.92509 0.5
    endloop
  endfacet
  facet normal 0 1 0
    outer loop
      vertex 168.557 6.92509 0.5
      vertex 171.376 6.92509 0
      vertex 168.557 6.92509 0
    endloop
  endfacet
  facet normal -1 0 0
    outer loop
      vertex 171.376 6.92509 0
      vertex 171.376 7.71356 0.5
      vertex 171.376 7.71356 0
    endloop
  endfacet
  facet normal -1 -0 0
    outer loop
      vertex 171.376 7.71356 0.5
      vertex 171.376 6.92509 0
      vertex 171.376 6.92509 0.5
    endloop
  endfacet
  facet normal 0.923755 0.382983 0
    outer loop
      vertex 264.882 32.5656 6.09
      vertex 264.682 33.048 2.8
      vertex 264.682 33.048 6.09
    endloop
  endfacet
  facet normal 0.923755 0.382983 0
    outer loop
      vertex 264.682 33.048 2.8
      vertex 264.882 32.5656 6.09
      vertex 264.882 32.5656 2.8
    endloop
  endfacet
  facet normal 0.99148 0.130256 0
    outer loop
      vertex 264.95 32.048 6.09
      vertex 264.882 32.5656 2.8
      vertex 264.882 32.5656 6.09
    endloop
  endfacet
  facet normal 0.99148 0.130256 0
    outer loop
      vertex 264.882 32.5656 2.8
      vertex 264.95 32.048 6.09
      vertex 264.95 32.048 2.8
    endloop
  endfacet
  facet normal 0.382927 -0.923778 0
    outer loop
      vertex 263.468 30.1161 2.8
      vertex 263.95 30.3159 6.09
      vertex 263.468 30.1161 6.09
    endloop
  endfacet
  facet normal 0.382927 -0.923778 0
    outer loop
      vertex 263.95 30.3159 6.09
      vertex 263.468 30.1161 2.8
      vertex 263.95 30.3159 2.8
    endloop
  endfacet
  facet normal -0.130346 -0.991469 0
    outer loop
      vertex 262.432 30.1161 2.8
      vertex 262.95 30.048 6.09
      vertex 262.432 30.1161 6.09
    endloop
  endfacet
  facet normal -0.130346 -0.991469 -0
    outer loop
      vertex 262.95 30.048 6.09
      vertex 262.432 30.1161 2.8
      vertex 262.95 30.048 2.8
    endloop
  endfacet
  facet normal -0.793193 0.60897 0
    outer loop
      vertex 261.218 33.048 2.8
      vertex 261.536 33.4622 6.09
      vertex 261.536 33.4622 2.8
    endloop
  endfacet
  facet normal -0.793193 0.60897 0
    outer loop
      vertex 261.536 33.4622 6.09
      vertex 261.218 33.048 2.8
      vertex 261.218 33.048 6.09
    endloop
  endfacet
  facet normal -0.923755 -0.382983 0
    outer loop
      vertex 261.218 31.048 2.8
      vertex 261.018 31.5304 6.09
      vertex 261.018 31.5304 2.8
    endloop
  endfacet
  facet normal -0.923755 -0.382983 0
    outer loop
      vertex 261.018 31.5304 6.09
      vertex 261.218 31.048 2.8
      vertex 261.218 31.048 6.09
    endloop
  endfacet
  facet normal 0.99148 -0.130256 0
    outer loop
      vertex 264.882 31.5304 6.09
      vertex 264.95 32.048 2.8
      vertex 264.95 32.048 6.09
    endloop
  endfacet
  facet normal 0.99148 -0.130256 0
    outer loop
      vertex 264.95 32.048 2.8
      vertex 264.882 31.5304 6.09
      vertex 264.882 31.5304 2.8
    endloop
  endfacet
  facet normal -0.609035 0.793144 0
    outer loop
      vertex 261.95 33.7801 2.8
      vertex 261.536 33.4622 6.09
      vertex 261.95 33.7801 6.09
    endloop
  endfacet
  facet normal -0.609035 0.793144 0
    outer loop
      vertex 261.536 33.4622 6.09
      vertex 261.95 33.7801 2.8
      vertex 261.536 33.4622 2.8
    endloop
  endfacet
  facet normal -0.382927 0.923778 0
    outer loop
      vertex 262.432 33.9799 2.8
      vertex 261.95 33.7801 6.09
      vertex 262.432 33.9799 6.09
    endloop
  endfacet
  facet normal -0.382927 0.923778 0
    outer loop
      vertex 261.95 33.7801 6.09
      vertex 262.432 33.9799 2.8
      vertex 261.95 33.7801 2.8
    endloop
  endfacet
  facet normal -0.923755 0.382983 0
    outer loop
      vertex 261.018 32.5656 2.8
      vertex 261.218 33.048 6.09
      vertex 261.218 33.048 2.8
    endloop
  endfacet
  facet normal -0.923755 0.382983 0
    outer loop
      vertex 261.218 33.048 6.09
      vertex 261.018 32.5656 2.8
      vertex 261.018 32.5656 6.09
    endloop
  endfacet
  facet normal 0 0 1
    outer loop
      vertex 264.882 32.5656 6.09
      vertex 264.882 31.5304 6.09
      vertex 264.95 32.048 6.09
    endloop
  endfacet
  facet normal 0 0 1
    outer loop
      vertex 264.682 33.048 6.09
      vertex 264.882 31.5304 6.09
      vertex 264.882 32.5656 6.09
    endloop
  endfacet
  facet normal 0 0 1
    outer loop
      vertex 264.682 33.048 6.09
      vertex 264.682 31.048 6.09
      vertex 264.882 31.5304 6.09
    endloop
  endfacet
  facet normal 0 0 1
    outer loop
      vertex 264.364 33.4622 6.09
      vertex 264.682 31.048 6.09
      vertex 264.682 33.048 6.09
    endloop
  endfacet
  facet normal 0 0 1
    outer loop
      vertex 264.364 33.4622 6.09
      vertex 264.364 30.6338 6.09
      vertex 264.682 31.048 6.09
    endloop
  endfacet
  facet normal 0 0 1
    outer loop
      vertex 263.95 33.7801 6.09
      vertex 264.364 30.6338 6.09
      vertex 264.364 33.4622 6.09
    endloop
  endfacet
  facet normal 0 0 1
    outer loop
      vertex 263.95 33.7801 6.09
      vertex 263.95 30.3159 6.09
      vertex 264.364 30.6338 6.09
    endloop
  endfacet
  facet normal 0 0 1
    outer loop
      vertex 263.468 33.9799 6.09
      vertex 263.95 30.3159 6.09
      vertex 263.95 33.7801 6.09
    endloop
  endfacet
  facet normal 0 0 1
    outer loop
      vertex 263.468 33.9799 6.09
      vertex 263.468 30.1161 6.09
      vertex 263.95 30.3159 6.09
    endloop
  endfacet
  facet normal 0 0 1
    outer loop
      vertex 262.95 34.048 6.09
      vertex 263.468 30.1161 6.09
      vertex 263.468 33.9799 6.09
    endloop
  endfacet
  facet normal 0 0 1
    outer loop
      vertex 262.95 34.048 6.09
      vertex 262.95 30.048 6.09
      vertex 263.468 30.1161 6.09
    endloop
  endfacet
  facet normal -0 0 1
    outer loop
      vertex 262.432 33.9799 6.09
      vertex 262.95 30.048 6.09
      vertex 262.95 34.048 6.09
    endloop
  endfacet
  facet normal 0 0 1
    outer loop
      vertex 262.432 33.9799 6.09
      vertex 262.432 30.1161 6.09
      vertex 262.95 30.048 6.09
    endloop
  endfacet
  facet normal -0 0 1
    outer loop
      vertex 261.95 33.7801 6.09
      vertex 262.432 30.1161 6.09
      vertex 262.432 33.9799 6.09
    endloop
  endfacet
  facet normal 0 0 1
    outer loop
      vertex 261.95 33.7801 6.09
      vertex 261.95 30.3159 6.09
      vertex 262.432 30.1161 6.09
    endloop
  endfacet
  facet normal -0 0 1
    outer loop
      vertex 261.536 33.4622 6.09
      vertex 261.95 30.3159 6.09
      vertex 261.95 33.7801 6.09
    endloop
  endfacet
  facet normal 0 0 1
    outer loop
      vertex 261.536 33.4622 6.09
      vertex 261.536 30.6338 6.09
      vertex 261.95 30.3159 6.09
    endloop
  endfacet
  facet normal -0 0 1
    outer loop
      vertex 261.218 33.048 6.09
      vertex 261.536 30.6338 6.09
      vertex 261.536 33.4622 6.09
    endloop
  endfacet
  facet normal 0 0 1
    outer loop
      vertex 261.218 33.048 6.09
      vertex 261.218 31.048 6.09
      vertex 261.536 30.6338 6.09
    endloop
  endfacet
  facet normal -0 0 1
    outer loop
      vertex 261.018 32.5656 6.09
      vertex 261.218 31.048 6.09
      vertex 261.218 33.048 6.09
    endloop
  endfacet
  facet normal 0 0 1
    outer loop
      vertex 261.018 32.5656 6.09
      vertex 261.018 31.5304 6.09
      vertex 261.218 31.048 6.09
    endloop
  endfacet
  facet normal 0 -0 1
    outer loop
      vertex 261.018 31.5304 6.09
      vertex 261.018 32.5656 6.09
      vertex 260.95 32.048 6.09
    endloop
  endfacet
  facet normal -0.130346 0.991469 0
    outer loop
      vertex 262.95 34.048 2.8
      vertex 262.432 33.9799 6.09
      vertex 262.95 34.048 6.09
    endloop
  endfacet
  facet normal -0.130346 0.991469 0
    outer loop
      vertex 262.432 33.9799 6.09
      vertex 262.95 34.048 2.8
      vertex 262.432 33.9799 2.8
    endloop
  endfacet
  facet normal 0.382927 0.923778 -0
    outer loop
      vertex 263.95 33.7801 2.8
      vertex 263.468 33.9799 6.09
      vertex 263.95 33.7801 6.09
    endloop
  endfacet
  facet normal 0.382927 0.923778 0
    outer loop
      vertex 263.468 33.9799 6.09
      vertex 263.95 33.7801 2.8
      vertex 263.468 33.9799 2.8
    endloop
  endfacet
  facet normal -0.609035 -0.793144 0
    outer loop
      vertex 261.536 30.6338 2.8
      vertex 261.95 30.3159 6.09
      vertex 261.536 30.6338 6.09
    endloop
  endfacet
  facet normal -0.609035 -0.793144 -0
    outer loop
      vertex 261.95 30.3159 6.09
      vertex 261.536 30.6338 2.8
      vertex 261.95 30.3159 2.8
    endloop
  endfacet
  facet normal 0.923755 -0.382983 0
    outer loop
      vertex 264.682 31.048 6.09
      vertex 264.882 31.5304 2.8
      vertex 264.882 31.5304 6.09
    endloop
  endfacet
  facet normal 0.923755 -0.382983 0
    outer loop
      vertex 264.882 31.5304 2.8
      vertex 264.682 31.048 6.09
      vertex 264.682 31.048 2.8
    endloop
  endfacet
  facet normal 0.793193 -0.60897 0
    outer loop
      vertex 264.364 30.6338 6.09
      vertex 264.682 31.048 2.8
      vertex 264.682 31.048 6.09
    endloop
  endfacet
  facet normal 0.793193 -0.60897 0
    outer loop
      vertex 264.682 31.048 2.8
      vertex 264.364 30.6338 6.09
      vertex 264.364 30.6338 2.8
    endloop
  endfacet
  facet normal 0.130346 -0.991469 0
    outer loop
      vertex 262.95 30.048 2.8
      vertex 263.468 30.1161 6.09
      vertex 262.95 30.048 6.09
    endloop
  endfacet
  facet normal 0.130346 -0.991469 0
    outer loop
      vertex 263.468 30.1161 6.09
      vertex 262.95 30.048 2.8
      vertex 263.468 30.1161 2.8
    endloop
  endfacet
  facet normal 0.609035 0.793144 -0
    outer loop
      vertex 264.364 33.4622 2.8
      vertex 263.95 33.7801 6.09
      vertex 264.364 33.4622 6.09
    endloop
  endfacet
  facet normal 0.609035 0.793144 0
    outer loop
      vertex 263.95 33.7801 6.09
      vertex 264.364 33.4622 2.8
      vertex 263.95 33.7801 2.8
    endloop
  endfacet
  facet normal 0.130346 0.991469 -0
    outer loop
      vertex 263.468 33.9799 2.8
      vertex 262.95 34.048 6.09
      vertex 263.468 33.9799 6.09
    endloop
  endfacet
  facet normal 0.130346 0.991469 0
    outer loop
      vertex 262.95 34.048 6.09
      vertex 263.468 33.9799 2.8
      vertex 262.95 34.048 2.8
    endloop
  endfacet
  facet normal -0.382927 -0.923778 0
    outer loop
      vertex 261.95 30.3159 2.8
      vertex 262.432 30.1161 6.09
      vertex 261.95 30.3159 6.09
    endloop
  endfacet
  facet normal -0.382927 -0.923778 -0
    outer loop
      vertex 262.432 30.1161 6.09
      vertex 261.95 30.3159 2.8
      vertex 262.432 30.1161 2.8
    endloop
  endfacet
  facet normal -0.99148 0.130256 0
    outer loop
      vertex 260.95 32.048 2.8
      vertex 261.018 32.5656 6.09
      vertex 261.018 32.5656 2.8
    endloop
  endfacet
  facet normal -0.99148 0.130256 0
    outer loop
      vertex 261.018 32.5656 6.09
      vertex 260.95 32.048 2.8
      vertex 260.95 32.048 6.09
    endloop
  endfacet
  facet normal 0.793193 0.60897 0
    outer loop
      vertex 264.682 33.048 6.09
      vertex 264.364 33.4622 2.8
      vertex 264.364 33.4622 6.09
    endloop
  endfacet
  facet normal 0.793193 0.60897 0
    outer loop
      vertex 264.364 33.4622 2.8
      vertex 264.682 33.048 6.09
      vertex 264.682 33.048 2.8
    endloop
  endfacet
  facet normal 0.609035 -0.793144 0
    outer loop
      vertex 263.95 30.3159 2.8
      vertex 264.364 30.6338 6.09
      vertex 263.95 30.3159 6.09
    endloop
  endfacet
  facet normal 0.609035 -0.793144 0
    outer loop
      vertex 264.364 30.6338 6.09
      vertex 263.95 30.3159 2.8
      vertex 264.364 30.6338 2.8
    endloop
  endfacet
  facet normal -0.99148 -0.130256 0
    outer loop
      vertex 261.018 31.5304 2.8
      vertex 260.95 32.048 6.09
      vertex 260.95 32.048 2.8
    endloop
  endfacet
  facet normal -0.99148 -0.130256 0
    outer loop
      vertex 260.95 32.048 6.09
      vertex 261.018 31.5304 2.8
      vertex 261.018 31.5304 6.09
    endloop
  endfacet
  facet normal -0.793193 -0.60897 0
    outer loop
      vertex 261.536 30.6338 2.8
      vertex 261.218 31.048 6.09
      vertex 261.218 31.048 2.8
    endloop
  endfacet
  facet normal -0.793193 -0.60897 0
    outer loop
      vertex 261.218 31.048 6.09
      vertex 261.536 30.6338 2.8
      vertex 261.536 30.6338 6.09
    endloop
  endfacet
  facet normal 0.923755 0.382983 0
    outer loop
      vertex 264.882 71.0176 6.09
      vertex 264.682 71.5 2.8
      vertex 264.682 71.5 6.09
    endloop
  endfacet
  facet normal 0.923755 0.382983 0
    outer loop
      vertex 264.682 71.5 2.8
      vertex 264.882 71.0176 6.09
      vertex 264.882 71.0176 2.8
    endloop
  endfacet
  facet normal 0.99148 0.130256 0
    outer loop
      vertex 264.95 70.5 6.09
      vertex 264.882 71.0176 2.8
      vertex 264.882 71.0176 6.09
    endloop
  endfacet
  facet normal 0.99148 0.130256 0
    outer loop
      vertex 264.882 71.0176 2.8
      vertex 264.95 70.5 6.09
      vertex 264.95 70.5 2.8
    endloop
  endfacet
  facet normal -0.130346 -0.991469 0
    outer loop
      vertex 262.432 68.5681 2.8
      vertex 262.95 68.5 6.09
      vertex 262.432 68.5681 6.09
    endloop
  endfacet
  facet normal -0.130346 -0.991469 -0
    outer loop
      vertex 262.95 68.5 6.09
      vertex 262.432 68.5681 2.8
      vertex 262.95 68.5 2.8
    endloop
  endfacet
  facet normal -0.99148 0.130256 0
    outer loop
      vertex 260.95 70.5 2.8
      vertex 261.018 71.0176 6.09
      vertex 261.018 71.0176 2.8
    endloop
  endfacet
  facet normal -0.99148 0.130256 0
    outer loop
      vertex 261.018 71.0176 6.09
      vertex 260.95 70.5 2.8
      vertex 260.95 70.5 6.09
    endloop
  endfacet
  facet normal 0.608914 -0.793236 0
    outer loop
      vertex 263.95 68.768 2.8
      vertex 264.364 69.0858 6.09
      vertex 263.95 68.768 6.09
    endloop
  endfacet
  facet normal 0.608914 -0.793236 0
    outer loop
      vertex 264.364 69.0858 6.09
      vertex 263.95 68.768 2.8
      vertex 264.364 69.0858 2.8
    endloop
  endfacet
  facet normal 0.923755 -0.382983 0
    outer loop
      vertex 264.682 69.5 6.09
      vertex 264.882 69.9824 2.8
      vertex 264.882 69.9824 6.09
    endloop
  endfacet
  facet normal 0.923755 -0.382983 0
    outer loop
      vertex 264.882 69.9824 2.8
      vertex 264.682 69.5 6.09
      vertex 264.682 69.5 2.8
    endloop
  endfacet
  facet normal -0.608914 0.793236 0
    outer loop
      vertex 261.95 72.232 2.8
      vertex 261.536 71.9142 6.09
      vertex 261.95 72.232 6.09
    endloop
  endfacet
  facet normal -0.608914 0.793236 0
    outer loop
      vertex 261.536 71.9142 6.09
      vertex 261.95 72.232 2.8
      vertex 261.536 71.9142 2.8
    endloop
  endfacet
  facet normal -0.793193 0.60897 0
    outer loop
      vertex 261.218 71.5 2.8
      vertex 261.536 71.9142 6.09
      vertex 261.536 71.9142 2.8
    endloop
  endfacet
  facet normal -0.793193 0.60897 0
    outer loop
      vertex 261.536 71.9142 6.09
      vertex 261.218 71.5 2.8
      vertex 261.218 71.5 6.09
    endloop
  endfacet
  facet normal 0.383091 0.923711 -0
    outer loop
      vertex 263.95 72.232 2.8
      vertex 263.468 72.4319 6.09
      vertex 263.95 72.232 6.09
    endloop
  endfacet
  facet normal 0.383091 0.923711 0
    outer loop
      vertex 263.468 72.4319 6.09
      vertex 263.95 72.232 2.8
      vertex 263.468 72.4319 2.8
    endloop
  endfacet
  facet normal -0.383091 -0.923711 0
    outer loop
      vertex 261.95 68.768 2.8
      vertex 262.432 68.5681 6.09
      vertex 261.95 68.768 6.09
    endloop
  endfacet
  facet normal -0.383091 -0.923711 -0
    outer loop
      vertex 262.432 68.5681 6.09
      vertex 261.95 68.768 2.8
      vertex 262.432 68.5681 2.8
    endloop
  endfacet
  facet normal 0.99148 -0.130256 0
    outer loop
      vertex 264.882 69.9824 6.09
      vertex 264.95 70.5 2.8
      vertex 264.95 70.5 6.09
    endloop
  endfacet
  facet normal 0.99148 -0.130256 0
    outer loop
      vertex 264.95 70.5 2.8
      vertex 264.882 69.9824 6.09
      vertex 264.882 69.9824 2.8
    endloop
  endfacet
  facet normal 0.793193 -0.60897 0
    outer loop
      vertex 264.364 69.0858 6.09
      vertex 264.682 69.5 2.8
      vertex 264.682 69.5 6.09
    endloop
  endfacet
  facet normal 0.793193 -0.60897 0
    outer loop
      vertex 264.682 69.5 2.8
      vertex 264.364 69.0858 6.09
      vertex 264.364 69.0858 2.8
    endloop
  endfacet
  facet normal -0.130346 0.991469 0
    outer loop
      vertex 262.95 72.5 2.8
      vertex 262.432 72.4319 6.09
      vertex 262.95 72.5 6.09
    endloop
  endfacet
  facet normal -0.130346 0.991469 0
    outer loop
      vertex 262.432 72.4319 6.09
      vertex 262.95 72.5 2.8
      vertex 262.432 72.4319 2.8
    endloop
  endfacet
  facet normal -0.608914 -0.793236 0
    outer loop
      vertex 261.536 69.0858 2.8
      vertex 261.95 68.768 6.09
      vertex 261.536 69.0858 6.09
    endloop
  endfacet
  facet normal -0.608914 -0.793236 -0
    outer loop
      vertex 261.95 68.768 6.09
      vertex 261.536 69.0858 2.8
      vertex 261.95 68.768 2.8
    endloop
  endfacet
  facet normal -0.923755 0.382983 0
    outer loop
      vertex 261.018 71.0176 2.8
      vertex 261.218 71.5 6.09
      vertex 261.218 71.5 2.8
    endloop
  endfacet
  facet normal -0.923755 0.382983 0
    outer loop
      vertex 261.218 71.5 6.09
      vertex 261.018 71.0176 2.8
      vertex 261.018 71.0176 6.09
    endloop
  endfacet
  facet normal 0.383091 -0.923711 0
    outer loop
      vertex 263.468 68.5681 2.8
      vertex 263.95 68.768 6.09
      vertex 263.468 68.5681 6.09
    endloop
  endfacet
  facet normal 0.383091 -0.923711 0
    outer loop
      vertex 263.95 68.768 6.09
      vertex 263.468 68.5681 2.8
      vertex 263.95 68.768 2.8
    endloop
  endfacet
  facet normal -0.383091 0.923711 0
    outer loop
      vertex 262.432 72.4319 2.8
      vertex 261.95 72.232 6.09
      vertex 262.432 72.4319 6.09
    endloop
  endfacet
  facet normal -0.383091 0.923711 0
    outer loop
      vertex 261.95 72.232 6.09
      vertex 262.432 72.4319 2.8
      vertex 261.95 72.232 2.8
    endloop
  endfacet
  facet normal 0 0 1
    outer loop
      vertex 264.882 71.0176 6.09
      vertex 264.882 69.9824 6.09
      vertex 264.95 70.5 6.09
    endloop
  endfacet
  facet normal 0 0 1
    outer loop
      vertex 264.682 71.5 6.09
      vertex 264.882 69.9824 6.09
      vertex 264.882 71.0176 6.09
    endloop
  endfacet
  facet normal 0 0 1
    outer loop
      vertex 264.682 71.5 6.09
      vertex 264.682 69.5 6.09
      vertex 264.882 69.9824 6.09
    endloop
  endfacet
  facet normal 0 0 1
    outer loop
      vertex 264.364 71.9142 6.09
      vertex 264.682 69.5 6.09
      vertex 264.682 71.5 6.09
    endloop
  endfacet
  facet normal 0 0 1
    outer loop
      vertex 264.364 71.9142 6.09
      vertex 264.364 69.0858 6.09
      vertex 264.682 69.5 6.09
    endloop
  endfacet
  facet normal 0 0 1
    outer loop
      vertex 263.95 72.232 6.09
      vertex 264.364 69.0858 6.09
      vertex 264.364 71.9142 6.09
    endloop
  endfacet
  facet normal 0 0 1
    outer loop
      vertex 263.95 72.232 6.09
      vertex 263.95 68.768 6.09
      vertex 264.364 69.0858 6.09
    endloop
  endfacet
  facet normal 0 0 1
    outer loop
      vertex 263.468 72.4319 6.09
      vertex 263.95 68.768 6.09
      vertex 263.95 72.232 6.09
    endloop
  endfacet
  facet normal 0 0 1
    outer loop
      vertex 263.468 72.4319 6.09
      vertex 263.468 68.5681 6.09
      vertex 263.95 68.768 6.09
    endloop
  endfacet
  facet normal 0 0 1
    outer loop
      vertex 262.95 72.5 6.09
      vertex 263.468 68.5681 6.09
      vertex 263.468 72.4319 6.09
    endloop
  endfacet
  facet normal 0 0 1
    outer loop
      vertex 262.95 72.5 6.09
      vertex 262.95 68.5 6.09
      vertex 263.468 68.5681 6.09
    endloop
  endfacet
  facet normal -0 0 1
    outer loop
      vertex 262.432 72.4319 6.09
      vertex 262.95 68.5 6.09
      vertex 262.95 72.5 6.09
    endloop
  endfacet
  facet normal 0 0 1
    outer loop
      vertex 262.432 72.4319 6.09
      vertex 262.432 68.5681 6.09
      vertex 262.95 68.5 6.09
    endloop
  endfacet
  facet normal -0 0 1
    outer loop
      vertex 261.95 72.232 6.09
      vertex 262.432 68.5681 6.09
      vertex 262.432 72.4319 6.09
    endloop
  endfacet
  facet normal 0 0 1
    outer loop
      vertex 261.95 72.232 6.09
      vertex 261.95 68.768 6.09
      vertex 262.432 68.5681 6.09
    endloop
  endfacet
  facet normal -0 0 1
    outer loop
      vertex 261.536 71.9142 6.09
      vertex 261.95 68.768 6.09
      vertex 261.95 72.232 6.09
    endloop
  endfacet
  facet normal 0 0 1
    outer loop
      vertex 261.536 71.9142 6.09
      vertex 261.536 69.0858 6.09
      vertex 261.95 68.768 6.09
    endloop
  endfacet
  facet normal -0 0 1
    outer loop
      vertex 261.218 71.5 6.09
      vertex 261.536 69.0858 6.09
      vertex 261.536 71.9142 6.09
    endloop
  endfacet
  facet normal 0 0 1
    outer loop
      vertex 261.218 71.5 6.09
      vertex 261.218 69.5 6.09
      vertex 261.536 69.0858 6.09
    endloop
  endfacet
  facet normal -0 0 1
    outer loop
      vertex 261.018 71.0176 6.09
      vertex 261.218 69.5 6.09
      vertex 261.218 71.5 6.09
    endloop
  endfacet
  facet normal 0 0 1
    outer loop
      vertex 261.018 71.0176 6.09
      vertex 261.018 69.9824 6.09
      vertex 261.218 69.5 6.09
    endloop
  endfacet
  facet normal 0 -0 1
    outer loop
      vertex 261.018 69.9824 6.09
      vertex 261.018 71.0176 6.09
      vertex 260.95 70.5 6.09
    endloop
  endfacet
  facet normal 0.608914 0.793236 -0
    outer loop
      vertex 264.364 71.9142 2.8
      vertex 263.95 72.232 6.09
      vertex 264.364 71.9142 6.09
    endloop
  endfacet
  facet normal 0.608914 0.793236 0
    outer loop
      vertex 263.95 72.232 6.09
      vertex 264.364 71.9142 2.8
      vertex 263.95 72.232 2.8
    endloop
  endfacet
  facet normal -0.99148 -0.130256 0
    outer loop
      vertex 261.018 69.9824 2.8
      vertex 260.95 70.5 6.09
      vertex 260.95 70.5 2.8
    endloop
  endfacet
  facet normal -0.99148 -0.130256 0
    outer loop
      vertex 260.95 70.5 6.09
      vertex 261.018 69.9824 2.8
      vertex 261.018 69.9824 6.09
    endloop
  endfacet
  facet normal 0.130346 0.991469 -0
    outer loop
      vertex 263.468 72.4319 2.8
      vertex 262.95 72.5 6.09
      vertex 263.468 72.4319 6.09
    endloop
  endfacet
  facet normal 0.130346 0.991469 0
    outer loop
      vertex 262.95 72.5 6.09
      vertex 263.468 72.4319 2.8
      vertex 262.95 72.5 2.8
    endloop
  endfacet
  facet normal -0.923755 -0.382983 0
    outer loop
      vertex 261.218 69.5 2.8
      vertex 261.018 69.9824 6.09
      vertex 261.018 69.9824 2.8
    endloop
  endfacet
  facet normal -0.923755 -0.382983 0
    outer loop
      vertex 261.018 69.9824 6.09
      vertex 261.218 69.5 2.8
      vertex 261.218 69.5 6.09
    endloop
  endfacet
  facet normal 0.793193 0.60897 0
    outer loop
      vertex 264.682 71.5 6.09
      vertex 264.364 71.9142 2.8
      vertex 264.364 71.9142 6.09
    endloop
  endfacet
  facet normal 0.793193 0.60897 0
    outer loop
      vertex 264.364 71.9142 2.8
      vertex 264.682 71.5 6.09
      vertex 264.682 71.5 2.8
    endloop
  endfacet
  facet normal 0.130346 -0.991469 0
    outer loop
      vertex 262.95 68.5 2.8
      vertex 263.468 68.5681 6.09
      vertex 262.95 68.5 6.09
    endloop
  endfacet
  facet normal 0.130346 -0.991469 0
    outer loop
      vertex 263.468 68.5681 6.09
      vertex 262.95 68.5 2.8
      vertex 263.468 68.5681 2.8
    endloop
  endfacet
  facet normal -0.793193 -0.60897 0
    outer loop
      vertex 261.536 69.0858 2.8
      vertex 261.218 69.5 6.09
      vertex 261.218 69.5 2.8
    endloop
  endfacet
  facet normal -0.793193 -0.60897 0
    outer loop
      vertex 261.218 69.5 6.09
      vertex 261.536 69.0858 2.8
      vertex 261.536 69.0858 6.09
    endloop
  endfacet
  facet normal 0.923643 0.383254 0
    outer loop
      vertex 264.882 109.47 6.09
      vertex 264.682 109.952 2.8
      vertex 264.682 109.952 6.09
    endloop
  endfacet
  facet normal 0.923643 0.383254 0
    outer loop
      vertex 264.682 109.952 2.8
      vertex 264.882 109.47 6.09
      vertex 264.882 109.47 2.8
    endloop
  endfacet
  facet normal 0.991493 0.130157 0
    outer loop
      vertex 264.95 108.952 6.09
      vertex 264.882 109.47 2.8
      vertex 264.882 109.47 6.09
    endloop
  endfacet
  facet normal 0.991493 0.130157 0
    outer loop
      vertex 264.882 109.47 2.8
      vertex 264.95 108.952 6.09
      vertex 264.95 108.952 2.8
    endloop
  endfacet
  facet normal 0.991493 -0.130157 0
    outer loop
      vertex 264.882 108.434 6.09
      vertex 264.95 108.952 2.8
      vertex 264.95 108.952 6.09
    endloop
  endfacet
  facet normal 0.991493 -0.130157 0
    outer loop
      vertex 264.95 108.952 2.8
      vertex 264.882 108.434 6.09
      vertex 264.882 108.434 2.8
    endloop
  endfacet
  facet normal 0.793051 -0.609155 0
    outer loop
      vertex 264.364 107.538 6.09
      vertex 264.682 107.952 2.8
      vertex 264.682 107.952 6.09
    endloop
  endfacet
  facet normal 0.793051 -0.609155 0
    outer loop
      vertex 264.682 107.952 2.8
      vertex 264.364 107.538 6.09
      vertex 264.364 107.538 2.8
    endloop
  endfacet
  facet normal -0.609155 0.793051 0
    outer loop
      vertex 261.95 110.684 2.8
      vertex 261.536 110.366 6.09
      vertex 261.95 110.684 6.09
    endloop
  endfacet
  facet normal -0.609155 0.793051 0
    outer loop
      vertex 261.536 110.366 6.09
      vertex 261.95 110.684 2.8
      vertex 261.536 110.366 2.8
    endloop
  endfacet
  facet normal -0.383254 -0.923643 0
    outer loop
      vertex 261.95 107.22 2.8
      vertex 262.432 107.02 6.09
      vertex 261.95 107.22 6.09
    endloop
  endfacet
  facet normal -0.383254 -0.923643 -0
    outer loop
      vertex 262.432 107.02 6.09
      vertex 261.95 107.22 2.8
      vertex 262.432 107.02 2.8
    endloop
  endfacet
  facet normal -0.793051 -0.609155 0
    outer loop
      vertex 261.536 107.538 2.8
      vertex 261.218 107.952 6.09
      vertex 261.218 107.952 2.8
    endloop
  endfacet
  facet normal -0.793051 -0.609155 0
    outer loop
      vertex 261.218 107.952 6.09
      vertex 261.536 107.538 2.8
      vertex 261.536 107.538 6.09
    endloop
  endfacet
  facet normal 0.609155 0.793051 -0
    outer loop
      vertex 264.364 110.366 2.8
      vertex 263.95 110.684 6.09
      vertex 264.364 110.366 6.09
    endloop
  endfacet
  facet normal 0.609155 0.793051 0
    outer loop
      vertex 263.95 110.684 6.09
      vertex 264.364 110.366 2.8
      vertex 263.95 110.684 2.8
    endloop
  endfacet
  facet normal 0.383254 -0.923643 0
    outer loop
      vertex 263.468 107.02 2.8
      vertex 263.95 107.22 6.09
      vertex 263.468 107.02 6.09
    endloop
  endfacet
  facet normal 0.383254 -0.923643 0
    outer loop
      vertex 263.95 107.22 6.09
      vertex 263.468 107.02 2.8
      vertex 263.95 107.22 2.8
    endloop
  endfacet
  facet normal -0.991493 0.130157 0
    outer loop
      vertex 260.95 108.952 2.8
      vertex 261.018 109.47 6.09
      vertex 261.018 109.47 2.8
    endloop
  endfacet
  facet normal -0.991493 0.130157 0
    outer loop
      vertex 261.018 109.47 6.09
      vertex 260.95 108.952 2.8
      vertex 260.95 108.952 6.09
    endloop
  endfacet
  facet normal -0.991493 -0.130157 0
    outer loop
      vertex 261.018 108.434 2.8
      vertex 260.95 108.952 6.09
      vertex 260.95 108.952 2.8
    endloop
  endfacet
  facet normal -0.991493 -0.130157 0
    outer loop
      vertex 260.95 108.952 6.09
      vertex 261.018 108.434 2.8
      vertex 261.018 108.434 6.09
    endloop
  endfacet
  facet normal -0.793051 0.609155 0
    outer loop
      vertex 261.218 109.952 2.8
      vertex 261.536 110.366 6.09
      vertex 261.536 110.366 2.8
    endloop
  endfacet
  facet normal -0.793051 0.609155 0
    outer loop
      vertex 261.536 110.366 6.09
      vertex 261.218 109.952 2.8
      vertex 261.218 109.952 6.09
    endloop
  endfacet
  facet normal 0 0 1
    outer loop
      vertex 264.882 109.47 6.09
      vertex 264.882 108.434 6.09
      vertex 264.95 108.952 6.09
    endloop
  endfacet
  facet normal 0 0 1
    outer loop
      vertex 264.682 109.952 6.09
      vertex 264.882 108.434 6.09
      vertex 264.882 109.47 6.09
    endloop
  endfacet
  facet normal 0 0 1
    outer loop
      vertex 264.682 109.952 6.09
      vertex 264.682 107.952 6.09
      vertex 264.882 108.434 6.09
    endloop
  endfacet
  facet normal 0 0 1
    outer loop
      vertex 264.364 110.366 6.09
      vertex 264.682 107.952 6.09
      vertex 264.682 109.952 6.09
    endloop
  endfacet
  facet normal 0 0 1
    outer loop
      vertex 264.364 110.366 6.09
      vertex 264.364 107.538 6.09
      vertex 264.682 107.952 6.09
    endloop
  endfacet
  facet normal 0 0 1
    outer loop
      vertex 263.95 110.684 6.09
      vertex 264.364 107.538 6.09
      vertex 264.364 110.366 6.09
    endloop
  endfacet
  facet normal 0 0 1
    outer loop
      vertex 263.95 110.684 6.09
      vertex 263.95 107.22 6.09
      vertex 264.364 107.538 6.09
    endloop
  endfacet
  facet normal 0 0 1
    outer loop
      vertex 263.468 110.884 6.09
      vertex 263.95 107.22 6.09
      vertex 263.95 110.684 6.09
    endloop
  endfacet
  facet normal 0 0 1
    outer loop
      vertex 263.468 110.884 6.09
      vertex 263.468 107.02 6.09
      vertex 263.95 107.22 6.09
    endloop
  endfacet
  facet normal 0 0 1
    outer loop
      vertex 262.95 110.952 6.09
      vertex 263.468 107.02 6.09
      vertex 263.468 110.884 6.09
    endloop
  endfacet
  facet normal 0 0 1
    outer loop
      vertex 262.95 110.952 6.09
      vertex 262.95 106.952 6.09
      vertex 263.468 107.02 6.09
    endloop
  endfacet
  facet normal -0 0 1
    outer loop
      vertex 262.432 110.884 6.09
      vertex 262.95 106.952 6.09
      vertex 262.95 110.952 6.09
    endloop
  endfacet
  facet normal 0 0 1
    outer loop
      vertex 262.432 110.884 6.09
      vertex 262.432 107.02 6.09
      vertex 262.95 106.952 6.09
    endloop
  endfacet
  facet normal -0 0 1
    outer loop
      vertex 261.95 110.684 6.09
      vertex 262.432 107.02 6.09
      vertex 262.432 110.884 6.09
    endloop
  endfacet
  facet normal 0 0 1
    outer loop
      vertex 261.95 110.684 6.09
      vertex 261.95 107.22 6.09
      vertex 262.432 107.02 6.09
    endloop
  endfacet
  facet normal -0 0 1
    outer loop
      vertex 261.536 110.366 6.09
      vertex 261.95 107.22 6.09
      vertex 261.95 110.684 6.09
    endloop
  endfacet
  facet normal 0 0 1
    outer loop
      vertex 261.536 110.366 6.09
      vertex 261.536 107.538 6.09
      vertex 261.95 107.22 6.09
    endloop
  endfacet
  facet normal -0 0 1
    outer loop
      vertex 261.218 109.952 6.09
      vertex 261.536 107.538 6.09
      vertex 261.536 110.366 6.09
    endloop
  endfacet
  facet normal 0 0 1
    outer loop
      vertex 261.218 109.952 6.09
      vertex 261.218 107.952 6.09
      vertex 261.536 107.538 6.09
    endloop
  endfacet
  facet normal -0 0 1
    outer loop
      vertex 261.018 109.47 6.09
      vertex 261.218 107.952 6.09
      vertex 261.218 109.952 6.09
    endloop
  endfacet
  facet normal 0 0 1
    outer loop
      vertex 261.018 109.47 6.09
      vertex 261.018 108.434 6.09
      vertex 261.218 107.952 6.09
    endloop
  endfacet
  facet normal 0 -0 1
    outer loop
      vertex 261.018 108.434 6.09
      vertex 261.018 109.47 6.09
      vertex 260.95 108.952 6.09
    endloop
  endfacet
  facet normal 0.130157 -0.991493 0
    outer loop
      vertex 262.95 106.952 2.8
      vertex 263.468 107.02 6.09
      vertex 262.95 106.952 6.09
    endloop
  endfacet
  facet normal 0.130157 -0.991493 0
    outer loop
      vertex 263.468 107.02 6.09
      vertex 262.95 106.952 2.8
      vertex 263.468 107.02 2.8
    endloop
  endfacet
  facet normal -0.923643 -0.383254 0
    outer loop
      vertex 261.218 107.952 2.8
      vertex 261.018 108.434 6.09
      vertex 261.018 108.434 2.8
    endloop
  endfacet
  facet normal -0.923643 -0.383254 0
    outer loop
      vertex 261.018 108.434 6.09
      vertex 261.218 107.952 2.8
      vertex 261.218 107.952 6.09
    endloop
  endfacet
  facet normal -0.130157 0.991493 0
    outer loop
      vertex 262.95 110.952 2.8
      vertex 262.432 110.884 6.09
      vertex 262.95 110.952 6.09
    endloop
  endfacet
  facet normal -0.130157 0.991493 0
    outer loop
      vertex 262.432 110.884 6.09
      vertex 262.95 110.952 2.8
      vertex 262.432 110.884 2.8
    endloop
  endfacet
  facet normal 0.383254 0.923643 -0
    outer loop
      vertex 263.95 110.684 2.8
      vertex 263.468 110.884 6.09
      vertex 263.95 110.684 6.09
    endloop
  endfacet
  facet normal 0.383254 0.923643 0
    outer loop
      vertex 263.468 110.884 6.09
      vertex 263.95 110.684 2.8
      vertex 263.468 110.884 2.8
    endloop
  endfacet
  facet normal -0.383254 0.923643 0
    outer loop
      vertex 262.432 110.884 2.8
      vertex 261.95 110.684 6.09
      vertex 262.432 110.884 6.09
    endloop
  endfacet
  facet normal -0.383254 0.923643 0
    outer loop
      vertex 261.95 110.684 6.09
      vertex 262.432 110.884 2.8
      vertex 261.95 110.684 2.8
    endloop
  endfacet
  facet normal -0.609155 -0.793051 0
    outer loop
      vertex 261.536 107.538 2.8
      vertex 261.95 107.22 6.09
      vertex 261.536 107.538 6.09
    endloop
  endfacet
  facet normal -0.609155 -0.793051 -0
    outer loop
      vertex 261.95 107.22 6.09
      vertex 261.536 107.538 2.8
      vertex 261.95 107.22 2.8
    endloop
  endfacet
  facet normal 0.923643 -0.383254 0
    outer loop
      vertex 264.682 107.952 6.09
      vertex 264.882 108.434 2.8
      vertex 264.882 108.434 6.09
    endloop
  endfacet
  facet normal 0.923643 -0.383254 0
    outer loop
      vertex 264.882 108.434 2.8
      vertex 264.682 107.952 6.09
      vertex 264.682 107.952 2.8
    endloop
  endfacet
  facet normal 0.609155 -0.793051 0
    outer loop
      vertex 263.95 107.22 2.8
      vertex 264.364 107.538 6.09
      vertex 263.95 107.22 6.09
    endloop
  endfacet
  facet normal 0.609155 -0.793051 0
    outer loop
      vertex 264.364 107.538 6.09
      vertex 263.95 107.22 2.8
      vertex 264.364 107.538 2.8
    endloop
  endfacet
  facet normal -0.923643 0.383254 0
    outer loop
      vertex 261.018 109.47 2.8
      vertex 261.218 109.952 6.09
      vertex 261.218 109.952 2.8
    endloop
  endfacet
  facet normal -0.923643 0.383254 0
    outer loop
      vertex 261.218 109.952 6.09
      vertex 261.018 109.47 2.8
      vertex 261.018 109.47 6.09
    endloop
  endfacet
  facet normal 0.130157 0.991493 -0
    outer loop
      vertex 263.468 110.884 2.8
      vertex 262.95 110.952 6.09
      vertex 263.468 110.884 6.09
    endloop
  endfacet
  facet normal 0.130157 0.991493 0
    outer loop
      vertex 262.95 110.952 6.09
      vertex 263.468 110.884 2.8
      vertex 262.95 110.952 2.8
    endloop
  endfacet
  facet normal 0.793051 0.609155 0
    outer loop
      vertex 264.682 109.952 6.09
      vertex 264.364 110.366 2.8
      vertex 264.364 110.366 6.09
    endloop
  endfacet
  facet normal 0.793051 0.609155 0
    outer loop
      vertex 264.364 110.366 2.8
      vertex 264.682 109.952 6.09
      vertex 264.682 109.952 2.8
    endloop
  endfacet
  facet normal -0.130157 -0.991493 0
    outer loop
      vertex 262.432 107.02 2.8
      vertex 262.95 106.952 6.09
      vertex 262.432 107.02 6.09
    endloop
  endfacet
  facet normal -0.130157 -0.991493 -0
    outer loop
      vertex 262.95 106.952 6.09
      vertex 262.432 107.02 2.8
      vertex 262.95 106.952 2.8
    endloop
  endfacet
  facet normal -1 0 0
    outer loop
      vertex 168.3 16.231 0
      vertex 168.3 0 0
      vertex 168.3 16.231 1.7
    endloop
  endfacet
  facet normal -1 0 0
    outer loop
      vertex 168.3 54.683 0
      vertex 168.3 22.231 0
      vertex 168.3 54.683 1.7
    endloop
  endfacet
  facet normal -1 0 0
    outer loop
      vertex 168.3 126.077 0
      vertex 168.3 60.683 0
      vertex 168.3 126.077 1.7
    endloop
  endfacet
  facet normal -1 0 0
    outer loop
      vertex 168.3 130.277 1.7
      vertex 168.3 141 0
      vertex 168.3 130.277 0
    endloop
  endfacet
  facet normal -1 0 0
    outer loop
      vertex 168.3 141 0
      vertex 168.3 130.277 1.7
      vertex 168.3 141 2.8
    endloop
  endfacet
  facet normal -1 0 0
    outer loop
      vertex 168.3 126.077 1.7
      vertex 168.3 141 2.8
      vertex 168.3 130.277 1.7
    endloop
  endfacet
  facet normal -1 0 0
    outer loop
      vertex 168.3 60.683 1.7
      vertex 168.3 126.077 1.7
      vertex 168.3 60.683 0
    endloop
  endfacet
  facet normal -1 0 0
    outer loop
      vertex 168.3 126.077 1.7
      vertex 168.3 60.683 1.7
      vertex 168.3 141 2.8
    endloop
  endfacet
  facet normal -1 0 0
    outer loop
      vertex 168.3 54.683 1.7
      vertex 168.3 141 2.8
      vertex 168.3 60.683 1.7
    endloop
  endfacet
  facet normal -1 0 0
    outer loop
      vertex 168.3 22.231 1.7
      vertex 168.3 54.683 1.7
      vertex 168.3 22.231 0
    endloop
  endfacet
  facet normal -1 0 0
    outer loop
      vertex 168.3 0 2.8
      vertex 168.3 54.683 1.7
      vertex 168.3 22.231 1.7
    endloop
  endfacet
  facet normal -1 0 0
    outer loop
      vertex 168.3 0 2.8
      vertex 168.3 22.231 1.7
      vertex 168.3 16.231 1.7
    endloop
  endfacet
  facet normal -1 0 0
    outer loop
      vertex 168.3 54.683 1.7
      vertex 168.3 0 2.8
      vertex 168.3 141 2.8
    endloop
  endfacet
  facet normal -1 0 0
    outer loop
      vertex 168.3 0 2.8
      vertex 168.3 16.231 1.7
      vertex 168.3 0 0
    endloop
  endfacet
endsolid OpenSCAD_Model
